False,232.0531,97.14273,58547.0907648,574.5,502
False,231.8322,96.98209,58547.1222912,577,502
False,231.8899,97.09608,58547.1542912,569,502
False,231.8361,97.0818,58547.1869056,570.5,502
False,231.7607,97.05744,58547.2187904,574.5,502
False,231.8014,97.06153,58547.2506368,571.5,502
False,231.8837,97.16564,58547.282304,567.5,502
False,231.8585,97.1231,58547.3142912,570,502
False,231.7991,97.1171,58547.3622272,575,502
False,231.7869,97.14877,58547.394432,572.5,502
False,231.8608,97.22202,58547.4270208,567.5,502
False,231.8526,97.1617,58547.458752,570,502
False,231.7477,97.08392,58547.4907264,574,502
False,231.7863,97.1928,58547.522304,574,502
False,231.7062,97.16027,58547.5542144,573,502
False,231.7509,97.18332,58547.5867392,575.5,502
False,231.8013,97.19866,58547.6187008,573,502
False,231.7475,97.09647,58547.6503808,577,502
False,231.7364,97.14866,58547.6823168,578.5,502
False,231.8165,97.19837,58547.7146496,573,502
False,231.8445,97.21098,58547.7626496,568,502
False,231.8176,97.12775,58547.7946752,567.5,502
False,231.7834,97.19608,58547.82624,544,502
False,232.431,97.82224,58547.8585856,518.5,502
False,232.5875,98.26243,58547.891072,526.5,502
False,232.8483,98.55511,58547.9228032,506.5,502
False,232.65,97.91225,58547.9547904,509,502
False,231.3217,97.09708,58547.9864064,530.5,502
False,229.3626,96.10679,58548.0184064,552.5,502
False,227.1707,94.85599,58548.0512128,537,502
False,225.4607,92.83565,58548.0828032,540.5,502
False,223.503,90.09199,58548.1143808,549,502
False,222.6297,88.59517,58548.1627264,545.5,502
False,222.2562,87.69186,58548.1946112,549,502
False,221.6995,86.96395,58548.2272,564,502
False,220.4528,85.61485,58548.258688,556.5,502
False,219.4941,85.27768,58548.2908928,569,502
False,217.6641,83.93926,58548.3227776,584.5,502
False,215.9482,81.70918,58548.3547648,592,502
False,214.1641,78.9231,58548.3864832,615.5,502
False,212.2881,76.09064,58548.4183552,616,502
False,210.5319,73.54538,58548.4504192,606,502
False,208.6047,70.82096,58548.4825216,599.5,502
False,207.1556,68.17632,58548.5153664,604,502
False,205.9974,65.25171,58548.56256,633,502
False,204.8758,62.15955,58548.595136,632,502
False,203.5282,59.97588,58548.627008,642.5,502
False,202.211,58.20187,58548.6597888,641.5,502
False,200.7859,57.17744,58548.6909184,650,502
False,199.657,56.68034,58548.722944,658.5,502
False,198.5668,55.80383,58548.7547776,669.5,502
False,197.3519,55.04173,58548.7864576,655,502
False,195.8915,54.12606,58548.8183808,646.5,502
False,194.8955,53.55172,58548.8507648,638,502
False,194.7863,53.48327,58548.8824576,632.5,502
False,194.1549,53.15411,58548.9149312,643.5,502
False,194.1967,53.39863,58548.9628928,633,502
False,194.0824,53.41699,58548.9956736,637.5,502
False,194.1637,53.70889,58549.0275712,635.5,502
False,194.374,53.89588,58549.0600192,643.5,502
False,194.5285,53.8385,58549.092544,628.5,502
False,195.1026,54.10011,58549.122432,606,502
False,196.1285,54.89219,58549.154816,589,502
False,196.8425,55.18822,58549.186432,580,502
False,197.7712,55.63072,58549.2183808,561,502
False,198.6094,56.08673,58549.2503424,565,502
False,198.881,56.47632,58549.282688,563,502
False,199.0182,56.30159,58549.3143936,577.5,502
False,198.9879,56.07508,58549.3625856,590.5,502
False,199.0253,55.87071,58549.394688,593,502
False,198.9253,55.65604,58549.4278912,580,502
False,199.4319,55.80075,58549.461376,578,502
False,199.6259,55.90922,58549.492608,576.5,502
False,199.5604,55.58976,58549.5229824,589.5,502
False,199.6763,55.46423,58549.5545984,587,502
False,199.6449,55.34953,58549.5866112,597,502
False,199.5319,54.99538,58549.6189312,613.5,502
False,199.4148,54.7009,58549.650944,613.5,502
False,199.1203,54.13697,58549.6826368,631.5,502
False,199.0957,53.90005,58549.7145472,632,502
False,199.0639,53.86528,58549.762496,623.5,502
False,198.7563,53.53793,58549.7946496,630.5,502
False,198.4625,53.36492,58549.8277504,638.5,502
False,198.0675,53.20875,58549.8603264,651.5,502
False,197.8011,52.95696,58549.8919936,666,502
False,197.327,52.57883,58549.9226752,685,502
False,197.2292,52.60658,58549.9546496,674,502
False,197.0551,52.33459,58549.9866368,665.5,502
False,196.9384,52.37946,58550.0192,668.5,502
False,196.9113,52.53389,58550.0506624,661.5,502
False,196.967,52.64915,58550.083008,656.5,502
False,197.0979,52.79572,58550.1145856,662.5,502
False,197.1956,52.92579,58550.1629568,667,502
False,197.1293,52.75419,58550.1947136,666.5,502
False,197.1278,52.82591,58550.2274304,662.5,502
False,197.103,52.85505,58550.2588416,660,502
False,197.1378,52.76971,58550.2921216,661.5,502
False,197.1492,52.83156,58550.3226112,657,502
False,197.1806,52.80155,58550.354752,645,502
False,197.1992,53.02296,58550.3866752,646,502
False,197.3725,53.20726,58550.4187264,638.5,502
False,197.3477,53.06902,58550.4511104,637.5,502
False,197.3606,53.11155,58550.4832128,635,502
False,197.3671,52.71878,58550.5145984,646,502
False,197.4532,52.3112,58550.5630464,655,502
False,197.636,52.10857,58550.5953664,657,502
False,197.9014,52.62911,58550.6275712,639,502
False,197.5211,51.93148,58550.659392,666.5,502
False,197.6868,52.71952,58550.6914816,646.5,502
False,197.5213,53.61006,58550.7231232,633,502
False,196.7554,52.49041,58550.7551232,651.5,502
False,196.8783,53.3266,58550.7868416,619,502
False,196.9322,53.68624,58550.8187392,604.5,502
False,197.0818,53.65003,58550.8506624,601,502
False,196.9287,53.62539,58550.8828032,593.5,502
False,196.7892,53.33902,58550.9150848,586,502
False,195.7712,50.64933,58550.96352,625,502
False,196.4004,51.5584,58550.9958144,566.5,502
False,195.6079,51.38884,58551.0274176,558.5,502
False,193.4429,48.277,58551.059776,639,502
False,192.5647,47.89696,58551.0924928,640.5,502
False,192.1474,47.26495,58551.1233152,641,502
False,190.9942,46.52134,58551.1549824,656,502
False,191.9896,48.97286,58551.1867264,546.5,502
False,191.0262,48.2115,58551.218688,533.5,502
False,191.1446,47.77479,58551.2507904,502.5,502
False,191.0785,47.24601,58551.2827392,511.5,502
False,189.1796,43.03525,58551.3151104,591,502
False,190.7819,46.14585,58551.363008,468.5,502
False,189.738,46.68834,58551.3949312,446,502
False,188.8098,46.52686,58551.4273664,453,502
False,188.2167,46.13409,58551.4600064,440,502
False,187.3995,45.42339,58551.4918912,446,502
False,186.7814,44.64811,58551.5232512,440,502
False,185.9576,43.7711,58551.5547136,432.5,502
False,182.9228,38.57738,58551.5867392,552.5,502
False,184.5997,41.79044,58551.6188672,425.5,502
False,181.722,36.60788,58551.650752,533,502
False,181.6695,36.01696,58551.6833408,530.5,502
False,184.18,40.20864,58551.7152,401,502
False,181.6667,35.69096,58551.7629952,521.5,502
False,181.9704,35.81708,58551.7950976,507.5,502
False,182.4549,36.27134,58551.8277504,492,502
False,183.0498,36.96103,58551.861312,479,502
False,183.6205,37.5409,58551.8919808,462.5,502
False,183.8053,38.21488,58551.9227776,461.5,502
False,185.9591,45.10393,58551.9547776,309.5,502
False,185.9854,44.9747,58551.9873664,296.5,502
False,185.3535,44.33599,58552.0189952,314,502
False,185.3451,45.22827,58552.0510336,312.5,502
False,185.543,46.35214,58552.08288,292.5,502
False,185.3647,46.75962,58552.1149184,281.5,502
False,185.2751,46.83818,58552.1630848,275,502
False,185.883,46.6822,58552.1953152,300.5,502
False,186.5101,45.94644,58552.2285952,320.5,502
False,186.8258,45.33051,58552.2600192,354,502
False,189.6609,41.11179,58552.2922496,487.5,502
False,189.9061,40.23353,58552.3228928,511,502
False,190.2447,39.9585,58552.3551744,506,502
False,187.7975,43.12191,58552.3867904,391,502
False,188.0793,44.13809,58552.4188288,399.5,502
False,188.6092,44.76458,58552.4513024,400,502
False,191.6235,41.60127,58552.4833408,471.5,502
False,188.9693,44.69302,58552.5149312,379.5,502
False,189.1974,44.89311,58552.5632384,355.5,502
False,188.916,45.2146,58552.5952768,335.5,502
False,188.7739,45.47677,58552.6283008,326.5,502
False,188.7877,45.6639,58552.6605056,301.5,502
False,188.9643,46.29935,58552.6914944,284.5,502
False,188.9256,46.68013,58552.72288,260,502
False,189.3365,46.96105,58552.7548032,261,502
False,189.671,47.4647,58552.7872512,271.5,502
False,189.7837,47.32238,58552.8189184,243.5,502
False,190.6161,47.73622,58552.8516352,254,502
False,190.8734,47.85546,58552.883008,241,502
False,190.9632,47.8557,58552.9149056,231,502
False,191.0637,47.68667,58552.9631616,225,502
False,190.9304,47.34951,58552.9954816,206,502
False,191.241,47.93619,58553.0274176,222,502
False,190.8694,47.90916,58553.0589824,222,502
False,190.4429,47.01261,58553.09152,211.5,502
False,190.4981,47.15249,58553.1228928,217.5,502
False,190.4369,46.4555,58553.1552896,206,502
False,190.1183,46.31583,58553.187392,200,502
False,189.4148,44.42658,58553.219008,155.5,502
False,189.9836,45.64853,58553.2509696,193,502
False,189.8069,44.88889,58553.2835328,154.5,502
False,189.7106,45.08059,58553.3151232,182,502
False,189.6797,45.27171,58553.3639424,178.5,502
False,189.3521,45.35399,58553.3952512,177.5,502
False,188.7994,45.15568,58553.4284416,174.5,502
False,188.5316,45.88462,58553.4591744,169,502
False,198.927,36.72166,58553.4915968,148.5,502
False,197.844,36.95847,58553.5229312,148.5,502
False,196.9572,38.01577,58553.5554048,148,502
False,195.9237,38.89906,58553.5876224,142,502
False,195.948,39.89715,58553.6194176,134.5,502
False,183.4686,47.10329,58553.6510592,177.5,502
False,182.6827,47.52953,58553.6831872,166.5,502
False,181.589,47.9187,58553.7152,184.5,502
False,181.75,48.04811,58553.7642368,194,502
False,182.7266,48.52784,58553.7955712,236.5,502
False,183.776,48.5411,58553.827584,257.5,502
False,184.9859,48.76199,58553.8593408,295.5,502
False,186.5447,48.54319,58553.8916608,341.5,502
False,187.4154,48.50513,58553.9234688,373.5,502
False,187.9146,48.19543,58553.9556096,394,502
False,188.5146,47.76793,58553.9874688,423,502
False,189.4532,47.0988,58554.0192,474,502
False,189.7137,47.13958,58554.0511744,486,502
False,190.3131,47.21194,58554.0831232,502.5,502
False,190.8308,47.44712,58554.115264,520,502
False,191.7002,47.4236,58554.1634432,541,502
False,192.88,47.42187,58554.195392,561,502
False,194.0198,47.86167,58554.2276736,573.5,502
False,194.8528,48.74466,58554.2591616,585.5,502
False,195.7272,49.41625,58554.2915712,595,502
False,196.8959,50.3396,58554.3237888,611.5,502
False,198.5031,51.02698,58554.3550592,611.5,502
False,199.6381,51.63298,58554.3875968,613.5,502
False,201.3266,52.1763,58554.4196992,614.5,502
False,204.027,52.89646,58554.4511616,616.5,502
False,206.6595,54.17455,58554.4831744,602.5,502
False,209.4631,55.12865,58554.5152128,611.5,502
False,211.9153,55.50348,58554.5634176,622,502
False,214.8025,56.26062,58554.595968,623.5,502
False,217.5189,57.19184,58554.6285824,612.5,502
False,221.1587,58.33956,58554.6602624,589,502
False,225.0076,60.39167,58554.6916096,588.5,502
False,228.4756,62.32697,58554.7230976,602,502
False,232.0852,63.91063,58554.7550592,593,502
False,236.002,65.98688,58554.7881088,571.5,502
False,241.2296,68.01322,58554.819392,554.5,502
False,245.8906,69.66696,58554.851072,563.5,502
False,249.5051,71.19009,58554.8832,544.5,502
False,252.912,72.79664,58554.9151616,536,502
False,255.376,74.67332,58554.9631872,551,502
False,258.0452,76.43764,58554.9959424,572,502
False,261.2146,77.95544,58555.028672,568.5,502
False,264.9001,79.86432,58555.0598016,567.5,502
False,268.7972,81.70305,58555.0916992,591,502
False,273.1036,83.8944,58555.1231488,595,502
False,277.2086,85.80139,58555.1554432,597.5,502
False,280.8122,87.70983,58555.1875072,583,502
False,284.2377,89.39404,58555.2191232,582,502
False,287.0518,91.6049,58555.2512128,585.5,502
False,289.9277,94.20834,58555.2832128,588,502
False,292.679,96.11219,58555.3152,566,502
False,296.1447,98.12481,58555.3643776,551.5,502
False,300.468,100.192,58555.3953408,548.5,502
False,304.8434,102.5235,58555.4281472,556.5,502
False,308.429,104.5713,58555.4607488,538.5,502
False,312.2211,107.0031,58555.4918144,537.5,502
False,315.9053,109.6009,58555.5232128,552.5,502
False,319.4698,111.8812,58555.5552256,568,502
False,323.0619,114.0289,58555.5872768,570.5,502
False,326.6129,115.6655,58555.6196864,564.5,502
False,330.4586,117.4597,58555.6517632,581.5,502
False,334.6086,119.6535,58555.6832384,582.5,502
False,338.4102,121.8727,58555.7152512,548.5,502
False,342.0321,124.5171,58555.7633408,566,502
False,345.7923,127.4288,58555.7957376,569,502
False,348.7653,129.127,58555.8281984,563,502
False,351.0683,130.1465,58555.859456,573.5,502
False,353.1986,130.8365,58555.89184,584,502
False,355.856,131.6275,58555.923264,604,502
False,358.9863,132.3443,58555.955328,607,502
False,361.2454,133.1299,58555.9880192,616,502
False,363.8134,134.3333,58556.0196864,615.5,502
False,366.2266,135.4366,58556.051392,615,502
False,368.2537,136.5203,58556.0833408,619.5,502
False,369.7331,137.7731,58556.1153408,604.5,502
False,370.5823,138.3115,58556.163328,602.5,502
False,370.9209,138.0274,58556.1958784,571,502
False,370.8895,137.5841,58556.2281856,567,502
False,370.9233,136.6716,58556.2595072,543,502
False,372.1075,137.1096,58556.291904,547.5,502
False,372.4479,137.7512,58556.3238656,571.5,502
False,373.201,138.3246,58556.3557888,575.5,502
False,374.3415,139.0173,58556.387392,569.5,502
False,376.4099,140.0669,58556.420032,550.5,502
False,378.576,139.8929,58556.4513792,544.5,502
False,380.1852,139.7062,58556.4837504,523,502
False,381.8589,139.3143,58556.5153792,534,502
False,382.5702,140.0815,58556.5641728,523.5,502
False,382.9225,140.813,58556.5964032,537.5,502
False,383.926,141.6771,58556.6281344,545,502
False,388.4511,144.6477,58556.6599168,607,502
False,390.4927,145.6821,58556.6918784,583.5,502
False,391.7179,145.544,58556.7234176,569.5,502
False,392.2985,145.1522,58556.755776,583.5,502
False,392.9442,144.8981,58556.7880704,597,502
False,390.0108,142.2089,58556.8197376,478,502
False,390.6496,142.495,58556.8514944,469,502
False,391.7318,142.6357,58556.8835072,468.5,502
False,392.5583,142.7637,58556.915456,469,502
False,392.4359,143.3237,58556.96384,450,502
False,393.9634,143.8231,58556.997184,432.5,502
False,395.6175,144.3506,58557.0282752,406.5,502
False,396.9951,144.8819,58557.0600704,405,502
False,397.9376,145.3958,58557.092096,403,502
False,398.4794,145.8183,58557.1234304,383.5,502
False,399.1505,145.8145,58557.1555712,372,502
False,398.8354,145.9437,58557.1879296,358.5,502
False,398.2531,145.839,58557.2199296,351,502
False,397.4975,145.434,58557.2514176,331,502
False,396.4553,144.8436,58557.2836224,333.5,502
False,395.8993,144.1134,58557.3166208,316,502
False,396.2997,143.3903,58557.3639808,322,502
False,396.6992,143.0559,58557.3957248,328,502
False,396.736,142.7504,58557.4286976,312.5,502
False,396.1434,142.7362,58557.4605568,304.5,502
False,395.7198,143.0429,58557.4921472,291.5,502
False,395.3783,143.8086,58557.5238656,263,502
False,394.6414,144.0546,58557.5559296,250.5,502
False,394.1885,144.372,58557.5876352,232.5,502
False,393.4342,144.6061,58557.6195584,206.5,502
False,392.6675,143.8985,58557.6516096,195.5,502
False,392.9252,143.5345,58557.683904,200.5,502
False,392.8642,142.9106,58557.7155584,186.5,502
False,396.9081,146.1042,58557.7636224,353.5,502
False,396.1392,145.0484,58557.7956736,361.5,502
False,395.3372,143.7153,58557.828288,346,502
False,394.0051,142.0009,58557.8610176,358,502
False,392.5185,140.5455,58557.8927104,370,502
False,391.4015,139.3155,58557.9240064,345,502
False,390.6713,138.4362,58557.955648,322.5,502
False,393.8144,132.9198,58557.98752,185,502
False,392.63,133.1124,58558.0198016,222.5,502
False,391.4797,134.3889,58558.0519552,279,502
False,389.8682,135.4776,58558.0839168,320,502
False,388.9456,136.1746,58558.1156096,346.5,502
False,388.4121,136.8587,58558.1638016,357.5,502
False,387.4258,138.2133,58558.195776,405.5,502
False,386.0388,139.366,58558.2280576,433.5,502
False,384.51,140.5492,58558.2612096,475.5,502
False,382.2998,142.3672,58558.2925056,506.5,502
False,380.0553,143.7288,58558.3235968,536.5,502
False,377.9312,144.9133,58558.3555584,550,502
False,375.7087,145.7405,58558.388224,546.5,502
False,373.4087,145.8707,58558.4196096,535,502
False,371.3016,145.4915,58558.4520704,551,502
False,369.0996,145.8288,58558.4836864,554,502
False,366.8374,146.3803,58558.5156608,550.5,502
False,364.5788,146.5112,58558.56384,548,502
False,360.527,146.512,58558.5967488,500,502
False,357.1845,145.9261,58558.6286336,527.5,502
False,353.8217,145.3812,58558.6596736,557,502
False,350.2574,144.8774,58558.6921856,522,502
False,346.3948,144.2543,58558.7236352,523,502
False,341.5897,143.7996,58558.7556096,545.5,502
False,337.2504,143.935,58558.787904,548.5,502
False,332.9079,143.9369,58558.8196352,517.5,502
False,328.3443,143.8719,58558.8517376,503.5,502
False,324.1971,143.2438,58558.8836864,534.5,502
False,320.4544,142.7173,58558.9157376,539.5,502
False,316.5093,142.2191,58558.9645056,529.5,502
False,314.0926,141.0601,58558.9962624,513,502
False,313.2102,140.6614,58559.0283264,502,502
False,313.0003,140.8715,58559.060736,495.5,502
False,312.8503,141.1822,58559.0921728,476.5,502
False,312.6621,141.3089,58559.1236608,478.5,502
False,312.0501,141.3422,58559.155776,469,502
False,311.1528,141.3945,58559.1878144,469,502
False,309.8855,141.2488,58559.2203264,455.5,502
False,309.1897,140.288,58559.2521216,434,502
False,309.3932,139.1361,58559.283776,439.5,502
False,309.5779,138.5667,58559.31584,445,502
False,306.102,138.3963,58559.3639168,529.5,502
False,305.6589,138.4512,58559.3965824,540,502
False,305.4122,138.5351,58559.428992,541,502
False,305.1725,138.5501,58559.4605184,546,502
False,305.3177,138.6427,58559.4928512,543.5,502
False,305.3395,138.745,58559.5238272,536,502
False,305.3092,138.641,58559.5557504,531.5,502
False,305.8179,138.6868,58559.58784,522.5,502
False,305.4095,138.6903,58559.6202368,543,502
False,305.3069,138.4023,58559.652416,549,502
False,305.145,138.4049,58559.68416,554,502
False,305.0106,138.4554,58559.7158784,565.5,502
False,304.8147,138.3752,58559.76384,573,502
False,305.058,138.3811,58559.7959168,568.5,502
False,304.8745,138.5958,58559.8282368,557.5,502
False,305.2286,138.5803,58559.8614656,546,502
False,305.6292,138.4495,58559.8923648,542.5,502
False,305.1655,138.358,58559.9238912,554,502
False,304.8033,138.3271,58559.9558528,565,502
False,304.8454,138.5034,58559.98784,558.5,502
False,304.917,138.5456,58560.0202112,564.5,502
False,304.7118,138.41,58560.0522496,565.5,502
False,306.5717,138.1209,58560.0838528,521,502
False,306.3805,138.1535,58560.11584,530,502
False,304.2784,138.2964,58560.1643776,577,502
False,306.0251,138.3258,58560.1963392,530.5,502
False,305.1347,138.4359,58560.2284288,543,502
False,304.4061,138.4326,58560.259904,534,502
False,303.0608,138.4117,58560.2923392,540,502
False,300.7024,138.242,58560.3237248,554.5,502
False,297.9482,137.4104,58560.3567872,547.5,502
False,295.4034,135.9544,58560.3879296,559.5,502
False,292.4219,134.3583,58560.4205568,561,502
False,289.7031,133.1019,58560.4523136,549.5,502
False,287.0245,132.3286,58560.4843008,558.5,502
False,284.0179,131.4417,58560.5159552,549,502
False,279.3085,129.8569,58560.5643264,551,502
False,274.8689,128.2252,58560.5959936,536.5,502
False,270.5791,126.8194,58560.6286208,527,502
False,266.032,125.2933,58560.6615424,537.5,502
False,261.5544,123.146,58560.6924416,533,502
False,258.0506,121.3122,58560.7243648,536.5,502
False,254.3327,119.216,58560.755968,517,502
False,249.7419,117.1394,58560.7879168,516.5,502
False,245.148,115.1147,58560.8208384,540.5,502
False,240.622,113.0085,58560.8519296,507.5,502
False,236.1444,110.4767,58560.8843264,519.5,502
False,231.7471,107.3928,58560.9158784,541,502
False,227.3651,104.289,58560.9639296,545.5,502
False,223.2798,101.8086,58560.9962368,545,502
False,218.539,99.2127,58561.0287488,548.5,502
False,213.6377,96.4166,58561.059904,570.5,502
False,209.1038,93.97496,58561.092544,552.5,502
False,205.5117,91.83484,58561.1240192,554,502
False,201.9132,89.17046,58561.155968,572,502
False,198.8971,87.06333,58561.1885824,589.5,502
False,196.2077,85.60677,58561.2205824,576,502
False,192.5061,83.90289,58561.2524288,559.5,502
False,187.57,81.91879,58561.2839808,570.5,502
False,183.1999,79.55071,58561.3163136,573.5,502
False,178.2243,76.70927,58561.3640192,559.5,502
False,173.2001,73.63728,58561.3960448,561.5,502
False,168.1537,70.0248,58561.4284032,578,502
False,163.3384,66.70499,58561.4600064,587,502
False,158.2072,64.02737,58561.493184,590.5,502
False,152.5624,60.91292,58561.5245312,601,502
False,147.5669,57.96472,58561.5560064,600,502
False,143.0334,55.63626,58561.588032,603,502
False,138.1428,52.60949,58561.6199808,597.5,502
False,133.8273,49.65596,58561.6520704,622.5,502
False,130.6711,47.60829,58561.6847104,639.5,502
False,127.5906,46.64606,58561.7165056,631,502
False,123.8083,46.04922,58561.7641856,609.5,502
False,119.4635,44.80975,58561.7964032,618.5,502
False,115.434,43.4409,58561.8287872,626,502
False,111.563,42.38703,58561.8604032,627,502
False,106.6588,40.84844,58561.8926976,634.5,502
False,102.3402,39.56323,58561.9240064,659,502
False,98.338,38.86711,58561.9564032,678.5,502
False,93.96595,37.94942,58561.988864,675.5,502
False,89.27786,37.36319,58562.0201472,670,502
False,86.15839,37.42406,58562.0521216,665,502
False,84.60699,37.6025,58562.0841344,667.5,502
False,83.21315,37.40438,58562.1161728,661.5,502
False,82.68423,37.56049,58562.1646976,664,502
False,82.50883,37.3915,58562.1969408,670.5,502
False,82.64953,37.03502,58562.2290688,671,502
False,82.62491,36.77094,58562.2602752,658.5,502
False,83.18247,36.82781,58562.2926976,648.5,502
False,83.58887,37.01621,58562.3248128,617,502
False,84.63631,36.8007,58562.3565696,620.5,502
False,84.93995,37.00291,58562.3889408,630,502
False,84.45119,36.99838,58562.4202496,618,502
False,83.68288,36.94651,58562.4521344,617,502
False,81.31738,36.98139,58562.48416,627,502
False,79.7664,37.3381,58562.516608,630,502
False,79.20271,36.65451,58562.564608,603.5,502
False,73.27496,32.99514,58562.596224,719.5,502
False,75.01517,33.37666,58562.6287616,604,502
False,68.91061,31.14969,58562.6628736,721.5,502
False,68.16165,32.78796,58562.6932352,698,502
False,67.23179,33.19549,58562.72416,679.5,502
False,65.89848,32.89458,58562.7562496,683,502
False,64.79805,32.37997,58562.7882752,682.5,502
False,63.63215,31.90804,58562.8201984,676,502
False,67.16044,34.91127,58562.8525824,548.5,502
False,65.96864,34.59117,58562.8845184,547.5,502
False,65.27922,34.08751,58562.9165184,539,502
False,64.43643,33.71758,58562.9643264,527,502
False,63.28087,33.21866,58562.9963008,530.5,502
False,62.58887,32.64991,58563.0286592,527,502
False,62.34373,32.49707,58563.0617472,513,502
False,62.22678,32.45031,58563.0946304,511.5,502
False,62.35439,32.71997,58563.1248,506.5,502
False,62.64962,32.85423,58563.1567232,498.5,502
False,63.00896,32.7718,58563.1883392,483.5,502
False,63.44139,33.00528,58563.220224,473.5,502
False,64.92067,33.89265,58563.2523136,458,502
False,65.93347,34.53884,58563.2845568,478.5,502
False,66.39954,34.86527,58563.3162112,501,502
False,67.17365,34.99189,58563.3642624,513.5,502
False,62.85395,33.37936,58563.3963136,626.5,502
False,67.06283,34.19406,58563.428672,538.5,502
False,66.3579,34.20012,58563.462336,563,502
False,65.09215,34.43555,58563.4932736,562.5,502
False,63.25978,34.57429,58563.5242624,566.5,502
False,61.73636,34.58808,58563.556352,562,502
False,55.12371,33.86025,58563.588416,696.5,502
False,59.86846,34.76682,58563.6203008,557.5,502
False,58.72834,35.09036,58563.6526208,581,502
False,58.1042,35.47169,58563.6846336,571,502
False,59.36058,35.68574,58563.716224,550.5,502
False,54.62334,34.99278,58563.764544,692.5,502
False,63.90476,35.97787,58563.7971712,497,502
False,62.60736,36.48332,58563.829376,584.5,502
False,70.15937,36.76951,58563.86176,457,502
False,72.45589,37.03507,58563.8929152,451.5,502
False,74.03724,37.23933,58563.924224,461,502
False,75.3642,37.47428,58563.9563648,486,502
False,75.79379,37.35817,58563.9887744,510,502
False,75.07471,36.87901,58564.0206976,551,502
False,74.35577,36.69802,58564.0523776,579.5,502
False,73.53957,36.74021,58564.0842624,625.5,502
False,72.757,37.22838,58564.1165568,649.5,502
False,71.6881,37.43636,58564.1643648,645.5,502
False,70.14155,38.47182,58564.19648,653.5,502
False,69.22501,39.13775,58564.2283008,657,502
False,67.9616,40.08679,58564.2605824,651,502
False,67.03629,40.49689,58564.2939904,643,502
False,65.85637,40.61699,58564.3250944,647.5,502
False,65.02657,40.7226,58564.3563392,658.5,502
False,64.36323,41.40116,58564.3884672,663.5,502
False,63.61239,42.12565,58564.4204032,672.5,502
False,63.2994,43.18563,58564.4526336,668,502
False,63.9577,44.84429,58564.4845824,654,502
False,64.04114,46.42827,58564.5162752,632,502
False,63.33714,48.57972,58564.5645824,657.5,502
False,62.62571,50.81026,58564.5965952,675.5,502
False,62.22728,52.78836,58564.6292608,724.5,502
False,62.15175,55.41344,58564.6627456,709.5,502
False,62.11419,57.76475,58564.692928,703.5,502
False,61.98849,60.09093,58564.7247744,724,502
False,61.629,62.95377,58564.7565312,739,502
False,61.29731,65.811,58564.7885184,694,502
False,60.98279,68.57694,58564.82048,678,502
False,61.2492,71.08587,58564.8527488,673.5,502
False,61.8698,73.28802,58564.8843264,669.5,502
False,62.14692,75.73755,58564.9163392,679.5,502
False,62.30536,77.74894,58564.9645952,709,502
False,62.63044,79.87212,58564.9966336,685.5,502
False,62.88954,82.14915,58565.0297344,685,502
False,62.46379,84.02446,58565.062016,695,502
False,61.94819,86.84571,58565.0929536,727,502
False,62.1179,89.616,58565.1244544,704,502
False,62.47324,92.98848,58565.1573504,694.5,502
False,62.54504,97.44544,58565.1885312,666,502
False,63.13309,100.6686,58565.2207104,685,502
False,63.36239,104.1263,58565.2526848,728.5,502
False,63.4176,107.5121,58565.2843904,716,502
False,63.43416,110.186,58565.3163648,724,502
False,63.58287,113.214,58565.36448,722,502
False,63.44535,116.7006,58565.396992,736.5,502
False,62.93274,119.6641,58565.4297984,728.5,502
False,62.55747,121.0761,58565.461568,696,502
False,62.73391,121.9066,58565.4931584,694,502
False,63.45236,122.1326,58565.5245184,673.5,502
False,63.60144,123.0132,58565.5569792,669.5,502
False,63.39762,123.3356,58565.5885824,658.5,502
False,63.26748,123.5181,58565.6206208,653,502
False,62.91512,123.895,58565.652672,646,502
False,62.71044,124.2049,58565.6844288,643.5,502
False,62.93482,124.6685,58565.7168,649.5,502
False,63.349,125.6176,58565.7652608,638.5,502
False,63.62975,126.9979,58565.7970176,641,502
False,63.44444,128.194,58565.82944,625.5,502
False,63.08849,129.6232,58565.8617856,614,502
False,62.23388,130.5645,58565.8938624,605,502
False,61.84954,131.4028,58565.9252224,576,502
False,62.1344,124.4889,58565.9566976,188.5,502
False,63.46896,135.3647,58565.9887232,451,502
False,63.72476,134.0469,58566.020992,536.5,502
False,63.90208,134.772,58566.0525824,514,502
False,64.09196,135.453,58566.0848256,493,502
False,63.74189,136.2208,58566.11648,483,502
False,63.21173,136.8923,58566.164736,466,502
False,60.19933,142.3621,58566.1967616,597,502
False,59.0344,143.4262,58566.229376,596,502
False,57.84144,144.6331,58566.2630656,596,502
False,56.93577,145.6196,58566.2932736,602,502
False,55.05371,147.1454,58566.3245312,602,502
False,53.89113,147.7424,58566.3570304,594,502
False,52.58688,148.2171,58566.388736,599.5,502
False,51.38307,148.9475,58566.4205952,606.5,502
False,51.03769,148.8717,58566.452544,601.5,502
False,51.03325,148.4694,58566.4845696,591.5,502
False,51.17341,148.1789,58566.5169536,580.5,502
False,52.16097,147.2667,58566.5652096,570.5,502
False,53.8064,145.5162,58566.5967872,526,502
False,59.22368,138.7516,58566.6292608,343.5,502
False,59.79256,138.1006,58566.6618752,349.5,502
False,56.06458,142.472,58566.6932096,511,502
False,59.71299,139.1512,58566.7252736,421,502
False,59.36951,139.5327,58566.7571072,433,502
False,59.36127,140.1917,58566.7886976,435.5,502
False,58.52667,141.08,58566.8208,450,502
False,57.33045,141.8832,58566.8526976,462.5,502
False,55.88177,142.8696,58566.8849536,492,502
False,55.40131,143.5892,58566.9165568,507.5,502
False,54.55952,144.1557,58566.9648128,518,502
False,54.71291,144.0652,58566.9968896,501,502
False,49.05487,146.3152,58567.0306944,644,502
False,49.59772,145.8911,58567.0623872,614,502
False,50.33305,145.7482,58567.0932736,591,502
False,50.76402,145.3757,58567.1247744,585.5,502
False,51.50044,145.2211,58567.1567744,570.5,502
False,59.02494,141.3048,58567.1887872,367.5,502
False,60.88316,139.001,58567.2216832,339.5,502
False,61.93897,137.4892,58567.253248,325,502
False,62.85767,136.2804,58567.2846848,315,502
False,63.45449,134.6759,58567.3166336,287.5,502
False,63.86256,132.9955,58567.3648512,259.5,502
False,63.95351,131.6881,58567.3969536,233,502
False,63.67345,131.3198,58567.4303872,245.5,502
False,63.2434,131.7404,58567.4614784,278,502
False,62.96896,132.1638,58567.493504,290,502
False,63.15422,132.6867,58567.5254144,308,502
False,63.17957,133.037,58567.5569536,297,502
False,64,133.0978,58567.5889152,284.5,502
False,64.64018,133.0329,58567.6208384,258,502
False,65.07995,132.6538,58567.6530816,246,502
False,65.56297,132.2837,58567.6850688,225,502
False,66.01147,132.19,58567.717056,203.5,502
False,66.21291,131.4442,58567.7649152,191,502
False,66.58454,131.2435,58567.7969408,172.5,502
False,66.62683,130.9581,58567.8296704,159,502
False,59.37333,142.3389,58567.8619776,150,502
False,60.42905,142.1678,58567.8938112,148,502
False,61.4623,141.7891,58567.9254912,152.5,502
False,63.13631,141.5815,58567.9567872,156.5,502
False,67.01718,126.9496,58567.9889408,145.5,502
False,67.21586,125.8341,58568.0211456,227,502
False,70.47279,130.9464,58568.05312,413.5,502
False,73.25351,133.2759,58568.0847616,499,502
False,76.00893,135.1007,58568.1167616,541,502
False,75.42638,134.031,58568.1650816,489,502
False,76.42445,135.512,58568.1971072,519.5,502
False,76.89488,136.3327,58568.2304384,537.5,502
False,78.1106,136.5947,58568.2619776,535,502
False,79.03883,136.5672,58568.2937984,528,502
False,79.72618,137.1159,58568.324992,540.5,502
False,80.29194,137.4464,58568.3569664,539.5,502
False,80.79025,138.319,58568.3889024,512.5,502
False,79.43147,136.0644,58568.420864,385.5,502
False,81.73032,137.5596,58568.4536576,476.5,502
False,83.6444,138.883,58568.4848,531.5,502
False,85.79792,139.672,58568.5173248,529.5,502
False,88.9715,140.3912,58568.5650176,555.5,502
False,93.03268,141.0259,58568.59712,591.5,502
False,96.25423,141.6273,58568.6295808,592,502
False,99.19878,142.1197,58568.6626816,604.5,502
False,102.8014,142.7654,58568.6942464,589,502
False,106.1935,143.1569,58568.7255296,565,502
False,108.2272,142.9592,58568.756992,568.5,502
False,110.2276,142.7891,58568.7890048,591,502
False,112.526,142.9779,58568.8209536,566.5,502
False,115.7216,143.3171,58568.8537344,555,502
False,119.1497,143.4301,58568.8853376,563.5,502
False,122.581,144.3513,58568.9168,566,502
False,125.6414,144.8619,58568.9654144,554,502
False,128.7182,145.1652,58568.9970944,511.5,502
False,131.1373,145.1912,58569.0297856,513.5,502
False,133.1341,144.7959,58569.062144,512,502
False,134.9639,144.3246,58569.0938496,517.5,502
False,137.7836,143.7574,58569.1250432,509,502
False,141.1036,143.6022,58569.1571072,489,502
False,144.1985,143.5157,58569.1890176,505.5,502
False,146.9829,144.0643,58569.2209024,526.5,502
False,150.8036,144.3456,58569.253184,530.5,502
False,154.3251,144.1297,58569.2856576,509,502
False,158.0241,143.4935,58569.3330688,512,502
False,161.2444,143.1016,58569.3651584,538,502
False,164.0377,142.793,58569.3978368,500,502
False,167.1896,142.2858,58569.4302592,497.5,502
False,170.4833,141.4853,58569.4622336,509,502
False,173.6391,141.3497,58569.4936192,520,502
False,176.3965,141.113,58569.5250688,512,502
False,178.9055,140.939,58569.5573632,492,502
False,180.2322,140.1995,58569.5893376,494.5,502
False,181.4508,139.4615,58569.6211328,499.5,502
False,182.3988,138.9424,58569.6530176,486.5,502
False,182.5674,138.8837,58569.684928,490,502
False,183.0364,138.2157,58569.7331328,476,502
False,183.0477,136.5024,58569.7661312,416,502
False,183.74,135.8013,58569.7972352,416,502
False,184.1095,136.0189,58569.8303744,414,502
False,184.6415,136.5024,58569.8623488,383.5,502
False,184.6369,137.6356,58569.8935552,380.5,502
False,184.8093,137.7536,58569.924992,374,502
False,185.0245,138.0935,58569.9571328,347.5,502
False,185.7007,138.4538,58569.9895552,328,502
False,187.2714,137.242,58570.02144,317.5,502
False,188.3205,135.5299,58570.0530176,312,502
False,188.0267,135.2039,58570.0849664,311.5,502
False,188.1723,134.5304,58570.133184,323,502
False,192.319,134.3802,58570.1656576,430,502
False,189.9556,134.0736,58570.1980416,382.5,502
False,189.9749,129.6501,58570.2300416,232,502
False,194.2789,136.0235,58570.262784,291,502
False,195.612,132.9053,58570.2944768,500,502
False,198.4169,133.0153,58570.3250688,532.5,502
False,201.1441,132.5047,58570.357824,549.5,502
False,203.8807,131.5754,58570.389248,566,502
False,207.422,130.4986,58570.4218624,590,502
False,210.327,129.7417,58570.4535552,600,502
False,213.2284,129.0358,58570.485184,600.5,502
False,217.1715,128.2278,58570.53312,568.5,502
False,221.577,127.1072,58570.5651584,563,502
False,225.6646,125.908,58570.5973248,565,502
False,229.0873,124.7477,58570.630144,561.5,502
False,232.7917,123.7457,58570.6612096,550.5,502
False,237.7001,122.4796,58570.6936448,548,502
False,242.8418,121.9166,58570.7250432,559.5,502
False,247.6125,121.3131,58570.75712,535.5,502
False,253.2137,120.2178,58570.7897856,528,502
False,258.0853,118.8917,58570.8211456,543,502
False,262.8691,117.8062,58570.8535936,537.5,502
False,268.3326,118.537,58570.8850176,423,502
False,274.3169,118.6662,58570.9338752,365,502
False,277.7579,116.5927,58570.965248,502.5,502
False,281.2929,115.7893,58570.9977472,527.5,502
False,285.881,115.2921,58571.030208,517,502
False,289.9593,114.1852,58571.0626432,532,502
False,293.7559,113.4336,58571.0937728,512,502
False,297.0453,112.711,58571.1251584,508,502
False,301.3022,113.0864,58571.1572096,465,502
False,304.9709,114.7682,58571.1892608,361,502
False,310.411,117.4844,58571.2217856,154.5,502
False,309.3542,108.8241,58571.2531968,343,502
False,313.3559,107.9549,58571.2854144,354.5,502
False,317.5965,105.7255,58571.3337088,294.5,502
False,326.6813,112.7136,58571.3652352,227.5,502
False,328.8472,110.401,58571.3972352,384,502
False,331.8624,107.9888,58571.4297728,550,502
False,336.1006,107.6956,58571.4649728,558,502
False,340.4481,107.3122,58571.4954496,552,502
False,344.7428,107.0752,58571.5256576,549.5,502
False,349.7254,106.103,58571.5576832,565,502
False,353.822,105.7101,58571.589632,575,502
False,357.6758,105.4625,58571.621568,569,502
False,361.1071,105.9039,58571.6539392,577.5,502
False,364.0668,106.496,58571.6855808,584,502
False,367.8525,106.5822,58571.7336448,574,502
False,371.4905,106.7197,58571.7653248,562,502
False,375.6938,106.4611,58571.7978112,558.5,502
False,380.0707,105.9877,58571.8301824,568,502
False,383.8303,105.9469,58571.8630784,580.5,502
False,387.5833,105.958,58571.8944896,560,502
False,391.6015,106.3325,58571.9252224,568,502
False,395.5551,106.3122,58571.9573376,553,502
False,399.4408,105.4751,58571.989568,563,502
False,403.795,104.7292,58572.0217344,552,502
False,407.1716,103.1196,58572.0539136,538,502
False,409.3916,101.9414,58572.0856064,549,502
False,410.852,101.518,58572.1340416,519,502
False,411.6307,101.7348,58572.165312,528,502
False,412.754,102.1278,58572.197696,502,502
False,415.0811,101.7695,58572.2305024,515.5,502
False,416.1323,101.9242,58572.2651648,472.5,502
False,417.9128,100.6807,58572.2948224,498.5,502
False,418.9424,99.34921,58572.3259776,483,502
False,420.4287,98.37971,58572.3576448,438.5,502
False,422.033,97.35195,58572.3896192,474.5,502
False,423.6749,97.18607,58572.4216704,464,502
False,425.0891,96.63007,58572.4536448,460,502
False,426.3063,96.82649,58572.4859136,499.5,502
False,427.9635,96.75649,58572.5336832,475,502
False,428.8216,97.26311,58572.5653632,356,502
False,431.3536,95.5911,58572.5976192,461,502
False,432.562,95.09894,58572.6307456,438,502
False,432.4975,95.1936,58572.66304,458,502
False,432.1645,95.42138,58572.693952,460,502
False,431.5508,95.4958,58572.7259136,436,502
False,430.95,95.77316,58572.757696,433.5,502
False,429.1013,95.97457,58572.7897344,419.5,502
False,427.4368,96.3853,58572.8219648,394.5,502
False,427.0778,96.51546,58572.8538624,345,502
False,425.641,96.69949,58572.8857728,325,502
False,422.3786,98.37399,58572.9336576,287,502
False,421.1752,98.96346,58572.9654912,264.5,502
False,419.6977,99.53676,58572.997568,263,502
False,419.2238,99.30785,58573.0302464,327,502
False,418.724,99.99837,58573.0626048,308,502
False,419.1129,99.28765,58573.0943744,332,502
False,419.6573,98.67275,58573.1259776,356,502
False,419.7614,98.69479,58573.1575552,367.5,502
False,419.8814,98.59918,58573.1894912,365.5,502
False,419.998,98.72321,58573.2213888,336,502
False,419.6642,99.12897,58573.2536576,336,502
False,419.5304,98.88402,58573.2853504,353.5,502
False,419.765,98.87529,58573.3334272,290,502
False,419.2174,99.08885,58573.3656192,302,502
False,419.1514,100.437,58573.3984896,223.5,502
False,419.9604,98.49164,58573.431552,299,502
False,419.4917,99.28642,58573.4627328,302,502
False,419.9548,98.38316,58573.4941824,324.5,502
False,420.0372,98.57519,58573.5258368,291.5,502
False,419.9851,98.62804,58573.5577088,280.5,502
False,419.8722,98.66833,58573.5894912,300,502
False,419.1689,98.60231,58573.6220288,331.5,502
False,419.1591,98.35182,58573.653376,342.5,502
False,419.1732,97.80492,58573.6857216,305,502
False,419.0291,97.92394,58573.7340672,326.5,502
False,419.4058,97.84112,58573.7656192,310.5,502
False,419.3181,97.84623,58573.7977344,329.5,502
False,419.3008,97.72839,58573.8301696,337.5,502
False,420.0309,97.57191,58573.8632192,350,502
False,420.8568,97.52166,58573.8941184,377,502
False,422.2551,98.38524,58573.925632,411,502
False,424.2289,99.29532,58573.9575936,434,502
False,425.4984,100.0246,58573.9896064,474.5,502
False,427.2793,100.4031,58574.0223104,487.5,502
False,428.8597,100.8452,58574.0540032,505,502
False,430.6802,100.8358,58574.0857856,480,502
False,432.2264,100.9134,58574.133824,466,502
False,433.5884,101.1915,58574.1656576,496,502
False,434.6462,101.1611,58574.1982208,506,502
False,435.4705,100.799,58574.2302848,520,502
False,435.5932,100.5505,58574.262784,492,502
False,435.5388,100.193,58574.2940544,456,502
False,434.8343,100.0976,58574.3257216,447.5,502
False,434.1784,100.1259,58574.3579904,447.5,502
False,433.3656,100.4545,58574.3899264,465,502
False,432.1896,100.6207,58574.4214912,431.5,502
False,431.2158,100.7262,58574.4534784,422.5,502
False,429.0637,99.87444,58574.4866304,369,502
False,427.8083,99.816,58574.5343744,389.5,502
False,426.2311,100.0662,58574.5657472,388,502
False,424.9878,100.0565,58574.5982464,395.5,502
False,424.3746,100.3827,58574.6304512,412,502
False,424.0139,101.3291,58574.6636288,433.5,502
False,423.967,102.3203,58574.694144,474.5,502
False,424.7923,103.4688,58574.726208,528,502
False,425.493,104.7362,58574.7577216,558.5,502
False,426.6997,106.6672,58574.789696,590.5,502
False,427.8903,109.1458,58574.8219776,600,502
False,428.9758,110.9949,58574.8538752,619,502
False,429.9403,112.9696,58574.8861824,642,502
False,429.9843,114.3682,58574.9336704,659,502
False,429.6672,116.2844,58574.9657344,654.5,502
False,429.776,118.1851,58574.9981824,660,502
False,429.8217,120.1314,58575.0306304,635.5,502
False,429.6301,121.6085,58575.062784,610.5,502
False,428.7246,122.8008,58575.0948096,584,502
False,427.8611,122.5927,58575.1257984,567.5,502
False,427.5,122.6861,58575.1577088,567,502
False,427.309,123.1775,58575.1899904,561.5,502
False,426.9916,123.853,58575.2216064,555.5,502
False,426.9568,124.3318,58575.2535424,552.5,502
False,426.5727,125.0199,58575.2855808,535.5,502
False,426.6725,126.0288,58575.3338368,538.5,502
False,427.0695,126.4913,58575.3661312,501,502
False,428.1049,127.7394,58575.3987456,497,502
False,429.4103,129.6188,58575.42976,470,502
False,428.6632,131.4423,58575.4629376,439,502
False,426.8423,132.8588,58575.495104,425,502
False,426.5063,133.9739,58575.5263616,396,502
False,426.7451,135.0113,58575.5579776,382.5,502
False,427.0298,136.4362,58575.5896576,358,502
False,427.9364,137.1826,58575.6216448,340.5,502
False,428.4827,138.1607,58575.6536576,337,502
False,428.8971,138.7634,58575.6856832,324,502
False,429.7585,139.3761,58575.734272,319.5,502
False,429.6836,140.0975,58575.7663104,306,502
False,433.3949,145.8297,58575.7980544,438.5,502
False,432.8629,145.3561,58575.8304896,418,502
False,433.2124,145.3436,58575.8629248,406.5,502
False,432.5948,144.7931,58575.8956928,406,502
False,429.1372,139.494,58575.926528,277,502
False,433.049,144.5392,58575.9577472,418.5,502
False,429.4227,139.0906,58575.9897088,281.5,502
False,429.4673,137.4454,58576.0217472,275,502
False,430.3725,136.6752,58576.0537728,272.5,502
False,431.305,135.7509,58576.0860544,241.5,502
False,430.3299,135.4839,58576.1342592,242.5,502
False,430.887,134.9167,58576.1658496,236,502
False,430.6435,134.8636,58576.1980928,237,502
False,430.0276,135.0014,58576.2307584,241,502
False,429.9612,135.0293,58576.2634752,244.5,502
False,429.3911,135.1892,58576.2945536,262.5,502
False,429.1682,135.4283,58576.3266304,275.5,502
False,429.6114,135.1544,58576.3579904,265.5,502
False,429.8389,135.4409,58576.3897344,268,502
False,429.7463,135.2842,58576.4221696,268,502
False,429.6749,135.1317,58576.4540672,262,502
False,429.8415,134.9389,58576.4858624,256.5,502
False,433.3121,139.5298,58576.534016,400.5,502
False,433.1964,139.293,58576.566784,400.5,502
False,433.5008,139.244,58576.5983872,401,502
False,433.6369,139.0978,58576.6304896,409,502
False,433.0945,138.9518,58576.6630528,418,502
False,433.6371,138.9368,58576.6943872,400.5,502
False,429.8517,134.4442,58576.7264512,258.5,502
False,433.5706,139.0179,58576.75808,390.5,502
False,429.4414,134.4781,58576.789824,254.5,502
False,429.7152,134.6826,58576.82176,250.5,502
False,429.9469,134.4187,58576.8539264,263.5,502
False,429.5833,133.8757,58576.8862848,244,502
False,429.1613,133.6378,58576.9343872,248,502
False,429.9176,134.1218,58576.9660672,275,502
False,429.8505,134.5847,58576.9981056,311,502
False,430.7583,134.7776,58577.0305536,327.5,502
False,431.6093,135.2841,58577.0619264,345.5,502
False,431.9098,135.922,58577.095936,369.5,502
False,432.7227,136.3521,58577.1258624,381,502
False,433.2225,136.8223,58577.158208,401.5,502
False,433.7514,137.2682,58577.189952,417,502
False,438.2271,140.7906,58577.2219008,554,502
False,434.8094,138.2881,58577.2540032,434.5,502
False,434.8328,138.7745,58577.2864384,437.5,502
False,435.2807,139.49,58577.3346048,443.5,502
False,439.8339,143.7126,58577.3661056,570,502
False,436.4721,141.7203,58577.3981696,466,502
False,437.2684,143.1742,58577.4305152,467,502
False,437.8072,144.0429,58577.4621184,466,502
False,437.9683,144.311,58577.4948864,462.5,502
False,442.7639,147.0146,58577.5259008,581,502
False,436.8948,143.4634,58577.5584512,448.5,502
False,441.356,145.5521,58577.5903488,567.5,502
False,440.7416,145.0877,58577.6220288,549,502
False,439.3219,144.2421,58577.653952,526,502
False,437.4079,142.2282,58577.6859648,491.5,502
False,431.63,136.7182,58577.7343232,313.5,502
False,431.0378,135.2998,58577.7667328,308.5,502
False,430.7791,134.1937,58577.7985024,305.5,502
False,430.6705,133.3404,58577.8305792,306.5,502
False,430.5387,132.9013,58577.8620032,290.5,502
False,430.7182,132.6197,58577.8945408,294.5,502
False,432.7345,137.1611,58577.9265792,432.5,502
False,431.6652,133.5583,58577.9580672,343,502
False,431.6237,134.2137,58577.9899904,326,502
False,431.225,134.9711,58578.022464,340,502
False,431.5547,135.1988,58578.0544896,324.5,502
False,431.26,139.5963,58578.08608,438.5,502
False,430.619,138.9669,58578.1343744,437.5,502
False,430.3412,138.5816,58578.166144,425,502
False,430.0482,138.3325,58578.1983232,415,502
False,431.2606,136.9031,58578.2310528,359.5,502
False,429.3553,138.103,58578.2632064,409.5,502
False,427.0863,139.3988,58578.2945664,440.5,502
False,424.0932,140.4649,58578.3270528,465,502
False,420.5073,142.11,58578.358144,489.5,502
False,417.7563,143.6549,58578.39008,511.5,502
False,415.3715,144.895,58578.4228096,533.5,502
False,411.7283,145.2417,58578.4546176,533,502
False,407.7526,145.8112,58578.4861824,523.5,502
False,404.1388,146.2269,58578.5343104,529.5,502
False,400.7645,146.4362,58578.5662848,502.5,502
False,397.4522,146.1717,58578.5981824,499,502
False,394.6158,145.7377,58578.6311808,495,502
False,390.9655,145.7709,58578.6625536,511.5,502
False,387.3151,146.0571,58578.69472,484.5,502
False,384.1396,146.008,58578.7260672,481,502
False,380.1478,146.3284,58578.7580416,478,502
False,376.5076,146.2603,58578.7906176,472.5,502
False,373.2054,145.9639,58578.8228096,443,502
False,369.8947,145.1509,58578.8540928,445,502
False,366.8816,145.1303,58578.8866048,488.5,502
False,363.4707,145.1688,58578.9346816,498.5,502
False,361.5344,145.4585,58578.9661568,492.5,502
False,359.3062,145.6438,58578.9982592,503,502
False,357.1158,145.6273,58579.0306944,508,502
False,354.751,145.775,58579.0623872,520,502
False,352.8636,145.5357,58579.0956032,520.5,502
False,350.4579,145.2528,58579.1266688,496.5,502
False,348.2701,144.4435,58579.1582208,501,502
False,346.8122,143.7365,58579.190336,501.5,502
False,344.5226,143.0917,58579.2222976,516,502
False,341.9108,142.7582,58579.2542208,493.5,502
False,339.8365,142.5349,58579.2867968,478,502
False,338.3194,143.1609,58579.3345664,466,502
False,335.8691,143.36,58579.3665792,475,502
False,332.5747,143.2875,58579.3983488,484,502
False,329.4882,142.5611,58579.4304896,464,502
False,327,141.4031,58579.4626432,466,502
False,324.6536,140.4598,58579.4957056,470.5,502
False,321.5659,139.9037,58579.5267456,488,502
False,318.7556,139.4549,58579.5586688,495,502
False,316.5053,138.8311,58579.5903872,487.5,502
False,314.0574,138.2333,58579.6222592,496.5,502
False,311.9254,137.8833,58579.654336,502.5,502
False,309.6281,137.871,58579.686272,497.5,502
False,307.5509,137.6142,58579.7345408,492.5,502
False,305.2982,137.0639,58579.7666816,488,502
False,303.712,136.1977,58579.798336,496.5,502
False,302.6013,135.433,58579.831168,495,502
False,301.2215,134.7778,58579.8638464,486,502
False,299.5395,133.8614,58579.8957184,478.5,502
False,297.7038,132.9134,58579.926272,475.5,502
False,295.2443,132.0758,58579.9583232,464,502
False,291.8649,130.8676,58579.990848,501,502
False,288.4796,129.6055,58580.022592,495.5,502
False,284.3974,128.3424,58580.0543616,479,502
False,280.0834,126.5741,58580.0862464,489.5,502
False,275.8082,124.308,58580.1346944,520.5,502
False,271.5521,122.0518,58580.166336,496,502
False,267.2769,120.2474,58580.1984384,490.5,502
False,263,118.7349,58580.2317824,503.5,502
False,258.5895,117.2819,58580.2638208,505.5,502
False,254.166,115.8702,58580.2978688,493,502
False,250.1611,114.0372,58580.327104,506,502
False,245.6246,112.2105,58580.3584768,503.5,502
False,241.505,110.7311,58580.3904512,499,502
False,237.7949,109.25,58580.4224768,494,502
False,233.5751,107.8005,58580.4548992,500.5,502
False,229.1309,105.6292,58580.486592,515.5,502
False,225.6963,103.4842,58580.5343616,507,502
False,222.6326,101.0112,58580.5664,519,502
False,218.979,97.84884,58580.5986304,516,502
False,215.1947,94.62723,58580.631232,532.5,502
False,211.9396,91.83349,58580.6640768,524.5,502
False,208.7239,89.02435,58580.6948736,527,502
False,205.4891,86.71314,58580.7263488,541.5,502
False,202.7722,84.70624,58580.7584768,556,502
False,200.5993,83.23392,58580.7905152,536.5,502
False,198.2509,81.80087,58580.8237184,534,502
False,195.854,79.72506,58580.854336,548,502
False,193.5087,76.81305,58580.8866048,546.5,502
False,190.5912,74.28239,58580.9344,536.5,502
False,187.2151,72.28258,58580.9666048,538.5,502
False,183.1423,70.11462,58580.9985152,554,502
False,179.5749,67.64838,58581.03104,528.5,502
False,176.4544,64.69439,58581.064064,541,502
False,173.042,61.56156,58581.0952832,555,502
False,168.4048,57.82551,58581.1264128,564.5,502
False,163.7702,54.53865,58581.1585408,539,502
False,158.3691,51.46339,58581.1905024,569,502
False,153.3755,48.4759,58581.2223744,581,502
False,148.7029,46.08304,58581.2547072,562,502
False,143.982,44.1115,58581.2866304,563.5,502
False,139.8477,42.10094,58581.3346176,584.5,502
False,136.5474,41.18391,58581.36672,580,502
False,132.5403,40.69364,58581.3986304,568.5,502
False,128.3021,40.48423,58581.4315648,586.5,502
False,124.0284,39.81399,58581.4635392,581.5,502
False,120.0206,39.12979,58581.49504,583,502
False,115.8606,38.31745,58581.5265664,598,502
False,111.829,37.27959,58581.5591296,611,502
False,108.5999,36.38375,58581.5907968,611.5,502
False,105.0464,35.65392,58581.6223744,614.5,502
False,101.3799,35.26041,58581.654336,612.5,502
False,97.55173,35.3521,58581.6863872,639.5,502
False,94.34689,35.69059,58581.7345664,627,502
False,91.83699,35.8639,58581.766912,638,502
False,89.5051,36.05759,58581.799488,654,502
False,89.21829,36.03357,58581.8311296,650.5,502
False,88.58039,35.74603,58581.8637824,651,502
False,87.33596,35.26635,58581.8950912,634.5,502
False,84.62687,34.08868,58581.9272448,624,502
False,81.69926,32.43847,58581.9591424,659.5,502
False,80.06747,33.00999,58581.990848,617.5,502
False,78.53089,33.46477,58582.0227456,615,502
False,77.30116,33.84029,58582.0544256,575,502
False,75.44463,32.45027,58582.0864512,620,502
False,74.00134,31.805,58582.1346048,620.5,502
False,69.08771,30.38865,58582.1666176,705,502
False,67.23695,29.91454,58582.1995776,686.5,502
False,66.49136,30.72243,58582.2316672,684.5,502
False,70.02354,33.10954,58582.2636544,531,502
False,69.68095,34.32671,58582.295104,478.5,502
False,69.76939,34.56778,58582.3266304,477,502
False,69.08995,34.2963,58582.3585408,472.5,502
False,67.811,34.56734,58582.3911808,466.5,502
False,65.39778,34.25889,58582.4225152,450,502
False,65.02945,33.6483,58582.4548224,481,502
False,64.26714,33.32276,58582.4868096,488.5,502
False,62.46161,32.70794,58582.5346944,521,502
False,61.20515,32.30757,58582.5666816,517.5,502
False,60.30274,31.84863,58582.5989504,523,502
False,59.27837,31.11968,58582.6317312,564,502
False,58.86929,30.86405,58582.6645376,572.5,502
False,57.83601,30.30986,58582.6957184,561,502
False,57.1328,30.73175,58582.7265792,504.5,502
False,57.71215,31.16319,58582.7585792,480,502
False,58.67176,31.99636,58582.7905664,458,502
False,53.6929,30.86399,58582.822848,584.5,502
False,54.77412,31.27486,58582.8545024,561.5,502
False,55.88765,31.52677,58582.8868864,538.5,502
False,57.37536,31.56734,58582.9348096,523.5,502
False,59.67834,31.35369,58582.9669632,499.5,502
False,60.81379,30.97222,58582.9993344,486,502
False,66.4931,33.88873,58583.0316288,350.5,502
False,60.82845,30.34372,58583.0637568,529.5,502
False,60.03456,30.43012,58583.095296,554.5,502
False,58.87785,30.11701,58583.1266304,584,502
False,57.54356,29.66941,58583.1585536,606.5,502
False,56.76826,29.52169,58583.1909632,607,502
False,55.23255,28.13006,58583.2228992,683,502
False,53.05291,27.12121,58583.2547456,671,502
False,51.52819,26.99576,58583.2866688,668,502
False,56.3577,30.88151,58583.3350656,451.5,502
False,51.41365,28.06743,58583.366784,608,502
False,55.94247,31.38324,58583.3996416,437.5,502
False,55.48606,31.27475,58583.4318208,412.5,502
False,54.87134,31.41528,58583.4642432,421,502
False,54.86034,31.40936,58583.4952192,416.5,502
False,55.04562,31.87259,58583.526656,405.5,502
False,55.1424,32.0341,58583.5586048,415.5,502
False,55.28386,31.97486,58583.5906816,411,502
False,55.52465,32.06308,58583.6230144,399,502
False,56.43855,32.2883,58583.6550144,396,502
False,58.23995,32.8727,58583.6867456,398,502
False,59.0327,33.40583,58583.7349888,423,502
False,60.43356,33.47926,58583.76704,434,502
False,62.72129,32.86483,58583.799296,418,502
False,65.72676,32.58013,58583.8317568,416,502
False,66.98157,32.30809,58583.8627584,416,502
False,68.35048,32.02671,58583.8952448,418,502
False,69.0816,31.7097,58583.926656,410.5,502
False,65.2679,32.03401,58583.9586816,514.5,502
False,66.10225,32.55785,58583.9910528,533,502
False,70.48946,32.52412,58584.02304,466.5,502
False,70.547,32.3805,58584.0546944,480.5,502
False,70.99931,32.54986,58584.086848,488,502
False,71.03711,32.40493,58584.1349632,507.5,502
False,70.70461,32.19488,58584.1669504,514,502
False,71.07076,32.28146,58584.1992832,520.5,502
False,71.10743,32.03376,58584.231808,513.5,502
False,71.26344,31.981,58584.2629376,517.5,502
False,71.11503,32.04353,58584.29536,524.5,502
False,71.16117,32.41453,58584.3275648,546,502
False,71.09809,32.86643,58584.3594624,559,502
False,70.83127,33.12803,58584.3913088,565,502
False,70.38609,33.44882,58584.4230784,584.5,502
False,69.41632,34.03078,58584.4547456,606.5,502
False,68.73289,34.60889,58584.4868608,611.5,502
False,68.53377,34.69866,58584.5350656,609.5,502
False,68.38902,34.85285,58584.5669888,610.5,502
False,68.27486,35.17893,58584.5996928,618.5,502
False,68.32197,35.14286,58584.6318848,616,502
False,68.28734,35.26326,58584.662912,616,502
False,68.29623,35.09531,58584.695296,615.5,502
False,68.35007,35.02661,58584.7268096,607.5,502
False,68.18313,35.17061,58584.7588096,612.5,502
False,68.24697,35.23164,58584.7912832,619.5,502
False,68.20496,35.20551,58584.822912,611.5,502
False,68.15306,34.95823,58584.854912,618.5,502
False,68.12966,35.03241,58584.8869248,617,502
False,68.34364,34.94684,58584.9350656,614.5,502
False,68.36658,35.18569,58584.9676416,626.5,502
False,68.23201,35.17273,58584.9990656,618.5,502
False,68.26607,35.0396,58585.0313984,614.5,502
False,68.24307,34.95995,58585.0645504,607.5,502
False,68.23914,35.04479,58585.0959872,614,502
False,68.22984,35.0707,58585.1269888,620,502
False,68.19616,35.0441,58585.1588992,616,502
False,68.05659,35.05687,58585.1909504,612.5,502
False,68.0957,34.95488,58585.2229376,609.5,502
False,68.14073,34.81118,58585.2553856,617,502
False,68.08743,35.02762,58585.28704,621.5,502
False,68.01695,34.97238,58585.3352576,609.5,502
False,68.09954,34.92134,58585.36704,614.5,502
False,68.07039,35.14401,58585.399232,618,502
False,67.97048,35.0742,58585.4325888,615.5,502
False,67.92683,34.8262,58585.4644992,619.5,502
False,67.90196,34.90741,58585.4955264,612,502
False,67.83266,35.06542,58585.5268864,616.5,502
False,68.0417,35.20957,58585.55904,623.5,502
False,67.89574,35.1992,58585.5917312,625,502
False,67.89574,35.0464,58585.6233984,625,502
False,67.92736,34.86602,58585.6549248,619.5,502
False,67.94178,34.98917,58585.6870528,615.5,502
False,68.00621,34.97812,58585.7351168,617,502
False,67.92012,34.83455,58585.7670912,615.5,502
False,67.9879,34.99697,58585.7999104,606,502
False,67.90019,35.06808,58585.8322176,614.5,502
False,67.7912,35.04267,58585.8632576,621,502
False,67.90914,35.02576,58585.895936,614.5,502
False,67.8018,35.00318,58585.9269632,629,502
False,67.90814,34.92748,58585.9589376,620.5,502
False,67.84917,34.99377,58585.9913088,615.5,502
False,67.87257,35.15669,58586.0233216,626.5,502
False,67.86559,35.17016,58586.0554112,620,502
False,67.93446,35.11798,58586.0869504,623,502
False,67.83645,34.91877,58586.1352192,615.5,502
False,67.94968,35.04546,58586.167232,616,502
False,67.92176,34.94212,58586.1991936,622,502
False,67.93824,34.87702,58586.232128,618,502
False,67.82558,35.08133,58586.2631936,623,502
False,67.83092,34.98071,58586.295616,622,502
False,67.94969,35.16761,58586.3269888,619.5,502
False,67.69375,35.1483,58586.3590144,621.5,502
False,67.84539,35.12246,58586.3920768,622,502
False,67.86871,35.00322,58586.4231296,622,502
False,67.93893,35.14935,58586.4553472,630.5,502
False,67.83766,35.13149,58586.4869632,616,502
False,67.52911,35.17813,58586.5350784,632.5,502
False,66.69618,36.33202,58586.5672704,632.5,502
False,66.0573,36.66988,58586.5996544,622.5,502
False,66.28326,37.62822,58586.6317568,602.5,502
False,66.92381,37.72549,58586.6643712,595,502
False,66.74886,38.16466,58586.6956544,582,502
False,65.93056,38.53345,58586.7270912,588,502
False,64.35459,39.68566,58586.7595008,588,502
False,63.61168,40.90561,58586.7913728,588,502
False,63.10523,42.69745,58586.823104,595.5,502
False,62.30968,45.16014,58586.85504,613,502
False,61.50203,48.60935,58586.8878976,616.5,502
False,61.01489,52.93127,58586.9356672,582,502
False,61.26013,56.46515,58586.9672704,617,502
False,61.18515,59.92249,58586.9993984,608.5,502
False,61.52841,62.64854,58587.0318208,616,502
False,61.70959,65.32056,58587.064384,613.5,502
False,62.19464,68.69659,58587.0962048,640.5,502
False,62.38758,72.05923,58587.1277568,636,502
False,62.57737,75.3875,58587.159296,621.5,502
False,62.87454,79.04078,58587.1917696,588.5,502
False,63.66725,82.67808,58587.2231296,569.5,502
False,64.14521,86.09662,58587.2554752,586.5,502
False,64.58476,90.51598,58587.2876544,584,502
False,64.57966,94.20643,58587.3354112,601.5,502
False,64.16532,98.01878,58587.3676544,621,502
False,63.74239,102.1905,58587.3993344,640.5,502
False,63.31403,106.5318,58587.4322432,639,502
False,63.22432,110.4699,58587.4638592,636,502
False,63.35597,114.1317,58587.4965888,640.5,502
False,63.86377,117.2861,58587.5277568,657,502
False,63.93664,120.1815,58587.5596288,676,502
False,63.78336,122.6994,58587.591232,657,502
False,63.31909,123.9246,58587.6238208,643.5,502
False,62.77668,124.6326,58587.6551808,660.5,502
False,62.59451,124.8421,58587.6873472,649,502
False,62.57316,124.8501,58587.7355392,647,502
False,62.54237,124.9309,58587.767232,649,502
False,62.56881,124.9285,58587.79936,645.5,502
False,62.54405,124.9771,58587.8322048,647,502
False,62.57296,125.0195,58587.864128,651,502
False,62.53518,125.013,58587.897856,651.5,502
False,62.52074,124.9577,58587.9280256,643,502
False,62.57829,124.9879,58587.9592704,645,502
False,62.59176,124.9699,58587.9913216,647.5,502
False,62.62788,125.0667,58588.0232704,644.5,502
False,62.66233,125.1613,58588.0551936,653,502
False,62.49381,125.4968,58588.0876544,659.5,502
False,62.00405,126.3068,58588.1355904,658.5,502
False,62.08399,126.2564,58588.1673344,635,502
False,63.02262,125.5059,58588.1993984,619,502
False,63.51412,124.5053,58588.2321152,602,502
False,63.68544,124.0618,58588.265408,612.5,502
False,63.65958,124.6897,58588.2958336,635.5,502
False,63.73857,125.4923,58588.3285248,649,502
False,63.20815,126.6054,58588.3593088,667,502
False,62.80518,127.7504,58588.391744,675,502
False,62.7411,128.2896,58588.4232704,678.5,502
False,62.36224,128.9422,58588.4551936,692,502
False,62.4001,129.2145,58588.487232,681.5,502
False,62.71116,129.1445,58588.5356544,678,502
False,62.82113,129.3978,58588.5678464,683,502
False,62.54606,129.5859,58588.5995008,673,502
False,62.41035,129.3461,58588.6320768,653.5,502
False,62.40827,128.9191,58588.6646912,645,502
False,62.6737,128.4305,58588.6960384,640,502
False,62.57085,128.0456,58588.7280512,654,502
False,62.66187,128.0548,58588.7593856,660.5,502
False,62.75827,128.8659,58588.791424,675,502
False,62.72907,129.1464,58588.8236416,657,502
False,62.34386,132.0347,58588.8552064,744,502
False,62.54865,129.539,58588.8872832,659.5,502
False,62.49626,130.2369,58588.9354112,646.5,502
False,62.60172,131.4291,58588.9675392,600.5,502
False,61.76135,133.6162,58588.9999744,561.5,502
False,60.17876,132.6215,58589.0324608,420.5,502
False,60.14836,128.7206,58589.0644608,173,502
False,63.21327,138.9178,58589.0960128,409.5,502
False,62.87334,138.2673,58589.1274368,464.5,502
False,62.02602,139.0551,58589.1597824,442,502
False,58.19662,143.7443,58589.1914624,592.5,502
False,57.91069,143.6909,58589.2233088,578.5,502
False,60.69857,138.8632,58589.2553088,418,502
False,57.76441,143.4976,58589.2873344,561,502
False,60.94352,138.6981,58589.3358208,392.5,502
False,60.53226,138.8528,58589.367936,403,502
False,60.65442,138.5708,58589.3997952,394.5,502
False,60.83183,138.3882,58589.4320896,388.5,502
False,61.01044,138.3425,58589.4647552,383,502
False,61.2594,138.5131,58589.4961152,381,502
False,61.19185,138.4468,58589.5274624,380.5,502
False,60.85537,138.6778,58589.5597952,389.5,502
False,60.3387,138.974,58589.5915008,404,502
False,59.40351,139.754,58589.6233344,408.5,502
False,58.45914,140.9906,58589.6553344,389.5,502
False,57.74787,141.9475,58589.687424,371.5,502
False,57.46768,142.5494,58589.7359616,361,502
False,57.39128,142.8387,58589.7678464,359.5,502
False,56.84471,143.2994,58589.7996416,373.5,502
False,56.94585,143.8273,58589.8320384,357,502
False,55.79167,144.991,58589.8652672,352,502
False,55.31367,145.494,58589.8964864,347.5,502
False,54.71046,145.5635,58589.9275648,342.5,502
False,49.60783,150.6282,58589.9594496,532.5,502
False,49.87867,149.6382,58589.9914112,522,502
False,55.17891,143.8071,58590.0234624,333.5,502
False,55.437,142.8394,58590.0560256,313.5,502
False,56.11582,141.3051,58590.0877824,295,502
False,56.41924,139.8373,58590.1355136,275.5,502
False,56.36131,138.7655,58590.1677184,280,502
False,56.37299,138.0756,58590.1998208,269,502
False,56.35003,137.4341,58590.2320896,269.5,502
False,55.89086,136.9658,58590.2654848,253.5,502
False,56.47066,137.0619,58590.296128,258.5,502
False,55.15121,136.9126,58590.3275264,253.5,502
False,55.24323,137.341,58590.3594624,283,502
False,58.54023,141.6249,58590.3915264,435,502
False,56.10046,137.8387,58590.424448,328.5,502
False,56.76667,139.486,58590.4558592,380,502
False,59.22529,143.5022,58590.487552,271.5,502
False,62.11507,147.263,58590.536,182.5,502
False,57.65963,136.8623,58590.5676928,213,502
False,61.71696,141.1326,58590.6,401,502
False,65.18084,143.8647,58590.6328064,494,502
False,68.48177,145.4834,58590.6661504,521,502
False,70.51084,145.83,58590.6964992,530.5,502
False,72.21001,145.9934,58590.7275776,532.5,502
False,74.52279,146.2722,58590.7595136,537.5,502
False,76.78089,146.4189,58590.7915392,535.5,502
False,78.68952,146.0542,58590.8239104,547,502
False,80.75466,146.2571,58590.8561024,509.5,502
False,82.7361,146.1599,58590.8875776,506.5,502
False,83.49162,145.8349,58590.936192,487.5,502
False,83.82935,145.3475,58590.968064,480.5,502
False,83.94939,145.2279,58591.0006784,477.5,502
False,83.86694,145.2121,58591.0327552,481,502
False,83.54127,145.2703,58591.0640768,470.5,502
False,83.56027,145.2923,58591.0974976,471.5,502
False,83.47987,145.2458,58591.1282304,472,502
False,83.68373,145.2543,58591.1595776,478.5,502
False,83.47348,145.1961,58591.1917056,465,502
False,83.44788,145.2771,58591.2235776,468.5,502
False,83.44924,145.2768,58591.25568,474.5,502
False,83.67821,145.2483,58591.2882944,476.5,502
False,83.78527,145.2611,58591.3358848,482,502
False,83.68507,145.249,58591.368128,480,502
False,83.78933,145.1982,58591.4006016,481,502
False,83.52396,145.3833,58591.4329472,476.5,502
False,83.59334,145.2643,58591.4644992,470.5,502
False,83.73653,145.2809,58591.4963328,479.5,502
False,83.52875,145.4141,58591.5282688,472.5,502
False,83.78927,145.2504,58591.5596416,478.5,502
False,83.84949,145.379,58591.5917184,485,502
False,83.59512,145.4538,58591.623616,477.5,502
False,83.77871,145.3637,58591.6557952,477.5,502
False,83.79688,145.374,58591.688448,480,502
False,83.88786,145.3925,58591.7362176,484.5,502
False,83.82987,145.3575,58591.7679616,482,502
False,83.8048,145.3556,58591.7999104,479,502
False,83.7039,145.3755,58591.8322688,474.5,502
False,83.79597,145.3445,58591.8637824,479.5,502
False,83.80898,145.341,58591.8974976,479,502
False,83.78734,145.3855,58591.9286016,476.5,502
False,83.81291,145.3539,58591.9596672,477.5,502
False,83.7887,145.2999,58591.9917568,478,502
False,83.97968,145.3809,58592.0237696,484,502
False,83.82185,145.4328,58592.0557568,479,502
False,83.93679,145.3586,58592.0881152,482.5,502
False,83.94083,145.4166,58592.1363968,484.5,502
False,83.886,145.4134,58592.167936,481,502
False,83.94242,145.3552,58592.1998848,480.5,502
False,83.97787,145.3575,58592.2324352,482,502
False,84.01171,145.3974,58592.2652544,484,502
False,84.04659,145.42,58592.2966912,483,502
False,84.07309,145.4044,58592.3276928,488,502
False,83.99896,145.4158,58592.359808,483,502
False,84.00964,145.438,58592.392448,484,502
False,84.00587,145.411,58592.4236928,483,502
False,84.04983,145.4371,58592.4558336,485,502
False,83.99793,145.4162,58592.4881792,483,502
False,84.06098,145.4659,58592.5361792,486.5,502
False,83.92948,145.3822,58592.5678592,484.5,502
False,83.92171,145.5233,58592.6007424,479,502
False,83.94242,145.3552,58592.6327168,480.5,502
False,83.91195,145.421,58592.6639872,477,502
False,84.07621,145.4147,58592.6963072,485.5,502
False,84.16034,145.3914,58592.7279744,487.5,502
False,84.83656,145.0387,58592.7598464,517,502
False,86.28426,144.9608,58592.7922432,526.5,502
False,87.33955,145.4103,58592.8244352,509,502
False,88.14257,146.0092,58592.855872,505,502
False,88.4901,145.9367,58592.888448,513.5,502
False,88.7037,145.8673,58592.9363072,508.5,502
False,88.15685,145.7602,58592.9679104,492,502
False,87.72458,145.6449,58593,506.5,502
False,87.42857,145.5413,58593.03232,504,502
False,88.24124,145.5201,58593.0639616,514,502
False,88.32719,145.5141,58593.0973824,515.5,502
False,88.30084,145.564,58593.12832,513,502
False,88.46227,145.4003,58593.1599232,508,502
False,88.48497,145.5333,58593.1919232,510,502
False,88.659,145.5062,58593.223936,500.5,502
False,88.73792,145.4606,58593.2559616,493.5,502
False,89.22809,145.3964,58593.2890752,502,502
False,89.90063,145.3569,58593.3359744,501.5,502
False,90.62433,145.4402,58593.3682944,496,502
False,92.17782,145.1048,58593.4000256,515.5,502
False,94.67805,144.6641,58593.4331392,512.5,502
False,97.84415,144.0114,58593.4654848,539,502
False,101.6744,143.7744,58593.4967424,558.5,502
False,104.719,143.3266,58593.5278976,541,502
False,107.9913,143.1609,58593.5598336,519,502
False,111.6905,142.4116,58593.591936,530.5,502
False,115.0849,141.5681,58593.6245888,548,502
False,118.1718,140.7375,58593.6562176,515,502
False,121.7727,140.6927,58593.687936,500,502
False,124.8117,140.5019,58593.7359744,517,502
False,126.1052,140.4984,58593.7679488,526,502
False,126.5023,140.6138,58593.800128,504,502
False,125.9085,140.1029,58593.8329472,495.5,502
False,125.3306,139.9368,58593.864704,485.5,502
False,125.0872,139.7845,58593.8984576,491,502
False,125.1282,139.5924,58593.9279744,491.5,502
False,124.9428,139.4499,58593.9600128,480.5,502
False,125.4194,139.4503,58593.9924992,496,502
False,125.6623,139.4019,58594.0245504,496,502
False,126.1581,139.3601,58594.0560256,498.5,502
False,126.6459,139.3507,58594.087936,498,502
False,127.0978,139.1891,58594.1360512,509.5,502
False,127.3109,139.2036,58594.1680384,511.5,502
False,127.224,139.0516,58594.2009472,494,502
False,127.0497,139.0037,58594.2332416,489.5,502
False,126.5814,138.9719,58594.2649344,486.5,502
False,126.056,139.0709,58594.2968704,491,502
False,126.1329,138.9854,58594.3280512,490.5,502
False,126.085,138.8595,58594.3600384,496,502
False,126.401,138.8916,58594.3921408,495,502
False,126.4286,138.8599,58594.4241664,490,502
False,126.5686,138.9103,58594.4563328,496,502
False,126.7365,138.9574,58594.5044096,496.5,502
False,127.1166,138.9009,58594.5364096,506,502
False,127.2122,138.9189,58594.5681408,503.5,502
False,127.2833,138.9506,58594.6002816,506,502
False,127.1971,138.9064,58594.6328064,493,502
False,127.5769,138.8479,58594.6664832,508.5,502
False,127.7365,138.7984,58594.6967936,503.5,502
False,127.9349,138.7373,58594.728704,509.5,502
False,127.949,138.8464,58594.7600512,510,502
False,128.2764,138.6699,58594.792192,512,502
False,127.9469,138.6514,58594.8241408,502.5,502
False,127.4922,138.3909,58594.8563456,492,502
False,126.8361,138.7372,58594.9040384,487,502
False,125.8879,139.0746,58594.9361664,484.5,502
False,125.7459,139.3164,58594.9682432,492,502
False,125.7866,139.3086,58595.0002816,492,502
False,125.8142,139.3377,58595.0334976,491.5,502
False,125.4572,139.2978,58595.0660224,479,502
False,125.9637,139.2742,58595.096768,482,502
False,126.8032,139.1817,58595.1290112,476,502
False,128.2246,138.7177,58595.1605248,470.5,502
False,130.4437,138.3599,58595.1921792,457.5,502
False,133.2708,137.6793,58595.2241024,461,502
False,136.2457,136.6485,58595.2566528,494.5,502
False,138.737,135.9982,58595.304448,476.5,502
False,141.2577,135.1688,58595.3362048,465,502
False,143.6652,134.1135,58595.3682816,465.5,502
False,146.7988,132.7406,58595.4002944,484.5,502
False,150.2874,132.023,58595.4328448,471.5,502
False,154.2794,130.7655,58595.4658432,457,502
False,158.3104,130.7139,58595.4970624,480,502
False,162.1861,130.1594,58595.5281792,481,502
False,166.2661,129.6998,58595.5601792,463.5,502
False,170.4126,128.4226,58595.5931904,481.5,502
False,174.4984,127.3139,58595.624192,507,502
False,178.2671,126.8063,58595.6566656,506,502
False,180.9719,127.1874,58595.7042176,509.5,502
False,183.4306,127.5328,58595.736256,514,502
False,186.3343,127.6168,58595.768576,538,502
False,189.2809,127.4453,58595.8003968,524,502
False,191.8797,127.268,58595.8330752,515.5,502
False,193.8281,126.8882,58595.8649472,527.5,502
False,195.2524,126.0623,58595.896832,519,502
False,196.824,125.0762,58595.9290496,534,502
False,198.6046,124.6905,58595.961024,537.5,502
False,200.1812,124.5018,58595.992384,520.5,502
False,200.9308,124.9627,58596.0244224,522.5,502
False,201.3443,125.2143,58596.0569856,516.5,502
False,201.409,125.1359,58596.1042176,520,502
False,201.7333,125.1003,58596.1366912,525,502
False,202.0457,125.1419,58596.1687296,535.5,502
False,203.0577,125.5062,58596.2003712,551.5,502
False,204.6085,125.4055,58596.2332288,559,502
False,206.3456,125.5604,58596.2649088,558.5,502
False,207.6736,125.3104,58596.2979584,552,502
False,209.3835,125.2096,58596.329024,551,502
False,212.0212,125.3082,58596.3603456,558,502
False,214.6956,125.2114,58596.3923584,541.5,502
False,218.5419,125.0566,58596.4243712,545,502
False,223.7876,125.3484,58596.4563712,552.5,502
False,228.9144,125.6969,58596.5047424,557,502
False,234.6223,125.7717,58596.5366528,541,502
False,240.6745,124.8212,58596.5683712,550,502
False,246.1331,124.1584,58596.6004352,553.5,502
False,250.5097,124.2129,58596.6322816,556.5,502
False,254.8303,124.4994,58596.6659456,552,502
False,259.2167,124.8609,58596.697856,556,502
False,263.5238,125.2609,58596.728256,563.5,502
False,267.2276,125.4357,58596.7604224,545.5,502
False,270.9839,125.6285,58596.792448,536.5,502
False,274.9948,125.6862,58596.8248704,538.5,502
False,278.4763,125.5873,58596.8566784,548,502
False,281.5829,125.6768,58596.9042944,529,502
False,284.6446,126.4794,58596.9362816,535,502
False,288.041,127.5899,58596.968448,536,502
False,292.1869,128.4729,58597.0011136,553,502
False,296.4644,129.4698,58597.0332288,526.5,502
False,301.0013,130.0119,58597.066304,531.5,502
False,306.0545,130.7876,58597.09696,544.5,502
False,311.1542,132.2126,58597.128768,553.5,502
False,315.5027,133.7074,58597.1608192,527.5,502
False,320.5628,135.4187,58597.1925376,541,502
False,325.9192,136.4613,58597.2244224,526,502
False,331.125,136.9136,58597.2563712,509.5,502
False,336.8285,137.3505,58597.304768,534.5,502
False,341.763,138.1108,58597.3367296,541.5,502
False,345.744,140.152,58597.3687552,547,502
False,349.5898,141.4933,58597.4005888,546,502
False,354.1483,141.8369,58597.4330624,564,502
False,358.5201,141.7694,58597.4655104,533.5,502
False,363.1316,140.9706,58597.4974464,532,502
False,368.4824,140.7373,58597.5288704,550,502
False,373.4438,140.9821,58597.5605888,541.5,502
False,378.1614,141.6934,58597.5926656,543,502
False,383.0722,142.4421,58597.6244224,565.5,502
False,386.7575,142.4623,58597.656896,559.5,502
False,390.7837,142.1598,58597.704384,545.5,502
False,394.9982,141.7294,58597.736768,558,502
False,398.9055,141.6215,58597.7686272,564.5,502
False,402.6887,141.7551,58597.800576,559.5,502
False,405.7832,142.3538,58597.833152,562,502
False,407.5867,143.0462,58597.8662784,563,502
False,409.4013,143.2937,58597.8974208,559,502
False,410.7902,143.3731,58597.9285632,545,502
False,411.6591,143.0136,58597.960576,551.5,502
False,412.04,142.641,58597.9925248,558.5,502
False,412.5527,142.6499,58598.0243968,567.5,502
False,413.1597,142.793,58598.0567296,564.5,502
False,413.4092,142.848,58598.105024,562.5,502
False,413.1538,142.9666,58598.1369088,559,502
False,413.3613,143.3232,58598.1685888,559.5,502
False,413.3698,143.4063,58598.2004992,557.5,502
False,413.3243,143.4807,58598.2331904,556.5,502
False,413.2555,143.367,58598.2662272,544,502
False,413.3198,143.1279,58598.2974848,529,502
False,412.7979,142.8428,58598.3293056,527,502
False,412.3604,143.5677,58598.3605504,523.5,502
False,412.2539,144.3524,58598.3924352,508,502
False,413.4839,145.3742,58598.4244096,518,502
False,414.8945,146.5399,58598.456768,516.5,502
False,416.2198,146.0289,58598.5051008,496,502
False,417.6401,145.0857,58598.5369984,496,502
False,418.9335,145.0993,58598.5685888,478.5,502
False,420.553,145.7616,58598.6006912,479.5,502
False,422.2053,146.3482,58598.6332672,483,502
False,423.3529,146.752,58598.6662784,459,502
False,424.94,146.7131,58598.697728,466.5,502
False,425.2368,147.0794,58598.7290112,459.5,502
False,425.3868,147.0052,58598.760576,452,502
False,425.1552,147.1087,58598.7926016,434,502
False,424.8995,147.0165,58598.8244992,434.5,502
False,429.4705,147.745,58598.8564736,536,502
False,424.6819,147.0456,58598.9048576,428,502
False,429.4973,147.7427,58598.9367808,530.5,502
False,429.6212,147.7168,58598.9687168,535.5,502
False,429.2679,147.7734,58599.0007808,529.5,502
False,424.5063,147.0587,58599.0332672,426,502
False,424.4178,146.9377,58599.0669056,420,502
False,424.1445,147.0666,58599.0975744,413,502
False,424.6177,147.0509,58599.1286272,422,502
False,425.6919,147.1862,58599.1605632,448.5,502
False,426.7779,147.365,58599.19296,452.5,502
False,427.9216,147.3539,58599.2251776,455,502
False,428.3451,146.6361,58599.2571264,469.5,502
False,427.9172,146.0163,58599.3046528,461,502
False,426.6969,145.7658,58599.3367424,418.5,502
False,426.0036,145.7834,58599.3688576,412.5,502
False,425.0587,146.0137,58599.4008192,412,502
False,424.2362,145.6937,58599.4337408,425.5,502
False,423.1804,145.4009,58599.4662912,431.5,502
False,422.7076,145.1241,58599.4972416,460.5,502
False,422.4652,144.7338,58599.5286272,481.5,502
False,422.6379,144.1002,58599.5611776,515.5,502
False,422.9862,143.5145,58599.5930112,530,502
False,423.2719,142.5745,58599.6252672,558.5,502
False,423.9847,141.0656,58599.6570368,579,502
False,424.787,138.8631,58599.70496,593,502
False,425.6116,136.6049,58599.7368832,596.5,502
False,426.4594,134.5023,58599.768832,591,502
False,426.8591,132.2048,58599.8007936,592.5,502
False,427.6126,129.8362,58599.8334336,604.5,502
False,428.5065,127.6269,58599.866496,587,502
False,429.1488,125.6987,58599.8973056,588,502
False,429.2632,123.8737,58599.9293184,567.5,502
False,429.1606,122.3505,58599.96064,553,502
False,428.898,120.8096,58599.99296,554,502
False,428.6959,118.8935,58600.024704,571,502
False,428.3281,116.6155,58600.0566016,573,502
False,428.6434,114.9222,58600.1048704,580.5,502
False,429.2614,112.4505,58600.1372544,582,502
False,429.5217,110.1361,58600.1688832,586.5,502
False,430.0663,107.1185,58600.2009472,588,502
False,430.2877,103.1949,58600.2333824,569.5,502
False,430.2129,99.56847,58600.2648576,555,502
False,429.4424,96.42698,58600.2977792,582,502
False,429.0904,92.51725,58600.3294592,584.5,502
False,428.7777,89.26846,58600.3611008,596,502
False,428.9642,86.03555,58600.3927168,637.5,502
False,428.7992,82.26977,58600.4247424,645,502
False,428.4896,77.84501,58600.4576768,649.5,502
False,427.8893,74.35768,58600.5058432,623,502
False,427.557,72.13557,58600.5370112,611,502
False,426.8473,71.29749,58600.5689344,604.5,502
False,426.5396,70.88917,58600.6009216,594,502
False,426.8829,71.11565,58600.633408,588,502
False,427.179,71.44062,58600.6654464,581,502
False,427.2336,71.90031,58600.6987392,583.5,502
False,427.3689,72.23466,58600.728768,576,502
False,427.4647,72.45405,58600.7607552,578.5,502
False,427.4639,72.15795,58600.792768,583.5,502
False,427.4003,71.97283,58600.8248704,595,502
False,427.3375,71.33445,58600.8568704,598.5,502
False,427.2021,70.73498,58600.9056384,588,502
False,427.2332,70.97383,58600.9372032,586,502
False,427.4576,71.2879,58600.9689472,579.5,502
False,427.7327,71.66468,58601.0011776,588.5,502
False,427.9219,71.99477,58601.033472,574,502
False,428.0092,71.80323,58601.0659072,578.5,502
False,427.911,71.9716,58601.0981376,575,502
False,427.8419,71.81583,58601.1295104,581,502
False,427.9663,71.53465,58601.1607808,584.5,502
False,427.9602,71.52101,58601.192768,587,502
False,427.9868,71.652,58601.2249216,591,502
False,428.0831,71.48902,58601.256832,599.5,502
False,427.9213,71.51141,58601.3055872,599,502
False,428.0772,71.56879,58601.3378944,596,502
False,428.0995,71.45374,58601.369024,598,502
False,427.9388,71.52361,58601.4010624,596.5,502
False,427.995,71.42233,58601.4334592,603,502
False,428.1168,71.38966,58601.466112,606.5,502
False,428.0986,71.54143,58601.4974848,601.5,502
False,428.0482,71.48964,58601.5288064,595,502
False,428.1102,71.61696,58601.5608448,603.5,502
False,428.0996,71.50334,58601.5929856,599,502
False,428.1739,71.43656,58601.6252544,599,502
False,428.1006,71.51942,58601.6573184,596.5,502
False,428.1679,71.49355,58601.704896,606.5,502
False,428.1014,71.48663,58601.737152,598,502
False,428.1149,71.62724,58601.7690752,596,502
False,428.1388,71.5903,58601.801088,598,502
False,428.1908,71.55678,58601.833856,591.5,502
False,428.0337,71.6202,58601.8660736,599,502
False,428.1486,71.54653,58601.897472,591,502
False,428.0885,71.55898,58601.9289088,600.5,502
False,428.1161,71.55777,58601.9609472,601.5,502
False,428.0221,71.56348,58601.9930368,596,502
False,428.0434,71.49944,58602.0253696,592,502
False,428.0309,71.49509,58602.0569728,594.5,502
False,427.9292,71.96843,58602.1054208,586,502
False,427.6693,72.67326,58602.1374976,581.5,502
False,427.6723,72.12801,58602.1690496,595,502
False,427.7739,72.0657,58602.201152,586,502
False,427.8853,71.52542,58602.2335488,590,502
False,427.9074,70.90569,58602.2668288,592,502
False,427.7743,70.19895,58602.2994048,604,502
False,427.6183,69.08381,58602.3289728,616.5,502
False,427.794,67.40851,58602.3614848,623,502
False,427.5768,65.94604,58602.3930112,608.5,502
False,427.6187,63.69316,58602.425088,597.5,502
False,427.4722,60.89063,58602.4570624,605,502
False,427.7934,58.75106,58602.5057408,590.5,502
False,428.3276,57.02847,58602.5375104,579.5,502
False,428.4125,55.63412,58602.569152,532.5,502
False,427.8697,54.75995,58602.6011392,536,502
False,427.8668,53.44156,58602.6329344,520.5,502
False,427.8023,52.47777,58602.6670464,528.5,502
False,428.0116,51.69268,58602.6976512,519,502
False,428.4598,50.8969,58602.7291904,506,502
False,429.5731,46.13639,58602.761472,611,502
False,430.6623,44.52385,58602.7931392,604.5,502
False,429.4941,47.33979,58602.8251392,464.5,502
False,428.5439,46.21988,58602.8570624,427.5,502
False,428.5119,44.7504,58602.9055104,420,502
False,428.1339,43.51745,58602.9372416,382,502
False,428.8544,42.32926,58602.969216,368.5,502
False,429.4267,41.43031,58603.0018304,369.5,502
False,430.1497,40.69537,58603.0335744,377.5,502
False,430.7905,39.82331,58603.0667392,366,502
False,431.2406,38.8647,58603.0980992,356,502
False,434.3105,33.58977,58603.1290752,511.5,502
False,432.5768,37.64595,58603.1611264,354,502
False,436.1407,32.25933,58603.1931648,500,502
False,436.3962,32.31041,58603.2250368,509,502
False,432.6244,37.88889,58603.2576,331.5,502
False,432.6811,38.31041,58603.3055616,334.5,502
False,432.465,38.44856,58603.3370624,324,502
False,432.3318,38.61662,58603.3691904,323,502
False,436.1572,33.64426,58603.4011776,468.5,502
False,435.897,33.996,58603.434368,458,502
False,435.0875,34.77067,58603.4667904,453.5,502
False,431.161,41.99165,58603.4985856,279.5,502
False,431.347,43.45492,58603.5291008,281,502
False,431.4889,44.0493,58603.5612416,284,502
False,431.2323,44.12195,58603.5931776,287,502
False,430.9205,44.45912,58603.6257792,291.5,502
False,430.4615,44.20985,58603.6572288,287.5,502
False,430.2741,44.41636,58603.7059328,273,502
False,429.5091,40.1722,58603.738368,376.5,502
False,429.4193,40.56815,58603.7692416,370.5,502
False,433.1443,45.10843,58603.801792,227.5,502
False,432.7347,44.55262,58603.8340864,264.5,502
False,432.3626,43.81306,58603.8657664,296,502
False,432.0634,43.30428,58603.8977024,315.5,502
False,431.4099,42.45705,58603.929792,339.5,502
False,430.024,41.90663,58603.9616128,382,502
False,428.5732,41.37439,58603.9932544,410,502
False,426.6253,40.92794,58604.0252416,451,502
False,424.5839,40.04985,58604.0572928,491.5,502
False,422.6693,38.98672,58604.1052928,514.5,502
False,420.6205,37.87118,58604.1381376,524,502
False,418.6679,37.52654,58604.1696256,524.5,502
False,417.5272,37.1752,58604.2013696,517.5,502
False,415.8821,36.5545,58604.2340224,526,502
False,414.2769,35.93364,58604.2660224,537.5,502
False,413.0015,35.48645,58604.2978688,547.5,502
False,412.1906,35.32743,58604.3298944,537,502
False,411.0932,35.89914,58604.3613056,525.5,502
False,410.257,36.34126,58604.3937024,526,502
False,410.2216,36.25745,58604.4252544,520.5,502
False,410.5889,36.07187,58604.4572928,512.5,502
False,410.7254,35.93224,58604.5051776,516.5,502
False,410.711,35.79922,58604.5375232,515.5,502
False,410.4933,35.86165,58604.5699456,518,502
False,410.6185,35.81706,58604.6013696,512,502
False,410.848,35.88717,58604.634304,518.5,502
False,410.3248,35.89079,58604.6654336,526.5,502
False,409.461,35.94358,58604.6978816,549.5,502
False,407.6175,35.69551,58604.7292928,549,502
False,405.7144,35.33302,58604.7618048,527.5,502
False,403.0461,34.96646,58604.7938688,556.5,502
False,399.9588,34.64286,58604.8257664,574,502
False,396.0603,34.93718,58604.857344,589,502
False,392.2894,34.93048,58604.9055232,606.5,502
False,388.0891,34.86172,58604.9375616,572.5,502
False,384.401,34.91371,58604.9693952,564,502
False,380.2959,35.01563,58605.0021888,565,502
False,377.0674,35.02133,58605.0343296,586,502
False,374.1367,35.18534,58605.0659456,589,502
False,371.2694,35.54862,58605.097792,560.5,502
False,368.6818,35.69716,58605.1294464,563,502
False,366.7121,35.41183,58605.161984,569,502
False,364.3205,34.95205,58605.1939968,570,502
False,362.1183,34.5,58605.2257664,565,502
False,360.0862,34.18389,58605.2574592,556.5,502
False,360.5165,35.00635,58605.3053824,525,502
False,360.826,35.66098,58605.3376,498,502
False,361.0971,35.69414,58605.3694592,497.5,502
False,360.5842,35.60319,58605.4025344,491,502
False,359.6875,35.66801,58605.4347392,497,502
False,360.033,35.78117,58605.4669824,474.5,502
False,360.1296,35.60239,58605.4984704,474.5,502
False,358.9424,35.70148,58605.529536,483.5,502
False,357.4291,35.4359,58605.5621888,494,502
False,354.9607,35.21446,58605.5938688,479.5,502
False,351.428,35.09993,58605.6254208,472,502
False,347.6926,35.0317,58605.657408,489,502
False,344.0931,34.83917,58605.7053824,499.5,502
False,339.9151,34.64537,58605.7386368,493,502
False,335.7439,35.19736,58605.7706752,505,502
False,332.0251,36.52899,58605.8019584,537.5,502
False,328.3346,37.31951,58605.8340736,530.5,502
False,325.2358,37.99354,58605.865536,541.5,502
False,322.8856,38.05964,58605.8980224,550.5,502
False,320.4304,37.91977,58605.929408,565,502
False,318.1634,37.70694,58605.961856,567,502
False,316.1179,37.43752,58605.9934464,545.5,502
False,315.1541,37.58741,58606.0254976,521.5,502
False,314.8394,38.44933,58606.0574848,523,502
False,313.8912,39.26497,58606.1054464,531.5,502
False,312.8799,40.08883,58606.138048,516,502
False,312.3887,40.91569,58606.1698688,512,502
False,312.1218,41.29505,58606.2020608,505,502
False,311.7898,41.89958,58606.2341376,514.5,502
False,310.226,42.55112,58606.2657792,489,502
False,309.3935,43.42827,58606.2980736,474,502
False,308.9402,43.38106,58606.3294208,457.5,502
False,308.9732,43.24802,58606.3617792,441.5,502
False,309.4466,43.01994,58606.3937536,418,502
False,309.6379,42.77312,58606.4258432,405.5,502
False,309.52,42.63183,58606.4575232,387.5,502
False,309.3524,42.47728,58606.5055744,392.5,502
False,309.5831,42.31245,58606.537664,383,502
False,305.1166,41.90641,58606.569664,491.5,502
False,308.4867,42.40894,58606.6021248,388,502
False,303.8444,42.54418,58606.6346752,488.5,502
False,308.4016,43.94315,58606.6667136,363.5,502
False,307.9164,44.6449,58606.6982272,390.5,502
False,308.2758,44.58821,58606.7296384,359,502
False,307.5829,44.49612,58606.7615744,344,502
False,307.097,44.68757,58606.7935616,311,502
False,306.1916,45.45913,58606.8259328,314,502
False,306.2461,46.81368,58606.8579584,309.5,502
False,306.5927,46.82809,58606.9054976,286,502
False,305.6281,47.61897,58606.9377536,311,502
False,305.7025,47.89526,58606.970688,288,502
False,305.6379,47.94706,58607.0021888,255,502
False,305.0795,47.68839,58607.0348416,268.5,502
False,304.9239,47.58399,58607.0672256,254,502
False,304.7697,47.65017,58607.0985088,242.5,502
False,304.645,47.55123,58607.1295488,231,502
False,304.8166,47.04705,58607.161728,209,502
False,304.3293,47.50683,58607.1936896,207.5,502
False,304.1196,47.25143,58607.2256512,203.5,502
False,304.1833,46.66667,58607.2586624,170,502
False,303.8886,47.24952,58607.3056256,175,502
False,303.9812,46.54343,58607.338112,142,502
False,303.7267,47.14286,58607.3696512,161,502
False,303.7035,46.94532,58607.4017408,158.5,502
False,303.5847,47.06776,58607.434112,152.5,502
False,304.0391,47.2519,58607.4671104,153.5,502
False,304.5675,47.09804,58607.4983424,144.5,502
False,305.0127,47.11147,58607.5296896,157,502
False,304.7879,47.05499,58607.5616512,148.5,502
False,305.0898,47.13462,58607.593664,130,502
False,305.1483,47.17979,58607.6261376,127,502
False,305.0877,47.12632,58607.6580352,142.5,502
False,305.1673,47.25911,58607.7057024,123.5,502
False,305.8053,47.12371,58607.73792,145.5,502
False,304.8943,47.00373,58607.7705472,134,502
False,305.2348,46.78988,58607.8022528,128.5,502
False,306.4751,45.87356,58607.834112,130.5,502
False,306.7346,45.40628,58607.8674176,164.5,502
False,306.137,45.46189,58607.898304,216.5,502
False,305.5085,45.7732,58607.9297152,255,502
False,304.8188,46.20442,58607.9617408,309,502
False,303.8126,46.86594,58607.994304,365.5,502
False,302.144,47.57691,58608.0262016,408.5,502
False,299.2559,48.63709,58608.0587776,456.5,502
False,296.1313,49.84798,58608.1059968,506.5,502
False,293.3435,50.60142,58608.137792,539,502
False,290.3358,51.89653,58608.1697536,538,502
False,287.6491,52.94054,58608.2017408,541,502
False,284.4244,54.02564,58608.2354816,552.5,502
False,280.7172,55.2494,58608.2672128,554,502
False,277.7283,56.13007,58608.2983552,562.5,502
False,274.6287,57.347,58608.329792,549,502
False,271.3645,58.80403,58608.361792,529,502
False,268.0761,60.50123,58608.3937536,541,502
False,264.5643,61.6221,58608.426176,531,502
False,260.9807,62.56881,58608.4578048,528,502
False,257.4839,63.35796,58608.5058048,541.5,502
False,253.17,63.97863,58608.537856,546,502
False,248.3685,65.35669,58608.5698048,549.5,502
False,244.4718,66.44373,58608.603008,546.5,502
False,240.4261,67.71564,58608.6350336,544.5,502
False,236.2532,69.38696,58608.6666368,547,502
False,232.5282,70.36421,58608.6984576,556,502
False,229.7953,70.68301,58608.729856,550.5,502
False,227.488,70.15437,58608.7627904,562.5,502
False,225.1386,69.8249,58608.7942144,553,502
False,222.2316,69.98422,58608.82592,560,502
False,219.184,70.8932,58608.8583552,568,502
False,216.316,71.81316,58608.905856,557.5,502
False,214.3094,72.68758,58608.9378432,558,502
False,212.7667,73.40024,58608.97024,563,502
False,210.5129,73.6765,58609.001984,576.5,502
False,207.8506,73.90699,58609.0348928,555.5,502
False,204.8447,73.90119,58609.0667776,560,502
False,201.5922,73.51093,58609.098432,564,502
False,197.2636,73.06942,58609.13056,581,502
False,193.0431,73.07805,58609.16224,591.5,502
False,189.0616,73.64261,58609.1942528,582,502
False,184.7987,74.38336,58609.2259072,563,502
False,179.7428,74.94678,58609.2578944,582.5,502
False,174.6693,75.65459,58609.3058304,580,502
False,170.0307,75.59646,58609.3388672,574.5,502
False,164.9579,75.5592,58609.3703552,578.5,502
False,159.3439,76.9704,58609.4020992,585.5,502
False,154.8427,78.39658,58609.4347008,585,502
False,150.2631,80.63153,58609.4669952,583.5,502
False,145.4072,82.89897,58609.4985088,584,502
False,140.1622,84.72735,58609.530688,612.5,502
False,135.5496,85.68049,58609.5625088,615,502
False,131.1568,86.03691,58609.5939968,605,502
False,127.3395,86.40693,58609.6264576,620.5,502
False,123.3034,87.67537,58609.6581632,613,502
False,120.1116,89.0455,58609.7059584,630,502
False,115.2076,90.94286,58609.738048,612.5,502
False,110.8705,93.25822,58609.7700096,628,502
False,106.5497,94.87891,58609.8020224,645.5,502
False,102.1143,96.3731,58609.8353664,637,502
False,97.71747,97.31291,58609.8668032,636.5,502
False,93.43618,98.21013,58609.8986624,638.5,502
False,89.3619,99.5663,58609.9299072,636,502
False,86.72497,100.8442,58609.9620352,637.5,502
False,83.54874,102.7339,58609.994432,627.5,502
False,81.63995,104.3652,58610.0265856,617.5,502
False,80.5745,105.2799,58610.0585344,589.5,502
False,79.98318,105.7748,58610.1063424,575,502
False,79.73254,103.7387,58610.1380224,463,502
False,79.45628,101.2968,58610.169984,314.5,502
False,78.91212,105.8919,58610.2020864,569,502
False,77.29509,106.8197,58610.2354304,566.5,502
False,76.27291,107.6348,58610.26784,565.5,502
False,75.27618,108.387,58610.2989184,571.5,502
False,73.03171,109.0491,58610.3300864,583.5,502
False,70.03012,109.9007,58610.3622272,575.5,502
False,69.68347,111.2562,58610.3940864,555.5,502
False,70.31821,111.8617,58610.426176,540,502
False,71.07774,112.0961,58610.458304,536,502
False,71.33365,112.1357,58610.5063296,527,502
False,71.40956,111.9596,58610.538048,516,502
False,71.44283,111.8976,58610.5700864,516,502
False,71.55339,111.7611,58610.6032768,513.5,502
False,71.41152,112.0184,58610.6354176,526.5,502
False,71.19794,112.0063,58610.6680064,533,502
False,71.31569,111.9638,58610.6999552,529,502
False,71.51344,111.7318,58610.7307136,514.5,502
False,71.48074,111.7219,58610.7620736,519,502
False,71.79832,111.6298,58610.7941248,497.5,502
False,71.61273,111.7099,58610.8260992,513,502
False,71.67258,111.5828,58610.8581248,507,502
False,71.5791,111.6748,58610.9066112,512,502
False,71.42591,111.7412,58610.9384192,518.5,502
False,71.36364,111.7289,58610.9700608,517,502
False,71.38654,111.7407,58611.0026112,520,502
False,71.28319,111.738,58611.0349952,518.5,502
False,71.35934,111.7049,58611.067008,519,502
False,71.13601,112.1875,58611.0987264,511,502
False,70.71442,112.9647,58611.1300096,520,502
False,69.95112,113.8064,58611.1626752,508,502
False,68.96163,114.2792,58611.1946496,486.5,502
False,68.19038,114.3652,58611.2261888,471,502
False,66.90604,114.7779,58611.2582272,482.5,502
False,65.53403,115.2569,58611.3061248,480,502
False,64.71552,115.7268,58611.3394176,518.5,502
False,63.96893,116.0821,58611.3701888,509.5,502
False,62.7379,116.5373,58611.402624,482,502
False,62.09284,117.2495,58611.4346368,517,502
False,61.1332,117.3384,58611.4669696,493,502
False,61.2101,116.6973,58611.4998144,435.5,502
False,59.50544,118.5095,58611.530816,490,502
False,58.78154,115.6456,58611.5622656,325,502
False,59.28758,114.7118,58611.5942144,280.5,502
False,59.93903,115.2899,58611.6261888,333.5,502
False,60.15725,114.2892,58611.65824,283,502
False,61.33995,117.1814,58611.7064832,453,502
False,61.74717,117.7354,58611.7382784,383,502
False,65.14951,115.3817,58611.7702016,379,502
False,67.02769,114.0463,58611.8024192,349,502
False,68.09351,113.0179,58611.8347264,344,502
False,68.88361,112.7002,58611.8689408,358,502
False,69.43376,112.5043,58611.8987392,390,502
False,69.70322,112.3635,58611.931072,419.5,502
False,69.76415,112.6839,58611.9623296,444.5,502
False,69.51288,113.1767,58611.9942144,472.5,502
False,68.97049,114.0188,58612.0271232,514,502
False,68.47161,115.0828,58612.0588416,525.5,502
False,68.36531,115.9843,58612.1062912,552.5,502
False,67.84518,117.1832,58612.1385728,569.5,502
False,67.61214,118.6681,58612.1703808,596,502
False,67.31007,120.2171,58612.2023936,602,502
False,66.77426,121.5109,58612.2352512,616.5,502
False,65.97787,122.7248,58612.2675456,625,502
False,65.59298,123.4346,58612.29888,622,502
False,65.35005,123.4375,58612.3303552,608,502
False,65.4062,123.6634,58612.3624448,617.5,502
False,65.54756,123.492,58612.3955456,611.5,502
False,65.58347,123.4835,58612.4265344,607,502
False,65.62589,123.4562,58612.4581504,609,502
False,65.60033,123.4005,58612.50624,595.5,502
False,65.62358,123.3228,58612.5385088,603.5,502
False,65.65948,123.3198,58612.5704704,603.5,502
False,65.64813,123.244,58612.6029312,602.5,502
False,65.6858,123.3796,58612.6355456,601,502
False,65.64764,123.3069,58612.6675968,604.5,502
False,65.68141,123.2407,58612.6988544,599,502
False,65.6138,123.2407,58612.7302656,599,502
False,65.64171,123.3064,58612.7631104,601,502
False,65.66832,123.3595,58612.7945856,605,502
False,65.74582,123.3637,58612.82624,598,502
False,65.67249,123.2078,58612.8582272,601.5,502
False,65.67494,123.2914,58612.90624,604,502
False,65.75035,123.3529,58612.9386496,597.5,502
False,65.66971,123.3872,58612.9712128,603,502
False,65.7075,123.4015,58613.00256,604,502
False,65.65638,123.3692,58613.034752,599.5,502
False,65.6833,123.3336,58613.0680192,601,502
False,65.62855,123.3923,58613.0994176,599,502
False,65.6909,123.2579,58613.1304064,598.5,502
False,65.68002,123.3158,58613.1622912,599,502
False,65.77386,123.3431,58613.1942784,595.5,502
False,65.68204,123.3031,58613.2263424,596,502
False,65.62134,123.3716,58613.2587392,592,502
False,65.73603,123.3072,58613.306944,593.5,502
False,65.70061,123.3476,58613.3386496,594,502
False,65.75676,123.3162,58613.3704576,592,502
False,65.72453,123.3443,58613.4025728,590.5,502
False,65.66219,123.3851,58613.435648,596,502
False,65.74598,123.2605,58613.4679296,590.5,502
False,65.78142,123.3037,58613.4989568,595.5,502
False,65.73772,123.3409,58613.5304448,593.5,502
False,65.72565,123.2616,58613.5623552,590.5,502
False,65.60062,123.5025,58613.5943424,598,502
False,65.38307,123.438,58613.6267392,606.5,502
False,65.00975,123.6017,58613.65888,615.5,502
False,64.68678,123.2749,58613.7063936,605,502
False,64.54424,123.0011,58613.7385088,599,502
False,64.53632,123.3647,58613.770624,626.5,502
False,64.31426,124.2701,58613.8030208,638,502
False,63.74609,125.3828,58613.8354944,640,502
False,63.43774,126.8603,58613.8666752,605,502
False,64.33449,126.3719,58613.8989696,578.5,502
False,65.15025,124.7838,58613.930432,548,502
False,65.31812,122.6261,58613.9623936,526,502
False,65.31065,121.334,58613.9950592,507,502
False,64.98093,120.5512,58614.0266752,472,502
False,64.93082,119.865,58614.0588544,450.5,502
False,64.96,119.3166,58614.1064448,437.5,502
False,64.88404,119.238,58614.1387008,435.5,502
False,64.937,119.644,58614.1704704,455,502
False,64.7643,120.1367,58614.2030592,478,502
False,64.82662,120.3736,58614.2354688,484.5,502
False,64.68507,120.6575,58614.2676736,489,502
False,64.51694,120.7246,58614.2990336,492,502
False,64.47581,121.1964,58614.33056,506.5,502
False,64.65199,121.2857,58614.3624064,511,502
False,64.62817,121.4179,58614.394624,506.5,502
False,64.61012,121.3707,58614.4269952,504,502
False,64.69198,121.2141,58614.4589056,500.5,502
False,64.74554,121.3238,58614.5066496,505,502
False,64.5269,121.2579,58614.5390208,508,502
False,64.56605,121.2815,58614.5707008,508.5,502
False,64.58325,121.3046,58614.6028032,509.5,502
False,64.69618,121.2163,58614.635712,502.5,502
False,64.59798,121.0646,58614.668032,495,502
False,64.62495,120.9953,58614.6990976,495.5,502
False,64.51863,121.1863,58614.7305216,501,502
False,64.48307,121.1311,58614.7629568,502,502
False,64.41574,120.9804,58614.7949312,493.5,502
False,64.62693,120.7468,58614.826688,486.5,502
False,64.70715,120.2063,58614.8586624,477.5,502
False,64.76712,119.549,58614.9065728,474.5,502
False,64.952,118.4583,58614.9387136,437.5,502
False,64.91106,117.9973,58614.971072,431,502
False,64.52914,117.4674,58615.0032512,429,502
False,65.05794,117.0976,58615.0356864,420,502
False,64.68202,116.5861,58615.0680192,401.5,502
False,64.5331,116.6472,58615.0993024,420.5,502
False,64.73399,116.3771,58615.1307392,411,502
False,64.46777,116.1753,58615.1627136,395.5,502
False,64.15467,116.0695,58615.1946752,403,502
False,64.36929,116.3677,58615.2268928,412.5,502
False,64.94791,116.2363,58615.2585472,400,502
False,64.77763,115.462,58615.3065856,377,502
False,64.61292,115.5992,58615.338688,400,502
False,64.46716,115.9886,58615.3707904,408.5,502
False,64.22477,116.0051,58615.4033536,393,502
False,64.17871,116.0638,58615.4361216,394.5,502
False,64.1627,116.1018,58615.4682752,399.5,502
False,64.40392,116.1303,58615.4992384,399,502
False,64.68712,115.9791,58615.5307776,383,502
False,64.86075,115.9178,58615.5628672,383,502
False,65.1918,116.1432,58615.5954816,398,502
False,65.21626,116.0524,58615.627008,381.5,502
False,64.99604,115.8723,58615.6585984,378.5,502
False,64.84996,116.1621,58615.7066624,401,502
False,64.30029,116.1543,58615.7388416,398.5,502
False,64.73759,116.4793,58615.7712384,406.5,502
False,64.62092,116.0148,58615.8039296,382.5,502
False,64.96754,115.3166,58615.8359424,359.5,502
False,64.94011,114.9768,58615.867968,359,502
False,64.76859,114.9812,58615.899264,363,502
False,64.91346,115.4313,58615.9307392,364,502
False,64.79659,115.7323,58615.9627136,381,502
False,64.72083,115.3879,58615.99648,378.5,502
False,64.66101,115.302,58616.0269824,383,502
False,64.59747,115.484,58616.0590848,395,502
False,64.35437,115.3428,58616.107456,404,502
False,63.89886,115.8217,58616.1389568,451.5,502
False,64.11337,115.5173,58616.1712768,444,502
False,64.78232,114.5,58616.2037248,428,502
False,65.32764,113.8992,58616.235904,410,502
False,65.60403,113.6824,58616.2686848,380.5,502
False,65.67078,113.5753,58616.29952,365,502
False,65.31579,113.9623,58616.3311872,380,502
False,64.76766,114.5885,58616.3631872,401,502
False,64.35558,114.7364,58616.3955712,389.5,502
False,64.10854,114.5054,58616.427328,367,502
False,64.15748,114.7047,58616.4590592,381,502
False,64.18015,114.738,58616.5068288,383,502
False,64.19824,114.8408,58616.5389696,380,502
False,64.06419,114.811,58616.5714944,376.5,502
False,64.1454,114.7608,58616.6030208,384,502
False,64.24946,114.7817,58616.6359168,385.5,502
False,64.19404,114.6765,58616.6680832,374.5,502
False,64.12186,114.5842,58616.699264,372,502
False,64.26256,114.7667,58616.7313664,381.5,502
False,64.50771,114.886,58616.7631104,389,502
False,64.44301,114.8964,58616.7955968,386,502
False,64.3311,114.8186,58616.8271616,373,502
False,64.4089,115.0194,58616.8592512,386,502
False,64.29218,115.2687,58616.9069056,405,502
False,64.1288,115.3848,58616.9399424,411.5,502
False,63.83646,115.2526,58616.9712896,400.5,502
False,64.25907,115.3051,58617.0030208,395,502
False,64.18919,115.2085,58617.035584,388.5,502
False,64.45883,114.9494,58617.0670592,378.5,502
False,64.33421,114.8942,58617.0994176,378,502
False,64.10632,114.6118,58617.1312768,382.5,502
False,64.14777,115.0365,58617.1633152,388,502
False,64.09413,115.0596,58617.1951616,386,502
False,64.05698,115.1271,58617.2268544,392,502
False,63.99707,115.1968,58617.2588672,398,502
False,63.78605,114.9807,58617.3069568,396.5,502
False,64.16603,115.2078,58617.3389696,395.5,502
False,64.25906,115.3316,58617.3720832,386,502
False,64.11111,115.3721,58617.403456,391.5,502
False,64.09861,115.3279,58617.4355968,395.5,502
False,64.27265,115.3447,58617.4670336,395.5,502
False,64.23896,115.1134,58617.4997504,385,502
False,64.24231,115.2423,58617.5308928,384.5,502
False,64.28709,115.4463,58617.5632128,400,502
False,64.05009,115.2736,58617.5948416,396,502
False,64.19678,115.204,58617.6268544,393,502
False,64.22025,115.3282,58617.65888,393.5,502
False,64.15065,115.2494,58617.707264,385,502
False,64.11576,115.3642,58617.7396096,394.5,502
False,64.18373,115.3241,58617.7714176,395.5,502
False,64.17994,115.2014,58617.8032896,395.5,502
False,64.09493,115.2661,58617.8355584,391.5,502
False,64.12702,115.3581,58617.8670592,391,502
False,64.2588,115.3412,58617.8995968,402.5,502
False,63.87267,115.1434,58617.931648,394,502
False,64.09404,115.2494,58617.9628672,397,502
False,64.08419,115.3081,58617.9951104,390,502
False,64.20613,115.3971,58618.0270464,397,502
False,64.11098,115.5711,58618.0594816,410,502
False,63.90148,115.6814,58618.1070208,406,502
False,63.72208,115.3228,58618.1397376,394,502
False,63.75462,114.4416,58618.171776,369.5,502
False,63.87278,114.2243,58618.2038144,365.5,502
False,63.65657,114.2204,58618.2360192,363,502
False,63.77253,115.2207,58618.267072,392,502
False,63.75815,115.1859,58618.2995456,393.5,502
False,63.95008,115.4299,58618.3309312,404,502
False,63.7744,115.602,58618.363264,394.5,502
False,63.50714,115.7324,58618.3950848,408.5,502
False,63.11124,115.9393,58618.4270592,428.5,502
False,63.11786,116.1893,58618.4589184,420,502
False,63.26957,116.1755,58618.5069312,413,502
False,63.29167,115.9804,58618.5396608,408,502
False,63.47704,115.1386,58618.5714432,392,502
False,63.80035,114.7691,58618.6031872,384,502
False,63.57711,114.5216,58618.635456,381.5,502
False,63.69709,114.8805,58618.6689664,383.5,502
False,63.63198,115.1155,58618.7006464,394,502
False,63.80952,115.2268,58618.7309952,399,502
False,63.62194,115.2646,58618.7635712,395,502
False,63.26619,115.4992,58618.7951744,422,502
False,63.05957,115.5093,58618.8270464,422.5,502
False,63.15553,115.6594,58618.8591488,411.5,502
False,63.15896,116.0503,58618.9070976,411,502
False,63.03636,116.0024,58618.9395712,408,502
False,63.07278,116.7097,58618.9715968,442,502
False,63.17656,116.5095,58619.0032256,429.5,502
False,63.51368,116.4554,58619.0356096,420.5,502
False,63.25087,116.7588,58619.0672256,430.5,502
False,63.23825,116.424,58619.100352,454,502
False,63.38383,115.6534,58619.1313152,439,502
False,63.73301,114.8169,58619.1631232,417,502
False,63.87804,113.4645,58619.1950848,363.5,502
False,64.14236,114.5574,58619.227072,387.5,502
False,63.9151,113.713,58619.2592,345.5,502
False,63.71067,113.993,58619.3082112,356,502
False,63.58209,114.9245,58619.3395584,402,502
False,63.48153,114.8273,58619.3712384,388,502
False,63.38361,115.0503,58619.4032896,384.5,502
False,63.21066,115.1997,58619.4356224,394,502
False,62.86162,115.2214,58619.4678912,409.5,502
False,62.93651,115.5131,58619.5018752,420,502
False,63.04396,115.5995,58619.5316224,417,502
False,62.64811,115.3511,58619.5632128,422,502
False,63.18755,115.7801,58619.5952128,423,502
False,63.53939,114.2597,58619.6272768,385,502
False,63.61169,114.25,58619.6751232,382,502
False,63.56088,114.5803,58619.7080704,386,502
False,63.70264,114.8314,58619.7391744,384.5,502
False,63.85917,114.9505,58619.7717376,387,502
False,63.62174,114.8939,58619.8035072,389.5,502
False,63.59756,115.0506,58619.8362368,395.5,502
False,63.34161,115.1586,58619.8676608,402.5,502
False,63.50696,115.3694,58619.9007744,407,502
False,63.30274,115.3188,58619.9311488,414,502
False,62.56638,115.3381,58619.9632256,457,502
False,62.60804,114.7734,58619.9951872,460.5,502
False,62.79622,114.853,58620.0270976,467,502
False,64.09599,114.2313,58620.0756096,441,502
False,64.96938,113.6456,58620.1077632,435.5,502
False,65.30846,113.0634,58620.1393408,415.5,502
False,65.31225,113.2028,58620.1712512,411,502
False,65.32188,113.2143,58620.2043648,407.5,502
False,65.18445,113.3213,58620.2365824,403,502
False,64.3676,113.7805,58620.2691456,394,502
False,64.14524,114.0814,58620.2997632,420,502
False,63.74594,114.2255,58620.3312896,420.5,502
False,63.54673,114.1957,58620.363392,415.5,502
False,63.24823,113.965,58620.3953792,399.5,502
False,62.74215,114.1613,58620.4277632,435,502
False,62.91026,114.9016,58620.4752896,442,502
False,62.85725,115.1495,58620.5076736,442.5,502
False,62.85994,115.4557,58620.5393152,460.5,502
False,62.71744,115.5256,58620.5714304,505.5,502
False,62.44941,115.2439,58620.6041088,525.5,502
False,62.41376,114.4902,58620.6371072,501.5,502
False,62.65294,114.0264,58620.6689408,461.5,502
False,62.95508,114.1631,58620.6998144,441.5,502
False,63.10424,113.9071,58620.7318528,412.5,502
False,63.07673,113.9336,58620.7633408,404,502
False,62.93551,113.8467,58620.7955328,398,502
False,62.96521,113.6319,58620.8274944,388,502
False,62.77158,113.8897,58620.87584,403.5,502
False,63.06255,114.6382,58620.9072384,421,502
False,62.94072,113.9768,58620.9394816,388,502
False,62.9044,114.0162,58620.9714688,390.5,502
False,62.6109,114.0664,58621.003456,406.5,502
False,62.74038,114.387,58621.036544,416,502
False,62.83788,114.2582,58621.0674304,421.5,502
False,62.19692,113.9605,58621.1008896,443.5,502
False,62.21933,114.1527,58621.131456,460.5,502
False,63.2748,113.6853,58621.1634176,447,502
False,63.89291,113.5294,58621.1954688,442,502
False,64.5325,113.2706,58621.2277888,441,502
False,64.66943,113.0544,58621.275264,422.5,502
False,64.40406,113.2337,58621.3073408,426.5,502
False,64.09135,113.3281,58621.3395072,416,502
False,63.80032,113.7272,58621.371392,421.5,502
False,63.56865,114.1416,58621.4038912,428.5,502
False,63.4763,114.1011,58621.4363648,425.5,502
False,63.58177,114.1232,58621.468224,426,502
False,63.63132,114.1217,58621.4997888,415,502
False,63.57434,113.9452,58621.5319168,417,502
False,63.27045,114.2981,58621.563328,440,502
False,63.3127,114.4417,58621.5958784,420,502
False,63.4679,114.1737,58621.6275968,405,502
False,63.466,114.0021,58621.6758656,399.5,502
False,63.38407,113.8667,58621.707584,397.5,502
False,63.49284,114.4165,58621.7396096,419,502
False,63.46699,114.0334,58621.7716096,409,502
False,63.39803,113.8395,58621.8035584,407,502
False,63.32506,113.8701,58621.8365056,403,502
False,63.52278,114.2342,58621.8696064,417,502
False,63.43647,113.8952,58621.9004416,404,502
False,63.54879,114.266,58621.9313792,418.5,502
False,63.37245,113.8027,58621.9633792,400.5,502
False,63.35123,113.819,58621.9955712,400.5,502
False,63.40947,113.8856,58622.0274048,405,502
False,63.25806,113.8433,58622.0759296,403,502
False,63.39226,113.8742,58622.1077504,396,502
False,63.32001,113.8027,58622.1395328,400.5,502
False,63.51285,114.2458,58622.1715584,415,502
False,63.43536,113.8315,58622.2036352,403.5,502
False,63.55022,114.2805,58622.2359936,416.5,502
False,63.33959,113.8173,58622.2690048,399.5,502
False,63.23697,113.8321,58622.3003264,403,502
False,63.36248,113.9062,58622.3314816,394.5,502
False,63.29584,113.8764,58622.363392,404.5,502
False,63.3544,113.882,58622.3958272,395.5,502
False,63.40634,113.7902,58622.4277632,415.5,502
False,63.63363,113.5301,58622.4764928,459,502
False,63.33046,112.3981,58622.5079808,463.5,502
False,64.38798,112.4477,58622.54016,457.5,502
False,64.9713,113.1948,58622.5718528,435.5,502
False,65.21786,113.5843,58622.603712,433,502
False,65.32198,113.38,58622.6363648,411,502
False,65.43042,113.505,58622.6685056,400,502
False,65.56207,113.4058,58622.7025792,384,502
False,65.5966,113.4904,58622.732608,383,502
False,65.3687,113.3939,58622.7638272,377,502
False,65.25298,113.4333,58622.795584,392,502
False,64.79124,113.8686,58622.8276096,388,502
False,64.41951,113.9278,58622.8755072,381,502
False,64.21957,114.2582,58622.9078656,397,502
False,64.33581,114.1011,58622.9400704,404,502
False,64.29792,114.2404,58622.9716864,400,502
False,64.14964,114.3047,58623.0036992,396.5,502
False,64.04202,114.5275,58623.03616,408.5,502
False,64.01334,114.7729,58623.0676736,425,502
False,64.36214,115.2272,58623.1028096,405,502
False,64.44675,115.408,58623.13152,408.5,502
False,64.5461,115.5848,58623.1638144,417.5,502
False,64.59476,115.6762,58623.195584,419.5,502
False,64.45275,115.5271,58623.2286464,414.5,502
False,64.15501,115.7995,58623.2762496,450.5,502
False,63.67879,114.984,58623.3077248,467.5,502
False,63.56115,114.2227,58623.339776,486.5,502
False,63.45267,113.6303,58623.3717888,486,502
False,63.13581,114.3299,58623.403712,483.5,502
False,63.2723,113.8787,58623.4372224,431.5,502
False,63.64132,113.4326,58623.4690816,388,502
False,63.97357,113.6296,58623.5001472,391,502
False,64.00358,113.4388,58623.531648,373,502
False,63.76759,113.7182,58623.563584,398,502
False,63.65288,113.9277,58623.5955712,399,502
False,63.86466,114.3049,58623.6276864,399,502
False,63.82967,114.6964,58623.6758016,409,502
False,64.13779,115.1114,58623.708032,404,502
False,64.16605,115.4924,58623.7400064,404.5,502
False,64.12433,115.6621,58623.7721984,403.5,502
False,63.92529,115.9138,58623.8038528,406,502
False,64.07456,116.2827,58623.8362752,418,502
False,63.86391,116.1061,58623.8691584,411.5,502
False,63.80095,116.3147,58623.90016,419.5,502
False,63.72589,116.2637,58623.9316224,416.5,502
False,63.73317,116.1302,58623.9636736,411,502
False,63.69287,115.9843,58623.9957376,413.5,502
False,63.6788,115.9972,58624.0281216,412,502
False,63.66911,116.0171,58624.0765312,410,502
False,63.70889,116.0434,58624.1081088,410.5,502
False,63.70066,115.9578,58624.1399168,407,502
False,63.65031,116.0012,58624.1719552,407.5,502
False,63.68423,116.0327,58624.2038912,408,502
False,63.62312,116.0374,58624.2364416,409.5,502
False,63.95664,116.2232,58624.2690816,419,502
False,63.72962,116.0581,58624.3002112,413,502
False,63.77572,115.9272,58624.331712,405,502
False,63.63573,116.0183,58624.3636736,409.5,502
False,63.63121,116.0216,58624.3962112,409,502
False,63.6152,116.0728,58624.4283392,414.5,502
False,63.53204,115.942,58624.476416,411,502
False,63.55583,115.8929,58624.5080448,404.5,502
False,63.7356,116.0507,58624.539776,411,502
False,63.61617,116.0127,58624.5717888,406,502
False,63.28059,117.7894,58624.6040576,455,502
False,63.62377,117.4844,58624.6372096,439,502
False,63.89432,118.5085,58624.6694912,460.5,502
False,63.67399,119.9209,58624.7014528,478,502
False,63.75843,121.4625,58624.7318272,494,502
False,64.21781,122.9987,58624.7638656,516.5,502
False,64.33366,123.9583,58624.7958528,507.5,502
False,64.51436,124.8558,58624.8278528,534,502
False,64.09922,125.4444,58624.8761088,532.5,502
False,63.58058,126.2086,58624.9076608,544,502
False,63.68113,127.1323,58624.9399552,553,502
False,64.03252,127.9362,58624.9718272,553.5,502
False,64.1943,128.6943,58625.0039936,555,502
False,64.34564,129.4228,58625.037376,555,502
False,64.13477,129.7215,58625.0694912,559,502
False,63.90536,129.536,58625.1003904,560,502
False,63.91219,130.1436,58625.132672,577,502
False,63.85188,132.3999,58625.1638784,633.5,502
False,63.56857,132.9918,58625.1959552,632,502
False,63.83737,129.2646,58625.2278528,516.5,502
False,63.47141,129.7046,58625.2758272,527.5,502
False,62.79979,134.87,58625.3081344,633.5,502
False,61.59502,136.2674,58625.3401728,616.5,502
False,61.59068,137.011,58625.371904,618.5,502
False,62.88068,133.1507,58625.4040704,473.5,502
False,63.10867,134.1314,58625.4366336,455.5,502
False,63.8638,135.1644,58625.46976,407.5,502
False,63.63526,135.3945,58625.5023232,398,502
False,57.03968,155.5304,58625.5317888,126,502
False,63.62282,137.7926,58625.5642368,296.5,502
False,62.47094,135.7127,58625.5962496,358.5,502
False,56.91797,153.3529,58625.6279424,128,502
False,57.23954,152.5044,58625.6757888,131.5,502
False,63.17965,135.612,58625.7078784,244,502
False,61.50266,132.8382,58625.7402624,376,502
False,61.28741,131.902,58625.7722112,352,502
False,61.15256,132.3777,58625.8044032,289.5,502
False,60.7155,132.2993,58625.8366976,293.5,502
False,64.97112,135.4115,58625.8687232,138.5,502
False,61.31998,133.8392,58625.9004032,312,502
False,61.27732,133.4986,58625.9319296,300.5,502
False,61.24755,134.024,58625.9643136,340,502
False,62.00233,137.826,58625.9960192,429,502
False,61.07666,134.2507,58626.0278528,337,502
False,60.94411,134.23,58626.0760448,337,502
False,60.95173,134.0387,58626.1078912,331.5,502
False,61.15339,134.2021,58626.140608,339,502
False,61.11779,134.305,58626.17248,341,502
False,60.91499,134.7238,58626.2040448,347,502
False,60.58145,134.8936,58626.2368896,354,502
False,60.15612,135.0522,58626.2687616,332,502
False,59.87068,134.5658,58626.300416,299,502
False,59.71215,134.5258,58626.3326208,300.5,502
False,58.2887,134.9102,58626.3643776,295,502
False,58.85148,135.7287,58626.3960832,349,502
False,59.3956,136.7213,58626.4280448,393.5,502
False,60.46613,137.9741,58626.4759936,430.5,502
False,62.11348,138.3516,58626.5083008,446.5,502
False,64.21622,138.8921,58626.5403008,454,502
False,65.28474,139.0486,58626.5720192,391,502
False,67.17707,140.1868,58626.60416,392.5,502
False,70.57906,143.2889,58626.6371456,517.5,502
False,71.4622,144.2635,58626.6694784,522.5,502
False,71.93264,144.7872,58626.7007488,527,502
False,71.98074,145.1859,58626.7320576,519,502
False,71.96243,145.2775,58626.7641216,519,502
False,71.92664,145.3089,58626.79648,518,502
False,71.98656,145.2678,58626.8283776,521,502
False,71.90321,145.1646,58626.8759936,523.5,502
False,71.899,145.1246,58626.908096,516.5,502
False,71.83557,145.1197,58626.9402624,522,502
False,71.9125,145.1798,58626.9735552,520,502
False,72.06699,145.1924,58627.0048512,525,502
False,72.06984,145.2171,58627.0373248,525,502
False,71.96641,145.2054,58627.0685952,521,502
False,71.90921,145.1479,58627.1007488,519.5,502
False,71.86597,145.2308,58627.1320448,523.5,502
False,71.97662,145.1915,58627.1644928,520.5,502
False,72.05853,145.2013,58627.1961728,524,502
False,72.06392,145.2653,58627.2281344,521.5,502
False,71.96532,145.2322,58627.2761216,519,502
False,72.01477,145.2961,58627.3081216,519,502
False,72.02361,145.2523,58627.3404288,522.5,502
False,72.01617,145.2878,58627.37248,515.5,502
False,71.92493,145.2061,58627.4043136,524,502
False,72.19437,145.3739,58627.4370432,526.5,502
False,72.00353,145.2841,58627.469376,518.5,502
False,71.91627,145.2365,58627.5010176,521.5,502
False,71.95523,145.2296,58627.5322112,517.5,502
False,72.04642,145.2859,58627.5642496,513.5,502
False,72.06055,145.2084,58627.5962752,523,502
False,72.00742,145.2756,58627.628352,516.5,502
False,71.91034,145.2184,58627.6772096,520.5,502
False,72.06873,145.3019,58627.7085184,519,502
False,72.05635,145.2136,58627.7403392,523.5,502
False,71.97074,145.2048,58627.7722496,524,502
False,72.22777,145.2687,58627.8043392,521,502
False,72.90855,145.2503,58627.8372096,534,502
False,74.24069,145.3596,58627.8699136,532.5,502
False,77.06036,145.8873,58627.9010816,538.5,502
False,79.59206,146.9065,58627.9321728,520.5,502
False,82.12421,147.7466,58627.964288,496.5,502
False,84.99735,147.9748,58627.9963392,503,502
False,88.0259,147.2809,58628.0285696,495.5,502
False,91.13424,146.9275,58628.0766464,478,502
False,94.20564,146.8053,58628.1082368,472.5,502
False,97.71612,147.0921,58628.1407488,468.5,502
False,101.7305,146.5301,58628.1723776,462.5,502
False,105.3333,145.8661,58628.2043904,448,502
False,108.6717,144.4677,58628.2377088,462.5,502
False,113.1007,143.5078,58628.2695168,483.5,502
False,117.9205,143.1784,58628.3009152,497,502
False,122.281,143.3233,58628.332864,496.5,502
False,126.4056,143.3554,58628.364352,528,502
False,130.5203,143.179,58628.396288,526,502
False,134.0833,142.6752,58628.4282624,466,502
False,137.7486,141.4719,58628.47648,427,502
False,143.1002,142.4301,58628.5084928,529,502
False,147.1483,141.666,58628.5405312,504.5,502
False,150.1993,141.6005,58628.5723264,511,502
False,153.8118,141.6102,58628.6044032,513.5,502
False,158.1618,141.5546,58628.6371072,526.5,502
False,161.9515,141.0971,58628.6702464,494.5,502
False,165.6164,139.5258,58628.7011584,491,502
False,169.5835,137.6053,58628.7322368,505,502
False,174.1488,135.894,58628.7643776,526.5,502
False,178.1957,134.8799,58628.7963392,513.5,502
False,182.6581,134.1242,58628.8283648,508.5,502
False,186.8725,133.548,58628.8765568,528,502
False,191.3346,132.7907,58628.9081856,517.5,502
False,194.0758,132.306,58628.940736,512.5,502
False,194.7713,131.9061,58628.9727488,513,502
False,194.973,131.4209,58629.0044672,512,502
False,194.7842,131.3437,58629.0370176,500.5,502
False,194.9615,131.3824,58629.0694656,502.5,502
False,195.0838,131.5378,58629.101696,503,502
False,195.0177,131.3932,58629.1323264,498.5,502
False,195.1012,131.1555,58629.1646848,500.5,502
False,194.8786,130.8201,58629.1963904,505,502
False,194.7239,130.6977,58629.2285312,509.5,502
False,194.7766,130.8127,58629.276352,502,502
False,194.9907,130.6916,58629.3082368,500.5,502
False,195.3663,130.7896,58629.3403136,515,502
False,195.5631,130.6745,58629.3724928,510,502
False,195.7215,130.5762,58629.4052736,510.5,502
False,196.3998,130.356,58629.4373888,514,502
False,197.1837,129.9247,58629.4695424,520,502
False,197.8428,130.1279,58629.5010176,518.5,502
False,197.8918,130.7296,58629.5324288,511.5,502
False,198.1558,131.1213,58629.564736,536,502
False,198.9023,131.0559,58629.5963904,546,502
False,199.6542,131.0128,58629.6285056,547.5,502
False,200.1703,130.8658,58629.676672,526.5,502
False,201.393,130.4017,58629.7085824,539,502
False,202.605,129.5873,58629.7403648,497.5,502
False,204.2386,129.9224,58629.7725312,515.5,502
False,206.8552,129.827,58629.8048,515.5,502
False,210.9438,129.349,58629.8383616,533.5,502
False,214.9179,128.9586,58629.8699904,528,502
False,219.4775,128.771,58629.9010432,503,502
False,224.7198,127.6027,58629.9324928,511,502
False,230.024,126.9795,58629.9644416,521,502
False,234.9574,126.6286,58629.9964288,508,502
False,240.6083,126.846,58630.028736,525,502
False,246.168,125.6714,58630.0766848,455.5,502
False,252.0629,126.0154,58630.1083776,453.5,502
False,258.3298,125.94,58630.140416,514,502
False,263.749,125.4042,58630.1723904,536.5,502
False,268.4716,125.4706,58630.2046592,530.5,502
False,273.4997,125.889,58630.2378112,530,502
False,277.8516,126.5201,58630.2702208,534.5,502
False,280.8081,124.8846,58630.3011456,403,502
False,284.2358,123.0337,58630.3324928,232.5,502
False,288.8211,123.3816,58630.364608,279.5,502
False,295.4814,127.413,58630.3966336,516.5,502
False,300.8361,128.9125,58630.4288512,537,502
False,305.8487,130.7618,58630.4767488,531,502
False,311.5515,132.6691,58630.5086336,538.5,502
False,317.3105,133.6747,58630.5405312,541.5,502
False,322.922,133.0214,58630.5729408,444.5,502
False,329.3012,133.4285,58630.6054016,467.5,502
False,334.9596,134.8423,58630.637312,527.5,502
False,339.5764,136.0752,58630.670528,541,502
False,343.6254,137.9473,58630.7011584,553.5,502
False,349.0475,139.715,58630.7330688,561.5,502
False,353.8332,140.0278,58630.7646848,574.5,502
False,359.2525,139.9982,58630.7970688,552.5,502
False,364.2456,139.6926,58630.828544,564.5,502
False,369.3082,139.9655,58630.87648,569.5,502
False,373.7773,140.7372,58630.908992,577,502
False,377.9481,142.0153,58630.94112,577.5,502
False,382.5305,143.0891,58630.9732736,587.5,502
False,386.7098,143.1717,58631.0047872,583.5,502
False,391.0437,143.3119,58631.0377344,583,502
False,395.3889,142.7722,58631.0697472,573,502
False,399.3477,142.3244,58631.1020928,580,502
False,402.2284,141.8374,58631.1330816,552.5,502
False,402.9598,141.3837,58631.1647232,460,502
False,403.8601,141.4039,58631.1966848,420.5,502
False,405.2897,143.7936,58631.2285312,508,502
False,405.7085,144.0155,58631.276544,525.5,502
False,405.8828,144.2263,58631.3088512,542,502
False,405.6842,144.4844,58631.340928,540.5,502
False,406.548,145.2558,58631.372736,498.5,502
False,406.7757,145.0267,58631.4048768,518,502
False,407.0403,144.6285,58631.4372992,558.5,502
False,407.0529,144.6586,58631.4688256,555,502
False,407.1485,145.045,58631.5019904,515,502
False,407.203,144.9751,58631.5334656,515.5,502
False,407.3046,144.9422,58631.5646464,527.5,502
False,407.4409,145.2281,58631.5968256,500.5,502
False,407.5476,146.0453,58631.6285568,452,502
False,407.3946,146.6992,58631.676864,400,502
False,407.2988,147.1363,58631.7087104,362,502
False,406.8722,147.5443,58631.7409152,336.5,502
False,407.1839,148.0077,58631.7730048,304.5,502
False,406.9475,148.0408,58631.80512,298.5,502
False,407.3596,147.6369,58631.837184,330,502
False,408.5549,147.8068,58631.869248,329.5,502
False,409.127,144.5105,58631.9017984,547.5,502
False,410.6411,143.6025,58631.933952,488,502
False,410.9948,143.3975,58631.964672,517,502
False,411.7418,142.658,58631.9972864,537,502
False,412.6788,141.9277,58632.0288128,535,502
False,413.2077,141.829,58632.0767744,540,502
False,414.1746,141.301,58632.1094272,546,502
False,415.7579,139.9625,58632.141184,551.5,502
False,417.5674,138.0823,58632.1728768,579,502
False,419.5567,136.0106,58632.2048768,565.5,502
False,422.6219,133.4578,58632.2367488,555.5,502
False,424.3821,131.1855,58632.2704768,543.5,502
False,424.8846,129.472,58632.3017472,559,502
False,425.3125,128.0846,58632.3343744,575,502
False,425.6094,125.6125,58632.3648128,582,502
False,426.0255,122.102,58632.3967232,614.5,502
False,426.8593,118.5194,58632.4287872,617,502
False,427.5378,114.6739,58632.4777216,601.5,502
False,428.2233,110.7913,58632.5096448,606,502
False,428.8397,107.8295,58632.5411456,592.5,502
False,428.9059,104.7526,58632.5728896,572,502
False,428.5158,101.8994,58632.6053504,560,502
False,427.9078,99.1366,58632.6368512,551.5,502
False,427.8984,95.69765,58632.6699776,581,502
False,428.0637,91.84303,58632.70336,602,502
False,428.7741,87.83566,58632.733184,609.5,502
False,429.3789,83.24949,58632.7647744,654,502
False,429.8566,78.5536,58632.7967616,626.5,502
False,429.5091,74.72133,58632.8286848,622,502
False,429.3494,70.74446,58632.8767744,602,502
False,429.0745,67.83113,58632.9094528,606,502
False,429.0097,65.20237,58632.941248,632.5,502
False,428.7762,62.29016,58632.9729536,652.5,502
False,429.2429,60.26566,58633.00544,665,502
False,429.4984,59.21904,58633.0373504,663.5,502
False,429.6804,58.91045,58633.0712448,657,502
False,429.7157,58.4714,58633.1018112,655.5,502
False,429.6217,58.52073,58633.1328,663.5,502
False,429.6391,58.67197,58633.1647744,660,502
False,429.5606,58.68017,58633.1968128,666.5,502
False,429.5968,58.74741,58633.228736,660.5,502
False,429.5425,58.65993,58633.2772352,668.5,502
False,429.4925,58.84778,58633.3087616,669,502
False,429.552,58.82576,58633.3410304,660,502
False,429.472,58.93974,58633.3729408,661,502
False,429.4852,58.38099,58633.4050048,636.5,502
False,429.7463,56.97655,58633.4382464,625.5,502
False,430.5862,54.64668,58633.4702976,575.5,502
False,429.8044,54.20708,58633.5018112,550.5,502
False,428.7924,53.93959,58633.532864,543.5,502
False,428.3673,53.23711,58633.5648384,530,502
False,428.601,52.83672,58633.5968896,517.5,502
False,428.9757,52.28252,58633.6288256,515,502
False,429.8097,50.49022,58633.6774528,528,502
False,430.5407,48.50204,58633.70912,491,502
False,429.3316,47.48675,58633.7409024,478,502
False,429.0018,46.47246,58633.7730176,466,502
False,429.1743,45.04167,58633.8051072,456,502
False,430.4092,43.68977,58633.8375552,454.5,502
False,431.473,42.52848,58633.8706688,453.5,502
False,432.7364,41.44993,58633.901504,466,502
False,433.7175,40.45781,58633.9329664,482,502
False,437.7181,35.54951,58633.9649792,616,502
False,435.2684,38.94433,58633.9967872,485,502
False,436.0761,38.09555,58634.0294912,453.5,502
False,436.2594,38.0724,58634.077184,442,502
False,436.3372,38.00725,58634.1089664,437,502
False,436.2887,38.11072,58634.1410944,426,502
False,436.4071,38.08876,58634.1731072,422.5,502
False,436.5898,38.06691,58634.2051072,418.5,502
False,436.9387,38.40723,58634.2379648,424,502
False,436.9886,38.7949,58634.2702464,425,502
False,437.0008,38.83314,58634.3015424,422.5,502
False,436.9097,38.92426,58634.3329536,422.5,502
False,437.0684,38.50398,58634.3649664,419,502
False,437.5495,38.21651,58634.3974144,438,502
False,437.5412,38.13997,58634.429184,437,502
False,437.4266,37.91132,58634.4768768,436,502
False,437.9297,37.64576,58634.5090176,438.5,502
False,437.9677,37.2577,58634.5419008,438.5,502
False,438.0518,37.06009,58634.5731712,441,502
False,437.3341,37.34208,58634.605568,419,502
False,436.5573,38.3981,58634.6376064,404,502
False,436.2328,39.60813,58634.66912,381.5,502
False,435.2712,41.46592,58634.7014912,357,502
False,434.448,43.24657,58634.7338752,328.5,502
False,434.2996,44.60784,58634.765312,306,502
False,434.8336,45.93022,58634.7969792,310.5,502
False,434.5207,46.94872,58634.8290048,338,502
False,434.0538,47.3448,58634.8771712,378,502
False,433.0965,48.68014,58634.9094272,383.5,502
False,431.836,48.9272,58634.9411712,407.5,502
False,430.9172,48.27195,58634.9731968,429,502
False,429.9385,47.29638,58635.0051584,469,502
False,428.9948,46.06818,58635.0376832,508.5,502
False,428.2509,45.01258,58635.0716032,530,502
False,427.8007,43.55153,58635.1019264,538.5,502
False,427.7805,42.01289,58635.1330304,543,502
False,427.837,41.30748,58635.1649664,548,502
False,427.3327,41.0427,58635.1969536,542.5,502
False,426.7896,41.09898,58635.2290432,522,502
False,426.6628,40.96486,58635.277632,517,502
False,426.5219,40.87947,58635.309376,507.5,502
False,426.526,40.67452,58635.3412992,509.5,502
False,426.4144,40.52425,58635.3732096,491.5,502
False,425.8007,40.21162,58635.4053888,487.5,502
False,424.8401,39.59335,58635.438144,491,502
False,422.9781,38.72087,58635.4693248,495,502
False,421.0375,37.12935,58635.50176,493.5,502
False,419.3495,35.70297,58635.53312,505,502
False,417.9063,34.9256,58635.5650688,508.5,502
False,416.4383,34.98885,58635.5977344,508,502
False,414.5906,35.15962,58635.6290944,508.5,502
False,413.1087,34.70236,58635.6774784,523,502
False,411.32,34.54823,58635.7092224,523.5,502
False,410.8569,34.47233,58635.7414784,524,502
False,410.4864,34.43343,58635.773376,509.5,502
False,409.9743,34.39355,58635.80576,506.5,502
False,409.6983,34.26525,58635.837184,494.5,502
False,409.7565,34.3791,58635.8704512,488,502
False,409.9115,34.42111,58635.901632,488,502
False,410.0418,34.50426,58635.933184,470,502
False,410.0431,34.26458,58635.9655296,480,502
False,409.7293,34.50528,58635.9974272,489.5,502
False,409.6898,34.40483,58636.0290944,489.5,502
False,409.5721,34.21018,58636.077184,484.5,502
False,409.675,34.16649,58636.10976,476.5,502
False,409.575,34.22908,58636.1414528,478,502
False,408.7729,34.5625,58636.173632,496,502
False,407.5173,34.79624,58636.2055808,496.5,502
False,405.6764,34.72688,58636.2377472,495.5,502
False,402.985,34.97799,58636.2694272,522.5,502
False,400.155,34.96484,58636.3017728,521.5,502
False,397.5797,35.09777,58636.3338624,508,502
False,394.6893,35.53648,58636.3654656,486.5,502
False,391.1832,36.46569,58636.3972224,478.5,502
False,388.079,37.02818,58636.4291712,485,502
False,385.0723,37.66564,58636.4771456,488.5,502
False,381.8619,37.85983,58636.5095424,478,502
False,378.6176,37.87,58636.541888,479.5,502
False,375.3777,37.83435,58636.5732608,492,502
False,371.5022,38.21497,58636.6054016,452,502
False,368.1285,38.86556,58636.6378752,452.5,502
False,364.5369,39.57148,58636.6694656,481.5,502
False,360.3907,39.67728,58636.7027072,502.5,502
False,356.1789,40.16497,58636.7339776,490,502
False,352.2609,40.24726,58636.765184,501.5,502
False,348.2206,40.02509,58636.7975808,511.5,502
False,344.489,40.26767,58636.8291968,500,502
False,341.028,40.9682,58636.8771456,487.5,502
False,337.2185,41.70914,58636.9096576,514,502
False,333.5664,42.2864,58636.9417472,518.5,502
False,330.5788,42.50357,58636.9734144,514,502
False,327.2407,43.01374,58637.0055168,521.5,502
False,324.5782,43.03807,58637.0379264,538.5,502
False,321.4347,43.50325,58637.0710144,513,502
False,318.1723,44.37591,58637.1025664,505,502
False,315.1497,45.59116,58637.1332352,505.5,502
False,311.5497,46.78463,58637.1656576,527,502
False,308.4548,47.78102,58637.197568,513,502
False,305.4425,48.50289,58637.2292352,519,502
False,301.933,49.50386,58637.2771584,539.5,502
False,298.3701,50.73099,58637.3092096,526,502
False,295.4069,51.4517,58637.3414272,505.5,502
False,293.8776,52.28809,58637.3741184,501,502
False,292.7925,52.95485,58637.4060672,502,502
False,292.4062,53.1227,58637.4380416,498.5,502
False,292.381,53.15152,58637.4695296,500.5,502
False,292.5111,53.12054,58637.5018368,495,502
False,292.5478,53.09624,58637.5332736,500.5,502
False,292.5999,53.08796,58637.5656064,504,502
False,292.7554,53.06473,58637.5972992,499.5,502
False,292.5679,53.05505,58637.6293376,499.5,502
False,292.7556,53.16368,58637.6774272,502,502
False,292.7125,53.1168,58637.709312,498,502
False,292.6984,53.10544,58637.742144,499.5,502
False,292.7739,53.13761,58637.7738624,499,502
False,292.7479,53.10456,58637.8055296,500.5,502
False,292.7308,53.14262,58637.838016,499,502
False,292.7648,53.12907,58637.8694656,501,502
False,292.8397,53.0252,58637.9023488,496,502
False,292.8725,52.98077,58637.933632,494,502
False,292.0329,53.36028,58637.965312,501,502
False,288.9952,54.36854,58637.9974272,525.5,502
False,285.3805,54.79214,58638.0294144,530,502
False,281.8799,55.56573,58638.077568,513.5,502
False,277.8782,55.92815,58638.110016,533.5,502
False,274.3497,55.65676,58638.1418752,538.5,502
False,270.368,55.7634,58638.1735296,510,502
False,266.9886,56.42133,58638.2056064,509.5,502
False,262.6521,57.10868,58638.2379008,526,502
False,257.925,57.70401,58638.2696192,535.5,502
False,253.2865,57.70759,58638.3023616,533.5,502
False,248.2342,57.02203,58638.3340672,529.5,502
False,242.638,57.03175,58638.3653888,535.5,502
False,237.5207,57.1912,58638.39744,523,502
False,232.5641,57.71665,58638.43008,513.5,502
False,227.4231,58.26118,58638.478272,540.5,502
False,221.9387,58.13082,58638.5097088,530,502
False,216.7259,57.36802,58638.5419904,543,502
False,210.7319,56.07072,58638.573888,542,502
False,205.0744,55.04736,58638.605568,549,502
False,199.8719,54.19907,58638.638016,537.5,502
False,194.3415,54.25385,58638.6696832,551.5,502
False,188.6917,53.68718,58638.7020032,552.5,502
False,183.4448,53.14286,58638.7344512,563.5,502
False,178.0036,51.38193,58638.765504,562.5,502
False,172.8308,49.7023,58638.7975424,556.5,502
False,167.8421,48.62726,58638.8295296,571,502
False,162.8797,47.99471,58638.8775808,566.5,502
False,158.1065,47.48875,58638.9099136,555.5,502
False,153.4919,47.18782,58638.9416192,575,502
False,150.4487,46.4934,58638.974016,593.5,502
False,147.7008,45.55354,58639.005952,605.5,502
False,143.6594,44.46025,58639.0380288,597.5,502
False,139.3565,43.93096,58639.0697216,603.5,502
False,135.5932,43.57143,58639.102144,605.5,502
False,131.2582,43.76316,58639.1335936,608,502
False,125.7404,44.27355,58639.166272,610.5,502
False,120.1814,43.74388,58639.19808,613,502
False,114.8095,42.74635,58639.2295424,604.5,502
False,108.6086,41.30006,58639.277824,611,502
False,102.8438,40.08163,58639.3095552,610.5,502
False,97.83018,39.87317,58639.342976,636,502
False,93.13052,40.26417,58639.3741824,641,502
False,88.11032,41.12976,58639.4066432,634.5,502
False,83.86749,41.39755,58639.4389888,654,502
False,82.33961,41.55311,58639.4703104,637,502
False,81.85863,40.87149,58639.502272,622.5,502
False,81.1949,40.24369,58639.5336192,608,502
False,79.87295,39.23492,58639.5656448,599.5,502
False,79.46798,38.63478,58639.5979648,585.5,502
False,79.01983,38.48236,58639.6296064,571.5,502
False,78.65647,39.08873,58639.67776,556,502
False,77.24429,39.60199,58639.7096704,554,502
False,76.80468,39.67006,58639.7419264,541,502
False,76.63023,39.8181,58639.7740032,558,502
False,76.83529,39.71966,58639.8064128,553.5,502
False,76.86928,39.71277,58639.838592,549.5,502
False,76.96293,39.5675,58639.8712064,539.5,502
False,77.15221,39.79397,58639.9031168,542,502
False,77.07288,39.64545,58639.9336576,542,502
False,77.00819,39.75653,58639.9657088,549,502
False,77.0966,39.63324,58639.9977344,543.5,502
False,77.09074,39.55617,58640.0306304,540,502
False,77.36623,39.59108,58640.0780416,527,502
False,76.75665,39.55304,58640.109696,507.5,502
False,76.30924,40.16733,58640.1417472,505,502
False,75.95013,40.53957,58640.1737984,518,502
False,75.9797,39.66273,58640.205824,550,502
False,75.06752,39.111,58640.2390144,506,502
False,74.90752,38.85654,58640.2706176,510,502
False,75.08984,38.30762,58640.3023744,564,502
False,74.44511,38.22126,58640.3337088,578.5,502
False,73.93484,38.19751,58640.365696,575.5,502
False,73.37021,37.94529,58640.3983232,560.5,502
False,72.23345,37.55516,58640.4301056,559,502
False,70.25864,36.76574,58640.477568,540,502
False,68.40998,35.85829,58640.5099776,517.5,502
False,67.22854,35.94949,58640.5417728,528,502
False,65.84204,36.50382,58640.5747712,545.5,502
False,63.81858,36.76435,58640.6061952,525.5,502
False,61.41072,36.7615,58640.6385792,525.5,502
False,59.6623,37.03894,58640.6712192,535,502
False,59.75657,37.3175,58640.7022592,526.5,502
False,60.64955,37.66248,58640.7336704,477,502
False,60.96007,37.42267,58640.7661696,492.5,502
False,60.66249,37.42127,58640.79776,479.5,502
False,59.17091,36.78213,58640.8297088,511,502
False,58.44872,36.70385,58640.8775808,520,502
False,57.35182,36.36121,58640.909888,532,502
False,56.30439,35.87302,58640.9427328,535.5,502
False,55.1903,35.86407,58640.9741568,539.5,502
False,54.75047,35.80863,58641.0059392,533,502
False,55.02979,35.99493,58641.0387072,526,502
False,55.77667,35.78728,58641.070528,503,502
False,57.07748,35.77217,58641.1024256,505.5,502
False,59.61823,36.12815,58641.1345408,437,502
False,62.9921,36.36201,58641.1662336,401,502
False,65.25127,36.28722,58641.1979392,394,502
False,66.68304,36.68591,58641.2298624,407,502
False,67.70852,37.19469,58641.2778112,446,502
False,68.03333,37.58935,58641.3100928,485,502
False,68.28142,37.83664,58641.3421568,504,502
False,68.03452,38.15298,58641.373952,536,502
False,67.82291,38.54048,58641.4060288,560,502
False,67.4063,38.66784,58641.4388736,571,502
False,66.77503,39.15415,58641.4706048,586,502
False,66.17973,39.74866,58641.5028736,593.5,502
False,65.209,41.00373,58641.5344256,626,502
False,63.95059,42.92523,58641.5662336,637.5,502
False,62.58157,45.66693,58641.5979008,638.5,502
False,61.44513,48.34252,58641.6298624,653,502
False,60.73385,50.10991,58641.67776,647.5,502
False,59.75836,51.85917,58641.7100544,658,502
False,58.76041,53.74406,58641.7422464,652.5,502
False,58.67834,55.888,58641.7744384,628,502
False,59.34243,57.33414,58641.8060288,623,502
False,59.82483,58.62969,58641.838656,617.5,502
False,60.54645,60.16332,58641.8706176,622.5,502
False,60.25594,61.74113,58641.9029504,624.5,502
False,60.28315,63.58175,58641.9345024,604.5,502
False,60.31485,65.71126,58641.9659392,613,502
False,60.31612,68.21873,58641.998016,619.5,502
False,60.0234,70.92429,58642.0300032,634,502
False,59.54576,73.5956,58642.0781056,635.5,502
False,59.73258,76.49277,58642.110208,622,502
False,59.94882,79.27891,58642.1423872,615.5,502
False,60.14145,82.39145,58642.1740032,608,502
False,60.5094,84.4241,58642.2060544,611.5,502
False,61.01191,85.66296,58642.2397312,630,502
False,61.18673,86.33688,58642.2723968,610.5,502
False,61.05785,86.44904,58642.3023232,616.5,502
False,61.01263,86.65645,58642.3338624,620,502
False,60.77393,87.22097,58642.3663488,620,502
False,60.69646,87.84969,58642.3984256,626.5,502
False,60.61756,87.91807,58642.4299008,624.5,502
False,60.60676,88.41858,58642.4780544,631.5,502
False,60.57815,88.49947,58642.510208,627,502
False,60.74261,88.36419,58642.542208,632,502
False,60.5269,88.4259,58642.575104,632,502
False,60.54715,88.37904,58642.6067328,634.5,502
False,60.68716,88.33649,58642.638656,634.5,502
False,60.54646,88.61128,58642.6716672,635,502
False,60.70915,88.32336,58642.7025024,635.5,502
False,60.63047,88.58308,58642.734016,640,502
False,60.60143,88.32911,58642.7661056,631,502
False,60.76474,88.49948,58642.7981312,639,502
False,60.625,88.34899,58642.8306816,628,502
False,60.73381,88.29647,58642.8779904,633,502
False,60.5911,88.34386,58642.9105408,633,502
False,60.62025,88.32542,58642.9422848,632,502
False,60.60647,88.39857,58642.9744128,628.5,502
False,60.59475,88.34899,58643.0073728,628,502
False,60.62281,88.33121,58643.039232,627,502
False,60.65668,88.26154,58643.0710912,617.5,502
False,61.13063,88.19379,58643.1026816,617.5,502
False,60.9586,87.46537,58643.134848,616,502
False,60.95062,86.98175,58643.1664768,621,502
False,60.93246,86.13454,58643.1981824,609.5,502
False,61.02935,85.35659,58643.2301568,602,502
False,61.26198,85.20534,58643.2780672,612,502
False,61.37028,84.92028,58643.3099392,600,502
False,61.18617,84.70484,58643.342528,602.5,502
False,61.2831,84.83264,58643.3745664,600.5,502
False,61.11694,84.34194,58643.4069376,600,502
False,61.12235,83.93674,58643.4391808,598,502
False,61.27283,83.81177,58643.4714496,595,502
False,61.13093,84.07638,58643.5033472,611,502
False,61.07922,83.94408,58643.5341312,608,502
False,61.24894,83.80338,58643.5668224,592.5,502
False,61.20605,83.75918,58643.5986048,594.5,502
False,61.08872,83.81108,58643.6301696,595.5,502
False,61.2104,83.87119,58643.6781568,596.5,502
False,61.22353,84.00419,58643.7100544,596.5,502
False,61.0166,84.15519,58643.742144,602.5,502
False,61.04539,84.29369,58643.774976,609.5,502
False,61.16179,84.20663,58643.8062592,598.5,502
False,61.25156,84.56452,58643.8387584,613.5,502
False,61.52381,85.82203,58643.871616,626.5,502
False,61.17699,87.58943,58643.902784,621.5,502
False,60.67042,89.71624,58643.9348352,622,502
False,60.09609,92.8032,58643.9668736,614,502
False,60.89762,95.30473,58643.9982976,623.5,502
False,61.69242,97.72635,58644.0305792,653.5,502
False,61.74799,100.4551,58644.0780928,643.5,502
False,61.65662,103.4415,58644.1106176,647,502
False,61.36229,106.3696,58644.1428736,662,502
False,61.1762,109.0349,58644.1742848,664,502
False,62.16005,111.8328,58644.2062976,630,502
False,62.21476,113.1929,58644.239296,655,502
False,61.97484,114.9791,58644.2714624,669,502
False,61.55075,117.2179,58644.303168,693,502
False,61.13276,119.0497,58644.3341824,690.5,502
False,61.1417,119.4003,58644.3663872,657.5,502
False,60.9439,119.7784,58644.3983744,671.5,502
False,60.81728,120.2706,58644.4301824,690.5,502
False,60.86681,120.8414,58644.4787328,689.5,502
False,60.71154,121.2913,58644.510528,702,502
False,60.96426,121.5262,58644.5432064,671.5,502
False,61.24166,122.1373,58644.5753984,654.5,502
False,61.46268,122.3404,58644.6070912,661,502
False,61.38027,122.7123,58644.64064,664,502
False,61.27674,122.4964,58644.6720256,642,502
False,61.09902,122.3786,58644.7028352,648,502
False,61.37638,122.1254,58644.7343616,662,502
False,61.24566,122.4955,58644.7662592,642.5,502
False,61.49487,122.2815,58644.7982336,650,502
False,61.38441,122.0925,58644.8305792,639.5,502
False,61.42321,122.0106,58644.8791168,643.5,502
False,61.40548,122.0374,58644.9102208,633,502
False,61.50103,121.6793,58644.9428608,644,502
False,61.20849,121.7744,58644.9744896,651.5,502
False,61.24292,121.7137,58645.0065024,641.5,502
False,61.28,121.8186,58645.0389504,637.5,502
False,61.39223,121.718,58645.07264,639.5,502
False,61.42162,122.0062,58645.1029888,640,502
False,61.52165,121.9327,58645.1344256,639,502
False,61.41066,122.0462,58645.1663744,631.5,502
False,61.45431,122.0312,58645.198272,636.5,502
False,61.45731,122.2677,58645.2310272,648,502
False,61.04281,123.5961,58645.2788736,673.5,502
False,60.26515,125.2341,58645.3106816,660,502
False,59.97604,126.4602,58645.34336,654,502
False,60.59046,127.4555,58645.3744,660.5,502
False,61.2382,128.3245,58645.4071808,681.5,502
False,61.79975,128.7985,58645.4396928,667.5,502
False,61.7642,129.6327,58645.4737024,663,502
False,61.7612,130.1621,58645.505408,643.5,502
False,61.58366,130.8149,58645.534272,636.5,502
False,61.71417,130.5786,58645.5663616,628,502
False,61.19388,129.8042,58645.5983488,615.5,502
False,60.67879,128.9884,58645.6303872,605,502
False,60.22507,127.1622,58645.6789632,565,502
False,60.1069,126.6722,58645.7115392,567.5,502
False,60.42693,127.4757,58645.7424128,580.5,502
False,61.07371,129.1799,58645.7746304,610.5,502
False,61.33451,128.6755,58645.8086528,566.5,502
False,60.89769,128.7271,58645.8393728,549,502
False,61.07928,129.1567,58645.8728704,544.5,502
False,60.74726,129.1273,58645.9036416,531.5,502
False,60.52882,128.9977,58645.934464,517.5,502
False,61.02459,129.8798,58645.9664384,549,502
False,61.27034,130.4998,58645.9984256,526.5,502
False,61.5767,131.045,58646.0471552,515,502
False,61.41416,130.8131,58646.0783488,515.5,502
False,60.9868,131.0076,58646.1106432,505,502
False,62.22149,135.7576,58646.1424768,605,502
False,60.9314,132.9524,58646.1747456,483.5,502
False,60.09554,133.8408,58646.2066688,471,502
False,59.85464,134.7146,58646.2389632,438,502
False,61.06602,135.0236,58646.273152,416.5,502
False,61.84848,134.8757,58646.3034752,379.5,502
False,62.51958,135.4344,58646.3346432,366,502
False,61.71877,134.2872,58646.3663872,249.5,502
False,65.72797,154.2248,58646.3984384,130.5,502
False,64.57767,138.9555,58646.4464128,213.5,502
False,63.18917,137.633,58646.4793856,292.5,502
False,62.81977,137.7939,58646.5108992,276.5,502
False,62.60221,137.7064,58646.542528,256,502
False,62.61599,137.7602,58646.57504,256.5,502
False,62.36786,137.7669,58646.6069376,251,502
False,62.44241,137.5766,58646.6392448,246,502
False,62.44219,137.5835,58646.6723328,246.5,502
False,62.40095,137.4902,58646.703552,246.5,502
False,62.74685,137.3797,58646.7344256,251.5,502
False,62.49141,137.5072,58646.7665024,242.5,502
False,62.37405,137.5155,58646.799104,241.5,502
False,62.50069,137.4426,58646.8468352,241,502
False,62.43299,137.5265,58646.878464,242.5,502
False,62.57508,137.5253,58646.9110272,247.5,502
False,62.85542,137.5475,58646.9426688,249,502
False,62.53017,137.6164,58646.9745792,232,502
False,62.51357,137.5205,58647.0077056,239.5,502
False,63.01936,137.4931,58647.0394752,241,502
False,63.15536,137.6156,58647.0718848,228.5,502
False,62.85965,138.2791,58647.1030912,209,502
False,63.26303,138.6468,58647.1345664,201.5,502
False,61.89326,138.7453,58647.1668352,178,502
False,70.40373,152.1106,58647.1988736,116,502
False,73.71712,151.8577,58647.2464896,92.5,502
False,60.97657,138.7561,58647.2784256,313,502
False,62.32047,140.352,58647.3115904,401.5,502
False,63.80166,141.017,58647.3426432,421,502
False,66.68964,142.14,58647.3747456,457,502
False,69.11004,143.1836,58647.4070528,466.5,502
False,70.87399,143.4114,58647.43968,410,502
False,74.90281,144.6593,58647.4710912,475,502
False,78.23208,145.9431,58647.5031552,530,502
False,80.32747,146.8574,58647.534528,540,502
False,81.18977,147.2,58647.567424,537.5,502
False,82.39777,147.2347,58647.5990912,507,502
False,83.16599,146.5316,58647.6471424,496,502
False,84.3643,146.1287,58647.6792704,484.5,502
False,85.72279,146.011,58647.7105792,487,502
False,86.75253,146.1872,58647.7434496,495,502
False,87.06389,146.1218,58647.7750144,503.5,502
False,86.90707,146.1246,58647.8066944,495,502
False,86.44757,146.1343,58647.8396416,497.5,502
False,85.62797,146.2143,58647.8715136,512.5,502
False,85.26456,146.1336,58647.9031424,506.5,502
False,85.20911,146.295,58647.9353728,508.5,502
False,85.49902,146.5276,58647.967296,513,502
False,85.66147,146.781,58647.9986432,513,502
False,86.34596,146.9975,58648.0478592,528,502
False,86.70745,147.0989,58648.0787072,519,502
False,87.13607,147.0532,58648.110656,523,502
False,87.63242,147.0283,58648.1429632,530.5,502
False,87.88899,146.9718,58648.175104,531.5,502
False,88.34757,147.1541,58648.20704,538.5,502
False,88.47807,147.7458,58648.2392576,543.5,502
False,87.89182,147.8953,58648.2708224,531.5,502
False,87.67699,147.8092,58648.303232,533,502
False,87.30154,147.7262,58648.3352192,529.5,502
False,86.72018,147.6975,58648.3673216,529.5,502
False,86.71597,147.7498,58648.3989248,537.5,502
False,86.71987,147.6188,58648.447296,532.5,502
False,86.78963,147.6433,58648.4791808,534,502
False,86.80984,147.6732,58648.5106816,532,502
False,86.81681,147.6494,58648.5429248,529.5,502
False,86.83995,147.6519,58648.5748736,529,502
False,87.33644,147.7008,58648.6071552,536.5,502
False,86.77938,147.5933,58648.6397312,520.5,502
False,87.03362,147.7174,58648.6711296,525.5,502
False,87.33777,147.7151,58648.7036288,526.5,502
False,87.12888,147.6886,58648.7346944,531.5,502
False,87.08422,147.676,58648.7667584,518.5,502
False,87.03888,147.7396,58648.7993344,523,502
False,86.65334,147.9302,58648.8471808,537.5,502
False,86.90724,147.8461,58648.8788736,548,502
False,87.00273,147.8502,58648.9108864,549.5,502
False,87.32739,148.0279,58648.9429376,561,502
False,87.09891,147.9933,58648.9753728,551,502
False,86.9705,148.0393,58649.006848,542.5,502
False,86.9324,147.9293,58649.0398336,535,502
False,86.81117,147.8015,58649.0724864,534,502
False,86.73907,147.8155,58649.10432,534,502
False,87.00951,147.9773,58649.1347456,543,502
False,86.90639,147.9306,58649.166784,543,502
False,86.79202,147.9601,58649.1988352,538.5,502
False,86.6806,147.9484,58649.2468224,526.5,502
False,86.9833,147.9351,58649.2792576,529,502
False,86.87046,148.0101,58649.3111936,527.5,502
False,87.1766,148.2089,58649.3430144,537,502
False,88.36227,148.9699,58649.3748352,564.5,502
False,89.61972,149.576,58649.4069376,568,502
False,90.28033,149.6022,58649.4410624,553.5,502
False,90.99027,148.8591,58649.4724992,531,502
False,91.91019,148.0741,58649.5034752,508.5,502
False,93.2368,147.9072,58649.534848,495.5,502
False,95.33907,147.7304,58649.5668992,494,502
False,98.31645,148.3486,58649.5993344,503.5,502
False,101.1251,148.662,58649.6469504,505,502
False,104.0841,148.9871,58649.6789376,517,502
False,108.2469,149.3172,58649.7111424,505.5,502
False,112.1423,148.9441,58649.7429248,513,502
False,115.7478,148.5664,58649.7753216,515.5,502
False,119.3948,148.2138,58649.807488,488,502
False,123.2375,147.8887,58649.8398208,515,502
False,125.9107,148.2696,58649.8715392,533.5,502
False,126.7769,145.8676,58649.9035392,367.5,502
False,129.0866,146.3283,58649.9353984,367.5,502
False,132.6609,148.563,58649.966976,519.5,502
False,134.6978,148.5297,58649.9990528,535.5,502
False,136.2327,148.3887,58650.0468352,563,502
False,137.9085,148.2599,58650.0790912,526.5,502
False,138.0368,147.8101,58650.1113472,494,502
False,136.6641,144.0282,58650.143296,260.5,502
False,137.7925,143.6834,58650.174976,249,502
False,145.7645,154.7706,58650.2070016,192.5,502
False,146.1216,154.944,58650.2404864,190.5,502
False,139.2288,143.6564,58650.2727552,244,502
False,139.6638,144.451,58650.3037056,296,502
False,138.223,143.1311,58650.3349888,208.5,502
False,143.8009,152.7867,58650.3675648,280.5,502
False,143.7391,152.5754,58650.3994624,308.5,502
False,144.0025,152.8636,58650.446912,270,502
False,143.7482,152.1653,58650.4788864,298.5,502
False,143.2845,151.9299,58650.5111296,321,502
False,137.4648,143.1684,58650.5432576,194,502
False,138.9386,144.1615,58650.5761792,258,502
False,144.3162,154.4971,58650.6076928,234,502
False,144.9299,155.0709,58650.639808,204.5,502
False,144.9075,155.274,58650.672832,196.5,502
False,144.9005,155.2413,58650.703488,201,502
False,144.9619,155.2514,58650.7349504,201.5,502
False,138.6519,144.8659,58650.7671168,304.5,502
False,139.904,147.2735,58650.7991424,437.5,502
False,139.5169,146.4131,58650.8480128,390.5,502
False,139.2078,145.9723,58650.8797056,373,502
False,139.0865,144.0496,58650.910976,248.5,502
False,148.6915,155.1795,58650.9431808,214.5,502
False,151.0897,154.9411,58650.9752832,243.5,502
False,153.2589,155.619,58651.0071936,224,502
False,148.6627,145.1528,58651.0405504,252,502
False,151.1003,145.8662,58651.071488,294,502
False,153.8581,147.3007,58651.1041024,393.5,502
False,155.0581,146.8799,58651.1356928,344,502
False,153.4174,144.6168,58651.1670144,160.5,502
False,163.1904,153.8733,58651.19904,298.5,502
False,162.5411,151.3021,58651.2471296,480.5,502
False,162.4294,150.3364,58651.27904,604,502
False,163.7549,150.361,58651.312,625.5,502
False,164.7339,150.3743,58651.3430912,614.5,502
False,166.0864,150.5469,58651.3754624,613.5,502
False,167.174,150.5199,58651.4072192,600.5,502
False,168.202,150.877,58651.4397568,563.5,502
False,168.4265,150.2319,58651.4735616,585,502
False,168.6672,150.263,58651.5036544,590,502
False,168.9779,150.4115,58651.53536,588.5,502
False,169.0569,150.6084,58651.56704,589,502
False,168.9227,150.6161,58651.5993856,580,502
False,169.1922,150.6133,58651.6470784,587,502
False,170.1911,150.611,58651.6796672,614,502
False,170.3122,150.5471,58651.7111808,607.5,502
False,171.6069,150.5654,58651.7437056,633.5,502
False,172.4955,150.3551,58651.7757568,636,502
False,173.8316,150.3376,58651.8073728,632.5,502
False,175.8361,150.0049,58651.8397824,607,502
False,177.0967,149.3037,58651.871424,574,502
False,178.7432,149.3148,58651.9041024,586,502
False,179.691,149.5525,58651.935104,588.5,502
False,180.6553,149.8432,58651.9671296,556,502
False,181.9818,150.3696,58651.9991168,560,502
False,181.5556,149.8081,58652.0472064,489,502
False,181.1094,149.0568,58652.0798976,475.5,502
False,181.2114,148.9318,58652.111232,469,502
False,181.5358,148.4559,58652.1437568,461,502
False,182.6711,147.8749,58652.17536,453,502
False,186.8064,146.7617,58652.2077568,529.5,502
False,184.6,146.4422,58652.2401792,442.5,502
False,188.8017,145.9749,58652.2713088,532,502
False,189.027,145.7462,58652.3036544,524,502
False,185.2102,145.9787,58652.3350912,423.5,502
False,185.5819,145.7138,58652.3672192,424.5,502
False,185.424,145.4148,58652.399488,399,502
False,185.0979,145.5205,58652.447616,386.5,502
False,189.3657,145.4655,58652.4793216,494.5,502
False,189.5721,145.2892,58652.511168,498.5,502
False,185.0457,145.7614,58652.5439872,390.5,502
False,185.0381,145.6768,58652.5756928,393.5,502
False,184.8003,145.8738,58652.60736,385.5,502
False,184.9408,145.758,58652.6401792,388.5,502
False,185.1848,145.7189,58652.67136,396,502
False,189.5229,145.3897,58652.703808,490.5,502
False,185.0474,145.6679,58652.7351936,394,502
False,185.1654,145.7492,58652.7672448,398,502
False,189.3196,145.2688,58652.7996544,498.5,502
False,189.4656,145.2675,58652.8476288,496.5,502
False,184.9361,145.8044,58652.87936,383.5,502
False,185.3194,145.7045,58652.9111936,396,502
False,185.1213,145.7091,58652.9434368,393,502
False,185.0906,145.7266,58652.9759104,386.5,502
False,185.2548,145.69,58653.008064,392.5,502
False,185.2617,145.757,58653.0397952,393,502
False,185.2299,145.6279,58653.0730496,391.5,502
False,185.3244,145.7255,58653.1042304,391,502
False,189.4309,145.1803,58653.135232,493.5,502
False,186.2369,145.619,58653.1672448,413,502
False,190.1986,145.1437,58653.199296,501,502
False,189.5049,145.3833,58653.2473216,493.5,502
False,189.1743,145.4275,58653.279616,501,502
False,186.4476,145.6589,58653.3116672,452,502
False,186.1413,145.672,58653.3436672,434,502
False,189.8682,145.1956,58653.3755904,532.5,502
False,189.9386,144.9987,58653.4074496,518.5,502
False,190.7946,145.7332,58653.4401408,486,502
False,191.2552,146.2457,58653.4731904,454.5,502
False,191.286,145.7252,58653.5042944,475.5,502
False,190.4686,144.811,58653.5354112,532.5,502
False,190.4605,144.741,58653.567488,536,502
False,190.4636,144.6133,58653.60064,540,502
False,190.3995,144.769,58653.6482944,534,502
False,190.5414,144.785,58653.6794112,531,502
False,190.2726,144.8012,58653.711616,526.5,502
False,190.3575,144.7373,58653.743744,531,502
False,190.3321,144.7732,58653.77536,538,502
False,190.4053,144.8389,58653.8076544,537,502
False,190.1643,144.942,58653.8402688,520.5,502
False,190.1595,144.8773,58653.8733568,521.5,502
False,190.1118,144.9122,58653.9047808,522,502
False,190.1739,144.9148,58653.9354112,528,502
False,190.1763,144.9111,58653.967488,521,502
False,190.1765,144.7828,58653.999424,524,502
False,190.2316,144.9075,58654.0475392,524.5,502
False,189.8216,144.8767,58654.0798336,527,502
False,189.9246,144.6828,58654.1117568,528.5,502
False,189.6745,144.7877,58654.143424,513.5,502
False,189.7446,144.992,58654.1755264,519.5,502
False,185.9324,145.3525,58654.2076416,409.5,502
False,190.0544,144.9164,58654.2399488,502.5,502
False,186.7429,145.1845,58654.2739072,365,502
False,192.647,144.955,58654.304384,466.5,502
False,193.5005,143.7618,58654.3356544,490.5,502
False,193.3171,142.8661,58654.3673728,453,502
False,193.8353,141.5573,58654.3993728,455.5,502
False,194.4088,142.1075,58654.4475136,373.5,502
False,196.2103,141.8892,58654.4796672,325,502
False,198.7662,143.3108,58654.5119232,229.5,502
False,189.5232,138.646,58654.5436416,161.5,502
False,196.5162,138.894,58654.5754752,349,502
False,191.4848,136.134,58654.607552,143,502
False,197.8156,141.9384,58654.6400768,311,502
False,197.6768,141.1572,58654.673664,360.5,502
False,197.4435,140.6382,58654.704896,351,502
False,197.8892,141.0161,58654.7354112,320.5,502
False,198.3024,141.0548,58654.7677312,307,502
False,198.1618,141.2341,58654.7994496,290.5,502
False,198.1392,141.3637,58654.8474624,285,502
False,198.7024,141.7221,58654.8795264,270.5,502
False,198.9353,141.7593,58654.9115648,268,502
False,198.9648,141.9047,58654.9441152,274.5,502
False,204.3685,143.3321,58654.9759616,137.5,502
False,205.1124,143.0103,58655.0076928,129,502
False,205.0995,143.0943,58655.040128,129,502
False,205.1618,143.1533,58655.0717568,137,502
False,204.9532,143.5587,58655.1040512,139,502
False,204.9298,143.906,58655.135808,133,502
False,204.9214,143.8869,58655.1681792,140,502
False,204.8155,143.9893,58655.1997824,140,502
False,204.9809,143.7059,58655.247424,148.5,502
False,204.6993,143.8277,58655.279424,148,502
False,204.2594,143.7582,58655.311616,142,502
False,204.3759,145.1433,58655.344768,117.5,502
False,204.4903,145.1555,58655.375616,111.5,502
False,204.2823,144.5477,58655.4076928,127.5,502
False,204.0092,144.8451,58655.4401408,127,502
False,204.3216,144.6667,58655.4715648,128,502
False,204.2812,144.5153,58655.5044096,131,502
False,204.193,144.3909,58655.5358592,139,502
False,204.216,144.4728,58655.567552,135,502
False,204.6458,143.9016,58655.599552,144,502
False,204.7128,143.8995,58655.6477184,141,502
False,204.75,144.0564,58655.68,136,502
False,204.7208,144.1143,58655.7118592,138.5,502
False,204.7958,144.5203,58655.7437824,135.5,502
False,204.4937,144.3564,58655.7758336,144.5,502
False,204.2203,144.3671,58655.807872,143,502
False,204.5637,144.6985,58655.8409216,136,502
False,204.3187,144.5499,58655.8729344,137,502
False,204.4371,144.4007,58655.9050624,151,502
False,204.0722,144.3631,58655.9356416,145.5,502
False,204.6385,144.3028,58655.967936,142,502
False,204.4913,143.5571,58656.0030592,144.5,502
False,204.1261,144.2339,58656.04768,119,502
False,193.7,137.4444,58656.0795904,45,502
False,206.013,139.5759,58656.1119488,90,502
False,204.9619,142.7028,58656.1437824,170.5,502
False,204.9458,142.6787,58656.1758464,166,502
False,204.7923,142.2776,58656.2078208,164.5,502
False,205.1573,141.7581,58656.2403328,169.5,502
False,204.6284,141.6513,58656.2729088,174,502
False,204.0893,141.7569,58656.305024,181,502
False,203.4284,141.53,58656.335744,180.5,502
False,203.9799,140.4326,58656.3679232,149.5,502
False,204.6825,138.8466,58656.3996544,94.5,502
False,205.3217,137.2,58656.448384,57.5,502
False,201.8726,146.6497,58656.4798848,78.5,502
False,202.5877,144.8258,58656.5117696,133,502
False,202.9059,144.4419,58656.54432,150.5,502
False,202.8752,144.6031,58656.5757824,141.5,502
False,203.4031,144.7894,58656.607936,129,502
False,204.2455,145.1523,58656.6408192,121.5,502
False,204.2352,145.0457,58656.6728448,124,502
False,204.6891,143.5455,58656.704256,148.5,502
False,204.659,143.5607,58656.7357184,152.5,502
False,204.1446,144.0271,58656.7676544,166,502
False,203.9329,143.9299,58656.7997952,166.5,502
False,203.8092,143.8291,58656.8484864,159,502
False,203.672,143.7781,58656.8797056,155.5,502
False,203.3686,144.1549,58656.912256,156,502
False,203.1449,144.7691,58656.9442816,141.5,502
False,202.8491,144.956,58656.9761024,132.5,502
False,203.5907,144.2708,58657.0079616,136,502
False,203.7484,144.0512,58657.0402816,153,502
False,203.3776,144.4609,58657.0735104,162,502
False,203.173,144.521,58657.1042688,170.5,502
False,202.4591,144.2812,58657.136384,163,502
False,201.8982,144.5901,58657.1677184,191.5,502
False,201.5505,145.144,58657.199936,209.5,502
False,201.5244,145.3691,58657.2482048,205,502
False,201.4626,145.344,58657.2803968,202.5,502
False,201.7823,145.9776,58657.3120768,171.5,502
False,202.8234,147.1469,58657.3439488,118,502
False,204.0218,147.3472,58657.3759232,84,502
False,191.7135,143.7478,58657.407936,174.5,502
False,192.4654,143.8084,58657.4411136,154,502
False,192.5908,144.6314,58657.4729344,156,502
False,192.7722,144.94,58657.5042944,150,502
False,193.0297,145.0077,58657.5357568,151.5,502
False,193.3879,145.172,58657.5677696,140.5,502
False,194.1246,144.1884,58657.5998848,115,502
False,194.4836,144.2958,58657.6483968,106.5,502
False,204.0104,149.575,58657.6802432,80,502
False,203.8813,149.9312,58657.7117696,80,502
False,203.2662,150.5593,58657.7440128,74.5,502
False,203.4106,148.9968,58657.7759616,103.5,502
False,202.8884,148.7121,58657.8080256,121,502
False,202.6201,148.6227,58657.8408064,129,502
False,201.979,148.2669,58657.872,143,502
False,202.1291,148.0527,58657.9044352,148.5,502
False,202.0435,147.6603,58657.935872,157,502
False,201.4585,147.5479,58657.9678848,158.5,502
False,200.6973,147.0951,58658.000256,163,502
False,200.0836,147.1234,58658.0482176,171.5,502
False,199.4435,146.8945,58658.0800128,177,502
False,199.0392,146.6647,58658.1119616,170,502
False,198.3939,146.6369,58658.1439744,179,502
False,197.884,147.5601,58658.1765632,159.5,502
False,197.8079,147.1858,58658.20832,157,502
False,197.6768,147.2724,58658.2404352,164,502
False,197.7784,146.7656,58658.272064,168.5,502
False,197.6952,146.681,58658.3044864,175,502
False,197.5118,146.8187,58658.3358464,176.5,502
False,197.5994,147.4639,58658.368576,168.5,502
False,197.1341,147.2337,58658.4003584,174,502
False,196.5965,147.0401,58658.4480128,183,502
False,195.1017,148.2844,58658.480064,177,502
False,193.9326,149.1882,58658.5119232,178,502
False,193.5762,148.7752,58658.5441024,175,502
False,192.4479,149.3251,58658.5763328,161.5,502
False,191.729,149.5647,58658.608128,176.5,502
False,190.4295,150.0733,58658.6404992,175,502
False,190.2679,149.2625,58658.6720896,249.5,502
False,188.4404,149.2315,58658.7044608,258.5,502
False,187.4527,150.5644,58658.7369216,283.5,502
False,187.0643,150.796,58658.7684096,272,502
False,187.185,149.7126,58658.800064,286.5,502
False,187.0223,149.7932,58658.8480896,276.5,502
False,187.1757,149.8273,58658.880192,278,502
False,187.1948,149.8282,58658.912,261,502
False,186.5886,149.8808,58658.9453184,267,502
False,186.7416,149.588,58658.9761664,267,502
False,186.7868,149.0764,58659.0084608,251,502
False,186.0622,149.2444,58659.0406016,262.5,502
False,185.8181,148.8327,58659.072192,274,502
False,185.27,148.8975,58659.1046144,289.5,502
False,184.3793,148.603,58659.1366912,282.5,502
False,183.5006,147.75,58659.1682432,284,502
False,181.8259,148.7453,58659.2000384,248,502
False,182.3254,147.1864,58659.2480256,338,502
False,181.8758,147.197,58659.2800768,357,502
False,181.3772,146.9991,58659.3120128,353,502
False,181.2064,146.9918,58659.3445888,344,502
False,180.517,146.5259,58659.376768,354,502
False,179.7297,145.9854,58659.4086912,354.5,502
False,179.2048,145.4572,58659.4407168,358,502
False,178.8969,145.3717,58659.4722048,373.5,502
False,178.1417,145.4611,58659.5045504,407,502
False,176.9027,145.2832,58659.5367936,449,502
False,176.0241,144.949,58659.5683456,497,502
False,174.9379,144.4153,58659.6000768,502,502
False,176.1722,143.291,58659.648,484,502
False,174.9187,143.8102,58659.6801408,525,502
False,173.6258,144.2265,58659.7121152,543,502
False,173.0123,143.6128,58659.744384,557,502
False,171.2049,144.2402,58659.7763584,614,502
False,171.8973,144.0014,58659.808256,603.5,502
False,170.7639,145.208,58659.840768,617,502
False,168.9382,146.5779,58659.872192,612,502
False,166.6967,147.9995,58659.9051648,626.5,502
False,163.9792,149.0013,58659.9377664,625,502
False,160.718,148.987,58659.9684096,616.5,502
False,158.0359,148.8408,58660.000128,603,502
False,154.8294,149.3983,58660.0480896,613.5,502
False,152.1033,149.7472,58660.080128,608.5,502
False,150.4492,149.7515,58660.1121536,589.5,502
False,150.5085,149.6012,58660.1449344,568,502
False,151.0885,149.0269,58660.1766784,569,502
False,151.486,148.6343,58660.2083328,572,502
False,152.1,148.6886,58660.240576,561.5,502
False,152.2343,148.7871,58660.2723584,560.5,502
False,152.3538,148.7996,58660.3046528,561.5,502
False,152.4019,148.7326,58660.336448,564,502
False,152.1524,148.5006,58660.3681024,561,502
False,151.713,148.4625,58660.4002048,565,502
False,151.1648,147.8857,58660.4482944,571.5,502
False,150.0815,147.201,58660.4802816,577,502
False,148.1793,146.1024,58660.5129344,587.5,502
False,146.3718,145.0731,58660.5447296,567.5,502
False,144.1203,144.2264,58660.576256,584.5,502
False,141.6293,144.1278,58660.6082944,606.5,502
False,139.0453,144.0456,58660.6408064,589,502
False,135.9095,143.158,58660.6724096,558,502
False,133.7854,141.1713,58660.7053312,570,502
False,131.3476,139.1979,58660.737216,605.5,502
False,127.9264,137.3205,58660.7686016,584.5,502
False,123.9047,135.7014,58660.8002944,575.5,502
False,119.9222,134.1888,58660.8483456,584.5,502
False,116.2347,132.5869,58660.8803968,591.5,502
False,113.4162,130.4797,58660.9122688,577.5,502
False,110.3885,128.0364,58660.9464832,568,502
False,107.2716,125.0171,58660.9766016,594,502
False,104.0335,122.127,58661.009024,606.5,502
False,100.4409,119.3559,58661.0414848,604.5,502
False,96.54382,116.1966,58661.0738048,610.5,502
False,92.55666,113.1588,58661.1054208,604.5,502
False,89.82867,111.4222,58661.1369856,572,502
False,89.41132,111.1579,58661.1688064,436,502
False,87.44829,108.5229,58661.2007552,433.5,502
False,87.60091,108.8273,58661.248512,291.5,502
False,77.79144,92.3474,58661.280192,272.5,502
False,79.45846,94.22906,58661.3125888,487.5,502
False,78.9864,93.79427,58661.344832,576,502
False,77.7809,92.40187,58661.377088,605.5,502
False,76.49663,90.49065,58661.4088832,642,502
False,74.98376,86.7987,58661.4408448,616,502
False,73.44077,82.28729,58661.4725632,619,502
False,72.0387,77.95744,58661.5071232,603,502
False,71.47978,73.61549,58661.5364992,589.5,502
False,70.89955,69.0665,58661.5682816,599,502
False,69.71935,65.44865,58661.6007168,620,502
False,68.22108,62.30804,58661.6484736,632.5,502
False,66.1506,58.89588,58661.6805504,627.5,502
False,64.90491,55.68142,58661.7122176,610,502
False,64.08808,53.74986,58661.7444992,579,502
False,64.52166,53.07397,58661.7767808,565.5,502
False,64.90907,52.68881,58661.8088448,564.5,502
False,65.11141,51.93411,58661.8409472,556.5,502
False,65.20155,51.10864,58661.8726528,540,502
False,64.82673,50.95555,58661.9049728,517.5,502
False,64.61862,50.54221,58661.9365888,499.5,502
False,63.8984,49.86205,58661.968256,490.5,502
False,63.35316,49.25296,58662.00032,479,502
False,62.63874,48.40334,58662.048256,459.5,502
False,61.09728,47.62115,58662.0806912,454,502
False,60.4789,47.06259,58662.1132544,466,502
False,61.98691,46.33707,58662.144832,445.5,502
False,62.32747,45.11258,58662.1773184,454.5,502
False,62.99773,43.98449,58662.208896,440.5,502
False,63.31918,43.03398,58662.2409216,412,502
False,63.38958,42.18156,58662.2726656,403,502
False,63.23158,41.75526,58662.3049216,380,502
False,63.36413,41.2183,58662.336384,368,502
False,63.31922,40.78871,58662.3687808,366,502
False,63.04522,40.57343,58662.4004352,357.5,502
False,62.88983,40.05532,58662.4484352,355.5,502
False,62.82281,39.46696,58662.480448,340.5,502
False,63.02587,39.39336,58662.5126272,341.5,502
False,63.04427,39.24987,58662.5448832,327.5,502
False,62.93506,39.35261,58662.5768832,328.5,502
False,62.62144,39.72358,58662.6085888,328,502
False,62.58768,40.17904,58662.641472,316.5,502
False,62.57994,40.37983,58662.674048,319,502
False,62.10712,42.05764,58662.7050496,306.5,502
False,61.81221,44.05321,58662.7367168,319.5,502
False,61.8408,44.91985,58662.7684992,301.5,502
False,62.06544,45.61231,58662.8005376,300.5,502
False,62.00054,46.08037,58662.8486912,309,502
False,62.19432,46.08929,58662.88096,328.5,502
False,62.29191,45.90927,58662.9131392,338,502
False,62.45065,45.57606,58662.9449472,349.5,502
False,62.43338,45.24544,58662.976448,356.5,502
False,62.51625,45.10213,58663.0086912,359,502
False,62.83648,44.97439,58663.0418304,371,502
False,63.3985,45.33568,58663.0738944,355.5,502
False,63.22702,45.72429,58663.1063296,335.5,502
False,63.42915,45.94139,58663.1366656,327,502
False,63.60301,46.22055,58663.1688832,332.5,502
False,63.90554,46.01978,58663.2016512,337,502
False,63.87529,45.71589,58663.248512,355.5,502
False,63.5328,45.18831,58663.2809344,373.5,502
False,62.87788,44.28242,58663.312832,419,502
False,61.96737,43.31119,58663.3445504,429,502
False,61.00727,42.92489,58663.3766656,481.5,502
False,59.80303,42.17631,58663.4087296,484,502
False,58.94142,41.83604,58663.4424192,523.5,502
False,58.20732,41.09944,58663.4740992,533,502
False,57.35499,41.28637,58663.5051136,546.5,502
False,56.49216,40.43902,58663.5364864,542.5,502
False,55.78156,39.84865,58663.5685888,544,502
False,55.64038,39.26763,58663.6006272,520,502
False,54.57262,38.41427,58663.6489472,521,502
False,54.5859,38.11699,58663.6805504,520,502
False,54.74028,37.84153,58663.712768,518.5,502
False,54.52066,37.9183,58663.7446272,536.5,502
False,54.79063,38.00064,58663.7765632,523,502
False,54.43297,37.73827,58663.8095232,547,502
False,54.96932,38.27483,58663.8415232,527,502
False,55.28288,38.33762,58663.8741888,545,502
False,55.87652,37.76794,58663.9052032,548,502
False,56.09139,37.86416,58663.9366016,532.5,502
False,55.6738,37.23491,58663.9686784,560.5,502
False,54.62243,36.7512,58664.0010752,591.5,502
False,53.79735,35.87869,58664.0489856,604.5,502
False,53.01872,35.10873,58664.0809088,605.5,502
False,52.45718,34.03794,58664.112512,597.5,502
False,52.17202,33.42048,58664.1446144,591,502
False,52.40703,32.9699,58664.1767296,592.5,502
False,53.09486,33.68883,58664.2097792,564,502
False,53.32438,34.22799,58664.241856,558.5,502
False,54.17822,34.80243,58664.273984,534,502
False,54.87048,35.54618,58664.3052288,498,502
False,55.5781,35.8517,58664.336576,485.5,502
False,56.46714,36.70412,58664.3690752,489.5,502
False,56.55476,36.76973,58664.4010752,490,502
False,56.67011,37.27755,58664.4488704,484,502
False,52.11147,33.59478,58664.4806272,619,502
False,56.56375,37.91952,58664.5126272,468,502
False,56.09589,37.70524,58664.5447552,471,502
False,56.30687,37.51959,58664.5768064,485,502
False,56.89275,36.78478,58664.6092544,460,502
False,57.03787,36.32658,58664.6415104,444.5,502
False,57.36127,36.50679,58664.673984,429.5,502
False,57.42987,36.5528,58664.7052288,423,502
False,57.33654,36.77216,58664.7366784,415.5,502
False,57.83666,37.32045,58664.7696128,401,502
False,57.61076,37.5629,58664.800768,393.5,502
False,57.73153,37.78522,58664.8489472,388,502
False,57.90488,38.24807,58664.8806784,389,502
False,58.2509,38.52944,58664.9126528,368,502
False,57.85185,38.63536,58664.945472,378,502
False,58.29704,38.77016,58664.9772928,372,502
False,58.67655,38.82721,58665.009024,354,502
False,59.02086,38.95496,58665.0415232,351.5,502
False,58.9553,39.36152,58665.0742016,343,502
False,59.47133,39.50431,58665.105344,328.5,502
False,59.54421,39.60417,58665.1376512,328,502
False,59.75433,39.74856,58665.1691648,317.5,502
False,59.74298,39.85003,58665.200768,314.5,502
False,59.67604,40.11406,58665.248768,320,502
False,60.43558,40.41367,58665.2812032,319.5,502
False,59.9697,40.44759,58665.3131392,335.5,502
False,60.25554,40.37043,58665.3451264,323.5,502
False,60.35336,39.93991,58665.3769216,324.5,502
False,60.75222,39.86385,58665.409024,319.5,502
False,60.20087,40.41908,58665.441472,346,502
False,60.76184,41.53241,58665.4751488,362.5,502
False,60.91524,41.47914,58665.5061888,379.5,502
False,60.46569,41.17986,58665.5368576,410.5,502
False,60.39573,41.04345,58665.5688192,422,502
False,60.73216,40.90039,58665.6007296,425,502
False,55.73443,37.48972,58665.6487936,575.5,502
False,55.7676,37.81057,58665.6811392,589.5,502
False,56.51845,39.09507,58665.7136128,564.5,502
False,56.1578,40.11288,58665.7449856,564,502
False,55.97993,40.97644,58665.77696,573,502
False,60.7413,43.05217,58665.8093696,460,502
False,60.71653,42.84275,58665.8414848,478,502
False,60.12548,42.80687,58665.8742016,475.5,502
False,60.28992,42.9993,58665.9054848,476,502
False,54.56885,41.60629,58665.9369472,610,502
False,54.84301,42.25097,58665.9691392,603,502
False,56.22507,42.9292,58666.001152,565,502
False,63.87814,46.01792,58666.0488704,372,502
False,65.18741,47.36082,58666.080832,333.5,502
False,65.93879,48.04938,58666.1128704,324,502
False,66.61575,49.06824,58666.1453824,317.5,502
False,66.5743,49.92725,58666.1770752,323,502
False,67.26667,50.1037,58666.2090624,337.5,502
False,66.96235,50.12167,58666.2414336,363,502
False,66.79311,49.78299,58666.2731136,362.5,502
False,66.99259,49.76435,58666.3067648,360,502
False,67.03661,49.52649,58666.3368576,346,502
False,67.26432,49.65639,58666.3690496,340.5,502
False,67.45641,49.69258,58666.401152,334.5,502
False,67.46177,49.67316,58666.4488192,333.5,502
False,67.32239,49.57761,58666.4809984,335,502
False,67.39113,49.61684,58666.5131392,334.5,502
False,67.26313,49.54737,58666.5454464,339.5,502
False,67.31908,49.66421,58666.5775232,339,502
False,67.38508,49.76219,58666.61088,335,502
False,67.22956,49.70827,58666.6417024,340.5,502
False,67.26144,49.73412,58666.6742656,338.5,502
False,67.29523,49.98171,58666.7056,328,502
False,67.59321,49.95897,58666.7369728,329,502
False,67.62917,49.76875,58666.769408,320,502
False,67.73439,49.82434,58666.8013696,315,502
False,67.72784,49.92535,58666.8488192,321.5,502
False,67.42003,49.64773,58666.8809344,334.5,502
False,67.41089,49.25626,58666.9136256,346,502
False,67.2052,48.47287,58666.9455232,365.5,502
False,66.63027,47.68734,58666.9779328,403,502
False,65.6946,46.31748,58667.009728,441.5,502
False,64.6398,45.117,58667.0420992,471.5,502
False,64.32161,44.63469,58667.0741888,469,502
False,63.6567,44.26788,58667.1057152,468.5,502
False,63.41886,44.03295,58667.1370496,475.5,502
False,63.53576,44.10903,58667.1690368,480,502
False,63.45647,44.1196,58667.2016128,471,502
False,63.80967,44.41314,58667.2492672,472,502
False,63.81758,44.44012,58667.2809728,476,502
False,63.80114,44.44753,58667.3129856,468.5,502
False,63.70838,44.41533,58667.3451776,467.5,502
False,63.67738,44.37549,58667.3771648,466.5,502
False,63.56056,44.30785,58667.4100096,477.5,502
False,62.94167,43.54285,58667.441856,511.5,502
False,61.27948,42.20179,58667.474752,538.5,502
False,58.69952,40.39512,58667.5069184,553,502
False,56.7441,38.85089,58667.5376384,579,502
False,55.63719,37.04874,58667.5690624,571,502
False,55.10335,36.12082,58667.6010112,572.5,502
False,50.47639,32.3319,58667.6490496,699,502
False,50.63049,31.97864,58667.6810112,686.5,502
False,50.38946,31.44018,58667.7133056,677,502
False,49.7459,30.78382,58667.745536,690,502
False,54.37866,33.5735,58667.7776256,529.5,502
False,54.41532,33.08167,58667.8092928,524.5,502
False,49.53939,29.77644,58667.8417536,666.5,502
False,56.08862,34.26922,58667.8744192,496.5,502
False,57.05503,34.79093,58667.9061504,481.5,502
False,58.12558,34.73319,58667.9371136,468.5,502
False,60.07576,34.95056,58667.9694208,418,502
False,61.05521,35.12147,58668.0011392,407.5,502
False,56.30173,33.80233,58668.0489984,559,502
False,57.11734,35.30128,58668.0820864,535.5,502
False,57.54777,36.54422,58668.1134336,563.5,502
False,57.05364,37.43488,58668.1452672,581,502
False,56.71943,37.91631,58668.177216,587.5,502
False,56.44354,38.10154,58668.20928,615.5,502
False,55.86672,38.48243,58668.2417408,621.5,502
False,61.31085,38.4784,58668.2741632,474.5,502
False,60.64883,39.06961,58668.3060096,486,502
False,60.03544,39.41357,58668.3371392,498.5,502
False,58.52859,39.81879,58668.3691008,498.5,502
False,51.82045,41.69545,58668.401024,660,502
False,52.215,42.38721,58668.449216,662,502
False,58.21846,41.31374,58668.4819072,502,502
False,53.08029,42.8063,58668.5131392,629,502
False,53.87691,43.34364,58668.546112,631,502
False,55.31461,43.41787,58668.577152,623,502
False,57.68215,43.42004,58668.6093952,592,502
False,60.36824,43.92802,58668.6424192,539.5,502
False,60.8165,44.3738,58668.6733568,539.5,502
False,61.70833,45.12847,58668.706176,576,502
False,63.43035,45.43922,58668.7371264,563.5,502
False,63.84869,46.61739,58668.769152,575,502
False,63.98519,47.54764,58668.8015104,596.5,502
False,63.73663,49.0266,58668.8496128,626.5,502
False,63.4046,50.89234,58668.8817024,659.5,502
False,63.45647,54.52334,58668.9133312,660.5,502
False,63.58246,58.81959,58668.945472,667,502
False,62.81646,62.49137,58668.9773824,666.5,502
False,61.64929,65.29956,58669.0094336,681,502
False,60.41974,68.10709,58669.0426112,677,502
False,59.86833,71.0235,58669.0747648,681,502
False,59.76546,73.66089,58669.1057792,663,502
False,60.21686,76.1642,58669.137216,642.5,502
False,60.60025,79.50585,58669.1691776,655,502
False,60.67684,83.25146,58669.2016256,688,502
False,60.68344,86.52016,58669.249472,665.5,502
False,61.51874,90.96943,58669.2813184,676,502
False,61.8216,96.28861,58669.3133952,674.5,502
False,61.74466,100.7642,58669.345536,647.5,502
False,61.53028,104.9168,58669.3778432,611,502
False,62.27285,108.5041,58669.4106368,609,502
False,63.05386,112.1889,58669.442368,622,502
False,63.19209,115.6636,58669.4734336,606.5,502
False,63.33578,119.0095,58669.5058944,613.5,502
False,62.86984,121.5617,58669.5372416,609.5,502
False,61.71744,124.2608,58669.569216,604,502
False,60.98092,126.5528,58669.6015616,559,502
False,61.80106,128.612,58669.6493568,537,502
False,62.81654,130.2532,58669.6813824,516,502
False,63.53632,130.9614,58669.7133952,479.5,502
False,63.24702,131.6611,58669.745664,475,502
False,62.67106,132.0457,58669.7778304,455.5,502
False,62.01363,132.3559,58669.8098816,428,502
False,60.34208,131.5797,58669.8420608,362,502
False,60.01436,131.7389,58669.8736,383,502
False,59.4966,130.4537,58669.9058176,318.5,502
False,58.4897,126.8291,58669.9373184,137.5,502
False,61.10345,135.4457,58669.9698688,319,502
False,60.36787,133.227,58670.001536,429.5,502
False,60.40533,133.2808,58670.04928,437.5,502
False,60.51783,133.5326,58670.0814464,430,502
False,61.03214,133.6963,58670.1198208,404.5,502
False,60.38391,133.6981,58670.1459328,418.5,502
False,60.5988,133.4141,58670.1775488,415,502
False,60.09205,133.2498,58670.2096384,411,502
False,59.44317,133.8814,58670.2419328,437,502
False,58.14709,135.5844,58670.2754432,421.5,502
False,57.7985,137.4088,58670.3062784,399.5,502
False,57.57733,138.8489,58670.3373056,375,502
False,57.62988,138.9902,58670.3693696,376,502
False,56.83824,139.2142,58670.4014336,390.5,502
False,55.94102,139.941,58670.44992,381.5,502
False,55.3342,140.7276,58670.4818176,383,502
False,54.69298,142.0333,58670.513344,380,502
False,54.83076,142.0184,58670.5455872,389,502
False,55.49327,141.2079,58670.5776,396,502
False,56.20839,140.5413,58670.6095616,369.5,502
False,56.9835,139.9772,58670.6427136,343.5,502
False,56.76712,139.0558,58670.6748032,328.5,502
False,56.78191,137.9943,58670.7059584,322.5,502
False,56.38102,136.4866,58670.7374848,328.5,502
False,56.36043,134.931,58670.7693824,326,502
False,56.29135,134.128,58670.801472,325.5,502
False,55.47842,134.4609,58670.8496896,351.5,502
False,56.15606,135.9894,58670.88192,330,502
False,57.86105,138.95,58670.9134336,213.5,502
False,61.1172,145.672,58670.9456512,219,502
False,56.122,131.2593,58670.9778432,250,502
False,59.23043,135.1396,58671.0099072,453.5,502
False,61.68271,136.5616,58671.0420864,509,502
False,64.07327,137.2488,58671.073728,505,502
False,67.21378,139.2419,58671.1060864,539.5,502
False,70.76923,140.7299,58671.1374208,546,502
False,74.49884,142.1626,58671.1698432,576,502
False,78.30974,143.2864,58671.2020224,565,502
False,80.92472,144.4909,58671.2499328,569,502
False,83.38894,145.4129,58671.2815616,563.5,502
False,85.79497,146.1129,58671.3134848,543,502
False,88.33806,146.2634,58671.345728,529,502
False,91.65189,146.2401,58671.3774976,507.5,502
False,95.5474,146.2461,58671.4105984,552,502
False,99.83054,146.1081,58671.4427008,538,502
False,103.6565,145.9412,58671.4751104,524.5,502
False,107.6751,145.7544,58671.5062144,534,502
False,111.9664,144.6269,58671.5374848,490.5,502
False,115.9469,143.3388,58671.5702144,424,502
False,120.9654,142.8796,58671.6019584,423.5,502
False,125.47,142.2798,58671.6496256,455,502
False,130.4084,142.8343,58671.6816512,511,502
False,134.7627,142.4971,58671.7137152,489.5,502
False,138.9115,142.1947,58671.7457536,482,502
False,142.766,140.9393,58671.779776,453,502
False,147.9341,140.2957,58671.8100096,460,502
False,151.5906,136.9362,58671.8425472,342,502
False,154.4704,132.2329,58671.8739456,141,502
False,160.565,136.0872,58671.9062144,437.5,502
False,164.1465,135.455,58671.9375744,430,502
False,167.3552,135.4811,58671.9702784,449,502
False,170.4405,135.4021,58672.0020224,455.5,502
False,173.4539,135.0158,58672.0495872,484,502
False,175.9595,132.9402,58672.0816896,370.5,502
False,178.824,132.997,58672.1136768,438.5,502
False,181.0105,132.422,58672.145792,460.5,502
False,183.2017,131.7218,58672.1779584,481,502
False,185.6393,130.45,58672.2101632,444.5,502
False,186.8742,129.4398,58672.2425088,397.5,502
False,188.9477,130.8605,58672.2745344,478,502
False,189.4616,130.797,58672.3062144,484.5,502
False,189.3968,130.8797,58672.3381504,475,502
False,189.5461,130.887,58672.3705216,481,502
False,189.6343,130.9632,58672.4180992,488.5,502
False,189.4513,130.856,58672.4496256,480.5,502
False,189.5155,130.9115,58672.4817152,484,502
False,189.3155,130.9291,58672.5136512,477.5,502
False,189.3747,130.9562,58672.5456512,479,502
False,189.4683,130.9726,58672.5780736,486.5,502
False,189.5427,130.8378,58672.61024,484,502
False,189.4536,130.8962,58672.643008,483.5,502
False,189.4878,130.9777,58672.6743936,485.5,502
False,189.5726,130.8606,58672.7063296,485.5,502
False,189.4808,130.9891,58672.7377408,489.5,502
False,189.4515,130.8919,58672.7706496,482.5,502
False,189.5269,130.8753,58672.8178048,486.5,502
False,189.5716,130.844,58672.8498688,484,502
False,189.5002,130.9173,58672.8816768,485.5,502
False,189.4508,130.9299,58672.9136768,478,502
False,189.5643,130.8082,58672.9461248,485,502
False,189.5813,130.9016,58672.97824,488,502
False,189.2439,131.0435,58673.0102912,482.5,502
False,188.7599,131.1962,58673.0424448,493.5,502
False,188.7973,131.3027,58673.075008,500,502
False,188.2805,131.7903,58673.106368,492,502
False,187.5654,130.1937,58673.1388416,431,502
False,186.6779,126.11,58673.1703808,207.5,502
False,190.0565,137.1552,58673.2178432,174,502
False,185.9443,128.0363,58673.2496384,308,502
False,186.0816,131.4395,58673.2820096,482,502
False,185.8328,131.4334,58673.3139456,484.5,502
False,185.7166,131.4864,58673.3458048,491,502
False,185.4055,131.5781,58673.3778304,487.5,502
False,185.243,131.6014,58673.410368,485,502
False,185.0102,131.5032,58673.4427648,491.5,502
False,184.9761,131.4981,58673.4743424,481.5,502
False,185.0885,131.4257,58673.5064192,474.5,502
False,185.4606,131.5246,58673.537856,474,502
False,186.5423,131.6627,58673.5702656,500,502
False,188.2891,131.7389,58673.6180608,482,502
False,190.2404,131.7158,58673.6498304,498.5,502
False,192.8627,131.5688,58673.681984,477,502
False,195.7614,130.4528,58673.7137408,484,502
False,198.5624,129.3096,58673.7459584,505,502
False,201.7545,128.4818,58673.778944,508.5,502
False,204.8298,127.337,58673.8103936,500.5,502
False,208.0518,126.9556,58673.8427904,499,502
False,212.2853,126.197,58673.8746624,513.5,502
False,217.0208,125.1183,58673.907072,528.5,502
False,222.4586,124.1745,58673.9378688,491,502
False,227.3849,123.0533,58673.9701504,494,502
False,232.6888,122.0424,58674.018048,511.5,502
False,237.1712,121.3991,58674.0499328,491.5,502
False,242.1297,121.3483,58674.0826112,489.5,502
False,247.7077,121.2155,58674.114112,512,502
False,252.708,120.9705,58674.14592,491.5,502
False,257.1497,120.2811,58674.1779328,494.5,502
False,262.4362,119.6133,58674.20992,518.5,502
False,267.3731,119.2767,58674.2428032,503,502
False,271.2605,120.0157,58674.275584,510.5,502
False,275.7007,120.9182,58674.306496,528,502
False,281.0819,120.8845,58674.3380096,531,502
False,286.0342,120.8893,58674.3699968,516.5,502
False,291.2139,120.643,58674.4180864,506.5,502
False,296.2401,120.4651,58674.4503424,527.5,502
False,300.6545,120.7581,58674.4821888,508.5,502
False,305.1743,121.8306,58674.5138048,509.5,502
False,310.1271,122.897,58674.5459072,531,502
False,315.109,123.1358,58674.5783808,523,502
False,321.2266,122.9693,58674.6106112,499.5,502
False,327.1977,122.1564,58674.6427264,513.5,502
False,332.8574,121.6625,58674.6752512,519,502
False,338.5759,122.3951,58674.7065984,518,502
False,344.54,123.5871,58674.73824,538,502
False,350.5798,124.0259,58674.770944,533.5,502
False,357.0129,123.6288,58674.8181632,515,502
False,363.0871,122.7774,58674.8503936,522.5,502
False,368.4961,122.4896,58674.8822912,559,502
False,373.058,122.9344,58674.9138432,548.5,502
False,378.0606,124.0253,58674.9459584,547,502
False,382.4288,124.5186,58674.9780096,555,502
False,386.7556,124.2072,58675.0107264,532.5,502
False,390.9856,123.6254,58675.0431488,533,502
False,394.5748,122.4286,58675.0752512,533.5,502
False,397.4709,121.8055,58675.106624,541.5,502
False,399.9183,121.8778,58675.1379456,548.5,502
False,401.5913,122.5581,58675.1701248,566.5,502
False,404.0689,123.0901,58675.2183936,573.5,502
False,406.0475,123.0756,58675.2505088,568.5,502
False,407.8563,123.4108,58675.28192,570.5,502
False,409.1528,123.5052,58675.314368,542,502
False,410.4317,123.7055,58675.346112,520,502
False,409.357,124.2416,58675.3786752,465,502
False,409.9594,123.5967,58675.4101888,538.5,502
False,410.2178,123.769,58675.4427904,519.5,502
False,410.3345,123.2002,58675.4753152,553.5,502
False,410.3441,123.2237,58675.5069056,555,502
False,410.3491,123.1063,58675.5382144,550.5,502
False,410.4204,123.1281,58675.5701504,553,502
False,410.4563,123.2216,58675.6179584,549,502
False,410.6344,123.4482,58675.6499072,532.5,502
False,410.4487,123.2375,58675.6823424,546,502
False,410.4073,123.1702,58675.7145472,545.5,502
False,410.4251,123.2954,58675.7467392,535.5,502
False,410.1853,123.7124,58675.7782528,513.5,502
False,410.2437,123.0961,58675.8107904,546.5,502
False,410.4052,123.0529,58675.8430208,545,502
False,410.9442,127.9539,58675.8754304,242,502
False,409.2316,118.3173,58675.9069696,249,502
False,408.8593,118.5414,58675.9390208,259.5,502
False,409.8564,122.5125,58675.9702272,519,502
False,410.4834,121.872,58676.018176,497.5,502
False,410.7437,120.9881,58676.050176,460.5,502
False,411.6529,121.0469,58676.0820992,447.5,502
False,412.9087,121.8496,58676.1144448,467.5,502
False,413.7093,122.4767,58676.1468672,512.5,502
False,415.3472,122.7667,58676.1782784,506.5,502
False,416.4714,122.9827,58676.2114432,483,502
False,416.325,122.2508,58676.2433408,476.5,502
False,416.0435,121.6137,58676.275776,459.5,502
False,416.2636,120.9235,58676.306752,468.5,502
False,415.8857,120.6476,58676.338176,463.5,502
False,415.9482,120.6119,58676.37024,466,502
False,416.118,120.8959,58676.4185088,469,502
False,416.0381,121.2011,58676.4505856,472.5,502
False,416.2774,121.0912,58676.4821632,486,502
False,416.5858,120.7687,58676.5140864,503,502
False,417.4234,120.159,58676.5461248,520,502
False,418.4245,119.2017,58676.5782144,535.5,502
False,419.8091,117.9792,58676.6113536,561.5,502
False,421.3108,115.88,58676.6433792,561,502
False,423.1319,114.2315,58676.6755456,587.5,502
False,424.5849,112.7999,58676.706752,601.5,502
False,425.5052,111.1667,58676.7383296,605,502
False,426.3885,109.4862,58676.771072,610.5,502
False,426.9191,108.159,58676.8186112,597.5,502
False,428.0017,106.2941,58676.8501888,581.5,502
False,428.1953,104.3491,58676.8821376,583,502
False,427.8602,101.8255,58676.914176,552,502
False,427.6791,99.98988,58676.946368,576.5,502
False,427.9432,96.95094,58676.9786496,581,502
False,428.3748,94.42416,58677.0104448,594.5,502
False,428.7341,91.83809,58677.0430336,596,502
False,429.1935,88.48769,58677.0756992,609,502
False,429.849,84.44189,58677.1068928,608,502
False,430.2232,79.55182,58677.1390848,595,502
False,430.212,75.8471,58677.1707136,581,502
False,430.0151,72.71212,58677.2193408,605,502
False,429.5222,69.63541,58677.250176,624,502
False,429.6367,67.80701,58677.2822144,623.5,502
False,429.6889,66.33888,58677.3146368,660.5,502
False,429.5688,64.88,58677.3465856,662.5,502
False,429.8711,62.63623,58677.3784576,673.5,502
False,430.3609,60.15076,58677.4103424,660,502
False,430.5023,57.96421,58677.4429696,652,502
False,430.7139,56.3914,58677.4764928,631.5,502
False,430.4354,55.54375,58677.5069312,630.5,502
False,430.386,55.31625,58677.5388928,614.5,502
False,430.4,55.06107,58677.5704576,625,502
False,430.3267,54.68316,58677.618304,626.5,502
False,430.4831,54.4317,58677.6503296,632,502
False,430.6154,54.2918,58677.6825856,634,502
False,430.5185,54.33464,58677.7146496,635.5,502
False,430.6227,54.2844,58677.7466752,633.5,502
False,430.6253,54.28722,58677.7784448,632.5,502
False,430.4383,54.56546,58677.8106496,622.5,502
False,429.9084,55.39228,58677.8430208,613.5,502
False,429.9273,55.54197,58677.8756864,621.5,502
False,429.7835,55.00409,58677.907392,610.5,502
False,429.5701,54.33222,58677.9391104,600.5,502
False,429.9424,53.35728,58677.970432,598.5,502
False,429.9903,53.8372,58678.0182912,582.5,502
False,430.0671,54.55876,58678.050752,571.5,502
False,430.8285,53.20928,58678.082624,614,502
False,430.9345,52.74903,58678.114368,601,502
False,429.9685,53.67156,58678.1464064,545,502
False,430.9969,51.96386,58678.178496,535,502
False,432.0109,50.38966,58678.2106624,503,502
False,430.8822,49.64365,58678.2436608,492.5,502
False,430.0979,49.40106,58678.2761728,470,502
False,430.0182,48.85889,58678.3070464,476,502
False,430.1089,48.36357,58678.3384704,457.5,502
False,430.9435,47.63283,58678.3707136,463,502
False,431.9863,46.93642,58678.419008,474.5,502
False,433.0091,45.69355,58678.450432,496,502
False,434.2602,44.26587,58678.4828544,499,502
False,435.5741,43.03128,58678.5147648,511.5,502
False,437.1178,41.62851,58678.5465472,498,502
False,437.3897,40.81725,58678.5785472,502.5,502
False,436.896,40.50719,58678.61056,498.5,502
False,437.0124,40.13153,58678.6436736,498,502
False,437.5419,39.28732,58678.67616,489,502
False,438.4029,38.33833,58678.7070592,467.5,502
False,439.0237,37.3469,58678.73856,479,502
False,438.9298,36.72886,58678.770432,477,502
False,438.8882,37.10286,58678.8184576,484.5,502
False,438.3763,38.07774,58678.8507264,454.5,502
False,437.9723,39.24111,58678.8827008,426.5,502
False,437.2784,40.78448,58678.9144448,397.5,502
False,436.3281,42.7467,58678.9467904,379,502
False,435.5565,43.55556,58678.9786752,333,502
False,435.5229,44.2412,58679.0113792,345.5,502
False,435.743,43.73047,58679.0436736,384,502
False,436.81,42.92194,58679.0764928,418.5,502
False,438.2724,42.35363,58679.107072,468,502
False,438.7895,40.94518,58679.138944,492.5,502
False,439.5528,39.40551,58679.1708544,508,502
False,440.6305,37.92001,58679.2184704,548,502
False,441.5183,36.60018,58679.2504192,551.5,502
False,441.9231,35.71201,58679.2825472,544,502
False,441.3686,36.14008,58679.3145856,548.5,502
False,441.3107,36.52538,58679.3476992,515.5,502
False,441.3589,36.89831,58679.3792512,483.5,502
False,440.5964,37.58623,58679.4108032,474.5,502
False,440.2481,38.16185,58679.4438656,467.5,502
False,440.2877,38.4512,58679.476096,452.5,502
False,440.2513,38.71633,58679.5072896,443,502
False,439.6772,39.07704,58679.5384448,443.5,502
False,439.4912,39.22039,58679.570944,456,502
False,439.6301,39.21531,58679.618688,442,502
False,439.5641,39.20938,58679.6504704,437,502
False,439.1045,39.46853,58679.6824448,429,502
False,439.3249,39.3635,58679.714688,436.5,502
False,439.2819,39.32757,58679.7474816,434,502
False,438.742,39.96074,58679.7794304,416,502
False,436.4066,41.5713,58679.8107392,370.5,502
False,434.889,43.20334,58679.8436736,359,502
False,434.0758,44.58643,58679.87584,336.5,502
False,433.3085,45.98915,58679.9071744,322.5,502
False,432.5275,46.65358,58679.9394432,318.5,502
False,431.2964,47.11344,58679.9709184,333.5,502
False,430.1273,47.325,58680.0186752,360,502
False,429.3015,48.06218,58680.0505216,356.5,502
False,428.6591,48.39455,58680.0825472,373,502
False,428.205,48.26938,58680.11456,380.5,502
False,428.053,48.22249,58680.1469696,415,502
False,428.9893,47.28266,58680.178688,421,502
False,429.869,45.92293,58680.2108032,432.5,502
False,430.3125,44.64405,58680.2433536,457,502
False,430.055,43.57342,58680.2757504,479,502
False,428.6039,42.33101,58680.3078016,502,502
False,426.2948,41.31359,58680.338624,532,502
False,422.5388,40.21645,58680.3711104,529,502
False,419.9325,39.29945,58680.4186752,546,502
False,418.3672,37.85408,58680.4508288,506,502
False,417.7214,37.23162,58680.4825728,514.5,502
False,417.2155,37.21582,58680.5147136,520.5,502
False,417.3708,37.44777,58680.5470208,485,502
False,417.6112,37.89046,58680.5787904,493,502
False,417.5598,38.26102,58680.61088,472.5,502
False,416.3241,37.94081,58680.6433408,450.5,502
False,413.9617,37.9467,58680.675904,456.5,502
False,409.7931,38.15395,58680.7080448,478.5,502
False,405.7044,38.38062,58680.7394816,504,502
False,401.6725,38.63411,58680.7708032,517,502
False,395.9419,38.66014,58680.8186368,510.5,502
False,390.8546,38.95247,58680.8507648,540,502
False,385.1656,39.30325,58680.88288,482,502
False,380.287,40.21288,58680.9152896,481.5,502
False,375.164,40.57105,58680.9472,509,502
False,370.7895,40.90777,58680.978752,506,502
False,366.3286,40.89352,58681.0108288,491.5,502
False,361.7175,40.83515,58681.043648,504.5,502
False,356.0248,41.61675,58681.0755072,517.5,502
False,350.7694,42.68532,58681.1084032,491.5,502
False,346.0052,43.67944,58681.139328,483,502
False,341.131,44.72579,58681.1709184,521.5,502
False,335.878,45.45111,58681.2186496,508,502
False,331.2991,45.29714,58681.2508032,506.5,502
False,326.6265,45.23948,58681.283648,515,502
False,321.2763,46.49683,58681.3155712,499.5,502
False,315.7695,48.39732,58681.3472384,497.5,502
False,310.1409,50.58527,58681.3793664,495.5,502
False,304.4929,52.36511,58681.4109824,514,502
False,298.5934,53.44212,58681.4433792,502.5,502
False,293.4531,53.59366,58681.4750848,520.5,502
False,286.865,54.17691,58681.5073536,528.5,502
False,281.1216,54.91634,58681.5390848,510,502
False,275.8511,55.83621,58681.571136,492.5,502
False,270.349,56.66199,58681.6191232,499.5,502
False,264.6025,57.19404,58681.6507264,514.5,502
False,260.845,56.94509,58681.6828288,516,502
False,257.0926,56.64202,58681.7148416,527.5,502
False,253.0301,56.33365,58681.7470336,531,502
False,248.7437,56.74759,58681.7794688,519,502
False,244.2792,56.93161,58681.811328,504.5,502
False,240.1975,57.51451,58681.8434432,499.5,502
False,235.8752,57.95734,58681.8750208,523.5,502
False,233.1065,58.07347,58681.9074432,519.5,502
False,232.5946,58.11025,58681.93984,515.5,502
False,232.8156,57.86569,58681.9710848,512.5,502
False,232.9106,57.54566,58682.0188032,511,502
False,233.1634,57.52816,58682.0508672,515,502
False,233.4721,57.34911,58682.0834816,507,502
False,233.0958,57.42175,58682.1148032,516.5,502
False,232.8819,57.43583,58682.1473792,522,502
False,232.8836,57.4856,58682.1789312,521,502
False,233.0256,57.44934,58682.2111488,521.5,502
False,233.1023,57.42852,58682.2435712,516.5,502
False,233.0921,57.41772,58682.2751104,515.5,502
False,233.1059,57.40481,58682.3089408,513,502
False,233.0754,57.43607,58682.3389056,517.5,502
False,233.3238,57.59291,58682.3711232,526.5,502
False,233.7776,57.78981,58682.4191488,517,502
False,233.6296,57.62028,58682.4508672,521,502
False,233.5267,57.60624,58682.4829824,524,502
False,233.4309,57.56366,58682.515008,521,502
False,233.3787,57.45079,58682.5479296,525,502
False,233.2516,57.5256,58682.5793664,530.5,502
False,233.4039,57.37266,58682.611072,517,502
False,233.4423,57.27328,58682.6435456,524.5,502
False,233.5797,57.4436,58682.6749952,523,502
False,233.7652,57.5311,58682.7074688,522.5,502
False,233.6155,57.37767,58682.7391744,537.5,502
False,233.7111,57.25809,58682.7708672,525,502
False,233.6995,57.29354,58682.81888,523.5,502
False,233.6641,57.26775,58682.8508544,521,502
False,233.4143,57.14706,58682.8829568,527,502
False,233.1574,57.19938,58682.9155712,532.5,502
False,232.5352,57.1742,58682.947264,531,502
False,231.6209,56.84727,58682.979712,550,502
False,229.962,56.18903,58683.0111488,544,502
False,227.4811,55.40351,58683.0435712,541.5,502
False,224.7851,54.88683,58683.0767744,540.5,502
False,221.8468,54.28067,58683.1079424,557,502
False,219.1112,53.72343,58683.1389568,572.5,502
False,216.815,52.92997,58683.17088,585.5,502
False,213.7847,51.84118,58683.2189056,584.5,502
False,211.1132,50.34646,58683.2509568,571.5,502
False,207.5291,48.51868,58683.2840448,575.5,502
False,202.9478,46.46127,58683.3149568,568,502
False,198.5181,45.1327,58683.3472512,576.5,502
False,193.3135,43.66171,58683.379584,571,502
False,188.0391,42.20548,58683.4116352,584,502
False,183.5568,40.5234,58683.4437632,573.5,502
False,179.1393,39.24135,58683.4752256,578,502
False,174.1077,37.77521,58683.50752,583.5,502
False,169.4737,37.15567,58683.5389568,576,502
False,164.6121,37.14598,58683.5714944,556,502
False,159.8306,37.62886,58683.6190976,551,502
False,155.6286,37.87347,58683.6514304,573,502
False,151.647,37.43571,58683.6836224,560,502
False,148.2547,37.02872,58683.7155072,574.5,502
False,144.9537,36.40776,58683.7477632,580,502
False,142.0166,35.21045,58683.779264,580.5,502
False,138.9215,34.67598,58683.8111872,573,502
False,135.1646,34.81109,58683.8436992,562,502
False,130.998,35.6635,58683.8764928,579.5,502
False,127.0855,35.90425,58683.9076096,604,502
False,121.8197,35.68417,58683.9390592,600,502
False,116.9231,35.23531,58683.9711232,615.5,502
False,112.1036,34.91749,58684.019072,610,502
False,107.9426,34.27383,58684.0518016,619,502
False,104.5203,34.42981,58684.0834688,615,502
False,100.9685,34.5741,58684.115648,614,502
False,97.52798,35.03731,58684.1473664,616.5,502
False,94.26087,35.41814,58684.1794432,621,502
False,90.8392,35.36565,58684.2113024,639.5,502
False,87.41627,35.23138,58684.2445696,631,502
False,84.63046,34.03088,58684.2766336,626,502
False,80.81205,31.72166,58684.3076864,697,502
False,78.5227,31.38726,58684.3390592,664.5,502
False,77.58353,32.13748,58684.371072,619.5,502
False,77.28198,33.48181,58684.419136,568,502
False,76.52589,34.5389,58684.4516224,550.5,502
False,76.34303,34.96779,58684.4832512,533,502
False,76.79909,34.42648,58684.5152768,513.5,502
False,77.32465,33.0031,58684.5473664,537.5,502
False,77.32705,32.55199,58684.5792128,530.5,502
False,77.2578,32.45156,58684.6117376,523,502
False,76.85751,32.37912,58684.6440832,520.5,502
False,76.48643,32.37786,58684.6754432,546.5,502
False,75.82031,32.72812,58684.7076992,569.5,502
False,74.65919,33.20075,58684.7391104,579.5,502
False,73.08164,34.39893,58684.7712768,592,502
False,71.89203,35.56589,58684.8195968,602,502
False,70.64859,36.95401,58684.851648,627,502
False,69.12349,38.28329,58684.8836352,619.5,502
False,67.99326,39.49528,58684.9153536,617.5,502
False,66.86786,40.2984,58684.947456,615.5,502
False,65.86794,40.73722,58684.9793536,626,502
False,64.77995,41.19584,58685.0114048,640,502
False,63.76302,42.30542,58685.0452992,621,502
False,63.23601,43.2622,58685.0770176,604.5,502
False,62.74443,44.20764,58685.107776,598,502
False,63.26638,45.4927,58685.1393024,582.5,502
False,63.43276,47.07066,58685.17184,585,502
False,63.54774,48.81243,58685.2193664,590,502
False,63.22421,49.96967,58685.2516736,588,502
False,62.89193,51.14677,58685.2831232,603,502
False,62.474,51.82026,58685.3151872,618.5,502
False,62.05006,52.30698,58685.3476608,632.5,502
False,61.76862,52.77734,58685.3796096,631,502
False,61.60925,52.83892,58685.411392,627,502
False,61.79183,52.8079,58685.4441216,632.5,502
False,61.84924,52.93375,58685.4755584,639,502
False,61.8525,52.92123,58685.5078272,630.5,502
False,61.8247,52.85356,58685.5398784,618,502
False,61.91116,52.74437,58685.5718144,628.5,502
False,61.89976,52.84116,58685.6201088,628.5,502
False,61.99265,52.84803,58685.6519168,635,502
False,61.92132,52.88723,58685.6835968,635.5,502
False,61.97076,52.85008,58685.7153536,627,502
False,61.99654,52.87879,58685.7474944,627,502
False,61.93694,52.83969,58685.779456,629,502
False,61.83896,52.83816,58685.8114432,622,502
False,61.92545,52.84904,58685.8447232,626,502
False,62.00157,52.83556,58685.8772096,636.5,502
False,61.94595,52.79942,58685.9079168,629,502
False,61.89532,52.76104,58685.9396224,630.5,502
False,61.91922,52.89746,58685.9714048,635.5,502
False,61.97873,52.87294,58686.0193408,627,502
False,61.91693,52.83438,58686.0511872,634,502
False,61.87303,52.88399,58686.0836736,623.5,502
False,61.93831,52.77628,58686.1153536,629.5,502
False,61.96553,52.87582,58686.1473536,633.5,502
False,61.90438,52.85658,58686.179392,627.5,502
False,62.01744,52.71557,58686.2116096,630.5,502
False,61.90587,52.88293,58686.2447104,625,502
False,62.02902,52.81709,58686.2791168,626,502
False,61.91334,52.96998,58686.3085184,638.5,502
False,61.84586,52.99864,58686.3399936,612,502
False,61.75426,53.43877,58686.3716096,626,502
False,61.69912,53.7734,58686.419648,621.5,502
False,61.56524,53.76513,58686.451392,619.5,502
False,61.60843,53.00211,58686.4835456,632.5,502
False,61.94028,52.47107,58686.5160704,628,502
False,61.91917,51.85402,58686.5478016,616.5,502
False,61.75632,51.44799,58686.5794304,626.5,502
False,61.66745,51.95436,58686.6116096,639,502
False,61.52943,51.88704,58686.6441856,631.5,502
False,61.40973,52.03218,58686.6765824,637,502
False,61.45112,52.07105,58686.7083904,624,502
False,61.48578,52.28199,58686.740096,633,502
False,61.41925,52.39519,58686.7715968,644,502
False,61.41686,52.22108,58686.820288,632.5,502
False,61.41252,52.29387,58686.8516992,633.5,502
False,61.43652,52.35712,58686.8833792,644.5,502
False,61.49306,52.39753,58686.915392,649,502
False,61.41184,52.28717,58686.9474176,639,502
False,61.46178,52.2674,58686.979648,634.5,502
False,61.48386,52.36461,58687.0121472,655.5,502
False,61.39985,52.07368,58687.044608,651.5,502
False,61.32672,51.53155,58687.0768896,655,502
False,61.31591,51.1978,58687.1081216,650.5,502
False,61.21894,50.99326,58687.139648,642.5,502
False,61.26804,51.17011,58687.1715712,653.5,502
False,61.23561,51.32259,58687.220032,651.5,502
False,61.19623,51.20475,58687.2521344,645.5,502
False,61.23258,51.30355,58687.2836608,643.5,502
False,61.12558,51.29892,58687.3161216,649,502
False,61.25782,51.18878,58687.347968,644.5,502
False,61.16298,51.42603,58687.3797376,654.5,502
False,61.2586,51.21283,58687.4116096,644.5,502
False,61.32817,51.2613,58687.4440064,645.5,502
False,61.2757,51.35332,58687.476928,642,502
False,61.21408,51.33593,58687.5083648,641.5,502
False,61.31443,51.36597,58687.5394304,643.5,502
False,61.21324,51.22266,58687.5715328,637,502
False,61.31162,51.236,58687.6195968,637,502
False,61.17778,51.23948,58687.6515328,637.5,502
False,61.31079,51.43501,58687.6841472,636,502
False,61.33099,51.32268,58687.7159168,641.5,502
False,61.24745,51.29379,58687.747648,636.5,502
False,61.28837,51.43462,58687.7796608,645,502
False,61.28391,51.50875,58687.8116352,657.5,502
False,61.20245,51.61657,58687.8441728,652,502
False,61.01875,51.67224,58687.8771712,658,502
False,61.22535,51.50773,58687.9088768,657.5,502
False,61.16498,51.59548,58687.9403776,641.5,502
False,61.11822,51.32871,58687.9715712,648.5,502
False,61.29386,51.02693,58688.0197248,637.5,502
False,61.2678,51.22539,58688.0515584,648.5,502
False,61.0952,51.21594,58688.083648,646,502
False,61.26828,51.28103,58688.1159808,640.5,502
False,61.11467,51.48869,58688.1481856,655.5,502
False,61.13885,51.26807,58688.1796352,641,502
False,61.11691,51.42006,58688.2123776,651.5,502
False,61.21895,51.47044,58688.2449664,645.5,502
False,61.19502,51.28431,58688.2758656,629,502
False,61.05726,51.48096,58688.3080704,634.5,502
False,61.22205,51.46621,58688.3395584,648.5,502
False,61.08832,51.56591,58688.3716352,643.5,502
False,61.22651,51.31758,58688.4200448,635,502
False,61.10995,51.13441,58688.4517248,620,502
False,60.83915,51.37302,58688.483712,630,502
False,60.97115,51.4156,58688.5155968,624,502
False,60.9557,51.44541,58688.54784,632,502
False,61.01036,51.86109,58688.5802496,627.5,502
False,60.98631,51.89479,58688.6128512,621,502
False,61.09023,51.43721,58688.6446592,622.5,502
False,61.1444,51.37706,58688.6760448,617.5,502
False,60.98223,51.48573,58688.708416,619,502
False,61.17101,51.40989,58688.7404672,633.5,502
False,60.78072,51.66304,58688.7717504,643,502
False,60.67535,51.46156,58688.8202752,652.5,502
False,60.53927,51.63239,58688.8515968,651.5,502
False,60.73969,51.72252,58688.8836736,650.5,502
False,60.77865,51.61159,58688.9162368,638.5,502
False,60.85044,51.61283,58688.948288,628.5,502
False,60.86406,51.47725,58688.9798528,626.5,502
False,60.7884,51.64185,58689.0118784,638,502
False,60.76563,51.6638,58689.0442624,640,502
False,60.77161,51.74871,58689.0761984,648,502
False,60.8124,51.83281,58689.1090816,637,502
False,60.67704,51.82879,58689.1405824,642.5,502
False,60.71225,51.88293,58689.1717376,643.5,502
False,60.83999,51.89478,58689.2196608,651,502
False,60.65667,51.89726,58689.2522368,650.5,502
False,60.60393,51.39103,58689.2842624,661.5,502
False,60.56812,51.42704,58689.3158272,654.5,502
False,60.64107,50.88731,58689.3480064,631.5,502
False,60.64617,51.22316,58689.3803392,650.5,502
False,60.48551,51.25621,58689.4122624,644,502
False,60.5237,50.63046,58689.4448128,626,502
False,60.54919,50.90056,58689.4765184,628.5,502
False,60.47363,51.30174,58689.5103744,622.5,502
False,60.85413,51.2112,58689.539776,625,502
False,60.84626,51.6259,58689.572288,625.5,502
False,60.78573,52.01352,58689.6203264,628.5,502
False,60.91888,52.45971,58689.6518784,622.5,502
False,60.58123,53.68272,58689.6837248,612.5,502
False,59.57676,55.80941,58689.7158528,602.5,502
False,59.28323,58.07344,58689.7480704,585.5,502
False,59.66431,61.10474,58689.7802624,566.5,502
False,59.9441,63.68646,58689.8123648,572.5,502
False,61.02236,68.28939,58689.84512,641,502
False,61.38969,70.85783,58689.8764544,656.5,502
False,61.59428,74.33285,58689.9084672,681.5,502
False,61.24763,76.2009,58689.9398272,667,502
False,61.85428,80.41356,58689.9719424,656.5,502
False,62.36094,84.99505,58690.0204672,640,502
False,62.75065,89.28849,58690.0521216,643,502
False,63.84092,93.53097,58690.0838528,648.5,502
False,64.23163,97.1223,58690.1158272,655.5,502
False,64.36,101.2427,58690.1480064,687.5,502
False,63.54228,104.0591,58690.1798784,682,502
False,62.92985,107.8599,58690.212736,698.5,502
False,62.99462,111.832,58690.2452224,681.5,502
False,62.85568,116.4577,58690.2765056,652.5,502
False,63.28049,120.4637,58690.3085824,675,502
False,63.96914,123.7355,58690.33984,680.5,502
False,63.63715,125.6999,58690.3725312,677.5,502
False,62.83665,126.4085,58690.4199808,652,502
False,62.45364,126.2154,58690.4524032,634.5,502
False,62.25713,126.7935,58690.4843904,625.5,502
False,62.63987,126.9622,58690.515904,622,502
False,62.84468,127.111,58690.5479552,624.5,502
False,62.95719,127.2044,58690.5799552,619,502
False,63.01949,127.3396,58690.6120192,607,502
False,63.22789,126.9563,58690.6452352,618,502
False,63.10382,126.5959,58690.6773632,610,502
False,63.231,126.598,58690.7079936,614,502
False,63.12128,126.7178,58690.7398528,622.5,502
False,63.03537,126.6535,58690.7719936,631.5,502
False,62.73133,126.7582,58690.81984,631.5,502
False,62.6458,127.7385,58690.8530048,647,502
False,62.46928,128.223,58690.8838656,651,502
False,62.26398,128.6995,58690.9162624,644,502
False,62.47356,129.1117,58690.9480448,643,502
False,62.48162,129.4876,58690.9804032,644,502
False,63.16185,130.1443,58691.012032,674.5,502
False,63.39598,130.1031,58691.0452608,646.5,502
False,63.94367,130.0974,58691.0765312,645,502
False,64.48091,130.1486,58691.1094656,646,502
False,65.01482,130.2335,58691.139968,629.5,502
False,65.30045,130.0027,58691.171968,628.5,502
False,65.46109,130.2524,58691.220096,634,502
False,65.854,130.622,58691.2520832,645,502
False,65.98794,130.5662,58691.2844288,635.5,502
False,66.04773,130.9898,58691.3165184,635.5,502
False,65.91757,130.8129,58691.347968,643,502
False,65.76889,130.8635,58691.3804288,637.5,502
False,65.84898,130.8751,58691.4125952,644.5,502
False,65.89924,130.7758,58691.4450176,633.5,502
False,65.95556,130.8965,58691.4772992,637.5,502
False,66.18928,130.9075,58691.5086208,637.5,502
False,66.33125,131.0634,58691.5408,639,502
False,66.39548,131.038,58691.5723776,641,502
False,66.63221,131.0741,58691.6202112,638.5,502
False,67.22963,131.0021,58691.652224,630,502
False,67.36025,130.8826,58691.684032,631.5,502
False,67.14806,130.8071,58691.7161472,636,502
False,67.21007,130.8306,58691.7485312,635.5,502
False,67.20721,130.6396,58691.7804288,629,502
False,67.10674,130.8977,58691.8122752,635.5,502
False,67.05,131.0839,58691.8449408,630,502
False,67.11111,130.8884,58691.8774144,615,502
False,67.1581,130.6857,58691.909056,623,502
False,66.5596,130.0221,58691.940096,618,502
False,66.47169,129.3487,58691.9721856,630,502
False,66.4374,129.5026,58692.020288,639,502
False,66.33074,129.5725,58692.0524928,644,502
False,65.88004,129.502,58692.0840704,653,502
False,65.70177,129.7285,58692.116096,660,502
False,66.73644,132.1828,58692.148032,740.5,502
False,65.72042,129.822,58692.1800832,648,502
False,66.87682,132.6917,58692.2126848,732,502
False,65.94577,131.605,58692.245312,670,502
False,66.88445,134.4399,58692.2778368,725.5,502
False,66.33427,135.3063,58692.3087232,715.5,502
False,66.89046,136.2427,58692.3401984,706,502
False,67.78307,136.3795,58692.3725056,693,502
False,66.54412,134.6029,58692.4200192,612,502
False,68.19926,137.6104,58692.4521344,675,502
False,68.57692,138.6725,58692.484288,663,502
False,66.75763,137.8096,58692.5160064,573.5,502
False,68.06269,138.9037,58692.5486464,545,502
False,69.60025,140.3829,58692.5806208,534.5,502
False,73.54854,143.2986,58692.6127488,609.5,502
False,76.03852,144.7063,58692.6448896,623,502
False,78.59917,145.983,58692.67744,597.5,502
False,81.71922,146.3835,58692.7087744,564.5,502
False,83.79674,146.1265,58692.7401856,562.5,502
False,86.3034,146.7457,58692.7728768,573.5,502
False,88.635,147.9472,58692.8205696,568.5,502
False,89.47363,148.2487,58692.8522496,502.5,502
False,93.37953,149.222,58692.8842112,537.5,502
False,98.24399,149.2164,58692.9160448,561.5,502
False,102.914,149.2056,58692.9484416,556,502
False,107.1408,148.9166,58692.9805056,537.5,502
False,109.6719,148.6369,58693.0123648,538.5,502
False,109.3221,142.7759,58693.044928,207.5,502
False,109.5183,147.1495,58693.0772864,431.5,502
False,110.1859,149.2197,58693.1088,516.5,502
False,109.7341,148.5557,58693.1408512,474.5,502
False,109.9582,148.7335,58693.1725824,486,502
False,110.5164,149.5465,58693.2201728,527,502
False,110.9041,149.7088,58693.252224,538.5,502
False,111.4207,149.7361,58693.2845696,532.5,502
False,111.7433,148.6739,58693.3161088,485,502
False,111.1915,144.9681,58693.3488512,271.5,502
False,111.7844,144.9987,58693.3803392,252,502
False,113.7371,144.9415,58693.4128,236.5,502
False,118.6997,149.0279,58693.444992,459.5,502
False,122.061,149.4914,58693.4775552,503,502
False,125.2475,149.0948,58693.5089024,501,502
False,129.2241,149.2034,58693.5402496,485,502
False,132.5908,148.4775,58693.5727872,485.5,502
False,135.8223,147.9866,58693.6203648,498,502
False,139.0208,147.5374,58693.6525568,465.5,502
False,142.2495,146.5146,58693.6841728,467,502
False,143.5233,141.9579,58693.71648,225.5,502
False,144.3989,141.3638,58693.7486592,180.5,502
False,151.6726,151.4838,58693.7803264,226,502
False,153.5416,151.8551,58693.8124416,202.5,502
False,150.2831,141.7899,58693.8450816,219,502
False,152.0978,144.5854,58693.8778112,404,502
False,153.648,146.0581,58693.909184,508,502
False,154.1035,145.905,58693.940416,505.5,502
False,154.3286,145.5314,58693.9723136,488,502
False,155.2078,143.0407,58694.0202752,373,502
False,156.2876,140.6999,58694.0523392,240.5,502
False,159.223,140.2055,58694.0849152,219,502
False,162.33,142.3242,58694.1165824,346,502
False,165.7131,142.7944,58694.148288,430.5,502
False,170.0412,143.4076,58694.1808768,498,502
False,173.6553,142.1229,58694.2124672,484,502
False,177.6071,140.5655,58694.2457472,512.5,502
False,181.4113,139.2866,58694.2780416,517.5,502
False,184.1987,138.1931,58694.3089408,501.5,502
False,186.7723,137.0648,58694.3403392,486,502
False,188.1147,131.5763,58694.3723904,219.5,502
False,192.7306,141.033,58694.4202752,242.5,502
False,193.1111,139.6749,58694.4526336,304.5,502
False,194.1448,142.9283,58694.4845184,125.5,502
False,191.6889,132.7934,58694.5163136,352.5,502
False,191.7096,133.1646,58694.5484544,400,502
False,192.0769,132.5692,58694.5803648,396.5,502
False,192.4037,132.8681,58694.6133632,428.5,502
False,192.7714,134.5972,58694.6450432,506,502
False,192.0727,131.551,58694.678144,330,502
False,194.6909,141.0273,58694.7089152,158.5,502
False,194.5079,139.3073,58694.74048,243.5,502
False,191.6788,128.4961,58694.7725056,150.5,502
False,192.2446,131.0979,58694.8209536,310,502
False,193.0503,132.4605,58694.8526464,394.5,502
False,193.2634,133.4492,58694.8847232,453,502
False,193.5332,131.9943,58694.9163008,379.5,502
False,193.9393,132.3764,58694.9483776,406.5,502
False,194.6297,132.5853,58694.980544,428,502
False,195.658,131.9244,58695.0125952,423.5,502
False,196.2981,131.9371,58695.0455936,421,502
False,196.9344,132.8308,58695.0781696,460,502
False,197.8356,134.263,58695.1089536,524,502
False,198.7299,134.216,58695.1404032,511.5,502
False,200.1699,134.0222,58695.1725056,519,502
False,202.0484,133.2932,58695.2205568,523.5,502
False,204.9391,132.4321,58695.2528768,514.5,502
False,208.6472,131.2657,58695.2843648,539.5,502
False,212.4462,130.3626,58695.3167616,534.5,502
False,216.8427,129.1206,58695.3494656,508.5,502
False,222.5705,128.3985,58695.3805568,521.5,502
False,226.817,125.5226,58695.4126976,368,502
False,231.6597,123.1512,58695.445184,264.5,502
False,236.8444,121.6093,58695.478592,241,502
False,243.2704,124.5213,58695.5094272,453,502
False,248.5459,124.8361,58695.540544,483,502
False,253.8098,125.256,58695.572864,478.5,502
False,257.2997,122.088,58695.6204672,297.5,502
False,262.5649,121.597,58695.6524288,280,502
False,266.955,119.3219,58695.6844544,233.5,502
False,271.9076,120.2317,58695.7164672,362.5,502
False,276.7115,120.0165,58695.7491712,353,502
False,280.7046,119.268,58695.7810304,316.5,502
False,285.0007,118.0819,58695.8126976,228,502
False,293.3161,125.2324,58695.845312,300.5,502
False,296.0568,121.8294,58695.8779904,487.5,502
False,300.6243,120.847,58695.9091584,468.5,502
False,305.8399,123.8601,58695.94144,239.5,502
False,310.0096,123.9721,58695.9725696,173.5,502
False,311.0146,122.1729,58696.0209408,307.5,502
False,310.7561,119.8624,58696.0524928,505,502
False,312.2993,120.7067,58696.0845056,499,502
False,314.2108,121.2172,58696.1164928,495,502
False,315.4456,121.0372,58696.1485824,484,502
False,316.4589,120.2692,58696.1810944,486,502
False,316.6538,119.5249,58696.2133376,465.5,502
False,316.8293,119.0665,58696.2453504,468.5,502
False,316.9047,118.8838,58696.2778496,446,502
False,316.9745,118.8485,58696.3091584,444.5,502
False,317.3038,118.8547,58696.3412992,440.5,502
False,317.7017,118.8024,58696.3729536,433.5,502
False,317.7406,118.658,58696.4207232,421.5,502
False,317.8745,119.0847,58696.4527232,407.5,502
False,317.2794,119.0368,58696.4845696,389,502
False,318.093,118.9143,58696.5179648,414,502
False,318.5089,118.9697,58696.5490048,439.5,502
False,318.9167,118.8569,58696.5807104,448.5,502
False,319.7261,119.1435,58696.6127744,460,502
False,321.1076,119.8913,58696.64544,480,502
False,323.1224,120.9402,58696.6784,493,502
False,325.8857,122.2677,58696.7095936,520.5,502
False,328.7967,123.4001,58696.7406848,529.5,502
False,331.3263,123.994,58696.7726976,499.5,502
False,333.6315,123.7353,58696.8207232,488,502
False,335.9542,123.3212,58696.8526976,480,502
False,337.9034,123.6187,58696.884992,469.5,502
False,339.4287,124.7297,58696.9170304,454.5,502
False,339.9816,126.0958,58696.9489024,407,502
False,341.5077,127.3526,58696.9807232,423.5,502
False,343.6171,128.5203,58697.013696,410,502
False,344.3837,127.9967,58697.045824,400.5,502
False,345.3479,127.5995,58697.0788992,399.5,502
False,345.4236,127.4566,58697.1099648,389.5,502
False,345.8138,127.429,58697.1416192,395.5,502
False,346.224,127.7274,58697.1728128,398,502
False,346.1664,127.6478,58697.2208256,389.5,502
False,345.7127,127.6443,58697.252672,373,502
False,350.3285,129.4194,58697.2846464,478,502
False,346.0255,127.2474,58697.3176192,380,502
False,350.1176,129.0489,58697.3494912,460.5,502
False,350.4771,128.8628,58697.3809408,477.5,502
False,345.4802,127.3236,58697.4132352,324.5,502
False,350.3195,128.7659,58697.445504,457,502
False,349.9485,128.6094,58697.4780928,459.5,502
False,349.5004,128.5073,58697.509696,457,502
False,348.9171,128.3921,58697.5412992,456.5,502
False,345.64,127.6339,58697.5731328,406.5,502
False,346.3139,127.6034,58697.6207488,437,502
False,346.8617,127.3944,58697.6526848,461.5,502
False,347.4015,127.2016,58697.6848256,482,502
False,348.7166,127.0639,58697.7168384,513.5,502
False,350.6268,127.1125,58697.749696,530.5,502
False,353.5356,126.763,58697.7810048,522.5,502
False,356.4987,126.4703,58697.8134528,539,502
False,359.4095,126.4876,58697.84544,542.5,502
False,362.9832,125.8631,58697.8781952,527,502
False,366.5407,125.7292,58697.90944,520,502
False,369.2137,125.9504,58697.9418752,514,502
False,371.846,125.7985,58697.9728512,505.5,502
False,373.7558,124.8725,58698.0207872,495.5,502
False,374.3634,123.6501,58698.0526848,493,502
False,375.2204,122.6105,58698.0848128,493,502
False,376.3975,121.9229,58698.1171328,491,502
False,376.6934,121.9416,58698.149312,473.5,502
False,376.9537,122.2397,58698.1809408,461,502
False,377.2573,122.5981,58698.2130944,467,502
False,377.2004,122.8847,58698.2462336,442.5,502
False,377.2251,122.9401,58698.2788608,445,502
False,377.277,122.8569,58698.3094784,449.5,502
False,377.2123,122.8243,58698.3414784,442,502
False,377.2914,122.6833,58698.3888,441,502
False,377.2851,122.4823,58698.4208128,442,502
False,377.2247,122.5979,58698.4528256,422,502
False,377.6378,122.7126,58698.484928,439,502
False,377.6463,122.7342,58698.5174784,434.5,502
False,377.5505,122.5849,58698.5493504,426,502
False,377.5891,122.6831,58698.5808384,416.5,502
False,377.4594,122.5521,58698.6130944,419,502
False,377.4034,122.6496,58698.6456576,419,502
False,377.1268,122.5207,58698.6790656,415.5,502
False,377.3125,122.3574,58698.71008,415.5,502
False,377.5273,122.2457,58698.7414784,418.5,502
False,377.5064,122.1804,58698.7891072,414,502
False,377.5648,122.1058,58698.8209024,419,502
False,377.5014,122.1493,58698.8536192,408.5,502
False,377.4294,122.1429,58698.8851328,409.5,502
False,377.3839,122.2424,58698.9171712,412.5,502
False,377.3272,122.1788,58698.94912,411,502
False,377.5831,121.966,58698.9810944,421,502
False,377.5555,121.8736,58699.0131456,414,502
False,377.1243,121.9484,58699.0460544,397,502
False,377.0592,121.7418,58699.0783872,399.5,502
False,377.1448,121.6525,58699.1095552,399.5,502
False,377.0684,121.6187,58699.1410176,399.5,502
False,377.2545,121.555,58699.1901312,401.5,502
False,377.765,121.9112,58699.221248,420.5,502
False,377.886,121.7353,58699.2528256,400.5,502
False,378.3671,122.0777,58699.2849408,424.5,502
False,377.9188,121.9586,58699.316928,410.5,502
False,378.2318,121.9437,58699.3491456,387.5,502
False,378.6361,121.7973,58699.3814656,414.5,502
False,378.4642,121.8856,58699.4131968,405,502
False,378.0328,121.9273,58699.4457472,380.5,502
False,378.3268,121.9043,58699.4783104,385,502
False,378.0736,121.5926,58699.5096832,391.5,502
False,377.6045,121.4405,58699.541312,367,502
False,377.3771,121.3297,58699.5893888,362,502
False,377.8864,121.0542,58699.6209408,381.5,502
False,378.0899,121.1523,58699.6530176,382,502
False,378.5527,120.9996,58699.6853888,393.5,502
False,378.5585,120.8587,58699.7170816,397.5,502
False,378.6545,120.8801,58699.7495936,399,502
False,378.6765,120.8006,58699.7814528,404.5,502
False,378.6988,120.7946,58699.8132992,400,502
False,378.7224,120.7933,58699.8457344,404,502
False,378.6465,120.8612,58699.877248,397.5,502
False,378.7873,120.5941,58699.9101056,409,502
False,378.6832,120.5204,58699.9413376,403.5,502
False,378.6298,120.5446,58699.989056,407,502
False,378.431,120.4366,58700.020992,389,502
False,377.9952,120.5015,58700.0530688,379.5,502
False,378.9315,120.3301,58700.0856832,406.5,502
False,379.7423,120.7303,58700.1176576,416.5,502
False,379.8395,120.8821,58700.1492352,403,502
False,379.9667,120.7869,58700.1812864,400.5,502
False,379.98,120.834,58700.213248,399.5,502
False,379.1374,121.1935,58700.2456064,350.5,502
False,379.6467,120.7222,58700.2781568,375,502
False,379.954,120.0491,58700.309952,380.5,502
False,379.2716,120.39,58700.341056,362,502
False,378.9795,120.2626,58700.3890688,358,502
False,378.8162,120.3084,58700.4210304,354.5,502
False,379.0014,120.145,58700.4530432,364.5,502
False,379.274,119.9278,58700.4854784,376.5,502
False,379.2885,119.8813,58700.5173888,379,502
False,379.0192,119.9674,58700.5492224,373.5,502
False,379.0606,119.7272,58700.5812864,377,502
False,378.9369,119.5957,58700.6134528,380.5,502
False,378.8011,119.5363,58700.6469632,374.5,502
False,379.0143,119.313,58700.6789888,385,502
False,378.8859,119.3329,58700.709696,384,502
False,379.1389,119.3251,58700.7413504,384,502
False,379.7776,119.2413,58700.7892352,396.5,502
False,379.5663,119.6894,58700.8211456,382,502
False,380.042,119.6063,58700.8534144,373,502
False,379.8999,119.8624,58700.8855424,364.5,502
False,379.8579,119.6915,58700.9172352,369.5,502
False,379.2971,119.7743,58700.9492096,350,502
False,379.3461,119.6898,58700.9817472,352.5,502
False,379.5434,119.4211,58701.0137728,370.5,502
False,379.4967,119.6522,58701.0460032,356,502
False,379.4632,119.4605,58701.0788736,371,502
False,379.4225,119.4326,58701.1097344,364.5,502
False,379.5103,119.4672,58701.1412352,371,502
False,379.251,119.3098,58701.1896064,360.5,502
False,379.7507,118.7561,58701.2216192,369,502
False,379.6927,118.6737,58701.2531328,358,502
False,379.593,118.3911,58701.2851328,369,502
False,379.3936,119.1215,58701.3172224,343,502
False,379.086,119.4369,58701.34944,331.5,502
False,378.9789,119.8025,58701.3825024,324,502
False,378.6082,120.0314,58701.4139136,308,502
False,378.3227,120.1683,58701.446016,298,502
False,378.2291,120.2952,58701.4774656,292.5,502
False,378.1437,120.2191,58701.5101696,283,502
False,378.1153,120.3524,58701.5415424,279,502
False,378.4795,119.9538,58701.589248,292,502
False,378.3124,120.1498,58701.621184,287,502
False,378.3265,119.8421,58701.6531584,294.5,502
False,378.632,119.934,58701.6852224,293,502
False,378.3655,120.0532,58701.7177216,285,502
False,378.5933,119.9255,58701.749632,293,502
False,378.7069,119.7007,58701.7812864,298.5,502
False,378.2558,119.9189,58701.813568,279.5,502
False,378.3695,119.5874,58701.8460032,290,502
False,378.1843,119.8834,58701.8794624,283,502
False,378.6469,119.7214,58701.909888,295.5,502
False,378.6767,119.7184,58701.9423232,299.5,502
False,378.926,119.9139,58701.9896064,304,502
False,378.6319,120.1359,58702.021248,306.5,502
False,378.5885,120.1575,58702.0533888,298.5,502
False,378.8779,119.8867,58702.085312,304.5,502
False,379.0785,119.8896,58702.1175936,303.5,502
False,378.8401,119.9697,58702.1498368,308.5,502
False,378.7236,119.9754,58702.181504,304.5,502
False,378.7261,119.7576,58702.2136576,297,502
False,378.6477,119.7471,58702.2461312,298.5,502
False,378.7838,119.6715,58702.2794624,307.5,502
False,378.8589,119.6916,58702.311296,307,502
False,378.7635,119.7794,58702.3420288,303,502
False,378.9408,119.4549,58702.3895296,307,502
False,379.0327,119.5298,58702.4212608,310.5,502
False,379.0369,119.7649,58702.4533248,307,502
False,378.9728,119.7781,58702.4854016,312.5,502
False,378.9602,119.8944,58702.5175936,314,502
False,378.8256,120.1485,58702.5494784,303,502
False,379.3344,119.901,58702.5815168,311.5,502
False,379.3861,120.0043,58702.6136064,312.5,502
False,379.9725,120.0285,58702.6459392,321.5,502
False,380.0396,119.9863,58702.67936,315.5,502
False,380.5489,119.5907,58702.7102592,335.5,502
False,380.802,119.3634,58702.7414784,343.5,502
False,380.8707,119.2126,58702.7893888,350.5,502
False,381.0713,119.2476,58702.82144,357.5,502
False,380.7662,119.1912,58702.8533376,356.5,502
False,380.8459,118.7585,58702.8859008,377.5,502
False,380.1891,119.1138,58702.917376,356,502
False,379.8541,119.2826,58702.95008,345,502
False,379.6881,119.2501,58702.9821568,342.5,502
False,379.7804,119.3299,58703.0141952,344.5,502
False,379.6279,119.3425,58703.0460288,344,502
False,379.9836,119.4123,58703.0777216,354.5,502
False,380.3932,119.7125,58703.1100928,370.5,502
False,380.5622,120.0235,58703.14144,376.5,502
False,380.6487,120.314,58703.1897216,380,502
False,381.1858,120.5603,58703.2217728,401,502
False,381.5305,120.8385,58703.253504,406.5,502
False,381.5316,121.4133,58703.2853504,408.5,502
False,381.7512,121.5682,58703.317376,418,502
False,381.7389,121.6081,58703.3502848,415.5,502
False,381.6891,121.5731,58703.381568,415,502
False,381.3515,121.6398,58703.4137984,403.5,502
False,381.4988,121.4588,58703.4465024,409,502
False,380.6554,121.4578,58703.4777472,385.5,502
False,381.1943,121.5162,58703.510144,407.5,502
False,381.1681,121.5077,58703.5415296,400.5,502
False,381.1523,121.6344,58703.5898752,393,502
False,381.2577,121.6978,58703.6218496,396.5,502
False,381.4936,121.7214,58703.6534528,414,502
False,381.4712,121.9141,58703.6855808,407.5,502
False,381.185,121.8866,58703.7176064,395.5,502
False,380.9487,121.5636,58703.7497728,386.5,502
False,381.1006,121.6599,58703.7821696,392.5,502
False,381.1675,121.5115,58703.8141056,393,502
False,380.7679,121.5796,58703.84608,377,502
False,380.3526,121.3826,58703.8779008,372.5,502
False,380.8844,121.373,58703.9101312,386.5,502
False,380.9298,121.4133,58703.9422976,392,502
False,380.901,121.4567,58703.9898624,390.5,502
False,381.1465,121.5331,58704.0217344,388,502
False,380.6857,121.7309,58704.0534656,376.5,502
False,380.8008,121.8382,58704.0854912,374,502
False,380.6993,122.1374,58704.1176192,372.5,502
False,380.3092,121.8671,58704.1500928,372.5,502
False,380.8734,121.9952,58704.1815808,383,502
False,381.1255,121.9299,58704.2137984,394.5,502
False,381.1862,122.0271,58704.2462336,393,502
False,381.1877,122.0316,58704.2779392,396,502
False,381.1909,122.0578,58704.310528,392,502
False,381.2981,121.9647,58704.3419008,397,502
False,381.2238,121.9329,58704.3895296,392.5,502
False,381.3584,121.9383,58704.421568,392,502
False,381.1908,121.9601,58704.4544768,393,502
False,381.4492,122.0905,58704.4865792,394,502
False,381.4658,122.0075,58704.5179904,399,502
False,380.9141,122.0579,58704.5497984,386,502
False,381.2845,122.008,58704.5817856,395.5,502
False,381.3062,122.0242,58704.6138624,393,502
False,381.5674,122.036,58704.646464,403,502
False,381.5131,122.3072,58704.6795392,396,502
False,381.5934,122.2835,58704.7106304,411.5,502
False,381.7701,122.3075,58704.7415936,412.5,502
False,381.6021,122.2088,58704.7896064,405.5,502
False,381.4004,122.0925,58704.821632,400,502
False,381.0824,122.0836,58704.8540288,392.5,502
False,381.4994,122.1476,58704.8860288,397.5,502
False,381.696,122.1089,58704.9175424,408.5,502
False,381.429,121.9724,58704.9499648,399,502
False,381.4244,122.0458,58704.9818496,397,502
False,381.557,122.1052,58705.013824,410.5,502
False,381.732,122.4203,58705.047168,400.5,502
False,381.2781,122.5463,58705.079424,401.5,502
False,381.452,122.4411,58705.1116672,411.5,502
False,381.3412,122.2042,58705.1429504,404,502
False,381.4427,122.0451,58705.1900032,402.5,502
False,381.0602,121.662,58705.221632,396,502
False,381.0709,121.5196,58705.25376,411.5,502
False,381.6429,121.7049,58705.2857088,448.5,502
False,382.6601,122.3,58705.3176448,479.5,502
False,384.2355,123.4879,58705.352256,511,502
False,386.359,125.7117,58705.3821568,544.5,502
False,389.8499,128.7483,58705.41408,557.5,502
False,392.691,132.0206,58705.446976,534.5,502
False,394.9333,133.7829,58705.478848,537.5,502
False,397.2369,134.3929,58705.5106176,562,502
False,399.0551,135.1092,58705.5419776,557,502
False,400.6763,136.067,58705.5900928,554.5,502
False,402.3275,137.5413,58705.6224768,538.5,502
False,404.3315,139.4871,58705.6541312,541,502
False,409.2009,142.8372,58705.6858752,581.5,502
False,411.3245,143.5205,58705.7178624,581.5,502
False,413.0443,143.0078,58705.750272,598.5,502
False,414.7116,142.5491,58705.7821824,604,502
False,412.7128,139.938,58705.8139136,484,502
False,417.5234,142.7222,58705.8467072,594.5,502
False,418.7523,143.5841,58705.8788352,591.5,502
False,419.3605,144.1487,58705.911104,588.5,502
False,419.9815,144.7236,58705.942976,576.5,502
False,415.6322,142.6533,58705.9901184,449.5,502
False,419.5588,144.825,58706.022336,551.5,502
False,415.2491,142.4922,58706.0538624,437.5,502
False,419.3354,144.7638,58706.0862592,549,502
False,414.4968,142.1114,58706.11776,413,502
False,419.5005,144.6622,58706.1500032,562.5,502
False,416.2812,142.3425,58706.1822976,473,502
False,416.6759,142.7029,58706.2139264,469.5,502
False,416.8385,143.0521,58706.2468864,438.5,502
False,416.9325,142.9641,58706.2780288,432,502
False,416.6872,142.7582,58706.3105408,422.5,502
False,416.3374,142.7095,58706.3429632,408.5,502
False,416.1166,142.391,58706.389888,404.5,502
False,416.2746,142.2258,58706.4223488,403,502
False,416.3362,142.0721,58706.4545536,400,502
False,421.4862,144.0295,58706.4861056,543,502
False,416.4647,142.0381,58706.5184128,384.5,502
False,422.2487,144.4379,58706.549888,527.5,502
False,422.2536,144.4561,58706.5828864,522.5,502
False,422.5358,144.7424,58706.6142976,526,502
False,422.2773,144.999,58706.6469376,499.5,502
False,421.7169,144.8979,58706.6783232,494.5,502
False,421.7899,144.9066,58706.7103616,487,502
False,421.7968,144.8112,58706.7418368,497,502
False,421.45,144.7503,58706.7903488,490,502
False,421.4874,144.7853,58706.8218752,470.5,502
False,421.2963,144.631,58706.8537984,467.5,502
False,421.0014,144.4567,58706.8860928,467.5,502
False,421.1096,144.2399,58706.9179776,465.5,502
False,421.0606,144.0453,58706.9505792,478.5,502
False,420.8339,144.0691,58706.9822336,484.5,502
False,420.3537,144.3386,58707.0141312,475.5,502
False,420.1215,144.5735,58707.0471936,476,502
False,420.3145,144.875,58707.0784,494.5,502
False,420.2277,145.0288,58707.1105664,486,502
False,420.242,145.1521,58707.141888,480,502
False,420.0127,145.0067,58707.189952,472.5,502
False,420.0752,144.8823,58707.2228992,474.5,502
False,419.826,144.7751,58707.2543616,462.5,502
False,419.9118,144.5426,58707.2860928,465,502
False,419.693,144.4724,58707.3179392,462.5,502
False,419.5004,144.6961,58707.3500288,442,502
False,418.9892,144.5652,58707.3820288,430.5,502
False,418.3483,144.3818,58707.415104,423,502
False,417.5123,144.4403,58707.4468864,400.5,502
False,417.3798,144.3636,58707.4797312,391,502
False,416.675,144.107,58707.5105536,378.5,502
False,416.0763,143.9287,58707.5419136,367,502
False,415.4254,143.8097,58707.5901952,353,502
False,414.5065,143.6915,58707.6220544,335,502
False,413.4861,143.4613,58707.6544768,342.5,502
False,413.1771,143.5038,58707.6864256,327.5,502
False,413.1318,143.4723,58707.7184384,325,502
False,413.0552,143.0117,58707.7500416,341,502
False,413.2748,143.1311,58707.7820416,344.5,502
False,413.2855,143.1671,58707.8141184,345,502
False,413.154,143.1632,58707.847552,341,502
False,413.3224,143.0009,58707.8800384,350,502
False,413.3044,143.2497,58707.910912,329,502
False,413.3739,143.0529,58707.942016,324.5,502
False,413.4676,142.9426,58707.9899648,336.5,502
False,413.4307,142.5281,58708.022144,335.5,502
False,413.6473,142.5794,58708.0543616,326.5,502
False,413.5217,142.2297,58708.0860544,334.5,502
False,413.7757,141.9106,58708.1179648,341,502
False,413.7009,141.7038,58708.1500544,350.5,502
False,413.8903,141.5457,58708.1821056,357,502
False,413.6433,141.6547,58708.215168,349,502
False,413.9095,141.6964,58708.247424,353.5,502
False,413.8015,141.8123,58708.278592,353.5,502
False,413.7687,141.715,58708.3107072,344.5,502
False,413.7904,141.754,58708.3421184,330,502
False,413.9388,141.9073,58708.390144,365,502
False,413.4305,141.9286,58708.4226304,348,502
False,413.4404,142.3352,58708.4541312,355,502
False,413.464,142.5018,58708.4867456,361,502
False,413.5576,142.5895,58708.5183232,360.5,502
False,414.363,142.567,58708.5504256,388,502
False,415.0198,142.5708,58708.5823616,403.5,502
False,415.4962,142.5403,58708.6156416,411.5,502
False,416.0052,142.7105,58708.6471808,414.5,502
False,416.2238,142.6885,58708.6794496,412.5,502
False,416.1244,142.4096,58708.710976,404.5,502
False,416.4856,142.4745,58708.7430656,406,502
False,416.4447,141.957,58708.79072,407,502
False,416.259,141.7313,58708.8224512,394.5,502
False,416.2251,141.714,58708.8540928,383.5,502
False,416.5741,141.1163,58708.8861952,392.5,502
False,416.7112,140.5813,58708.9183488,412,502
False,416.4729,140.7768,58708.9506176,408.5,502
False,415.4153,140.9375,58708.9827968,413,502
False,415.0783,141.1952,58709.0145408,415,502
False,414.9864,141.2311,58709.046912,417.5,502
False,415.139,141.2228,58709.0793984,410,502
False,415.1356,141.3122,58709.1110016,410.5,502
False,414.9067,141.4979,58709.142528,393,502
False,414.8705,141.8198,58709.191104,394,502
False,414.68,141.7821,58709.2226432,388.5,502
False,414.6845,142.0255,58709.2543872,391.5,502
False,414.798,142.1012,58709.286208,387,502
False,414.8143,141.9484,58709.3187712,394,502
False,414.9437,141.8962,58709.3502336,396.5,502
False,414.6632,141.872,58709.3837184,385.5,502
False,414.8274,141.8197,58709.4144128,391,502
False,414.7735,141.7382,58709.4475008,387,502
False,414.6075,141.493,58709.4792832,380,502
False,414.7793,141.4592,58709.5106816,376,502
False,414.8539,141.4894,58709.5423616,385.5,502
False,414.9592,141.3762,58709.5907456,392.5,502
False,414.8492,141.3364,58709.6223872,384.5,502
False,414.8897,141.3979,58709.654208,387,502
False,414.8845,141.7418,58709.686272,388,502
False,414.5478,141.7622,58709.7184256,385.5,502
False,414.5566,142.3781,58709.7514624,365,502
False,414.5374,142.2171,58709.782272,370,502
False,414.6192,142.1617,58709.814912,386.5,502
False,414.5077,142.1136,58709.8474112,378.5,502
False,414.3761,141.7346,58709.8802944,378,502
False,414.495,141.6461,58709.9111808,398,502
False,414.3649,141.7835,58709.9422848,396.5,502
False,414.0757,141.765,58709.9904,405,502
False,414.2076,142.1312,58710.0224128,425.5,502
False,414.229,142.4212,58710.0542464,444,502
False,414.1014,143.1087,58710.0866304,460,502
False,413.8394,142.6667,58710.1183232,439,502
False,412.7685,142.0576,58710.1503744,414,502
False,411.6389,142.1299,58710.1823616,401.5,502
False,410.5546,141.7403,58710.2144512,364.5,502
False,409.8721,142.1791,58710.2475008,348,502
False,409.291,142.6283,58710.2801536,334.5,502
False,407.7571,142.7276,58710.3108864,344.5,502
False,410.4077,138.5082,58710.3425152,224,502
False,409.157,139.3959,58710.3904768,277,502
False,407.7908,140.2358,58710.4223872,307.5,502
False,405.5838,142.1823,58710.4547328,374,502
False,403.8062,143.111,58710.4866048,402.5,502
False,401.5016,144.216,58710.5184768,426,502
False,399.1663,144.988,58710.5503232,459,502
False,396.4402,145.8181,58710.5824,482,502
False,393.8381,145.9274,58710.6151936,502.5,502
False,391.2568,145.338,58710.6477312,505,502
False,389.6618,144.6719,58710.6797952,479.5,502
False,388.9236,144.6409,58710.7103744,460,502
False,388.3204,144.8788,58710.7424512,438.5,502
False,387.2242,145.6331,58710.7909248,432,502
False,385.9831,145.9005,58710.8229632,434,502
False,384.2925,146.0561,58710.8542848,425,502
False,383.3747,146.1395,58710.886656,411,502
False,381.3181,146.381,58710.9187712,416.5,502
False,379.3711,146.0381,58710.9507968,406.5,502
False,377.7298,145.1092,58710.982592,398.5,502
False,376.5006,144.3685,58711.0146688,402.5,502
False,374.9813,144.024,58711.0471552,410,502
False,373.4549,144.4309,58711.0797952,389.5,502
False,372.1927,145.1467,58711.1113856,380.5,502
False,371.2993,145.577,58711.1425024,377.5,502
False,371.1969,145.6967,58711.1904256,355.5,502
False,371.1869,145.7635,58711.2224128,349.5,502
False,371.1298,145.9203,58711.2543488,359.5,502
False,371.1487,146.0091,58711.2868608,367.5,502
False,371.0208,145.9878,58711.3189504,369,502
False,371.0617,145.9,58711.3509248,370,502
False,371.0469,145.9531,58711.3830144,369.5,502
False,370.9864,145.9665,58711.414784,368.5,502
False,370.9144,145.8082,58711.4472576,372,502
False,371.0283,145.9767,58711.4799616,371.5,502
False,371.1582,146.0958,58711.5110016,363.5,502
False,370.9614,146.2415,58711.5431424,354,502
False,371.1704,146.2228,58711.5910144,359,502
False,371.3633,146.1094,58711.6224512,361,502
False,371.4852,146.3161,58711.6544384,348,502
False,371.6292,146.3452,58711.6865152,351.5,502
False,371.6841,146.338,58711.7187968,355,502
False,371.5288,146.2259,58711.7506816,361.5,502
False,371.1353,146.0927,58711.7827968,372,502
False,371.1395,146.0432,58711.8147328,370.5,502
False,371.0291,146.0455,58711.8473856,366.5,502
False,370.9869,146.0862,58711.880576,369.5,502
False,370.9696,146.0566,58711.9110784,362,502
False,370.9718,146.1613,58711.9435392,372,502
False,370.9278,146.1799,58711.990592,371.5,502
False,370.9492,146.2087,58712.0225792,370.5,502
False,370.9216,146.164,58712.0544512,370,502
False,370.9669,146.2104,58712.086848,367.5,502
False,370.9057,146.2594,58712.1188608,367.5,502
False,370.9842,146.2173,58712.1510784,369,502
False,370.8767,146.2511,58712.1827328,369,502
False,370.8896,146.203,58712.2148352,367,502
False,370.8391,146.1984,58712.2472064,373,502
False,370.777,146.192,58712.2812032,371.5,502
False,370.7176,146.1554,58712.3113728,370,502
False,370.8279,146.1965,58712.3428864,369,502
False,370.8832,146.1836,58712.390656,369.5,502
False,370.7988,146.2391,58712.4226688,369.5,502
False,370.8905,146.2302,58712.454592,368.5,502
False,370.6261,146.2311,58712.4869632,373.5,502
False,370.6807,146.1911,58712.51872,369,502
False,370.7936,146.1247,58712.5512832,373,502
False,370.7397,146.1732,58712.5833472,367.5,502
False,370.8302,146.1914,58712.6147712,371,502
False,370.6527,146.164,58712.6472448,371,502
False,370.8679,146.2552,58712.6787968,367,502
False,370.6765,146.2278,58712.711104,371,502
False,370.7599,146.2201,58712.7429632,368,502
False,370.7979,146.2053,58712.7906304,371,502
False,370.7209,146.2418,58712.8226944,375,502
False,370.7562,146.1181,58712.8546688,374,502
False,370.8329,146.2242,58712.8866304,371,502
False,370.8042,146.2587,58712.9190016,368.5,502
False,370.8363,146.2472,58712.9512192,367.5,502
False,370.8495,146.3201,58712.9828736,366.5,502
False,370.6785,146.2562,58713.0148224,367.5,502
False,370.3669,146.2945,58713.0476672,382,502
False,370.2361,146.4635,58713.080256,385.5,502
False,370.3648,146.3258,58713.1113344,397.5,502
False,370.5269,146.2666,58713.1426432,397,502
False,370.1658,145.8003,58713.1909632,399,502
False,370.3387,145.6254,58713.2229504,408,502
False,370.1126,145.1078,58713.25504,419,502
False,369.7611,144.6436,58713.2870656,434,502
False,369.8558,144.0913,58713.3190528,434.5,502
False,369.8984,143.988,58713.3520128,431.5,502
False,370.1176,144.3313,58713.3833344,416.5,502
False,369.9237,144.4247,58713.4153216,419.5,502
False,369.7925,144.3253,58713.4474496,414.5,502
False,369.6833,144.229,58713.4790144,410.5,502
False,369.7062,144.1248,58713.5117056,408.5,502
False,369.5566,143.9422,58713.5434368,418,502
False,369.4573,143.9151,58713.5908608,414,502
False,369.3734,143.8934,58713.6227584,416,502
False,369.4285,143.9245,58713.6546944,415,502
False,369.3967,143.8951,58713.6875008,413,502
False,369.4567,143.9854,58713.71872,409.5,502
False,369.539,144.071,58713.7513216,408.5,502
False,369.4156,144.0595,58713.7829504,411.5,502
False,369.3422,143.9323,58713.8149888,413.5,502
False,369.376,143.9565,58713.8475392,414,502
False,369.4488,143.9972,58713.8805376,413,502
False,369.3224,143.9245,58713.9117312,413,502
False,369.3176,143.9442,58713.9428864,412.5,502
False,369.3038,143.9947,58713.990848,412,502
False,369.4206,144.0049,58714.0227328,412.5,502
False,369.4565,144.0785,58714.0550144,407.5,502
False,369.4757,144.1152,58714.0868224,405,502
False,369.4155,144.1196,58714.1187456,405.5,502
False,369.4573,144.2206,58714.1508096,402,502
False,369.4503,144.1256,58714.1831808,407.5,502
False,369.3748,144.0444,58714.2163328,409.5,502
False,369.4368,144.1538,58714.2481408,407.5,502
False,369.4784,144.2252,58714.2801408,405.5,502
False,369.4713,144.2454,58714.3113984,409.5,502
False,369.3696,144.0901,58714.342976,409,502
False,369.3456,144.1188,58714.3910656,407,502
False,369.2698,144.1618,58714.4231296,412,502
False,369.2958,144.0524,58714.455104,413.5,502
False,369.3666,144.1644,58714.4867712,410.5,502
False,369.4794,144.1712,58714.518784,405,502
False,369.4573,144.2206,58714.550848,402,502
False,369.4011,144.0208,58714.5834368,408.5,502
False,369.2233,143.9478,58714.615744,415,502
False,369.3539,143.9899,58714.6475776,413,502
False,369.4211,144.0679,58714.6791296,410,502
False,369.3614,144.1294,58714.7113344,409.5,502
False,369.2997,144.3294,58714.7429248,420.5,502
False,369.6372,144.5998,58714.7914496,418.5,502
False,369.7467,144.2796,58714.8232576,418.5,502
False,369.1373,143.7003,58714.8549504,411.5,502
False,368.4752,142.4669,58714.88736,420.5,502
False,367.5407,140.26,58714.9188992,409,502
False,366.4755,138.913,58714.951168,417.5,502
False,365.4739,138.3552,58714.9833472,418.5,502
False,364.6125,137.8213,58715.01536,415,502
False,363.789,136.9461,58715.0479232,402,502
False,363.5179,136.4005,58715.0795648,382,502
False,363.3926,135.799,58715.1115008,376.5,502
False,363.5899,134.8203,58715.1428608,388.5,502
False,363.4511,134.5767,58715.191424,365,502
False,363.2306,133.5141,58715.2229632,378,502
False,362.3185,133.2187,58715.2548736,381,502
False,361.8108,133.0769,58715.2873088,381.5,502
False,361.4243,133.4668,58715.3193984,381,502
False,361.2083,134.1096,58715.3511552,368,502
False,361.7198,133.7933,58715.3830016,376.5,502
False,361.5753,134.0946,58715.415104,363,502
False,361.4089,134.7732,58715.4484736,339.5,502
False,361.7441,134.3768,58715.4804992,353,502
False,361.873,134.4631,58715.5121024,354.5,502
False,361.8474,134.8821,58715.5429632,345,502
False,361.9368,135.1038,58715.5910144,332.5,502
False,362.0195,135.3216,58715.6230272,342,502
False,362.0014,135.048,58715.6553088,357.5,502
False,362.1171,134.8914,58715.687104,368.5,502
False,362.0179,134.8251,58715.7196544,373.5,502
False,361.6398,134.3312,58715.7512576,390.5,502
False,361.3419,133.8205,58715.7830272,391,502
False,360.8681,133.4066,58715.8154752,398,502
False,360.5824,133.2901,58715.848448,389.5,502
False,360.5584,133.4454,58715.8805504,388,502
False,360.5335,133.6922,58715.9116672,378,502
False,360.551,133.5471,58715.9430016,386,502
False,360.4834,133.5671,58715.9910912,386.5,502
False,360.5107,133.4676,58716.0231552,391,502
False,360.6497,133.4837,58716.0552832,384.5,502
False,360.5084,133.4607,58716.0870656,388.5,502
False,360.5419,133.5121,58716.11904,386,502
False,360.5394,133.4476,58716.151616,385,502
False,360.5197,133.4135,58716.1831168,389,502
False,360.4175,133.4252,58716.215936,392,502
False,360.49,133.3704,58716.2484736,391.5,502
False,360.5995,133.4785,58716.2796544,384.5,502
False,360.4736,133.5341,58716.3117312,388.5,502
False,360.5379,133.4836,58716.3430016,387,502
False,360.4656,133.4699,58716.3915776,390.5,502
False,360.3939,133.3901,58716.4232704,393.5,502
False,360.5557,133.4826,58716.4556544,387.5,502
False,360.5279,133.5123,58716.4875136,385.5,502
False,360.3677,133.4682,58716.5190784,388,502
False,360.4861,133.568,58716.5511296,385,502
False,360.5424,133.5033,58716.5832064,383.5,502
False,360.4403,133.525,58716.6160256,389.5,502
False,360.5239,133.5084,58716.6483968,387.5,502
False,360.5397,133.5126,58716.680064,382,502
False,360.4861,133.5239,58716.7116928,384,502
False,360.48,133.5045,58716.7431168,388.5,502
False,360.5069,133.4199,58716.7911808,389,502
False,360.5266,133.5136,58716.8235136,385.5,502
False,360.548,133.4764,58716.8551808,389,502
False,360.268,133.1765,58716.887232,388,502
False,359.9529,132.9971,58716.9191424,403,502
False,359.6522,132.362,58716.9511424,413.5,502
False,359.7054,132.0943,58716.9840768,408.5,502
False,359.8901,132.0304,58717.0153472,411,502
False,360.1618,132.1799,58717.0486016,415,502
False,360.0899,131.845,58717.0797184,422.5,502
False,359.9255,131.7055,58717.111808,420.5,502
False,359.8892,131.643,58717.1431296,422.5,502
False,359.8814,131.4842,58717.191296,423,502
False,359.9502,131.7125,58717.2236544,418.5,502
False,359.8764,131.7146,58717.256,414,502
False,359.8708,131.7602,58717.2873088,420.5,502
False,359.7551,131.8432,58717.319168,414.5,502
False,359.7437,131.7365,58717.3511808,420,502
False,359.8179,131.8944,58717.3835776,416.5,502
False,359.7787,131.8463,58717.4156928,419.5,502
False,359.7735,131.752,58717.4481152,418,502
False,359.7393,131.6743,58717.4797312,417.5,502
False,359.7568,131.6826,58717.5117696,418,502
False,359.7442,131.7406,58717.5432448,417,502
False,359.7015,132.0547,58717.5921152,411,502
False,359.7508,131.7951,58717.6233856,414,502
False,359.6898,131.6994,58717.6556672,417.5,502
False,359.7745,131.7335,58717.6873472,419,502
False,359.6707,131.7549,58717.7193344,417.5,502
False,359.6859,131.7248,58717.7513728,415.5,502
False,359.7056,131.8948,58717.7836032,415,502
False,359.6977,131.6583,58717.8153984,418.5,502
False,359.5612,131.1389,58717.8481152,428.5,502
False,359.052,130.6236,58717.8806016,429.5,502
False,359.0126,130.1063,58717.9118848,437.5,502
False,359.1535,129.5436,58717.9442432,437.5,502
False,359.244,129.2359,58717.991808,433,502
False,359.3893,128.6966,58718.0233984,429,502
False,359.6324,127.9837,58718.0559232,428.5,502
False,359.3463,127.5689,58718.0876928,426,502
False,359.2266,127.9202,58718.1195776,428,502
False,359.2061,127.9925,58718.1515776,424.5,502
False,359.0259,127.8413,58718.1835392,438,502
False,358.6195,127.3764,58718.2154368,445.5,502
False,358.0973,125.9632,58718.2488832,457.5,502
False,357.4274,123.5831,58718.27968,492.5,502
False,357.0144,120.3693,58718.311872,496.5,502
False,356.7011,117.3536,58718.3432448,494,502
False,356.6879,113.8001,58718.3912704,503.5,502
False,357.0353,110.8479,58718.4238464,514,502
False,357.1969,107.5501,58718.4557056,510.5,502
False,357.2123,104.2626,58718.487424,478,502
False,356.2836,101.1187,58718.519808,476,502
False,355.1682,98.4362,58718.5520256,471.5,502
False,354.1775,94.5139,58718.583552,485.5,502
False,353.8178,90.38985,58718.6157312,489.5,502
False,354.2067,86.6068,58718.6479744,509.5,502
False,354.773,82.12643,58718.679552,555,502
False,354.9357,77.55869,58718.7118592,568,502
False,354.8872,73.89133,58718.74368,569,502
False,355.1241,69.21413,58718.7918208,549.5,502
False,355.3423,64.89701,58718.8239104,540.5,502
False,354.9963,61.28979,58718.8554112,543.5,502
False,354.8329,58.59415,58718.8875136,535.5,502
False,354.8545,56.89741,58718.9195648,528,502
False,355.6089,56.01117,58718.9514752,522,502
False,357.0805,54.75278,58718.9839744,509,502
False,358.5572,52.8158,58719.0158976,470.5,502
False,358.6512,51.56155,58719.0484224,463,502
False,358.3256,49.80023,58719.0797056,430.5,502
False,358.032,48.4525,58719.111936,386,502
False,357.8794,48.52684,58719.1437184,416,502
False,358.2748,47.70441,58719.1919488,393,502
False,358.7153,47.43316,58719.2238848,384,502
False,359.4557,46.72917,58719.2563712,384,502
False,360.4243,45.76754,58719.2873472,401.5,502
False,361.5135,45.09714,58719.3194624,401.5,502
False,362.4675,44.32672,58719.351616,428.5,502
False,363.6381,43.40008,58719.3838336,419.5,502
False,364.3803,42.31714,58719.4159232,422,502
False,365.5909,40.89223,58719.4484992,416,502
False,365.6196,40.58282,58719.4801024,403.5,502
False,365.4704,40.52835,58719.5142272,388,502
False,365.4111,40.71472,58719.5437824,381.5,502
False,365.1758,41.05149,58719.591488,375.5,502
False,364.7178,41.5158,58719.6235264,374.5,502
False,364.6707,41.72014,58719.6553856,374,502
False,364.634,41.71172,58719.687616,362.5,502
False,364.2487,42.01162,58719.7198976,358.5,502
False,363.9753,43.06247,58719.7515904,357.5,502
False,363.4698,43.78871,58719.7835904,345.5,502
False,363.0045,44.49826,58719.8156416,335.5,502
False,362.7494,44.50497,58719.8484224,318.5,502
False,362.2126,45.10737,58719.8814848,312,502
False,361.9662,45.32314,58719.9130368,310.5,502
False,361.4526,45.04604,58719.9435008,300.5,502
False,361.5372,45.23917,58719.9916544,311.5,502
False,361.2686,45.17247,58720.0243584,301.5,502
False,361.4632,45.20184,58720.0559616,308,502
False,361.2718,45.24782,58720.0876672,306,502
False,361.3214,45.33769,58720.1195264,306,502
False,361.2826,45.54089,58720.1517056,295.5,502
False,361.3987,45.52938,58720.1835904,303.5,502
False,361.5371,45.37561,58720.2162304,307.5,502
False,366.7903,42.93665,58720.2488064,442,502
False,361.2092,45.50924,58720.2807168,315.5,502
False,361.1286,45.73891,58720.3122048,304.5,502
False,361.809,46.19882,58720.3435264,339.5,502
False,361.843,46.59127,58720.3923328,351.5,502
False,362.0513,47.14485,58720.4239104,370.5,502
False,362.2878,47.78977,58720.45568,417,502
False,363.1206,48.11469,58720.4877696,450.5,502
False,363.7022,48.24128,58720.5196032,478,502
False,364.325,48.10435,58720.5516416,501.5,502
False,365.6188,47.69649,58720.584,536.5,502
False,368.0153,47.18582,58720.6161536,557,502
False,370.7585,47.03331,58720.6485248,575.5,502
False,373.4084,47.06359,58720.6804608,563.5,502
False,374.9256,47.5234,58720.7122688,580.5,502
False,376.2553,47.90235,58720.7435904,602.5,502
False,377.47,48.12764,58720.792192,608.5,502
False,378.703,48.38033,58720.824128,610,502
False,381.1832,48.72964,58720.8571392,614,502
False,383.5369,49.28033,58720.8877568,610,502
False,385.0443,49.92265,58720.9200128,605.5,502
False,386.3866,50.42873,58720.9519872,597.5,502
False,386.7765,50.61092,58720.9837568,586,502
False,387.0666,50.42243,58721.0157952,593,502
False,387.0738,49.83066,58721.0485632,591.5,502
False,387.1107,49.54667,58721.0810496,575,502
False,387.1533,49.1431,58721.1130112,587,502
False,386.8465,48.80074,58721.1443456,590.5,502
False,386.8506,48.96972,58721.1922176,583.5,502
False,386.7238,49.08468,58721.2238976,586.5,502
False,386.7077,49.11472,58721.2559488,585.5,502
False,386.6364,49.26284,58721.2877824,584,502
False,386.7447,49.32219,58721.3196928,583.5,502
False,386.6045,49.2548,58721.3516928,581.5,502
False,386.3406,49.21278,58721.3840896,571,502
False,386.3696,49.06338,58721.4158464,578.5,502
False,386.3377,48.92366,58721.4486144,572,502
False,386.4845,49.13276,58721.4807424,580,502
False,386.5804,49.24822,58721.512256,585.5,502
False,386.7806,49.14743,58721.5446528,572,502
False,386.8481,49.28518,58721.5917696,578,502
False,386.9662,49.36652,58721.6237952,582.5,502
False,387.0782,49.43127,58721.656192,582,502
False,387.1231,49.35145,58721.6877568,579.5,502
False,387.5195,49.48136,58721.7197696,590,502
False,387.6758,49.35262,58721.7517568,587.5,502
False,388.138,49.46912,58721.7836928,596.5,502
False,388.5487,49.6107,58721.816576,604.5,502
False,388.8818,49.80061,58721.8491392,603.5,502
False,388.8585,49.75282,58721.8810496,605.5,502
False,388.827,49.77308,58721.9123072,590.5,502
False,388.3125,49.39316,58721.9439104,585,502
False,387.7193,49.13481,58721.991936,586,502
False,387.5515,48.94588,58722.0242304,582,502
False,387.2187,48.80263,58722.0557184,570,502
False,387.0341,48.70984,58722.0877824,567.5,502
False,386.8741,48.58954,58722.1198208,570.5,502
False,387.0179,48.66198,58722.1518464,568.5,502
False,387.0065,48.6823,58722.1844864,565,502
False,386.9417,48.62701,58722.2160256,571.5,502
False,387.1843,48.64046,58722.2487936,566,502
False,386.9901,48.67046,58722.2815104,572,502
False,387.0816,48.73012,58722.3124224,570,502
False,387.0192,48.63189,58722.3441664,565.5,502
False,387.0551,48.64929,58722.3916928,566,502
False,387.0337,48.61111,58722.4240896,564,502
False,386.9437,48.65399,58722.455936,565.5,502
False,387.0148,48.55625,58722.4882688,561.5,502
False,387.0713,48.58591,58722.5200896,565.5,502
False,386.9385,48.63309,58722.5518208,561,502
False,387.1555,48.71076,58722.584,567,502
False,387.185,48.82857,58722.61664,577.5,502
False,387.3542,48.97654,58722.6494336,582.5,502
False,387.3544,48.81671,58722.6812288,576.5,502
False,387.7578,48.91171,58722.7127296,579.5,502
False,387.5603,49.07251,58722.7439872,581.5,502
False,387.7435,49.10048,58722.7920128,585.5,502
False,388.5349,49.35173,58722.8242048,598,502
False,389.6818,49.31763,58722.8559488,594.5,502
False,390.274,48.99609,58722.8878208,596,502
False,390.1414,49.08433,58722.9200128,587,502
False,390.2855,49.1622,58722.9518336,578.5,502
False,390.1226,49.08429,58722.9846912,569.5,502
False,389.9347,49.01604,58723.0165504,571.5,502
False,390.8381,49.03215,58723.0488704,575.5,502
False,391.5048,48.93698,58723.0813312,558,502
False,391.7369,49.37708,58723.1124992,541,502
False,391.746,50.20696,58723.1438848,546,502
False,392.6688,51.24485,58723.1926528,542.5,502
False,394.0741,52.46703,58723.2241024,553.5,502
False,395.826,54.36043,58723.2562304,572,502
False,397.6953,56.56216,58723.2882176,588.5,502
False,399.5922,59.34351,58723.3198592,573,502
False,401.3433,61.67923,58723.3520384,570.5,502
False,403.6175,65.08263,58723.384,593,502
False,405.8284,68.75233,58723.4163072,572,502
False,407.1091,72.10512,58723.4495872,547,502
False,407.9261,75.45574,58723.4820096,546,502
False,408.2798,78.67306,58723.512576,547.5,502
False,409.4557,82.6842,58723.5439232,561,502
False,410.984,86.21738,58723.5927808,573.5,502
False,414.1515,89.7728,58723.624384,581,502
False,416.1732,93.50597,58723.656256,600.5,502
False,417.6669,97.48232,58723.688,598.5,502
False,418.2723,101.6273,58723.7199872,554.5,502
False,418.4568,104.8487,58723.7519872,580.5,502
False,418.3118,107.3428,58723.7841408,595.5,502
False,418.7833,109.918,58723.81696,587.5,502
False,419.7325,111.4514,58723.8492672,587,502
False,421.0804,113.0793,58723.88128,603,502
False,422.2118,115.9795,58723.9126144,600.5,502
False,423.3116,119.4734,58723.9439232,598.5,502
False,423.6861,122.3631,58723.992128,566,502
False,423.1042,124.1144,58724.0244096,568,502
False,422.4098,124.8878,58724.0558976,569,502
False,422.3069,126.4885,58724.0879872,573.5,502
False,422.1873,127.8087,58724.1200256,578.5,502
False,422.424,128.8577,58724.1519616,571.5,502
False,423.2529,129.0661,58724.1847296,572,502
False,423.8166,129.0706,58724.2165248,583.5,502
False,424.2861,129.2723,58724.2492288,592.5,502
False,424.3955,129.5518,58724.2814976,582,502
False,424.3242,129.7172,58724.3127424,583.5,502
False,424.3127,129.9174,58724.3601536,589,502
False,424.351,129.842,58724.3924608,585.5,502
False,424.3822,129.7809,58724.4244352,583.5,502
False,424.4719,129.8497,58724.4564224,581,502
False,424.3171,129.8022,58724.4879616,584,502
False,424.3408,129.896,58724.5199488,604,502
False,424.4734,129.8583,58724.5520384,610.5,502
False,425.1025,130.3569,58724.584384,595,502
False,425.5431,130.8857,58724.6166784,609.5,502
False,425.5234,131.0848,58724.649408,609.5,502
False,425.4478,131.2028,58724.6802432,602.5,502
False,425.3805,131.0542,58724.7125248,597,502
False,425.3376,130.9742,58724.761408,588.5,502
False,425.9348,131.4345,58724.7924224,555,502
False,425.9159,131.6725,58724.8247552,541,502
False,424.8047,131.5087,58724.856512,519,502
False,424.4299,131.9091,58724.8884864,504,502
False,424.4609,133.5927,58724.9200512,516,502
False,425.1761,134.6257,58724.9522816,509,502
False,428.0863,138.4864,58724.98432,587,502
False,429.715,139.2839,58725.0164352,603.5,502
False,431.5567,140.3892,58725.04928,570,502
False,431.7256,142.0105,58725.0803584,588,502
False,428.7754,138.4417,58725.1131008,400,502
False,432.5593,143.5509,58725.1604992,535.5,502
False,432.9188,143.6451,58725.1924352,533.5,502
False,432.9532,143.7437,58725.2240128,523.5,502
False,432.9662,143.438,58725.2560896,522.5,502
False,432.873,143.3817,58725.288192,517,502
False,432.9047,143.531,58725.320448,519.5,502
False,429.1601,139.2396,58725.352768,354,502
False,433.0871,143.6184,58725.3842688,511,502
False,433.3735,143.667,58725.4165504,523,502
False,433.4053,143.3552,58725.4488704,519,502
False,429.5797,139.1984,58725.4805376,362,502
False,429.477,139.1446,58725.513088,362,502
False,429.35,139.1156,58725.5601408,360.5,502
False,429.3761,139.2365,58725.5925632,351,502
False,433.2821,143.0312,58725.6243968,517.5,502
False,430.0742,140.1883,58725.6562304,404.5,502
False,430.3761,140.7827,58725.6882048,421,502
False,430.66,140.7852,58725.7202688,424.5,502
False,431.3318,141.1988,58725.7524992,422.5,502
False,432.0494,141.2462,58725.7847936,442,502
False,433.0484,141.765,58725.8168832,444,502
False,433.9123,142.1787,58725.8488704,456,502
False,434.1302,142.0206,58725.88032,468.5,502
False,435.0862,142.5746,58725.912704,481.5,502
False,435.8856,143.2193,58725.9605504,460.5,502
False,436.4485,144.0636,58725.9924096,456,502
False,437.0252,144.7068,58726.0242176,469,502
False,436.7968,145.1128,58726.056192,452,502
False,436.6519,144.9673,58726.0883072,439,502
False,436.0333,144.5346,58726.1211392,400,502
False,435.2334,144.1696,58726.1525888,392,502
False,435.0707,143.6425,58726.1843968,386.5,502
False,434.11,143.3187,58726.2168576,365,502
False,438.7771,145.6476,58726.2489472,489,502
False,438.6395,145.2478,58726.2820864,502.5,502
False,438.5775,145.1263,58726.3131648,512,502
False,438.8888,145.6299,58726.3603456,517,502
False,434.846,142.2958,58726.3925248,369,502
False,434.6351,142.8162,58726.4242176,359,502
False,434.3081,143.3106,58726.4562944,337,502
False,433.9227,143.4097,58726.4886912,338.5,502
False,438.9202,147.0788,58726.5204992,495,502
False,438.8741,146.7112,58726.5523456,479,502
False,439.0625,146.5487,58726.5845248,483,502
False,438.7816,146.4302,58726.61664,471.5,502
False,439.0617,146.1589,58726.6491392,470,502
False,438.6072,146.0938,58726.6824064,460,502
False,438.5685,146.0922,58726.7132032,453.5,502
False,438.4211,145.9373,58726.760448,459.5,502
False,438.4891,145.8678,58726.7924352,459,502
False,438.536,145.7533,58726.8243072,465.5,502
False,437.9704,145.2257,58726.8562432,450.5,502
False,438.0058,144.6569,58726.8887296,461.5,502
False,437.7569,144.0925,58726.9202432,450.5,502
False,437.58,143.4775,58726.9523712,455.5,502
False,437.4296,143.091,58726.9849984,445,502
False,437.5775,142.4296,58727.016768,445,502
False,437.4174,141.9483,58727.04992,442,502
False,437.278,141.5015,58727.0820992,434,502
False,437.1725,141.49,58727.1129344,433,502
False,437.0467,141.349,58727.1607168,425,502
False,437.0965,141.1736,58727.1924352,430,502
False,436.3427,140.6402,58727.2247296,428,502
False,436.7591,140.3517,58727.2563072,445.5,502
False,436.9216,140.4118,58727.2883456,459,502
False,436.8151,140.7245,58727.3211264,458,502
False,436.5875,140.9091,58727.3529856,438,502
False,436.4073,140.9026,58727.3848448,428,502
False,436.2535,140.7916,58727.4166656,417.5,502
False,435.876,140.7545,58727.4493056,400.5,502
False,435.8052,140.5002,58727.4810368,399.5,502
False,435.6808,140.3204,58727.5138304,401,502
False,435.9901,140.2497,58727.5604224,388.5,502
False,436.1285,140.0764,58727.5924224,390.5,502
False,436.1274,139.6814,58727.624768,395,502
False,436.3168,139.7856,58727.6566912,382.5,502
False,435.5898,140.057,58727.6883584,377,502
False,435.3499,140.3067,58727.720448,362.5,502
False,435.1819,140.4701,58727.7525888,362,502
False,435.0102,141.2995,58727.7846272,359.5,502
False,435.3295,141.5564,58727.8171904,388.5,502
False,435.8022,142.4785,58727.8492032,398.5,502
False,436.0618,143.2862,58727.8819456,421,502
False,435.9664,144.4357,58727.913088,421.5,502
False,436.5317,145.2293,58727.960576,442,502
False,437.0546,145.9776,58727.9935872,445.5,502
False,437.2491,146.7972,58728.0247424,431.5,502
False,437.3902,146.8055,58728.0568192,425,502
False,437.0049,146.0779,58728.0888192,413,502
False,436.9446,145.711,58728.1204992,406,502
False,437.1534,145.6438,58728.1525632,407.5,502
False,436.898,145.5464,58728.1845888,400.5,502
False,436.823,145.374,58728.2176896,393.5,502
False,436.9074,145.214,58728.249664,399.5,502
False,436.3968,144.8823,58728.2818048,378,502
False,436.175,144.6899,58728.313088,358,502
False,436.3316,144.2545,58728.3606016,378.5,502
False,435.9401,143.9194,58728.3926272,378.5,502
False,436.4393,143.7766,58728.424704,377.5,502
False,436.7721,143.5909,58728.4564736,371.5,502
False,436.8431,143.4782,58728.4885888,359,502
False,437.3159,143.4984,58728.5206272,363.5,502
False,437.4318,143.247,58728.5526784,359,502
False,436.8766,143.3329,58728.5853568,348.5,502
False,436.8867,143.5538,58728.6173312,350,502
False,436.1377,143.1897,58728.6492032,336.5,502
False,435.6379,142.5698,58728.680768,330.5,502
False,435.215,141.8672,58728.7131136,332.5,502
False,434.8054,141.2109,58728.760512,328,502
False,434.7419,140.9919,58728.7929984,310,502
False,434.807,140.5699,58728.8248832,329,502
False,434.7575,140.2093,58728.8565248,326.5,502
False,435.0362,140.0506,58728.8885376,322.5,502
False,435.0424,140.0301,58728.92064,326.5,502
False,435.2346,140.0514,58728.9538944,324,502
False,435.0732,140.1437,58728.9851008,323.5,502
False,434.9259,140.1829,58729.017088,312.5,502
False,434.8632,140.3428,58729.0492032,318,502
False,434.7914,140.4644,58729.080896,314,502
False,434.7878,140.5781,58729.1136,318,502
False,435.05,139.971,58729.1608832,333.5,502
False,435.4568,139.6315,58729.1929344,360.5,502
False,435.9977,139.2089,58729.2244992,371,502
False,436.172,138.9659,58729.2565376,390.5,502
False,436.216,138.5703,58729.2887168,382,502
False,436.1781,138.4559,58729.3211264,372.5,502
False,436.2123,138.7533,58729.3534336,396.5,502
False,436.1709,138.7175,58729.3847296,373.5,502
False,436.0892,138.8409,58729.4180992,362.5,502
False,436.0236,139.0512,58729.4496768,361,502
False,435.8826,139.1464,58729.4808832,362,502
False,435.9213,139.2714,58729.5131776,368.5,502
False,435.8689,139.3051,58729.56064,366,502
False,436.0069,139.3652,58729.5933184,360.5,502
False,435.5331,139.5098,58729.6249216,358,502
False,435.3155,139.4758,58729.6567552,345,502
False,435.3091,139.3759,58729.6889088,344.5,502
False,435.498,139.1554,58729.720576,339,502
False,435.2384,139.1498,58729.7528832,340.5,502
False,435.422,139.356,58729.786112,346,502
False,435.5146,139.4915,58729.8168448,332,502
False,435.227,139.7397,58729.8498048,335.5,502
False,435.3054,139.8775,58729.8810112,340,502
False,435.202,139.9612,58729.9132032,344,502
False,435.3865,140.118,58729.9606912,344.5,502
False,435.0301,140.0716,58729.9927936,337.5,502
False,434.9088,139.8323,58730.0254208,327,502
False,433.984,139.5561,58730.0573824,322.5,502
False,432.9074,138.9668,58730.08928,306,502
False,430.0673,138.9215,58730.1209216,267.5,502
False,428.1151,138.4507,58730.153024,223,502
False,431.6793,137.2676,58730.1849472,357.5,502
False,433.7657,134.4997,58730.2169088,252.5,502
False,426.2671,138.0224,58730.2501504,380,502
False,421.9393,139.1984,58730.2810496,431,502
False,418.5559,140.2755,58730.3137152,475.5,502
False,417.1798,140.6442,58730.3607168,475.5,502
False,412.5919,140.4447,58730.3927168,483.5,502
False,406.5876,139.9014,58730.4246656,476.5,502
False,402.6566,139.1907,58730.4571776,482.5,502
False,399.2426,138.2591,58730.489408,474,502
False,396.945,137.8079,58730.5211776,458,502
False,395.5681,137.2196,58730.5530112,438,502
False,393.9041,136.8856,58730.5851648,422.5,502
False,391.3055,137.024,58730.6170496,430.5,502
False,388.1142,137.0053,58730.650816,408.5,502
False,384.8128,137.6232,58730.6827136,414,502
False,381.229,138.4242,58730.7134464,394.5,502
False,377.8173,139.1554,58730.7608704,421.5,502
False,373.6718,138.9323,58730.7928192,455.5,502
False,369.5993,137.7154,58730.8251264,420.5,502
False,365.9964,136.0273,58730.8573696,420.5,502
False,362.6462,134.0439,58730.8891392,432.5,502
False,359.2571,132.8219,58730.9209088,422,502
False,356.0887,132.846,58730.9531776,426.5,502
False,353.2031,133.2104,58730.9849728,412,502
False,350.2416,133.3448,58731.0171264,407,502
False,347.5105,133.3969,58731.0498432,430,502
False,345.1093,133.243,58731.0811648,422.5,502
False,343.3609,132.0643,58731.1135616,435.5,502
False,342.294,130.8274,58731.160768,432.5,502
False,340.729,129.9415,58731.1929728,433,502
False,338.4573,129.4147,58731.2256128,454.5,502
False,336.7362,128.8392,58731.25696,438.5,502
False,335.2853,128.808,58731.2888064,427,502
False,334.2359,129.1542,58731.3213568,414,502
False,333.3868,129.8373,58731.3531648,380,502
False,333.0922,130.3243,58731.3850368,370.5,502
False,332.8017,131.1969,58731.4170368,358,502
False,332.62,131.3352,58731.4500352,357,502
False,332.3421,131.1593,58731.4824832,361,502
False,332.1781,131.1311,58731.513856,365,502
False,331.8378,131.4907,58731.5608576,339,502
False,330.7827,130.8164,58731.592896,365,502
False,330.259,131.0149,58731.62496,347.5,502
False,330.1148,130.1701,58731.658176,344,502
False,330.3984,129.9521,58731.6891008,330.5,502
False,329.946,129.4755,58731.7215104,336.5,502
False,330.1835,129.6472,58731.753088,326,502
False,330.0456,129.6843,58731.785088,321.5,502
False,329.8911,129.7112,58731.817152,318.5,502
False,329.6188,129.362,58731.8494976,337.5,502
False,329.7445,129.5995,58731.8830464,327.5,502
False,329.7039,129.4897,58731.9138944,331.5,502
False,329.8994,129.4183,58731.9609216,329.5,502
False,329.8887,129.4001,58731.993472,329.5,502
False,329.8242,129.3577,58732.0249984,329,502
False,329.9241,129.4746,58732.0574336,331.5,502
False,329.8703,129.416,58732.0889472,326.5,502
False,329.9364,129.4217,58732.1213952,330,502
False,329.8529,129.3633,58732.1531136,328.5,502
False,329.8831,129.5917,58732.1852544,318,502
False,330.2435,130.0505,58732.2182656,313.5,502
False,330.2747,130.0463,58732.2499712,324,502
False,330.1834,129.8671,58732.2814336,343.5,502
False,329.6644,129.4887,58732.3136128,361.5,502
False,329.3206,129.0564,58732.36096,366.5,502
False,328.7773,128.6649,58732.3930112,387,502
False,328.1813,128.198,58732.4255104,410,502
False,327.6605,127.7621,58732.4573184,429.5,502
False,326.9118,127.239,58732.4893056,436.5,502
False,326.0918,127.1012,58732.5213184,426.5,502
False,325.8456,127.1348,58732.553408,434,502
False,325.316,126.904,58732.5852544,432.5,502
False,325.0982,126.6544,58732.6179584,421,502
False,324.4731,126.3293,58732.650112,415,502
False,323.8667,125.9948,58732.6813824,412.5,502
False,323.3595,126.6059,58732.7139584,395,502
False,322.8613,126.5169,58732.7610624,394,502
False,322.2213,126.6011,58732.7931008,384,502
False,321.7992,126.3738,58732.8252032,391,502
False,321.6095,126.0975,58732.857088,396.5,502
False,321.3133,125.8333,58732.8894848,391,502
False,320.936,124.9913,58732.9214464,401,502
False,320.1964,124.1567,58732.9533184,394.5,502
False,319.6401,123.6185,58732.9852928,401,502
False,319.1601,122.6178,58733.0172672,416.5,502
False,318.7332,122.0885,58733.05024,365.5,502
False,318.9321,120.1776,58733.0826496,390.5,502
False,318.8314,119.4524,58733.1138944,383.5,502
False,318.0234,119.1055,58733.1611264,355.5,502
False,317.4231,118.2878,58733.193728,384.5,502
False,316.2037,119.2554,58733.2255616,342,502
False,316.4197,119.141,58733.2575488,357,502
False,316.664,119.0819,58733.2892288,370.5,502
False,315.7849,120.3911,58733.3212544,314.5,502
False,316.371,120.454,58733.3534464,331.5,502
False,316.4502,120.1231,58733.385728,346.5,502
False,316.5219,120.3946,58733.417728,345.5,502
False,316.557,119.9934,58733.4498176,355.5,502
False,316.5212,119.6976,58733.4813312,361,502
False,316.6149,119.9519,58733.5136384,367,502
False,316.5786,119.9389,58733.5612416,371,502
False,316.6409,119.9123,58733.5935488,374.5,502
False,316.6295,119.9132,58733.6257152,372.5,502
False,316.659,119.902,58733.6572672,369,502
False,316.5883,119.8414,58733.689344,370,502
False,316.6176,119.6697,58733.722112,380,502
False,316.586,119.6579,58733.753472,380,502
False,316.6478,119.8278,58733.7856768,379.5,502
False,316.4866,119.7301,58733.817344,373,502
False,316.5299,119.7279,58733.8501888,373,502
False,316.5585,119.9035,58733.882688,371.5,502
False,316.5193,119.845,58733.9138048,371,502
False,316.4205,119.8843,58733.9611904,373,502
False,316.5803,119.7454,58733.99328,374.5,502
False,316.4749,119.8073,58734.0253056,371,502
False,316.5177,119.8859,58734.0577408,372.5,502
False,316.4203,119.7159,58734.0897152,379.5,502
False,316.3695,119.747,58734.1214336,377.5,502
False,316.4653,119.8333,58734.153408,379,502
False,316.5863,119.8867,58734.1858816,373.5,502
False,316.5125,119.7288,58734.2181504,378.5,502
False,316.3294,119.6301,58734.2503424,378.5,502
False,316.515,119.7237,58734.2829056,382.5,502
False,316.5007,119.9154,58734.3140096,370.5,502
False,316.4628,119.8947,58734.3619072,372,502
False,316.6173,120.0136,58734.3938432,368,502
False,316.6644,119.9887,58734.4253312,369.5,502
False,316.4785,119.9845,58734.4571904,365,502
False,316.598,119.9137,58734.4896128,369,502
False,316.6121,119.915,58734.5213312,372.5,502
False,316.518,119.845,58734.5537664,370,502
False,316.5797,120.0137,58734.5854976,366,502
False,316.5462,120.0116,58734.6175744,373.5,502
False,316.5112,119.8129,58734.6501248,379.5,502
False,316.5992,119.8162,58734.6816768,375.5,502
False,316.4901,119.8998,58734.7142656,371,502
False,316.4293,119.7851,58734.7618048,363,502
False,316.6295,119.9566,58734.7938304,372.5,502
False,316.5572,119.9026,58734.8256256,371.5,502
False,316.5278,119.9555,58734.8573696,374.5,502
False,316.4991,119.9309,58734.8893312,369,502
False,316.3523,119.7794,58734.9215488,369.5,502
False,316.5965,120.0301,58734.9533824,370.5,502
False,316.5262,119.8333,58734.985984,375,502
False,316.5145,119.7511,58735.017984,369,502
False,316.5143,119.9786,58735.0499712,374,502
False,316.451,119.7825,58735.0817664,372.5,502
False,316.5367,119.8423,58735.113984,373,502
False,316.4713,119.7478,58735.161664,372,502
False,316.4336,119.8414,58735.193664,374,502
False,316.4952,119.9304,58735.225408,368.5,502
False,316.479,119.9353,58735.2573952,368.5,502
False,316.2851,119.6999,58735.2894208,366,502
False,316.2088,119.6434,58735.322368,380,502
False,316.0518,119.7184,58735.3538432,386.5,502
False,314.9719,118.8699,58735.3856384,374,502
False,314.1423,117.6171,58735.417664,386.5,502
False,313.8766,116.0518,58735.4499968,418.5,502
False,313.697,114.0461,58735.4816384,412,502
False,313.6086,111.9561,58735.5142784,425,502
False,313.0053,109.7035,58735.5616768,438.5,502
False,311.6967,107.8258,58735.593472,410.5,502
False,309.6311,106.463,58735.625472,398.5,502
False,307.8766,105.4638,58735.6573952,401,502
False,306.8606,104.2097,58735.6898304,403,502
False,306.8497,103.2718,58735.7216896,387,502
False,307.4122,101.2677,58735.753728,391,502
False,307.9088,100.7455,58735.7855872,323.5,502
False,308.0586,98.99228,58735.817664,367,502
False,307.1992,97.7312,58735.850048,359,502
False,304.9074,94.74417,58735.8835328,243,502
False,305.7889,101.7367,58735.9143296,150,502
False,305.5735,95.85028,58735.9617664,295,502
False,305.4886,94.39336,58735.993408,336,502
False,305.7496,93.4981,58736.0254592,307.5,502
False,306.1195,93.36321,58736.0576512,251,502
False,307.4813,91.85356,58736.0902016,325.5,502
False,308.0872,91.08189,58736.1220864,348,502
False,307.8129,89.62527,58736.1537664,310,502
False,307.3819,90.60254,58736.1858176,288.5,502
False,307.9082,89.16266,58736.2178432,270.5,502
False,307.0223,89.45775,58736.2503808,321.5,502
False,305.8654,88.87716,58736.283392,270,502
False,304.8302,89.34023,58736.3143936,241.5,502
False,303.3839,86.11468,58736.3614592,171.5,502
False,306.0349,87.17944,58736.3935232,248,502
False,306.4147,87.83482,58736.4254336,280.5,502
False,306.0328,87.10368,58736.4574976,254,502
False,306.1903,87.8643,58736.4903168,296,502
False,306.4717,87.50396,58736.5219968,315.5,502
False,306.2433,88.13498,58736.5538176,263,502
False,307.066,89.03809,58736.5856768,262.5,502
False,307.6812,89.59512,58736.6177536,286.5,502
False,307.2665,89.26591,58736.6503296,264.5,502
False,307.0454,89.90341,58736.683648,264,502
False,307.7878,90.82365,58736.7146112,232.5,502
False,308.547,91.14199,58736.7614976,246.5,502
False,308.373,90.47319,58736.793728,286,502
False,307.7361,89.6656,58736.8254336,314.5,502
False,306.5922,88.72009,58736.8575104,365,502
False,305.0982,87.53993,58736.88992,409,502
False,303.3663,86.25139,58736.922048,449.5,502
False,301.3164,84.42634,58736.9539456,512.5,502
False,300.4556,83.27299,58736.9857152,516.5,502
False,300.2114,81.75607,58737.0177408,522,502
False,299.506,79.89695,58737.0511104,524,502
False,298.6911,78.22807,58737.0832512,532,502
False,298.3465,76.99279,58737.114176,531.5,502
False,298.0135,76.20232,58737.161664,544.5,502
False,298.2086,75.96088,58737.1938432,541,502
False,298.2351,75.76458,58737.2256128,534.5,502
False,298.2534,75.90062,58737.2579328,540,502
False,298.3024,75.85851,58737.2896,539.5,502
False,298.2905,75.99628,58737.3215872,537,502
False,298.2137,75.96956,58737.3536512,536.5,502
False,298.0271,75.86012,58737.3857152,535,502
False,298.1268,75.86973,58737.4188416,533.5,502
False,298.0411,75.90414,58737.4504832,535.5,502
False,298.0634,75.86038,58737.4835712,536,502
False,298.1258,75.91729,58737.5142656,538,502
False,298.0417,75.89428,58737.562304,536,502
False,298.1103,75.92906,58737.5935744,538,502
False,297.8512,75.83775,58737.6259456,546.5,502
False,298.0244,75.90463,58737.6577024,540,502
False,297.8595,75.744,58737.6896768,541,502
False,297.9325,75.86832,58737.7219072,543,502
False,297.7914,75.74114,58737.7542784,550.5,502
False,297.8897,75.84669,58737.785792,542.5,502
False,297.8148,75.84576,58737.8179584,543.5,502
False,297.756,75.79369,58737.8508672,544.5,502
False,297.8813,75.88435,58737.8833792,539,502
False,297.6796,75.72964,58737.9143808,542.5,502
False,297.9533,75.86218,58737.9617664,543,502
False,297.8819,75.87054,58737.993664,542,502
False,297.8243,75.82335,58738.0257408,542.5,502
False,297.7386,75.82541,58738.0580864,547,502
False,297.6328,75.75558,58738.0897152,545.5,502
False,296.8789,74.99622,58738.1220224,530,502
False,294.7814,73.0978,58738.1542144,530,502
False,292.1972,71.33623,58738.1858432,518,502
False,289.3192,69.59578,58738.2183424,505.5,502
False,285.9987,67.50768,58738.2504192,531.5,502
False,283.495,65.94407,58738.2837888,515.5,502
False,280.457,64.52309,58738.314432,501.5,502
False,276.3737,62.68764,58738.3620352,524.5,502
False,271.4743,61.12133,58738.3937152,516.5,502
False,266.2144,60.28571,58738.4260608,500.5,502
False,259.9958,60.07585,58738.458112,512,502
False,253.879,59.58775,58738.489728,519.5,502
False,247.7367,58.52904,58738.5218688,528,502
False,241.4557,57.03169,58738.5539584,536.5,502
False,235.192,56.09939,58738.5859968,545,502
False,229.1883,55.74347,58738.6184704,523,502
False,223.6069,55.67327,58738.6505216,529.5,502
False,217.3265,55.15791,58738.6831872,561.5,502
False,211.6664,53.91067,58738.7163776,556,502
False,205.9693,51.70415,58738.7618944,542.5,502
False,199.6143,49.32317,58738.7946368,557.5,502
False,193.7787,47.25447,58738.8261504,568.5,502
False,188.6227,45.85386,58738.8582144,572.5,502
False,182.875,45.04031,58738.88992,566.5,502
False,177.7671,43.88131,58738.9220992,594,502
False,171.8019,42.64065,58738.9538304,583,502
False,166.6433,40.95156,58738.9859968,578,502
False,161.1005,39.28724,58739.0188288,578.5,502
False,156.0162,38.90687,58739.0507904,565.5,502
False,151.8764,39.1283,58739.0838144,569,502
False,147.5934,38.58489,58739.1143936,589,502
False,143.1304,37.78411,58739.16192,579,502
False,140.5088,36.51049,58739.1943808,595.5,502
False,137.7546,35.35602,58739.2262912,595,502
False,133.7874,35.09122,58739.2584832,592,502
False,130.8726,35.42226,58739.28992,581,502
False,127.9461,35.94349,58739.3221504,584,502
False,124.2291,35.69715,58739.353856,585,502
False,120.7317,35.39642,58739.3859072,605,502
False,117.5356,34.56341,58739.4186752,629.5,502
False,113.9115,33.53024,58739.4507904,647.5,502
False,110.3542,33.02184,58739.483648,664,502
False,107.0404,32.82539,58739.5143808,660.5,502
False,103.7808,32.50884,58739.561984,660,502
False,99.91886,32.64012,58739.5945088,665.5,502
False,96.38855,32.75521,58739.6263168,655,502
False,93.17376,32.823,58739.6583296,669.5,502
False,90.4822,33.13766,58739.6898432,669.5,502
False,87.6869,33.46336,58739.7220608,675.5,502
False,85.38179,32.79393,58739.7539328,681,502
False,83.3233,32.26902,58739.7860224,681.5,502
False,81.9276,31.81875,58739.8186112,663,502
False,80.66257,31.54285,58739.8506624,651.5,502
False,81.08775,31.93094,58739.8838144,642,502
False,80.88067,32.34102,58739.9148672,628.5,502
False,80.09241,32.41572,58739.9620608,615,502
False,79.44781,32.34587,58739.9939072,611.5,502
False,78.56167,32.71747,58740.0260096,590.5,502
False,77.2645,33.23862,58740.0581632,586,502
False,76.27006,32.89186,58740.0901632,579.5,502
False,75.62309,32.33506,58740.121856,577.5,502
False,73.10488,31.14914,58740.1540992,580,502
False,71.59735,30.59735,58740.186048,553,502
False,70.59563,31.1679,58740.2185472,542,502
False,70.2013,32.03324,58740.2515712,536.5,502
False,70.57576,32.67832,58740.2837632,500.5,502
False,66.22475,31.97856,58740.3145344,614,502
False,70.7767,31.83333,58740.3620352,512,502
False,70.96197,31.76638,58740.3941888,521.5,502
False,71.0426,31.71063,58740.4264832,489,502
False,71.50523,32.35207,58740.4583808,462.5,502
False,70.86771,32.60244,58740.4901248,477.5,502
False,69.11193,33.65891,58740.522112,408,502
False,68.43468,33.49323,58740.5544704,455.5,502
False,67.06497,33.17259,58740.5860352,492.5,502
False,65.3978,33.21534,58740.6184576,517,502
False,64.40658,33.58529,58740.650688,512,502
False,63.0808,33.45633,58740.6825472,509.5,502
False,62.66135,33.57993,58740.7145216,501.5,502
False,62.75973,33.0368,58740.7624064,471,502
False,62.74468,32.93404,58740.7941248,470,502
False,62.696,32.95494,58740.826176,466,502
False,62.73368,33.20702,58740.857984,475,502
False,62.70955,33.24233,58740.8902656,478,502
False,61.63469,33.24366,58740.922368,479.5,502
False,60.28184,33.11111,58740.954624,492,502
False,58.58944,32.59922,58740.987136,511.5,502
False,57.73725,32.36895,58741.018368,519.5,502
False,56.73397,32.16154,58741.0506624,520,502
False,55.92427,32.19043,58741.0841088,526,502
False,55.05867,32.04707,58741.1149696,517,502
False,55.06613,32.14271,58741.1620352,494,502
False,55.71994,32.30294,58741.194176,488,502
False,56.23047,32.18584,58741.226112,478,502
False,56.84993,32.3065,58741.2583808,472,502
False,57.51234,31.97495,58741.290688,459,502
False,53.47453,32.36594,58741.3225728,572.5,502
False,56.08956,32.22924,58741.3541632,562,502
False,63.35616,32.26761,58741.3862656,423.5,502
False,63.71038,32.35728,58741.4183552,438.5,502
False,63.81053,32.48461,58741.4507904,449.5,502
False,62.94543,33.06643,58741.4841088,421.5,502
False,62.71304,33.06538,58741.5154816,438.5,502
False,62.19992,33.39835,58741.5624064,443.5,502
False,61.32144,33.17057,58741.5944832,448.5,502
False,62.15693,32.83389,58741.6260224,453.5,502
False,61.03977,32.65682,58741.6580864,440,502
False,60.9221,32.46413,58741.6902912,460,502
False,60.68813,32.27396,58741.7221376,466,502
False,60.22258,32.13181,58741.7548672,459,502
False,59.85677,32.0625,58741.7867136,448,502
False,59.05832,32.11813,58741.818304,451.5,502
False,58.25036,31.99714,58741.850816,466,502
False,57.81037,31.97634,58741.8825088,479,502
False,57.26764,31.87772,58741.9147648,512.5,502
False,56.06977,31.53165,58741.9626496,516,502
False,55.10104,31.33788,58741.9945216,513,502
False,55.21422,31.23539,58742.0262528,527.5,502
False,55.2087,30.78737,58742.058688,509.5,502
False,55.22844,30.17846,58742.0902912,473.5,502
False,56.01675,30.53229,58742.122176,477.5,502
False,56.54388,30.47346,58742.1543552,461.5,502
False,56.42963,30.66355,58742.1866624,427.5,502
False,57.10382,30.38982,58742.2185472,419,502
False,57.69535,30.89172,58742.2508032,412.5,502
False,57.96798,31.49267,58742.282496,432,502
False,58.10287,31.67464,58742.3147264,418,502
False,58.7543,31.86773,58742.362496,407,502
False,59.14186,31.72054,58742.394944,430,502
False,59.33955,31.70668,58742.4262784,429,502
False,59.84581,31.719,58742.4588544,414,502
False,60.56515,31.63296,58742.4907648,405.5,502
False,61.31076,31.59774,58742.52224,413.5,502
False,62.29335,31.53535,58742.5544832,396,502
False,63.52387,31.43811,58742.586432,394.5,502
False,64.50633,30.48971,58742.6185344,421,502
False,64.95405,29.76012,58742.6513408,428,502
False,60.76063,31.25747,58742.6839296,580,502
False,61.40831,31.58473,58742.7149312,598,502
False,63.9941,30.16139,58742.7622528,537,502
False,64.26569,29.88007,58742.7947904,542,502
False,64.3289,30.27063,58742.8262528,563.5,502
False,64.42213,31.00977,58742.8585984,580,502
False,64.19608,32.1947,58742.8909696,603.5,502
False,63.69826,33.65223,58742.9227008,612,502
False,62.81697,35.20856,58742.9544576,626.5,502
False,61.74159,36.90443,58742.9865344,654,502
False,60.47273,39.21581,58743.0185344,632.5,502
False,60.03056,40.4408,58743.0514688,654.5,502
False,59.92245,41.04272,58743.084224,655.5,502
False,59.43151,41.60339,58743.1153024,640,502
False,58.93663,42.74494,58743.1622656,626,502
False,58.9231,44.06705,58743.19424,609,502
False,59.51171,45.46966,58743.2262272,590.5,502
False,60.2956,47.06099,58743.2582272,587.5,502
False,60.87543,48.90911,58743.2909184,623.5,502
False,60.7722,50.77436,58743.3223936,617.5,502
False,60.82494,52.53455,58743.3545856,605.5,502
False,60.69692,53.89225,58743.3864832,578.5,502
False,60.54668,54.47293,58743.4187264,569.5,502
False,60.69422,54.88385,58743.4517504,562.5,502
False,60.59923,55.49733,58743.48384,561,502
False,60.43345,56.46851,58743.5154048,561,502
False,60.41779,57.70725,58743.562304,558.5,502
False,60.23394,58.87431,58743.5944448,545,502
False,60.51399,59.98571,58743.6264832,548,502
False,61.10259,61.02403,58743.6590336,541,502
False,61.13395,62.57296,58743.6904704,542.5,502
False,61.37978,64.44814,58743.7232,570.5,502
False,61.60449,66.41084,58743.7545856,608.5,502
False,61.47611,68.05666,58743.786496,600,502
False,61.22137,68.63076,58743.8189312,589.5,502
False,61.09587,70.00084,58743.8514176,598,502
False,60.89941,71.53562,58743.8829184,596.5,502
False,61.00491,73.6355,58743.9149312,577.5,502
False,61.49956,75.00734,58743.962368,567.5,502
False,61.9849,76.2987,58743.9943552,563,502
False,62.07914,77.78027,58744.0271104,556,502
False,62.7791,79.03972,58744.0589824,545.5,502
False,63.9543,80.72029,58744.0913152,547,502
False,64.34444,82.37126,58744.1228288,540.5,502
False,64.31827,84.18081,58744.1549696,542,502
False,64.30961,85.9988,58744.1865728,555,502
False,63.84769,86.88166,58744.2186752,569,502
False,63.10188,86.20789,58744.2510848,566,502
False,63.10522,86.36698,58744.2828544,584.5,502
False,63.58268,87.54054,58744.316544,573.5,502
False,64.2655,90.02241,58744.3625088,543,502
False,64.54361,93.67503,58744.3944704,558,502
False,64.93721,96.97538,58744.4269824,541.5,502
False,66.11426,99.32755,58744.4593152,547,502
False,67.82944,101.0362,58744.4905472,534.5,502
False,68.59037,102.5375,58744.5224448,533,502
False,69.59477,104.6524,58744.5549952,535.5,502
False,69.64108,106.3943,58744.5865984,527.5,502
False,69.47536,108.0918,58744.619008,544.5,502
False,69.14961,110.2885,58744.6510592,557,502
False,69.11488,112.6942,58744.6843904,576,502
False,69.32226,115.2399,58744.7149824,587,502
False,70.0872,117.903,58744.762496,581,502
False,70.60835,120.2837,58744.7945088,594.5,502
False,70.97192,122.3121,58744.8268544,605.5,502
False,71.16206,123.724,58744.8585216,616,502
False,71.26585,124.5018,58744.8904832,617.5,502
False,71.20477,125.1568,58744.9224576,608,502
False,70.97398,125.4815,58744.9548288,608.5,502
False,70.61367,125.2775,58744.987392,597.5,502
False,70.49403,125.2494,58745.0191616,599.5,502
False,70.59622,125.1127,58745.0511744,591.5,502
False,70.59731,125.1309,58745.0825856,596,502
False,70.58795,125.2092,58745.115264,595,502
False,70.55546,125.0943,58745.1626624,592,502
False,70.58937,125.0284,58745.1948544,586.5,502
False,70.66049,125.0202,58745.226944,593.5,502
False,70.62619,125.11,58745.258688,597,502
False,70.57722,125.007,58745.2906112,592.5,502
False,70.49888,125.0818,58745.322752,593,502
False,70.70234,125.1957,58745.35488,598,502
False,70.53922,125.1359,58745.387328,595,502
False,70.52905,124.9616,58745.4190976,591,502
False,70.57119,124.973,58745.4516096,593.5,502
False,70.50544,125.1057,58745.4829056,597.5,502
False,70.56962,125.083,58745.5152512,592.5,502
False,70.51907,125.1072,58745.5625984,598.5,502
False,70.59927,125.0635,58745.5953152,593.5,502
False,70.56686,124.9895,58745.6271232,589.5,502
False,70.48521,125.0684,58745.6585728,597,502
False,70.61925,124.9986,58745.6906496,594,502
False,70.54742,125.0119,58745.7229952,587,502
False,70.70389,125.0588,58745.7549696,595.5,502
False,70.60416,125.1939,58745.787584,600,502
False,70.54776,125.0479,58745.8191616,591.5,502
False,70.58799,125.0708,58745.851328,591,502
False,70.6032,125.0607,58745.884352,593.5,502
False,70.55378,125.1435,58745.9152,593.5,502
False,70.59063,125.0901,58745.9626368,594,502
False,70.61417,125.0567,58745.9946752,590.5,502
False,70.69672,125.1356,58746.0266752,593.5,502
False,70.78147,125.553,58746.0595456,572,502
False,70.88518,126.51,58746.0912128,569,502
False,71.12857,127.1018,58746.1229312,560,502
False,71.18405,127.6091,58746.1550208,570.5,502
False,71.73701,128.6394,58746.1869824,561.5,502
False,71.25127,129.2875,58746.2188928,524,502
False,70.1571,130.1531,58746.2518016,496.5,502
False,69.24396,131.341,58746.2849408,475.5,502
False,69.80958,132.1031,58746.3152896,452.5,502
False,70.87584,132.3527,58746.3631232,421.5,502
False,71.32423,133.0554,58746.3948288,421,502
False,71.44685,134.1199,58746.426816,392,502
False,70.87517,135.3155,58746.4587904,364.5,502
False,70.11218,136.2866,58746.4908288,364,502
False,70.70747,137.7343,58746.5232768,335,502
False,71.95752,138.0087,58746.5552896,306,502
False,72.19682,138.4113,58746.5868288,293,502
False,72.37081,138.9103,58746.6188416,293.5,502
False,72.39657,139.1283,58746.6514432,282,502
False,72.52441,140.1314,58746.6848768,276.5,502
False,72.75662,140.3259,58746.7157504,270.5,502
False,72.89808,141.5077,58746.762816,260,502
False,73.13531,142.2224,58746.7948544,252.5,502
False,70.6323,158.2749,58746.8267136,145.5,502
False,70.11111,158.231,58746.8594048,151.5,502
False,70.21284,157.7061,58746.8910976,148,502
False,70.26979,157.0412,58746.9233024,149.5,502
False,69.80174,156.4444,58746.9549568,153,502
False,73.2112,141.503,58746.9872128,196.5,502
False,69.03175,154.8764,58747.0190208,147,502
False,68.43542,154.3562,58747.052544,160,502
False,68.5735,153.5404,58747.0843776,161,502
False,70.58875,147.2051,58747.1152896,308,502
False,70.11642,145.9548,58747.1628416,313.5,502
False,69.07065,151.6736,58747.1949056,167.5,502
False,69.50186,137.8529,58747.2267648,179,502
False,68.39314,151.3275,58747.2591488,170,502
False,68.50252,151.1803,58747.291648,165.5,502
False,68.07213,151.2164,58747.3232768,171,502
False,68.07095,151.0078,58747.3550208,171.5,502
False,68.09064,150.7758,58747.3870208,171,502
False,68.2,150.7206,58747.4191616,170,502
False,67.98937,150.6879,58747.4519808,172.5,502
False,68.17252,150.7914,58747.4831616,171,502
False,68.08895,150.7361,58747.5155328,170.5,502
False,68.17424,150.8314,58747.562816,176,502
False,68.00777,150.7609,58747.5948672,171.5,502
False,70.18356,144.764,58747.6271872,330.5,502
False,70.81443,149.6693,58747.6592384,194,502
False,72.16531,148.9702,58747.6908032,184.5,502
False,67.47053,136.0319,58747.7229184,172.5,502
False,65.79181,135.6189,58747.7551232,146.5,502
False,66.73403,136.953,58747.7873152,237.5,502
False,67.51564,138.1649,58747.819456,277,502
False,69.3693,139.0532,58747.8514944,329,502
False,71.39044,140.4418,58747.8838912,376.5,502
False,74.29106,141.7677,58747.9154176,414,502
False,76.16359,142.4588,58747.9628416,433,502
False,77.70753,141.7186,58747.9952512,285.5,502
False,81.43852,143.6936,58748.0272384,347,502
False,85.61311,146.8447,58748.0588928,529,502
False,88.19038,147.4466,58748.0910592,506,502
False,91.20248,147.5039,58748.1230208,512,502
False,93.33036,147.703,58748.1551232,505,502
False,95.16913,147.7285,58748.1875456,474,502
False,97.47172,147.4027,58748.2195712,442,502
False,99.58352,146.9391,58748.2516736,443,502
False,102.0996,146.8431,58748.2831744,445,502
False,104.6935,146.7684,58748.3309568,440.5,502
False,106.9959,147.3433,58748.362944,450.5,502
False,109.7126,148.1838,58748.3963136,468,502
False,113.2861,148.2868,58748.427328,497.5,502
False,113.9684,143.6402,58748.4596736,226.5,502
False,125.0879,151.7211,58748.4911104,229.5,502
False,125.7339,148.1516,58748.5235328,466,502
False,131.6552,151.1319,58748.5550208,261.5,502
False,129.2684,141.7922,58748.5872768,192.5,502
False,132.1642,141.0538,58748.6197888,170.5,502
False,138.7932,149.5473,58748.6516096,328,502
False,142.7095,151.8489,58748.684416,198.5,502
False,139.4343,141.8411,58748.731072,181.5,502
False,147.1282,152.4235,58748.7630208,188.5,502
False,148.4523,151.2262,58748.7956864,239.5,502
False,151.3048,153.1282,58748.8272896,117,502
False,150.6396,143.7523,58748.8594176,333,502
False,153.6973,145.3216,58748.8910592,468.5,502
False,156.328,144.6695,58748.9231616,465.5,502
False,159.6296,144.0935,58748.9556096,454.5,502
False,162.6061,143.267,58748.987648,465,502
False,165.7913,142.6172,58749.0193152,492,502
False,167.9588,138.9335,58749.051648,323.5,502
False,171.0055,138.3731,58749.0833664,302,502
False,173.0007,136.9802,58749.1322624,252,502
False,176.1063,134.3896,58749.1633536,183.5,502
False,178.7738,138.5278,58749.1954816,456,502
False,180.8725,133.954,58749.227008,253.5,502
False,183.5458,132.7917,58749.2590592,238.5,502
False,186.1271,136.5931,58749.2910848,448.5,502
False,187.029,132.4094,58749.3240576,247.5,502
False,187.9017,135.3068,58749.3552384,346,502
False,187.6741,136.3076,58749.3873152,428,502
False,188.9899,141.9554,58749.4192768,164.5,502
False,188.1602,137.1417,58749.451776,397.5,502
False,188.1075,136.8448,58749.4836992,429.5,502
False,187.7061,136.5989,58749.5314048,447.5,502
False,187.6007,136.6671,58749.5636224,437,502
False,187.5339,136.5497,58749.595136,443,502
False,187.5938,136.5146,58749.6270464,446,502
False,187.4989,136.5772,58749.6592128,438,502
False,187.5755,136.6304,58749.6932608,437,502
False,187.5241,136.6344,58749.7241984,439.5,502
False,187.6064,136.5881,58749.75616,445.5,502
False,187.5816,136.5327,58749.7876992,446.5,502
False,187.5515,136.645,58749.8198784,438.5,502
False,187.6275,136.707,58749.8523008,442.5,502
False,187.6165,136.6382,58749.8849408,439,502
False,187.5757,136.6305,58749.931968,438,502
False,187.8749,136.7495,58749.9634688,453,502
False,189.4161,136.5533,58749.9952384,453,502
False,192.0704,136.0555,58750.0272896,435.5,502
False,193.8042,134.2417,58750.0594304,425.5,502
False,195.8005,132.1766,58750.0920704,437,502
False,197.7217,131.2107,58750.1239296,454,502
False,200.4601,130.3347,58750.1558656,476,502
False,203.2403,129.5246,58750.1874944,478.5,502
False,205.7974,129.3136,58750.2198016,482,502
False,208.386,129.4638,58750.2516992,484,502
False,210.6944,129.346,58750.283776,474.5,502
False,213.0423,129.2065,58750.3311616,441.5,502
False,216.5375,128.1468,58750.3634688,427,502
False,220.3459,126.4772,58750.3952896,438,502
False,223.0191,125.7092,58750.4272128,462.5,502
False,226.6061,126.1995,58750.4594432,391,502
False,230.5994,126.9052,58750.4913536,369,502
False,232.4402,125.8843,58750.5237504,469.5,502
False,236.0622,126.2414,58750.5561344,482,502
False,240.1001,125.9307,58750.5875712,493,502
False,243.8987,125.4367,58750.620032,493.5,502
False,247.6077,124.4744,58750.6524288,491.5,502
False,251.656,124.1556,58750.6840832,498,502
False,255.0949,123.9303,58750.7312384,483,502
False,257.5747,123.8635,58750.7632384,475,502
False,258.6788,123.9467,58750.7953408,482,502
False,259.748,124.1812,58750.8276736,465.5,502
False,261.3127,124.5859,58750.8596864,460,502
False,262.8194,124.9462,58750.891328,436.5,502
False,263.9567,124.4515,58750.9235072,443,502
False,263.5809,124.0127,58750.9555712,431.5,502
False,263.4819,123.5887,58750.9878784,423,502
False,263.5706,123.463,58751.019584,421.5,502
False,263.7062,123.4257,58751.0520576,426,502
False,263.7006,123.4477,58751.0843264,422.5,502
False,263.7037,123.4242,58751.1312768,423.5,502
False,263.6899,123.482,58751.16416,422.5,502
False,263.752,123.455,58751.1959936,426,502
False,263.7142,123.4631,58751.2277248,424,502
False,263.6379,123.4797,58751.2598016,422.5,502
False,263.6372,123.4374,58751.2916608,424.5,502
False,263.6225,123.4738,58751.3240576,422.5,502
False,263.552,123.495,58751.3558272,418.5,502
False,263.6769,123.4477,58751.3878016,422.5,502
False,263.6505,123.4585,58751.4197504,423.5,502
False,263.6393,123.4272,58751.452416,421,502
False,263.621,123.3699,58751.4851456,423.5,502
False,263.7225,123.3487,58751.5316352,424,502
False,263.5864,123.3588,58751.5636096,419.5,502
False,263.1548,123.3789,58751.5953536,406,502
False,263.2356,123.2892,58751.6272768,404,502
False,263.6667,123.1902,58751.6598272,386.5,502
False,264.9612,122.348,58751.6915456,387,502
False,266.2659,122.3574,58751.7241728,380.5,502
False,267.8451,123.1202,58751.7559168,384,502
False,269.1429,124.1909,58751.7875456,326.5,502
False,270.7182,123.1057,58751.8196096,369,502
False,271.8229,122.7392,58751.8527872,358.5,502
False,272.2662,123.0358,58751.8850048,335,502
False,273.2388,123.4842,58751.931584,352.5,502
False,274.1182,124.331,58751.963712,361,502
False,274.1118,124.2552,58751.9957248,341.5,502
False,275.4183,125.0655,58752.027776,333.5,502
False,276.0843,124.3984,58752.06048,356,502
False,276.075,123.6016,58752.0916224,335.5,502
False,276.3524,123.4833,58752.1241856,323.5,502
False,277.3164,122.9419,58752.1556352,335.5,502
False,276.9211,123.0368,58752.188096,317,502
False,277.6696,122.6269,58752.2195584,335,502
False,277.8073,122.2422,58752.252032,320,502
False,277.1844,122.4719,58752.2838016,291,502
False,276.6492,122.2314,58752.3318784,266.5,502
False,276.7673,122.012,58752.3637504,291.5,502
False,275.0771,122.8437,58752.3957888,233.5,502
False,275.6925,122.3386,58752.4274048,251.5,502
False,275.6385,122.2442,58752.4595968,260,502
False,275.3598,122.2054,58752.4914048,258,502
False,275.2966,122.5413,58752.5238144,254,502
False,274.9384,123.0794,58752.5563648,243.5,502
False,276.6239,122.3505,58752.5878272,292,502
False,276.8348,122.1787,58752.6202112,284.5,502
False,277.1471,122.0136,58752.652736,281,502
False,276.5107,123.2784,58752.6838784,209.5,502
False,276.7318,122.4926,58752.7314944,225,502
False,277.0583,122.9752,58752.7635328,194.5,502
False,277.0639,122.9434,58752.7955456,182.5,502
False,277.2085,121.811,58752.8278656,231,502
False,277.0036,121.8243,58752.8598016,229.5,502
False,276.7769,122.5538,58752.89152,186,502
False,277.0256,122.2063,58752.9236992,202,502
False,276.7943,121.6758,58752.9556096,218,502
False,276.5561,121.9924,58752.9879808,218.5,502
False,276.8299,121.9878,58753.0205056,218.5,502
False,277.2289,122.0778,58753.0524416,231.5,502
False,277.0819,122.3171,58753.085312,205.5,502
False,277.7308,122.1097,58753.1315456,241.5,502
False,277.8962,121.921,58753.16352,249,502
False,277.7032,122.0939,58753.1963648,232.5,502
False,277.5867,121.8501,58753.227968,233.5,502
False,276.7711,122.5413,58753.2595456,183.5,502
False,276.7502,122.2048,58753.291712,181.5,502
False,276.4485,122.2471,58753.3239808,189.5,502
False,276.5362,122.0206,58753.35584,186.5,502
False,276.5921,121.7781,58753.3881728,181,502
False,276.9122,121.3432,58753.419712,186,502
False,276.6134,121.7988,58753.4522368,169,502
False,276.588,121.5102,58753.484224,171.5,502
False,276.2349,121.54,58753.5315456,154,502
False,276.6002,121.2588,58753.5639808,165.5,502
False,276.2737,121.5518,58753.5959808,148,502
False,276.2481,121.3474,58753.6280192,154.5,502
False,275.9059,121.6852,58753.659584,143.5,502
False,276.2112,121.2537,58753.6918656,157,502
False,276.4581,121.0562,58753.7238016,163,502
False,276.5062,121.0988,58753.7558016,162,502
False,276.8532,121.747,58753.7883008,168,502
False,276.818,121.9368,58753.8198272,200.5,502
False,277.363,122.1907,58753.8527744,180,502
False,277.4915,122.1676,58753.883968,177,502
False,277.2978,122.2018,58753.931648,187.5,502
False,277.8994,121.5637,58753.9639552,205.5,502
False,277.6422,121.5648,58753.9963648,211,502
False,277.2653,121.4599,58754.028032,193.5,502
False,276.9581,121.703,58754.0596992,179,502
False,276.5976,121.6982,58754.091776,169,502
False,276.607,121.5934,58754.1252096,170.5,502
False,276.5608,121.4262,58754.156224,179.5,502
False,276.3931,121.5461,58754.187904,159,502
False,276.6857,121.021,58754.2198784,166.5,502
False,276.7018,121.2835,58754.252352,180.5,502
False,276.6513,121.3938,58754.2841216,162.5,502
False,276.5978,121.4995,58754.3319552,152.5,502
False,276.4423,121.2197,58754.3639936,179,502
False,276.4699,121.2204,58754.3956608,183,502
False,276.6236,121.1906,58754.4276224,174,502
False,276.631,121.2996,58754.4606848,168,502
False,276.3672,121.5312,58754.4920704,157.5,502
False,276.5117,121.493,58754.523904,178.5,502
False,276.4303,121.7166,58754.5559552,177,502
False,276.8386,121.7483,58754.5878144,173.5,502
False,276.5627,121.9719,58754.6199168,178,502
False,276.8346,121.7528,58754.6528128,193.5,502
False,277.0239,121.4753,58754.6857344,209,502
False,277.0113,121.4471,58754.7316736,206.5,502
False,277.3513,121.3205,58754.7636736,194.5,502
False,276.6114,121.4737,58754.7956736,184,502
False,276.7072,121.678,58754.8279936,177,502
False,277.1215,121.4163,58754.8597632,203,502
False,277.4354,121.904,58754.8918656,165,502
False,277.3134,121.7245,58754.9237888,184.5,502
False,277.5082,121.9216,58754.955968,193.5,502
False,277.9643,121.9468,58754.9884928,228.5,502
False,278.4694,121.8967,58755.0206336,229,502
False,279.3693,122.0155,58755.0528768,269,502
False,279.7396,122.3998,58755.0856064,283.5,502
False,280.1077,122.7947,58755.1319552,263,502
False,282.1805,123.245,58755.16384,294.5,502
False,284.6443,124.9891,58755.1958144,320,502
False,287.3182,126.3169,58755.228288,364.5,502
False,289.4825,127.8482,58755.2603392,438,502
False,291.501,129.6599,58755.292288,496,502
False,295.1134,132.6721,58755.32384,548,502
False,298.2413,134.5062,58755.3560064,550.5,502
False,299.0996,134.3658,58755.3879424,569,502
False,299.9744,134.0523,58755.4201088,573.5,502
False,301.4122,134.0524,58755.4530944,560,502
False,303.3812,134.8847,58755.4856448,543.5,502
False,305.1956,135.8233,58755.5319552,530,502
False,306.6918,136.8128,58755.5639168,523.5,502
False,308.5059,137.862,58755.596736,526.5,502
False,311.5214,138.7307,58755.6283904,521,502
False,315.3854,139.6491,58755.6606592,531,502
False,319.4046,140.437,58755.6924288,545,502
False,323.251,139.7707,58755.7242752,522.5,502
False,327.1169,139.1357,58755.7559168,539,502
False,331.0685,140.3194,58755.7879808,538,502
False,335.657,141.5136,58755.8200832,533.5,502
False,340.9474,142.9047,58755.8532096,535,502
False,346.2086,143.7979,58755.8863232,542.5,502
False,350.6175,143.9356,58755.932352,538.5,502
False,355.2476,143.2453,58755.963968,528.5,502
False,360.024,141.9625,58755.9958912,542,502
False,364.4559,141.7278,58756.0279808,537,502
False,367.6472,142.5293,58756.060096,531.5,502
False,371.1012,143.5829,58756.0922624,535.5,502
False,375.1277,144.5129,58756.1242624,543,502
False,379.2917,144.4811,58756.1559936,528,502
False,382.4117,143.6918,58756.1881216,531.5,502
False,385.7202,142.1153,58756.2204032,529,502
False,389.2242,141.965,58756.2536832,537.5,502
False,391.1498,142.3294,58756.2860544,503,502
False,393.3406,143.3245,58756.3323648,529.5,502
False,396.5485,144.2136,58756.3640448,537.5,502
False,400.4156,144.8247,58756.3968,543,502
False,403.8067,145.2351,58756.4280704,526,502
False,407.1502,144.5207,58756.4602496,515,502
False,409.7069,144.1068,58756.4920576,509,502
False,410.2471,144.4469,58756.523904,506.5,502
False,410.17,144.6497,58756.5559936,471.5,502
False,410.3964,145.0263,58756.5881088,462.5,502
False,410.5446,144.923,58756.620928,469.5,502
False,410.4167,144.9978,58756.6532736,457.5,502
False,409.7425,145.1195,58756.6853376,415.5,502
False,409.3529,145.1419,58756.7321856,417,502
False,409.743,144.4893,58756.7645824,458.5,502
False,409.6608,144.6408,58756.7963392,451.5,502
False,409.7164,144.6886,58756.8285568,455.5,502
False,409.5549,144.6953,58756.8600576,453.5,502
False,409.6656,144.7692,58756.8923648,448.5,502
False,413.644,145.237,58756.9240192,543.5,502
False,409.6959,144.8973,58756.956096,451,502
False,409.539,144.7712,58756.9880576,446.5,502
False,409.3691,144.6471,58757.0206464,442,502
False,409.5793,144.6347,58757.0531712,454,502
False,409.768,144.586,58757.0859392,460.5,502
False,410.0225,144.6863,58757.1319936,467,502
False,409.9201,144.7029,58757.1641216,465,502
False,410.1308,144.6111,58757.1963008,467.5,502
False,409.6446,144.5388,58757.2291456,453.5,502
False,409.5054,144.5814,58757.2605056,449.5,502
False,409.8094,144.5171,58757.292096,459,502
False,409.623,144.5053,58757.324352,454.5,502
False,409.4897,144.5798,58757.3561856,455,502
False,409.6567,144.4842,58757.3882496,453,502
False,409.7124,144.6873,58757.4204544,451.5,502
False,409.6343,144.7333,58757.4534912,447.5,502
False,409.2862,144.8533,58757.4844288,435,502
False,409.7184,144.6586,58757.5321088,457,502
False,409.851,144.7255,58757.5641088,453,502
False,410.0649,144.6007,58757.5964672,475,502
False,411.5897,144.5547,58757.6284416,504.5,502
False,412.6085,144.5013,58757.6604544,507,502
False,413.4787,144.3269,58757.6920832,517,502
False,415.8562,144.1162,58757.7245568,532,502
False,418.0043,144.4726,58757.756992,505,502
False,419.4246,145.3783,58757.7888,500.5,502
False,421.2113,147.7151,58757.8203776,437,502
False,423.1577,148.012,58757.8533376,473.5,502
False,423.7506,146.9948,58757.8855552,484.5,502
False,425.0686,146.2829,58757.9322752,459,502
False,427.0213,144.739,58757.9642752,486,502
False,428.8056,143.8825,58757.9962624,496.5,502
False,430.1411,143.3262,58758.0287488,516,502
False,431.3847,142.9563,58758.0605824,519,502
False,431.9497,142.8801,58758.09216,510,502
False,433.9295,142.6467,58758.1241344,518,502
False,434.8725,142.6929,58758.1561984,502,502
False,434.1823,142.4088,58758.1887232,501,502
False,433.5315,142.8173,58758.221312,473.5,502
False,432.7785,143.3614,58758.2528768,433.5,502
False,431.1301,143.5685,58758.2860288,433,502
False,428.8964,144.1831,58758.332672,386,502
False,426.1913,144.0644,58758.364352,375.5,502
False,424.3856,144.3813,58758.3964672,347.5,502
False,423.6625,144.3048,58758.428288,321.5,502
False,423.1216,143.7341,58758.4607616,338.5,502
False,422.886,143.427,58758.492288,343.5,502
False,422.7921,143.2811,58758.5244672,348,502
False,422.6541,143.429,58758.5562496,359,502
False,422.7123,143.784,58758.5884672,358,502
False,423.1225,143.7878,58758.620608,360.5,502
False,423.8563,143.5918,58758.6530944,363,502
False,423.7059,143.7092,58758.6863488,407.5,502
False,424.3076,143.5589,58758.7325824,427,502
False,424.6007,143.3873,58758.7646848,432,502
False,424.0824,143.0538,58758.7966464,408.5,502
False,424.1539,143.3174,58758.828224,419,502
False,427.9089,145.9444,58758.8602496,530.5,502
False,427.726,146.145,58758.8929536,523,502
False,427.8251,146.3487,58758.9246336,497.5,502
False,423.072,143.8116,58758.956544,363.5,502
False,422.7534,143.669,58758.9884928,359.5,502
False,422.5419,143.7418,58759.020288,346,502
False,422.8764,143.4141,58759.052992,369.5,502
False,427.0133,145.7171,58759.0861568,489,502
False,427.4199,145.6145,58759.1327616,504.5,502
False,422.7926,143.4085,58759.1644288,370.5,502
False,427.5098,145.7015,58759.1964928,502.5,502
False,427.7758,145.6738,58759.2286848,493.5,502
False,428.2583,145.479,58759.2603264,519.5,502
False,423.6253,143.4806,58759.2925952,390.5,502
False,424.1211,143.4285,58759.3243136,404.5,502
False,424.8587,143.5887,58759.3563776,421,502
False,425.7633,143.867,58759.388928,426,502
False,426.5862,144.0031,58759.4207232,431,502
False,427.446,144.4417,58759.45312,424.5,502
False,427.9988,144.7471,58759.4846976,424.5,502
False,428.9319,145.0273,58759.5324672,433,502
False,433.8092,147.543,58759.5647488,574,502
False,428.9106,144.6064,58759.5967744,429,502
False,428.9402,144.5349,58759.6283392,412.5,502
False,428.489,144.0836,58759.660416,402.5,502
False,427.6035,144.0533,58759.6929024,387.5,502
False,427.4995,143.7209,58759.7244928,375,502
False,426.8971,143.271,58759.7566336,366,502
False,426.8562,143.0304,58759.7889664,367.5,502
False,426.8195,143.2293,58759.8208256,375,502
False,427.2469,143.2257,58759.8530688,384,502
False,427.8718,143.8539,58759.8846848,400.5,502
False,427.9268,144.2995,58759.9324288,398.5,502
False,428.2092,144.4714,58759.9644416,396,502
False,428.797,144.429,58759.9967744,399,502
False,428.8868,144.5427,58760.0285312,372.5,502
False,428.0908,144.0026,58760.0604032,380,502
False,428.0222,143.6832,58760.0923776,382.5,502
False,427.8628,143.3356,58760.1245568,364.5,502
False,427.7577,142.9206,58760.1571968,359,502
False,427.4573,143.0701,58760.1889664,359,502
False,427.3929,142.9391,58760.2208512,366.5,502
False,427.2455,142.9538,58760.2531456,360.5,502
False,427.5369,143.2152,58760.2866176,372.5,502
False,427.4506,143.2866,58760.3324672,371,502
False,427.0128,143.2817,58760.3644416,365,502
False,427.0729,143.4401,58760.3968,359,502
False,426.9098,143.1756,58760.4283264,353,502
False,425.9258,142.9588,58760.4604544,348,502
False,425.0786,143.138,58760.4924544,339.5,502
False,424.8676,143.0483,58760.5252608,372.5,502
False,424.4389,143.5643,58760.557376,369.5,502
False,424.1153,143.8776,58760.5887232,373,502
False,424.4008,143.9761,58760.620736,363,502
False,424.2969,143.9322,58760.6532352,361.5,502
False,424.5096,143.6292,58760.6862592,355.5,502
False,424.492,143.6062,58760.7329792,344.5,502
False,424.378,143.8629,58760.7644672,332,502
False,424.2506,143.8421,58760.7968256,332.5,502
False,424.3072,143.6267,58760.8289664,337.5,502
False,424.5552,143.6948,58760.8606208,332,502
False,424.0426,143.9173,58760.8926336,320.5,502
False,423.83,144.2913,58760.9246848,305,502
False,423.5454,144.4563,58760.9568896,290,502
False,423.9022,143.7081,58760.9891968,325.5,502
False,424.4157,143.5528,58761.0212096,344,502
False,425.2805,143.5372,58761.0532096,372,502
False,426.2724,143.7074,58761.0849152,396.5,502
False,427.7421,143.7828,58761.1325312,442,502
False,429.3703,143.5692,58761.1648256,473.5,502
False,430.8315,143.8853,58761.196608,468,502
False,432.8543,144.4692,58761.2285952,505.5,502
False,434.4589,144.9544,58761.260672,486,502
False,434.3443,144.977,58761.2927104,486,502
False,433.7751,144.7286,58761.325568,455,502
False,433.1149,144.1674,58761.3572608,435,502
False,432.5666,143.9076,58761.3887872,416.5,502
False,432.2113,143.6465,58761.4212992,388,502
False,431.7508,143.1518,58761.4532736,386.5,502
False,431.297,142.759,58761.4874112,366.5,502
False,431.0802,142.936,58761.5329024,349,502
False,431.453,142.3711,58761.5646464,370.5,502
False,431.362,142.0382,58761.5966976,383.5,502
False,431.2804,142.1285,58761.628608,355.5,502
False,431.0267,142.1686,58761.6607488,349,502
False,430.8988,142.1797,58761.6931456,337.5,502
False,430.8846,141.8319,58761.724928,341,502
False,430.7041,141.7272,58761.7573504,338.5,502
False,430.0706,142.152,58761.7887872,340,502
False,430.1062,142.392,58761.8214144,326.5,502
False,429.7795,142.4697,58761.8532096,319,502
False,429.5568,142.6145,58761.8865664,306.5,502
False,429.9995,142.3216,58761.9325824,326,502
False,430.5438,142.0638,58761.964672,358,502
False,431.4597,142.2163,58761.9965824,374.5,502
False,432.3654,142.3999,58762.0290688,400.5,502
False,433.6818,142.5925,58762.061312,418,502
False,434.6502,142.6136,58762.0937984,455,502
False,435.0419,142.8254,58762.1249152,442,502
False,435.0863,142.8204,58762.1569664,430.5,502
False,434.6584,142.5948,58762.1887104,426.5,502
False,433.3759,142.2301,58762.2209792,407,502
False,432.5547,141.8154,58762.2546048,399,502
False,431.2249,141.3811,58762.285184,376.5,502
False,429.449,140.6645,58762.3330944,390.5,502
False,427.2,140.8485,58762.3646592,395,502
False,424.4713,140.8231,58762.3967232,406,502
False,422.3233,141.2189,58762.428608,381.5,502
False,420.5253,141.4646,58762.4610304,362,502
False,419.5937,141.6512,58762.4927744,333.5,502
False,419.1821,141.891,58762.5248768,319.5,502
False,418.9362,142.0475,58762.5569536,308.5,502
False,419.0547,142.0233,58762.5889536,308,502
False,418.9537,142.1023,58762.622336,309.5,502
False,419.047,142.129,58762.6540672,305,502
False,419.3165,141.6533,58762.6850304,336,502
False,419.3013,141.7455,58762.7326464,327.5,502
False,419.9387,141.4447,58762.7654528,359,502
False,420.1005,141.5801,58762.7969664,360,502
False,421.0256,141.5459,58762.82912,403,502
False,421.757,141.5111,58762.8608512,398.5,502
False,422.4615,141.9134,58762.8928384,396.5,502
False,422.9093,142.23,58762.9252992,384,502
False,423.5125,141.9077,58762.9570432,393.5,502
False,423.7778,142.2878,58762.9894272,373.5,502
False,423.6105,142.4332,58763.0211072,374,502
False,423.8045,142.2711,58763.0533504,399,502
False,423.9236,142.3793,58763.0870784,399,502
False,424.1776,142.2634,58763.1330688,398,502
False,425.0416,142.2299,58763.1647744,412.5,502
False,425.002,142.1829,58763.1967488,415.5,502
False,424.9615,143.0157,58763.2287872,381,502
False,424.9996,143.1673,58763.2607488,386.5,502
False,425.1367,143.2438,58763.2932992,389,502
False,425.6653,143.1673,58763.3248768,379.5,502
False,425.5382,143,58763.3570048,397,502
False,425.7769,143.0852,58763.3889152,399,502
False,426.0411,143.1069,58763.4209536,405.5,502
False,424.6811,142.861,58763.4538112,440,502
False,424.2365,143.0222,58763.4866176,451,502
False,424.4759,143.4091,58763.5327744,446.5,502
False,424.6659,144.0415,58763.5648128,457.5,502
False,425.3473,144.6413,58763.5968256,465.5,502
False,425.9393,145.0388,58763.6289408,450.5,502
False,426.3833,145.2151,58763.6612352,454,502
False,426.4347,145.3206,58763.6933248,445.5,502
False,426.3642,145.1988,58763.7249024,459.5,502
False,426.8506,144.8142,58763.7570816,457.5,502
False,426.7371,144.5504,58763.7892736,466,502
False,427.0062,144.892,58763.8210304,481.5,502
False,427.5814,145.6242,58763.8540544,447.5,502
False,428.4094,145.7343,58763.8857216,453.5,502
False,428.1619,145.3831,58763.9328512,438.5,502
False,427.735,145.2359,58763.9651712,429.5,502
False,427.5175,145.0213,58763.9972224,423.5,502
False,427.1759,144.8059,58764.0290304,404.5,502
False,426.6712,144.8392,58764.0609152,401,502
False,426.3438,144.8758,58764.0931072,381,502
False,426.5584,144.2408,58764.1256192,392.5,502
False,426.3267,144.0239,58764.1574912,404,502
False,425.8684,144.0706,58764.1892096,401.5,502
False,426.5926,144.0057,58764.2211712,411.5,502
False,427.402,143.9924,58764.2535296,395.5,502
False,427.8817,144.1368,58764.2856064,379,502
False,427.8789,144.0539,58764.3334784,380,502
False,428.1108,144.0484,58764.364864,382,502
False,427.779,144.1199,58764.3972352,372.5,502
False,427.1292,144.2322,58764.4289792,349.5,502
False,426.5528,144.1371,58764.4610048,338,502
False,425.9814,143.9614,58764.4930048,323.5,502
False,425.1987,144.0077,58764.5255808,323,502
False,424.3851,143.4093,58764.5574784,344.5,502
False,423.2936,143.3997,58764.5894784,331.5,502
False,423.0383,142.8456,58764.6211968,326,502
False,422.4152,142.8846,58764.6536064,307.5,502
False,422.2374,142.6105,58764.6854656,297,502
False,422.1244,142.886,58764.7329536,289.5,502
False,422.521,142.9784,58764.7657344,286,502
False,422.8459,142.6472,58764.7973248,317,502
False,422.5537,142.848,58764.8289792,307,502
False,422.0171,143.3982,58764.8612608,282.5,502
False,422.3463,143.432,58764.8930944,282,502
False,422.708,143.4056,58764.92544,290.5,502
False,422.9297,143.5452,58764.9573248,280,502
False,422.8799,143.7286,58764.9891712,272,502
False,429.5442,146.0299,58765.0213632,441,502
False,430.3946,146.154,58765.053696,440.5,502
False,430.9267,145.9685,58765.0867968,450,502
False,430.24,145.1928,58765.133312,487.5,502
False,421.8793,141.8288,58765.1650944,330,502
False,426.7303,143.3466,58765.1971584,489.5,502
False,425.186,143.1564,58765.2290944,494.5,502
False,424.5892,142.9431,58765.2610432,486.5,502
False,424.1492,142.9046,58765.2944,477,502
False,417.1498,141.0791,58765.3252224,301.5,502
False,416.7834,141.1454,58765.357888,314,502
False,417.475,141.1632,58765.3893888,334,502
False,417.6342,141.2683,58765.4217344,343.5,502
False,423.9422,142.6099,58765.4537856,499,502
False,417.7022,141.3609,58765.485248,333,502
False,424.3076,142.4952,58765.53344,505.5,502
False,424.1916,142.2049,58765.5653504,498.5,502
False,423.5723,141.699,58765.5970304,494.5,502
False,417.4478,141.4809,58765.6290432,393,502
False,417.4965,141.5871,58765.661056,404.5,502
False,417.6663,141.599,58765.6935808,426,502
False,418.2024,141.7809,58765.7255296,459.5,502
False,418.3806,141.5231,58765.7574528,479.5,502
False,418.3055,141.5623,58765.789312,503,502
False,418.0379,141.5587,58765.821312,497,502
False,417.4475,141.6418,58765.8537728,509.5,502
False,417.463,141.6543,58765.8868096,524.5,502
False,417.7012,141.901,58765.933376,535.5,502
False,418.1547,142.2264,58765.9651328,534.5,502
False,418.1954,142.6286,58765.9971584,539,502
False,418.2836,142.7991,58766.02912,552.5,502
False,418.3704,142.8706,58766.061568,552.5,502
False,418.9336,142.4307,58766.0936832,565,502
False,419.1393,142.4694,58766.1257344,564.5,502
False,419.1333,142.308,58766.1573376,540,502
False,418.8712,142.0039,58766.1893888,515,502
False,419.354,141.7562,58766.221376,523,502
False,419.307,141.9455,58766.254784,526,502
False,418.8357,141.9666,58766.285632,528.5,502
False,418.5763,142.0869,58766.3337984,529.5,502
False,419.1204,141.7146,58766.3653504,542.5,502
False,420.2448,141.3928,58766.3979264,555,502
False,421.0923,140.8312,58766.429312,518.5,502
False,421.0763,140.886,58766.4614528,509,502
False,421.2849,140.7442,58766.493632,516,502
False,422.308,140.7519,58766.5255552,532,502
False,423.3408,140.9102,58766.5572096,514,502
False,425.2786,140.4982,58766.5892864,505.5,502
False,428.223,137.9574,58766.6214272,613.5,502
False,426.9539,136.7791,58766.6541312,578,502
False,423.4868,138.482,58766.6870656,486.5,502
False,423.4516,137.848,58766.7335552,483.5,502
False,424.4495,137.1116,58766.7657984,476.5,502
False,425.8694,136.4733,58766.7974144,499,502
False,427.0486,136.3681,58766.8292736,494,502
False,427.8283,136.2415,58766.8614016,482.5,502
False,429.0809,135.521,58766.893312,517,502
False,429.4741,135.7298,58766.9255936,496,502
False,429.4987,135.6136,58766.9576064,496,502
False,429.2896,135.5035,58766.989312,502.5,502
False,429.449,135.1598,58767.0217728,510,502
False,429.7468,135.1532,58767.0541568,470,502
False,429.2375,135.4822,58767.0875264,462.5,502
False,428.351,135.8568,58767.1338112,472.5,502
False,427.7847,136.7006,58767.1656448,447.5,502
False,427.8134,136.7508,58767.1974656,434,502
False,428.0444,136.2836,58767.2293376,435.5,502
False,428.0146,136.7294,58767.261376,411.5,502
False,428.5264,136.3658,58767.293568,436,502
False,428.899,136.2832,58767.3257472,442.5,502
False,429.6418,135.5765,58767.3574784,469.5,502
False,430.4515,135.2254,58767.3894656,455.5,502
False,430.803,134.7117,58767.4221056,458.5,502
False,430.6879,134.7461,58767.4546048,455.5,502
False,430.1991,135.2783,58767.4867712,442,502
False,430.3456,135.5827,58767.533504,423,502
False,430.1451,135.527,58767.5655168,428.5,502
False,429.2715,135.9745,58767.597504,412,502
False,428.7678,136.2326,58767.630208,417,502
False,428.2469,136.8432,58767.661376,407,502
False,427.345,137.503,58767.6937472,387,502
False,426.5782,138.1335,58767.7264256,384.5,502
False,426.6206,138.2844,58767.7574272,405,502
False,426.5351,138.3649,58767.7901952,423,502
False,426.3531,137.7654,58767.8217856,464,502
False,426.3152,137.3358,58767.8546688,479,502
False,426.262,136.6847,58767.8869504,516.5,502
False,426.3429,135.8954,58767.933888,540,502
False,426.5078,134.2735,58767.96544,560,502
False,427.0351,131.9283,58767.997504,583.5,502
False,427.7146,128.4897,58768.029376,591.5,502
False,428.4349,125.0765,58768.0614016,592.5,502
False,429.1368,122.4888,58768.0937728,634.5,502
False,429.5766,119.5734,58768.1263872,627.5,502
False,430.049,116.9855,58768.1574144,633,502
False,430.6043,114.6779,58768.1901568,666,502
False,430.8001,111.6387,58768.222208,643,502
False,430.6055,108.4055,58768.2548352,610,502
False,430.156,105.0495,58768.2868736,596,502
False,429.3745,102.1176,58768.3338496,602.5,502
False,428.9756,98.50583,58768.3655168,614.5,502
False,429.1164,95.53323,58768.3976448,614.5,502
False,429.3632,92.41273,58768.4295552,602.5,502
False,429.5361,88.88871,58768.46176,614,502
False,429.7056,85.88021,58768.4939136,608,502
False,429.4145,82.35902,58768.5257856,571,502
False,428.7612,79.54639,58768.5575168,564,502
False,427.8499,76.82838,58768.5895168,589.5,502
False,427.5218,73.58888,58768.6226944,593.5,502
False,427.934,70.9863,58768.6543744,596,502
False,428.8563,69.01034,58768.6874624,612.5,502
False,429.2909,66.36761,58768.7339136,632,502
False,429.8641,63.12002,58768.7655424,598.5,502
False,430.0246,60.20562,58768.7976064,575.5,502
False,429.3366,58.20922,58768.8294144,560,502
False,428.7316,56.70444,58768.8622848,551.5,502
False,428.8407,55.56089,58768.8939136,551.5,502
False,429.0616,54.81643,58768.9255552,527.5,502
False,429.4059,54.92804,58768.9575168,516.5,502
False,429.3767,54.88685,58768.9896832,518.5,502
False,429.3999,55.06307,58769.0219776,528.5,502
False,429.3846,55.28274,58769.0549248,520.5,502
False,429.3285,55.18881,58769.0875264,515.5,502
False,429.0082,54.50147,58769.133888,509.5,502
False,428.0686,51.22488,58769.165696,585.5,502
False,428.1402,52.37489,58769.1983104,569.5,502
False,428.2017,52.47128,58769.2300288,557,502
False,427.6738,52.64537,58769.2615168,563.5,502
False,428.489,53.63398,58769.2938496,515,502
False,427.7262,52.85821,58769.3255552,512.5,502
False,426.7021,51.68681,58769.3584256,513,502
False,424.7826,50.05435,58769.3901952,530.5,502
False,422.2134,48.22469,58769.4219776,563,502
False,419.9164,46.6827,58769.4545664,540.5,502
False,418.6004,45.73079,58769.4869504,538,502
False,417.8436,44.9311,58769.5337344,537,502
False,417.8698,44.40083,58769.565952,526,502
False,418.5003,43.65916,58769.5977088,511,502
False,418.7663,42.84204,58769.6299136,517,502
False,418.7943,43.12836,58769.661568,496,502
False,418.8166,43.4716,58769.6936064,487,502
False,419.0942,43.83163,58769.7268352,490,502
False,419.5141,43.60207,58769.7583104,498,502
False,419.1707,43.55378,58769.7899136,499,502
False,418.951,43.51274,58769.8219008,497,502
False,418.9937,43.5015,58769.8543744,499.5,502
False,418.8546,43.52058,58769.8859008,502,502
False,418.9152,43.26607,58769.9339264,503,502
False,418.6125,43.37261,58769.965632,513.5,502
False,418.8231,43.84417,58769.9977088,530.5,502
False,419.0355,43.84302,58770.0297472,516,502
False,418.725,43.77019,58770.0615936,520,502
False,418.4478,43.58756,58770.094656,522.5,502
False,418.4812,43.45461,58770.1261696,514,502
False,418.6362,43.42035,58770.1579136,509.5,502
False,418.5994,43.49837,58770.1897856,513,502
False,418.7556,43.6025,58770.221824,532.5,502
False,419.689,44.20862,58770.2547328,514.5,502
False,420.0442,44.76121,58770.287424,516.5,502
False,420.3517,44.65408,58770.3337216,516.5,502
False,420.0803,44.72921,58770.3656448,517,502
False,420.0947,44.51098,58770.3977472,508.5,502
False,419.7262,44.22413,58770.430144,523.5,502
False,419.6949,44.34031,58770.4623744,525.5,502
False,419.6418,44.32122,58770.494208,523,502
False,419.7641,44.33141,58770.5258112,518.5,502
False,419.7588,44.30186,58770.5577984,519,502
False,419.7149,44.57111,58770.5897984,528.5,502
False,420.3544,44.95104,58770.6218112,514,502
False,420.7028,45.05572,58770.655168,511.5,502
False,420.9407,44.98995,58770.6870912,497.5,502
False,420.8375,45.109,58770.7338368,501.5,502
False,420.8281,45.00409,58770.765696,489.5,502
False,420.6279,44.85939,58770.7978112,499,502
False,420.1971,44.81363,58770.830656,499,502
False,419.7335,44.66601,58770.8620928,506,502
False,418.806,44.76434,58770.8938752,508.5,502
False,417.5471,44.27684,58770.9258752,534,502
False,416.7031,43.98164,58770.9578624,535.5,502
False,416.4035,43.903,58770.990144,527.5,502
False,416.1016,43.94663,58771.0218624,521.5,502
False,416.1681,43.79877,58771.0548096,513.5,502
False,416.2405,43.75008,58771.0870016,511.5,502
False,416.1474,43.65876,58771.133888,527,502
False,416.1237,43.90918,58771.1664,517.5,502
False,416.1158,43.89385,58771.1984768,515,502
False,416.2141,43.78782,58771.2299136,514.5,502
False,416.049,43.9446,58771.2618752,520.5,502
False,415.9365,43.86762,58771.2938368,525,502
False,416.1403,43.86641,58771.326144,519,502
False,416.1457,43.61886,58771.3581696,512.5,502
False,415.9188,43.71088,58771.3898752,531.5,502
False,415.8537,43.76493,58771.42208,527.5,502
False,415.4916,43.60943,58771.4557696,544.5,502
False,414.7162,43.59045,58771.4871552,544.5,502
False,413.5853,43.21411,58771.5342848,541,502
False,412.4565,42.80019,58771.5661696,528,502
False,411.7524,42.69482,58771.5978752,521,502
False,411.3262,42.78894,58771.629888,512.5,502
False,410.2928,43.40457,58771.662016,547.5,502
False,410.49,43.32303,58771.6939136,534,502
False,410.5667,43.23305,58771.7263872,533.5,502
False,410.6314,43.19426,58771.7582848,534.5,502
False,410.8042,43.28193,58771.7899904,528.5,502
False,410.7422,43.32697,58771.8223104,549.5,502
False,410.5073,42.9997,58771.8554368,550,502
False,411.2162,42.51372,58771.8876288,540.5,502
False,411.4862,42.33427,58771.934848,533,502
False,411.7247,42.14209,58771.9663488,525.5,502
False,411.3448,42.33302,58771.9982208,540,502
False,411.445,42.33458,58772.0303488,534.5,502
False,411.3398,42.46661,58772.0620288,536.5,502
False,411.2673,42.4502,58772.0941696,540.5,502
False,411.3917,42.19447,58772.1265024,536.5,502
False,411.2875,42.34262,58772.1579776,538.5,502
False,411.4092,42.34708,58772.190336,533.5,502
False,411.1626,42.51355,58772.222592,547.5,502
False,411.2929,42.3571,58772.2548736,540,502
False,411.549,42.26416,58772.287232,532.5,502
False,411.3631,42.3717,58772.3340928,543,502
False,411.5399,42.28648,58772.365952,530,502
False,411.271,42.42335,58772.3987456,542.5,502
False,411.4995,42.25665,58772.4306944,532.5,502
False,411.4088,42.27064,58772.462016,537,502
False,411.4582,42.26186,58772.4940032,534,502
False,411.2434,42.37954,58772.5263872,541,502
False,411.6092,42.22117,58772.5583872,527.5,502
False,411.3745,42.15094,58772.59008,530,502
False,411.4428,42.1967,58772.6223616,516,502
False,411.6074,42.04475,58772.65408,506.5,502
False,411.5061,42.1688,58772.687616,508.5,502
False,411.7809,42.10254,58772.7342976,512,502
False,411.812,41.93419,58772.7664512,509,502
False,411.8562,41.80583,58772.7982464,503,502
False,411.6897,41.86377,58772.830016,506.5,502
False,411.5757,41.77711,58772.8621312,504,502
False,410.5059,42.0359,58772.8940544,506,502
False,408.955,41.90565,58772.9270656,507,502
False,406.6874,41.97512,58772.95808,522.5,502
False,404.4004,41.21466,58772.9906176,507,502
False,402.0182,41.04901,58773.0224512,513.5,502
False,398.6814,40.52877,58773.0547456,533,502
False,395.4238,39.71474,58773.0874624,471.5,502
False,392.0115,39.31335,58773.1345408,450.5,502
False,388.4561,39.72767,58773.166208,459,502
False,385.2629,39.79328,58773.198336,466,502
False,381.5586,40.01571,58773.2300288,445.5,502
False,378.1332,39.53888,58773.2620416,463,502
False,374.4353,39.5527,58773.2944512,485.5,502
False,369.6797,40.02971,58773.3264768,460,502
False,365.3213,40.70131,58773.3581056,457,502
False,360.3472,41.92049,58773.3902848,480,502
False,355.078,42.89938,58773.4233856,487,502
False,350.6333,42.88403,58773.4553728,514.5,502
False,346.0351,43.32549,58773.4879872,531.5,502
False,342.2871,43.5231,58773.5340288,534,502
False,339.0995,44.08841,58773.5667456,509,502
False,336.7337,44.78121,58773.598208,502,502
False,334.0133,45.24544,58773.6301824,512,502
False,330.4131,45.55094,58773.6621184,541.5,502
False,327.5869,45.51611,58773.694592,522.5,502
False,325.1418,45.10692,58773.726208,530,502
False,322.9332,44.48178,58773.7582336,553.5,502
False,319.9457,44.37213,58773.7902848,558.5,502
False,316.7722,44.61062,58773.822208,562,502
False,313.6263,45.36159,58773.8555776,548.5,502
False,309.5639,46.25743,58773.888832,527,502
False,306.4412,47.25008,58773.9345408,528.5,502
False,303.9157,48.39834,58773.9662336,561.5,502
False,301.388,49.17482,58773.9981824,521.5,502
False,299.5113,50.1715,58774.0303616,517,502
False,298.3896,50.50318,58774.0623616,524,502
False,298.2938,50.4241,58774.0947712,510.5,502
False,298.1085,50.47866,58774.1264512,511.5,502
False,298.4944,50.46753,58774.1586816,503,502
False,298.32,50.42097,58774.1902336,513.5,502
False,298.3291,50.41473,58774.2223872,516,502
False,298.4332,50.41796,58774.25504,514,502
False,298.4312,50.48008,58774.287168,514.5,502
False,298.4084,50.38791,58774.3348096,513,502
False,298.3848,50.42524,58774.3662976,515,502
False,298.3398,50.36868,58774.3986816,514,502
False,297.1656,50.68914,58774.430528,526.5,502
False,294.3741,51.52087,58774.462272,519,502
False,289.7079,51.88253,58774.4943232,489.5,502
False,285.2197,52.80612,58774.5261312,490,502
False,280.6788,53.47331,58774.5590784,521.5,502
False,276.3799,54.22667,58774.5906432,512.5,502
False,272.6397,54.21312,58774.622336,518.5,502
False,267.9291,54.35653,58774.6550144,524.5,502
False,262.7017,54.91634,58774.6875776,514,502
False,257.2014,55.34035,58774.7343616,499,502
False,251.5466,56.33497,58774.7666688,508,502
False,245.5756,57.0895,58774.7982848,527,502
False,239.1132,56.79252,58774.8302336,539,502
False,233.2188,55.58135,58774.8623744,547,502
False,227.2087,54.69147,58774.8945024,551,502
False,221.6339,54.1882,58774.9268224,534,502
False,216.8888,53.76272,58774.9583104,527.5,502
False,211.3709,53.31925,58774.990592,532.5,502
False,206.1128,52.66243,58775.022784,551,502
False,201.5103,51.26131,58775.0550912,541.5,502
False,197.1098,49.42964,58775.087616,533,502
False,192.0067,47.52546,58775.1343872,550,502
False,187.4621,46.52417,58775.1670784,534.5,502
False,182.4851,46.0644,58775.1987328,530.5,502
False,178.0778,45.67651,58775.2304128,542,502
False,173.2553,44.88327,58775.2625152,534,502
False,170.2568,43.23426,58775.2942464,540,502
False,167.4003,41.67424,58775.3266048,550,502
False,163.8941,41.13429,58775.3586304,558.5,502
False,160.3656,40.98076,58775.3912064,537,502
False,157.4249,41.50245,58775.422528,544,502
False,153.736,42.27608,58775.4551424,538.5,502
False,149.8015,42.52661,58775.4870016,570,502
False,146.0615,42.05207,58775.534848,566.5,502
False,143.3081,40.94203,58775.5668864,575,502
False,140.9528,39.8709,58775.5983232,590,502
False,138.0041,39.02494,58775.6305024,608,502
False,135.5008,38.3665,58775.6629632,593,502
False,133.0924,37.91324,58775.694848,595.5,502
False,130.4853,37.15847,58775.7263872,590,502
False,128.3749,36.98164,58775.758464,590,502
False,125.7213,37.00276,58775.7908096,604,502
False,123.3843,36.84014,58775.8231808,612,502
False,121.0919,36.633,58775.8552064,604,502
False,119.2513,35.72097,58775.902592,620,502
False,117.5912,34.55739,58775.9344512,636,502
False,115.3556,34.13448,58775.966592,637,502
False,112.9204,33.81757,58775.999488,624,502
False,109.6025,33.38849,58776.0305536,625.5,502
False,106.288,33.32469,58776.0628608,617,502
False,103.3602,33.84269,58776.0945792,614.5,502
False,100.7905,34.08871,58776.1265024,612.5,502
False,98.24345,34.06501,58776.158464,623,502
False,95.72981,33.76712,58776.1907968,625.5,502
False,92.85767,33.09763,58776.2230784,626.5,502
False,91.10295,32.68369,58776.2556288,626.5,502
False,88.53634,32.13852,58776.302592,610,502
False,86.67122,32.26233,58776.3344896,622,502
False,84.0775,32.93671,58776.3665536,621.5,502
False,81.44272,33.43265,58776.3988224,612.5,502
False,79.62984,34.38207,58776.4313472,615.5,502
False,78.55213,34.59373,58776.4629888,601,502
False,78.48619,34.2318,58776.4947072,597.5,502
False,77.67023,33.9491,58776.5263872,609,502
False,76.18124,33.51036,58776.5584768,595,502
False,74.01294,33.74093,58776.5906176,592.5,502
False,72.71864,33.64237,58776.6229888,590,502
False,71.98172,33.85292,58776.6559744,574.5,502
False,72.41721,35.27588,58776.70304,542.5,502
False,72.73439,35.75831,58776.734464,536.5,502
False,70.16956,36.79637,58776.7666048,606.5,502
False,69.99374,36.62691,58776.7995008,612,502
False,72.60941,35.75549,58776.8308736,538.5,502
False,71.41119,36.18324,58776.8628352,533,502
False,70.46796,36.88567,58776.8945664,517.5,502
False,69.41642,36.77077,58776.9265024,507.5,502
False,68.31766,36.50546,58776.958528,489,502
False,67.87202,37.47915,58776.9907328,467.5,502
False,62.87307,40.08355,58777.0234624,572.5,502
False,67.02546,38.97062,58777.0557824,425.5,502
False,66.99039,39.10697,58777.1026816,416,502
False,67.03103,39.26651,58777.1344768,419,502
False,67.31023,38.92574,58777.1666304,404,502
False,67.35783,38.79341,58777.1991808,394.5,502
False,66.95057,38.55293,58777.2308608,381,502
False,67.35709,38.63875,58777.2625536,400,502
False,67.36118,38.63375,58777.2946048,395,502
False,67.39964,38.31565,58777.3265024,377,502
False,67.46693,38.29504,58777.3586944,383,502
False,67.83062,38.21048,58777.391744,369,502
False,67.85355,38.18736,58777.4228992,358.5,502
False,67.85561,37.8617,58777.455872,355.5,502
False,67.68198,38.39108,58777.5026944,381,502
False,67.79511,38.364,58777.534912,375,502
False,67.88646,38.28454,58777.5666944,365.5,502
False,67.77456,38.38202,58777.5994624,380,502
False,67.99345,37.81066,58777.6305024,356.5,502
False,64.54318,39.35727,58777.6625408,480.5,502
False,67.63609,36.66086,58777.6950016,430.5,502
False,66.78052,36.64952,58777.726912,486,502
False,65.93819,38.31293,58777.7587072,555.5,502
False,65.03655,40.29596,58777.7907584,611,502
False,64.31014,42.29288,58777.8233472,618,502
False,62.72421,43.70331,58777.8560256,614,502
False,60.99242,45.32494,58777.9028224,615.5,502
False,59.35194,47.04689,58777.935232,654,502
False,59.04074,48.51498,58777.9665408,634,502
False,59.2438,49.71251,58777.9990272,618,502
False,59.29457,49.99806,58778.0310528,602,502
False,59.08703,49.53844,58778.062592,574.5,502
False,58.84888,49.49404,58778.0945792,573.5,502
False,58.66011,49.79785,58778.1273472,559,502
False,58.76731,50.81326,58778.158848,573,502
False,58.71636,51.29468,58778.1908864,573.5,502
False,58.64885,52.29282,58778.223616,580,502
False,58.67327,53.35228,58778.2554624,580.5,502
False,58.36046,54.77657,58778.3028352,596,502
False,58.36454,56.28252,58778.3350528,603.5,502
False,59.57086,58.41874,58778.3666432,624.5,502
False,60.32104,60.34694,58778.399232,637,502
False,60.27645,61.47927,58778.4306048,627,502
False,60.1866,62.50091,58778.4626304,639.5,502
False,59.97711,62.66721,58778.49504,619,502
False,59.55984,63.55636,58778.5272832,622.5,502
False,59.55115,64.91984,58778.5589376,617.5,502
False,59.60212,66.45879,58778.5910656,596.5,502
False,59.83493,67.63476,58778.6229248,574.5,502
False,60.0654,69.14745,58778.6559488,581,502
False,60.03613,70.48018,58778.7031168,567.5,502
False,61.52757,73.73196,58778.73472,607.5,502
False,62.45756,75.58933,58778.7666304,618.5,502
False,62.43715,76.48906,58778.79872,594,502
False,62.42981,77.9245,58778.8307328,596,502
False,61.92382,78.42061,58778.8634368,571,502
False,62.01858,80.28216,58778.8947328,583,502
False,62.20394,81.95106,58778.9272704,592.5,502
False,62.10612,84.04716,58778.9589248,579.5,502
False,62.36675,86.51923,58778.9910016,593.5,502
False,62.74936,88.89136,58779.0229248,584.5,502
False,63.07084,91.57861,58779.0556928,590.5,502
False,63.59811,95.13628,58779.1032448,600.5,502
False,63.77968,98.52074,58779.1350912,643,502
False,63.98863,102.6133,58779.1668096,674.5,502
False,63.24535,104.366,58779.1988096,663,502
False,62.81879,106.9021,58779.2308352,676,502
False,63.00884,109.496,58779.26272,660,502
False,63.26205,112.6834,58779.2953344,629,502
False,63.53241,117.314,58779.3273344,648,502
False,63.23582,119.158,58779.3588352,608.5,502
False,63.6757,123.1538,58779.3910144,646,502
False,63.8755,124.9063,58779.4235008,622.5,502
False,62.99634,125.4469,58779.455936,591.5,502
False,62.3721,125.8934,58779.5029632,597.5,502
False,62.59693,127.2189,58779.5349248,619,502
False,62.84475,127.7664,58779.5672832,591.5,502
False,62.81529,127.4923,58779.5992832,582,502
False,62.89932,127.6041,58779.630848,586,502
False,62.80841,127.4664,58779.6628096,578.5,502
False,62.8983,127.4526,58779.695104,578.5,502
False,62.96821,127.6968,58779.7268992,592.5,502
False,62.93599,128.4168,58779.7590656,591,502
False,63.02245,129.3201,58779.7908864,594,502
False,62.57829,129.8887,58779.8233856,611,502
False,61.30558,133.5072,58779.8564096,684.5,502
False,61.15573,134.2026,58779.9036544,693.5,502
False,62.27097,131.0785,58779.9356672,588,502
False,62.70078,131.3792,58779.9672064,581.5,502
False,62.9565,131.8037,58779.998912,590,502
False,62.59927,134.4441,58780.0308608,638,502
False,63.88466,131.0981,58780.062784,552,502
False,63.87804,131.2967,58780.0950784,568.5,502
False,63.76321,131.6192,58780.1277952,583.5,502
False,62.30317,128.9538,58780.1594112,425.5,502
False,66.07059,138.2103,58780.192064,229,502
False,63.643,135.9466,58780.223808,577.5,502
False,64.09354,139.879,58780.2561536,224.5,502
False,63.03354,131.2984,58780.3035264,581.5,502
False,62.85942,128.942,58780.3351296,460,502
False,61.97798,145.9524,58780.3668736,280,502
False,62.7161,125.2091,58780.3989504,249.5,502
False,63.42391,127.3577,58780.4308608,362.5,502
False,65.27153,142.9321,58780.464128,164.5,502
False,64.97775,139.6981,58780.4948992,344.5,502
False,65.55155,143.3708,58780.52704,236,502
False,66.02918,141.6222,58780.5594752,337,502
False,65.59007,136.8489,58780.5917824,557,502
False,65.33173,137.6399,58780.6235264,517.5,502
False,64.18279,137.2995,58780.6562048,532.5,502
False,62.16519,137.5644,58780.7030656,508.5,502
False,62.79627,140.9003,58780.7348352,339.5,502
False,63.89838,142.9353,58780.76736,257.5,502
False,63.47607,145.4249,58780.799488,198.5,502
False,55.07098,150.5683,58780.8309888,317,502
False,60.69725,144.0544,58780.8628992,370.5,502
False,59.89661,142.5456,58780.8950272,482,502
False,53.48289,146.7885,58780.9275648,618.5,502
False,51.77922,147.7157,58780.9595264,656,502
False,50.82443,148.3344,58780.9912064,655,502
False,54.62545,146.1217,58781.0240512,505.5,502
False,53.10535,146.4967,58781.0564096,482.5,502
False,52.59877,146.5029,58781.1032704,488.5,502
False,52.85516,146.2542,58781.1350144,469.5,502
False,53.00436,146.1216,58781.1673088,459,502
False,53.50428,145.9624,58781.1993856,447.5,502
False,53.93653,146.0361,58781.2309248,438.5,502
False,54.36072,145.9855,58781.2629376,426,502
False,54.77805,145.7099,58781.2951424,413,502
False,54.41208,145.5288,58781.3274624,408.5,502
False,54.65109,145.2012,58781.359808,396,502
False,54.86263,144.9117,58781.3912704,404,502
False,54.73727,144.9873,58781.4236672,406,502
False,55.15851,144.7043,58781.4561152,398.5,502
False,54.86333,144.6004,58781.5031168,400,502
False,55.0173,144.4285,58781.5350784,404.5,502
False,55.55938,144.3043,58781.567104,407,502
False,51.82448,146.6473,58781.5994368,517.5,502
False,53.73201,145.4967,58781.6314624,505,502
False,58.97299,140.1223,58781.6633344,327,502
False,58.64665,139.6101,58781.6950656,333,502
False,58.22487,139.604,58781.727104,356.5,502
False,58.55884,142.1131,58781.7599872,253.5,502
False,58.80664,142.5772,58781.7913088,231,502
False,58.57629,141.0681,58781.8239232,313.5,502
False,58.605,141.2286,58781.8558592,313.5,502
False,58.46247,139.5693,58781.9031936,373,502
False,58.62663,139.6896,58781.9355904,370.5,502
False,59.01278,139.6046,58781.9673472,352,502
False,59.46243,139.2972,58781.999104,346,502
False,59.57433,139.1131,58782.0310144,328.5,502
False,59.5853,138.7354,58782.0630528,317.5,502
False,59.47972,138.5219,58782.0951808,316.5,502
False,59.46034,138.1442,58782.1275648,311,502
False,59.59347,137.9082,58782.1593344,296,502
False,59.68373,137.8504,58782.1913984,293,502
False,59.63315,137.5996,58782.2234624,278.5,502
False,59.66607,137.5196,58782.255808,281,502
False,59.7631,137.4893,58782.3035904,280,502
False,60.49901,137.1907,58782.3355776,253.5,502
False,60.54959,136.0679,58782.3670784,223.5,502
False,58.98958,135.1111,58782.3990656,240,502
False,58.89304,135.0945,58782.4317824,268,502
False,60.03248,139.3094,58782.463424,97.5,502
False,59.71201,136.1024,58782.495104,356.5,502
False,60.95887,138.4218,58782.527616,429.5,502
False,62.23326,140.0078,58782.5592576,473,502
False,63.78515,142.0634,58782.5923072,505,502
False,65.52963,143.7469,58782.623872,531.5,502
False,68.10065,145.6208,58782.6568576,541.5,502
False,70.00696,147.7238,58782.7033216,551,502
False,70.45483,149.1382,58782.735168,577.5,502
False,71.41738,149.8664,58782.767168,585,502
False,72.31647,150.0773,58782.799744,593,502
False,72.71952,149.9966,58782.8318208,596,502
False,72.55174,149.3493,58782.8631168,554,502
False,72.57443,148.3631,58782.8953088,515,502
False,73.29637,148.1083,58782.928384,509.5,502
False,74.16984,147.9977,58782.9597696,499.5,502
False,76.25363,148.5582,58782.9913088,516.5,502
False,78.7478,149.0299,58783.0233984,530,502
False,81.12496,149.536,58783.056896,529.5,502
False,83.4072,149.7682,58783.1032832,537,502
False,85.57539,150.0069,58783.1355392,535,502
False,89.13927,149.7272,58783.1672064,550.5,502
False,92.51325,149.3433,58783.199296,566,502
False,94.7995,148.4822,58783.2320896,529.5,502
False,98.43463,148.8091,58783.2635648,515,502
False,102.3262,148.212,58783.2953984,515,502
False,105.2284,147.218,58783.3274752,498.5,502
False,108.9376,147.5296,58783.3595392,531.5,502
False,112.2555,147.2299,58783.3913088,494.5,502
False,115.7026,146.9815,58783.4242304,496,502
False,119.8529,146.816,58783.4568832,514.5,502
False,123.6545,146.0448,58783.5039488,480,502
False,126.924,144.1983,58783.535808,443,502
False,130.201,143.6849,58783.5677312,466,502
False,133.798,142.774,58783.5993984,473.5,502
False,137.2666,142.6347,58783.6313984,464.5,502
False,139.5688,143.207,58783.663552,456.5,502
False,141.8239,143.3237,58783.6954752,468.5,502
False,144.2551,142.4774,58783.7279488,473,502
False,147.485,141.3625,58783.7601024,462.5,502
False,150.5262,140.1663,58783.79136,452,502
False,153.3666,139.1885,58783.8237952,466,502
False,156.2674,138.2891,58783.856192,482.5,502
False,158.979,137.4284,58783.9034368,461,502
False,161.2009,137.3444,58783.9353728,468,502
False,163.5308,137.2416,58783.9679104,465,502
False,165.4418,136.9903,58783.9997184,482.5,502
False,167.4564,136.1599,58784.0314112,483.5,502
False,169.9569,134.9134,58784.063488,464,502
False,171.6367,133.6849,58784.095488,456,502
False,174.3983,132.1719,58784.1273472,464.5,502
False,177.6243,131.3823,58784.1604736,456.5,502
False,181.0234,130.3593,58784.191808,456,502
False,183.7905,130.1302,58784.2236416,471,502
False,186.1282,129.8303,58784.256256,494,502
False,188.4299,127.7046,58784.3035776,409,502
False,190.6082,125.7744,58784.3354624,362,502
False,192.2834,123.4885,58784.3681408,304,502
False,195.9294,122.9048,58784.399936,352,502
False,199.0246,122.6496,58784.4315904,380,502
False,201.1099,122.7847,58784.4635776,371.5,502
False,203.0508,124.8627,58784.4954752,459,502
False,204.8201,124.9765,58784.5273856,461.5,502
False,207.1252,124.6878,58784.5598336,482,502
False,210.2814,124.2682,58784.5921152,481,502
False,213.8221,123.5095,58784.6238848,480.5,502
False,217.4544,122.3915,58784.6567808,498.5,502
False,221.4959,121.6921,58784.7039872,531,502
False,225.314,121.3188,58784.735552,527,502
False,228.744,120.9805,58784.7675904,513,502
False,230.761,120.7889,58784.7994752,489.5,502
False,233.5376,121.1909,58784.8321664,485.5,502
False,236.8185,121.8609,58784.863872,551,502
False,240.2643,121.6596,58784.8956544,519,502
False,243.4283,121.023,58784.927744,521,502
False,248.0054,120.3715,58784.9595264,523.5,502
False,253.197,119.902,58784.9915264,530.5,502
False,257.7771,119.8423,58785.0239744,519,502
False,262.0409,120.6274,58785.0572416,518,502
False,266.5427,121.5176,58785.103616,536.5,502
False,272.0928,120.9388,58785.1355776,522.5,502
False,276.8638,120.0554,58785.1679872,517.5,502
False,281.6454,119.0148,58785.199872,518,502
False,286.9081,118.8059,58785.2316032,528,502
False,291.8929,119.082,58785.26368,506,502
False,297.1775,120.1416,58785.295552,514.5,502
False,301.7481,120.9555,58785.3280128,536,502
False,306.1039,120.6339,58785.3596032,518,502
False,310.7649,120.0533,58785.3920512,500.5,502
False,314.6667,119.4441,58785.4237056,501,502
False,319.1039,119.3209,58785.4563968,495.5,502
False,321.9518,120.0312,58785.5036672,508,502
False,323.7787,121.1744,58785.535616,508.5,502
False,327.1598,121.1044,58785.5683328,499.5,502
False,330.7168,120.6002,58785.6002944,499,502
False,333.2974,119.5559,58785.6316544,505.5,502
False,336.2522,118.8286,58785.6641792,509.5,502
False,339.8083,118.53,58785.695936,527,502
False,342.5802,118.8453,58785.7276416,520.5,502
False,344.013,119.8349,58785.7596032,537,502
False,345.8206,120.3076,58785.7917056,556.5,502
False,347.9796,121.027,58785.8246016,555,502
False,349.8863,120.9948,58785.857088,546.5,502
False,350.7071,120.8936,58785.9041536,548,502
False,350.8251,120.3911,58785.9358336,536.5,502
False,350.4463,119.9432,58785.9677568,540,502
False,350.439,119.6775,58785.9998336,538,502
False,350.348,119.873,58786.0315392,535.5,502
False,350.1823,119.762,58786.0642048,535,502
False,350.1802,119.7784,58786.0959616,535.5,502
False,350.0776,119.904,58786.127616,528,502
False,350.2019,119.8741,58786.1596928,537.5,502
False,350.1815,119.8358,58786.1917952,538,502
False,350.317,119.8338,58786.224128,539.5,502
False,350.2039,119.8807,58786.257152,542,502
False,350.1991,119.789,58786.303808,531.5,502
False,350.2527,119.899,58786.3362048,539.5,502
False,350.1925,119.9853,58786.367872,544.5,502
False,349.8882,119.7702,58786.4003328,539.5,502
False,349.9328,119.7632,58786.432448,540.5,502
False,349.9168,119.6985,58786.4640512,529,502
False,349.988,119.9923,58786.4962176,541,502
False,350.0886,120.1471,58786.5277312,549.5,502
False,349.9193,120.1631,58786.5597696,543.5,502
False,349.9137,120.11,58786.591808,541,502
False,350.0427,120.1536,58786.62464,550,502
False,350.0463,120.0803,58786.6571776,554.5,502
False,349.942,120.0877,58786.703744,545.5,502
False,349.9899,120.0443,58786.7357952,545,502
False,350.0066,120.0603,58786.7676544,555.5,502
False,349.919,120.1028,58786.7995904,549.5,502
False,350.0778,120.0265,58786.8320768,553,502
False,350.045,120.018,58786.8640512,547.5,502
False,349.9776,120.0135,58786.8956928,543,502
False,350.1077,119.9641,58786.9276928,548,502
False,350.0837,120.0737,58786.9600256,547.5,502
False,350.027,120.0639,58786.992,550,502
False,350.044,119.3156,58787.0250496,508,502
False,350.544,119.6223,58787.0566784,470,502
False,349.1317,115.5801,58787.1038848,269.5,502
False,349.2807,116.1021,58787.1357056,307,502
False,350.0843,119.4455,58787.1676928,478.5,502
False,349.1155,117.451,58787.1996672,389.5,502
False,349.5756,118.3704,58787.232064,454,502
False,350.3009,119.4447,58787.2641536,503,502
False,350.4129,118.8473,58787.2958336,467,502
False,351.8157,119.1088,58787.3277312,505.5,502
False,354.2628,119.6936,58787.3600896,551,502
False,357.3327,119.8546,58787.391936,548,502
False,360.6555,120.558,58787.4243072,555,502
False,363.8658,121.163,58787.4577664,561.5,502
False,367.3343,121.2512,58787.5041792,542,502
False,371.7272,120.6073,58787.5361408,545,502
False,375.5705,119.8408,58787.5677952,547.5,502
False,378.765,119.1304,58787.6001792,525.5,502
False,381.5526,119.1885,58787.6323072,542,502
False,384.5086,119.4241,58787.6643584,562,502
False,387.5574,118.7727,58787.6958592,553.5,502
False,390.4686,118.1019,58787.7279488,549.5,502
False,393.3211,117.0146,58787.76,557.5,502
False,396.4794,115.9556,58787.7919232,559,502
False,399.7477,115.2678,58787.8248064,572,502
False,402.6451,114.5927,58787.8578944,541,502
False,404.9809,114.6156,58787.9042432,532,502
False,406.5499,115.8802,58787.9360896,565,502
False,408.7926,116.1928,58787.9678848,561,502
False,410.6997,116.1218,58787.9998592,565,502
False,410.9775,115.7472,58788.0319232,563,502
False,411.2796,115.0035,58788.0640384,568,502
False,411.8596,114.3671,58788.0966016,557,502
False,413.037,113.9921,58788.1283072,567,502
False,414.0863,113.5487,58788.1601536,568,502
False,414.8295,113.4825,58788.1919488,571,502
False,415.3917,114.0197,58788.224064,576.5,502
False,415.502,115.1238,58788.2570624,583,502
False,415.8813,115.3653,58788.3042944,574,502
False,415.9433,115.4187,58788.3361664,576,502
False,416.1302,115.4691,58788.3680256,571,502
False,416.0166,115.8057,58788.3999616,582.5,502
False,416.0003,115.9633,58788.4320896,581.5,502
False,416.1828,115.7432,58788.4638976,583.5,502
False,416.6076,115.4015,58788.4965504,584,502
False,417.2511,115.0717,58788.5280128,604,502
False,417.3691,114.8487,58788.5604224,597,502
False,417.5218,114.6962,58788.5919872,604,502
False,417.3923,114.76,58788.6241024,596.5,502
False,417.2967,114.8758,58788.657728,592,502
False,417.421,114.929,58788.7048192,599,502
False,417.3978,114.9558,58788.735936,600,502
False,417.2615,115.0141,58788.7682816,601,502
False,417.2901,115.0488,58788.8001024,597.5,502
False,417.1896,115.1313,58788.8320256,600.5,502
False,417.1113,115.1271,58788.8640896,602,502
False,417.096,115.1236,58788.896256,604,502
False,417.1093,115.1203,58788.9282176,604,502
False,416.9549,115.2749,58788.9601024,599,502
False,417.1406,115.2652,58788.9920256,594,502
False,417.2074,115.1608,58789.0242688,598,502
False,417.0734,115.3407,58789.0575872,588,502
False,417.1057,115.6672,58789.1051008,594.5,502
False,416.9056,115.7547,58789.1358976,598.5,502
False,417.3428,115.3328,58789.168448,595.5,502
False,417.0706,115.3811,58789.2002432,590,502
False,417.3117,115.013,58789.232,602,502
False,417.205,114.9393,58789.2640256,596,502
False,417.2265,114.8238,58789.296384,593,502
False,417.2387,114.7771,58789.3280384,600.5,502
False,417.5075,114.5309,58789.3600768,612.5,502
False,417.9039,113.9401,58789.392128,626,502
False,418.2981,113.1503,58789.4242432,620,502
False,418.7841,111.8804,58789.4573312,606,502
False,419.2454,110.2188,58789.5045376,591,502
False,419.9037,109.1956,58789.5361664,576,502
False,420.9123,108.5149,58789.5681408,566.5,502
False,422.802,107.8065,58789.6010496,553,502
False,424.607,106.9545,58789.632448,528,502
False,425.0439,105.4756,58789.6640128,482.5,502
False,423.9788,104.7953,58789.6959872,471.5,502
False,424.0612,104.3214,58789.7282176,462.5,502
False,424.2021,104.2578,58789.7600512,454.5,502
False,424.1976,103.9545,58789.7929344,469,502
False,423.2675,103.9671,58789.8250752,430,502
False,423.2589,104.0741,58789.856832,418.5,502
False,423.5527,104.4324,58789.9042432,414,502
False,424.4487,104.6594,58789.9361536,414.5,502
False,426.192,103.7165,58789.9685504,471.5,502
False,427.5273,103.1604,58790.0007552,482,502
False,429.2041,102.3778,58790.0322816,472,502
False,430.0192,101.2852,58790.0645504,502.5,502
False,430.1687,101.0368,58790.0962816,485,502
False,430.4148,101.0427,58790.128256,464.5,502
False,429.8123,101.5779,58790.1603328,443,502
False,429.8306,101.3484,58790.1926144,453.5,502
False,430.1716,101.0547,58790.2251008,469,502
False,429.9705,101.6622,58790.2576768,412.5,502
False,429.9698,101.8249,58790.3041792,403.5,502
False,429.4065,101.8781,58790.3361408,437.5,502
False,429.5795,101.8287,58790.3681152,430,502
False,429.9014,101.7978,58790.4001664,405.5,502
False,429.9236,101.7431,58790.4326656,399,502
False,428.4775,103.1984,58790.4646272,344.5,502
False,429.1952,102.0225,58790.496256,392,502
False,429.0416,102.0287,58790.5282176,412.5,502
False,429.565,101.6945,58790.5609728,401.5,502
False,429.7952,101.5861,58790.5926528,385,502
False,429.4772,101.7977,58790.6250368,390.5,502
False,429.4756,101.712,58790.6590336,390,502
False,429.2616,101.9074,58790.7045504,392.5,502
False,428.8491,102.0981,58790.7362304,413,502
False,429.3762,101.9876,58790.7681792,388.5,502
False,428.8264,102.0946,58790.8001408,384,502
False,429.0746,101.9574,58790.832192,391,502
False,429.2692,101.9172,58790.8652288,384.5,502
False,428.7031,102.1574,58790.8968192,370.5,502
False,429.025,101.9029,58790.9282816,393,502
False,428.4778,102.2295,58790.9604736,364.5,502
False,428.6578,102.1296,58790.992384,378,502
False,428.3511,101.9076,58791.0243584,404,502
False,428.3037,102.3098,58791.0577536,383,502
False,428.3532,102.3537,58791.1046016,368.5,502
False,427.927,102.6642,58791.1361664,342.5,502
False,426.8754,102.7894,58791.1682944,362.5,502
False,427.1356,102.1957,58791.2002816,421.5,502
False,427.8221,102.2949,58791.2327424,424.5,502
False,428.6776,102.305,58791.2646656,440.5,502
False,428.7284,102.2797,58791.2963712,391.5,502
False,425.8566,107.3459,58791.3283072,186,502
False,428.0128,103.0047,58791.360768,352.5,502
False,427.385,103.3259,58791.3926528,403.5,502
False,427.4421,103.4226,58791.4252544,409,502
False,427.3748,103.1808,58791.4582272,406.5,502
False,428.261,102.8636,58791.5042432,408,502
False,427.8345,103.0956,58791.5365888,441,502
False,427.9124,103.0881,58791.5683456,424,502
False,428.6142,102.583,58791.6009856,400.5,502
False,428.9232,102.3561,58791.6336384,432,502
False,430.6788,102.045,58791.6644096,385,502
False,431.004,101.7406,58791.6964224,378.5,502
False,432.5159,101.9065,58791.7286528,456.5,502
False,434.3007,101.4312,58791.7604736,454.5,502
False,435.2391,101.037,58791.79296,414,502
False,435.6685,101.3022,58791.8266496,444,502
False,436.166,101.4438,58791.8570112,404.5,502
False,436.1453,101.0225,58791.9043456,429,502
False,435.4951,101.6262,58791.9363456,379,502
False,436.1838,100.9474,58791.9694208,383.5,502
False,435.4564,101.7714,58792.0006656,418.5,502
False,434.4478,101.7366,58792.0322432,407.5,502
False,433.6515,101.9868,58792.0644608,429.5,502
False,433.29,101.2981,58792.0963712,369.5,502
False,432.6453,102.1786,58792.1286016,398.5,502
False,431.2465,102.717,58792.1610752,401,502
False,432.1413,102.7533,58792.192896,417.5,502
False,431.9387,103.4013,58792.224512,426.5,502
False,431.3498,104.1856,58792.257088,436.5,502
False,430.8026,104.7625,58792.3043584,428,502
False,429.5861,105.152,58792.3367168,413.5,502
False,429.7104,105.4706,58792.36864,411.5,502
False,429.585,105.5597,58792.4005632,420.5,502
False,429.3322,105.6525,58792.4325248,422,502
False,428.9276,105.501,58792.4643072,414.5,502
False,428.4566,105.5425,58792.4963712,405.5,502
False,428.4892,105.8333,58792.5290496,402,502
False,428.3663,105.9518,58792.5609472,404.5,502
False,428.2849,106.2718,58792.5926016,406.5,502
False,428.1999,106.1807,58792.6246784,408.5,502
False,428.1682,106.277,58792.6571392,387.5,502
False,427.6313,106.1449,58792.7044864,368,502
False,427.4612,105.7444,58792.7367552,362.5,502
False,426.9557,105.5135,58792.768832,346,502
False,427.1333,105.3165,58792.800384,337.5,502
False,426.9955,104.9605,58792.8324352,333.5,502
False,427.1978,105.0884,58792.8644992,326,502
False,427.2633,105.0798,58792.8967552,326,502
False,427.3323,104.7911,58792.9289984,320,502
False,427.3247,104.7571,58792.9613568,309.5,502
False,427.0439,104.5633,58792.9930368,288.5,502
False,426.58,104.4648,58793.0250112,286.5,502
False,426.2692,104.385,58793.0580096,267.5,502
False,426.0088,104.1028,58793.1044224,266,502
False,426.1765,103.9168,58793.136512,278.5,502
False,425.8361,104.2052,58793.168896,270.5,502
False,425.6048,104.1077,58793.2004992,258.5,502
False,429.7203,107.297,58793.2325632,394.5,502
False,429.7958,107.4241,58793.264576,404,502
False,429.8492,107.5025,58793.296576,399,502
False,425.2053,104.2795,58793.32896,269.5,502
False,425.4646,104.2759,58793.3616,284.5,502
False,425.8018,104.2096,58793.3929216,291,502
False,425.8652,103.8663,58793.4252288,288,502
False,426.1021,103.9602,58793.4570496,289,502
False,426.1649,103.9329,58793.5044736,288,502
False,426.2306,103.85,58793.5367936,285.5,502
False,426.1893,103.8417,58793.5689344,280,502
False,425.6598,104.3622,58793.6006144,266,502
False,425.6235,104.4745,58793.6325888,255,502
False,426.1793,103.83,58793.6656512,271.5,502
False,425.5342,104.0832,58793.6970624,270.5,502
False,425.8707,104.0257,58793.7285376,278.5,502
False,425.6909,103.9174,58793.760704,282.5,502
False,429.8582,106.6488,58793.7926272,411.5,502
False,429.7487,106.5479,58793.8250496,412.5,502
False,429.8159,106.677,58793.8580992,403,502
False,429.5085,106.4803,58793.904896,401.5,502
False,425.4678,103.7226,58793.9365376,274,502
False,425.4205,103.5417,58793.9686144,269.5,502
False,424.9798,103.8865,58794.0013184,255.5,502
False,429.711,106.7253,58794.032768,417.5,502
False,424.2381,104.2857,58794.0649984,255.5,502
False,424.3425,104.7169,58794.0968064,272,502
False,425.0669,104.8022,58794.1286272,281.5,502
False,425.8439,104.2728,58794.1606784,308.5,502
False,426.4223,104.0983,58794.1931392,320.5,502
False,426.4115,104.407,58794.2246784,330.5,502
False,426.826,104.0617,58794.2575616,343,502
False,426.9532,103.9571,58794.3046528,341.5,502
False,426.2159,104.3816,58794.3366912,335,502
False,425.4791,104.6468,58794.3691648,335,502
False,425.8674,104.7105,58794.4011648,357,502
False,426.4982,105.088,58794.4326784,375,502
False,427.0988,105.4467,58794.4647296,401.5,502
False,427.2895,105.7861,58794.4966912,388,502
False,428.1154,106.2412,58794.5289856,401.5,502
False,427.6094,106.3013,58794.5610496,384.5,502
False,428.0876,105.9382,58794.59264,426,502
False,428.1067,105.8577,58794.6248704,425,502
False,427.7993,105.8071,58794.657664,387,502
False,427.5103,106.1064,58794.705152,354,502
False,427.3571,105.6662,58794.7374976,372.5,502
False,426.5896,105.4145,58794.7686912,367.5,502
False,427.9835,105.3145,58794.800832,372.5,502
False,427.515,105.0449,58794.8333312,393.5,502
False,426.8452,105.2562,58794.865152,365,502
False,427.0969,105.3443,58794.8968832,378.5,502
False,427.3169,105.4733,58794.9287552,396.5,502
False,427.2478,105.4501,58794.9609472,395.5,502
False,427.3183,105.1881,58794.9928832,365,502
False,427.3076,105.0941,58795.0252288,382.5,502
False,427.2876,104.7789,58795.0580608,386,502
False,427.0026,104.7725,58795.1047424,381,502
False,426.9642,104.6129,58795.137344,381.5,502
False,427.6547,104.4736,58795.1689984,391,502
False,426.8948,104.516,58795.2008448,391.5,502
False,426.9584,104.4098,58795.2332672,377,502
False,426.7745,104.2017,58795.2647168,357,502
False,426.8434,103.6756,58795.29664,355.5,502
False,426.5855,103.5657,58795.328704,361.5,502
False,426.3503,103.8816,58795.3607296,335,502
False,426.4125,103.7626,58795.3931776,318,502
False,425.7041,104.0871,58795.4265984,342.5,502
False,426.2014,104.1512,58795.4581504,312,502
False,425.8125,104.1181,58795.5048064,300.5,502
False,426.0359,104.1074,58795.5368448,310.5,502
False,426.019,103.7517,58795.5692416,351,502
False,425.7407,103.6946,58795.601472,340,502
False,426.3439,103.5115,58795.6328064,363,502
False,426.6053,103.8698,58795.6651904,375,502
False,427.3612,103.7805,58795.6972032,401,502
False,428.1148,104.0706,58795.7295616,403.5,502
False,428.8516,104.0614,58795.7609472,410,502
False,429.1994,104.1708,58795.7929472,419.5,502
False,428.5809,104.4544,58795.8249984,396.5,502
False,428.4806,104.8273,58795.8589696,398.5,502
False,428.6166,105.1664,58795.905408,376.5,502
False,427.9045,105.2833,58795.9368704,363,502
False,427.7712,105.2774,58795.9689216,339.5,502
False,427.5025,105.0534,58796.0009216,365.5,502
False,427.2302,104.8641,58796.0333696,357,502
False,426.8146,104.6871,58796.0649088,342.5,502
False,426.0859,104.5425,58796.09696,335.5,502
False,426.0122,104.4774,58796.1288192,342.5,502
False,425.9883,104.5415,58796.1609984,341,502
False,426.021,104.7345,58796.1936384,349,502
False,426.2386,105.0439,58796.2258048,357,502
False,426.5117,105.3884,58796.2582656,357,502
False,427.0395,105.6017,58796.3054336,379.5,502
False,426.8886,105.5667,58796.3369344,363.5,502
False,426.376,105.5392,58796.3689344,363.5,502
False,426.7655,105.6882,58796.4009472,371,502
False,426.6263,105.7084,58796.4329216,363.5,502
False,426.686,105.7018,58796.4653696,370.5,502
False,426.5295,105.7196,58796.497344,356,502
False,426.5139,105.4814,58796.528832,353.5,502
False,425.6671,105.4566,58796.5610496,346,502
False,426.2032,105.4413,58796.5929344,339.5,502
False,426.39,105.3753,58796.6254848,329.5,502
False,425.7319,105.2893,58796.6577408,322,502
False,425.7682,105.238,58796.7051008,320,502
False,425.3163,105.0654,58796.7369216,313.5,502
False,424.9796,104.9198,58796.7697024,301.5,502
False,425.2065,104.3934,58796.8017536,299.5,502
False,425.0972,104.4487,58796.8329984,303.5,502
False,425.0258,104.2641,58796.8654464,303.5,502
False,424.8876,104.207,58796.8973696,310,502
False,424.1241,104.566,58796.928896,291.5,502
False,423.1617,104.9578,58796.96096,284.5,502
False,422.4025,104.9374,58796.9929728,277,502
False,421.1522,104.8874,58797.0264064,265,502
False,420.5139,104.7788,58797.0583808,263,502
False,420.1729,105.0262,58797.1056512,267,502
False,420.5093,105.0105,58797.137088,287,502
False,420.6628,105.1291,58797.1689856,297,502
False,420.9634,105.3034,58797.2013952,300.5,502
False,421.2208,105.341,58797.2334848,305,502
False,421.1132,105.3824,58797.265216,299,502
False,421.265,105.2142,58797.29728,305,502
False,421.1675,105.3804,58797.3291136,297.5,502
False,421.1304,105.2395,58797.361088,296.5,502
False,420.8596,105.2097,58797.3936896,288.5,502
False,420.6755,105.4762,58797.4252672,283.5,502
False,420.791,105.3643,58797.457344,291,502
False,420.8964,105.3299,58797.505024,294.5,502
False,420.9283,105.1266,58797.5371648,295,502
False,421.1289,105.0878,58797.5696768,300,502
False,421.0872,105.1085,58797.6014208,298,502
False,421.0348,105.1352,58797.633088,302,502
False,421.2448,105.2481,58797.6651264,307,502
False,421.1159,105.2346,58797.6971136,300.5,502
False,421.1366,105.0034,58797.72928,296.5,502
False,420.8368,105.0684,58797.7619968,290,502
False,420.6455,105.2491,58797.7936512,283,502
False,420.0479,104.6695,58797.8254464,289,502
False,419.3419,104.3339,58797.8591872,310.5,502
False,418.9176,104.2718,58797.905152,319.5,502
False,418.5675,104.3947,58797.9376,312.5,502
False,418.015,104.4539,58797.9691392,300,502
False,418.0426,104.5675,58798.0014848,324.5,502
False,418.0095,104.8462,58798.0336768,299,502
False,417.9787,104.4934,58798.0652928,305,502
False,417.9675,104.3585,58798.09792,317.5,502
False,417.9476,104.3098,58798.1297024,311.5,502
False,418.4714,104.5951,58798.1612032,326,502
False,418.3959,104.6085,58798.1935488,335.5,502
False,417.9599,104.49,58798.2259712,316,502
False,417.6796,104.6558,58798.2580736,321.5,502
False,417.5028,104.6427,58798.3052288,326.5,502
False,417.3032,104.4603,58798.3378048,315,502
False,417.683,104.5448,58798.3692288,336.5,502
False,417.8605,104.4229,58798.4016768,337,502
False,417.9787,104.7863,58798.43328,344,502
False,418.1503,104.8075,58798.4651904,351.5,502
False,418.2755,104.9229,58798.4979072,363,502
False,418.4231,104.9162,58798.5294592,364,502
False,418.6436,105.0642,58798.5611008,389.5,502
False,418.7216,104.9898,58798.5932672,391,502
False,419.0618,104.9077,58798.6253824,393.5,502
False,419.0223,104.7841,58798.6582144,389,502
False,419.2495,104.7827,58798.7054592,383.5,502
False,419.2034,104.9031,58798.7372544,378.5,502
False,419.1651,104.8544,58798.7691392,375.5,502
False,418.9658,104.8559,58798.8011264,370,502
False,418.8376,104.8455,58798.8332928,355,502
False,418.6828,104.7406,58798.8656384,351.5,502
False,418.6657,104.8609,58798.8975744,351,502
False,418.6005,104.305,58798.929152,335,502
False,418.4001,103.9168,58798.9612416,314.5,502
False,418.6005,104.6222,58798.993216,345,502
False,418.8192,104.7203,58799.0256384,354,502
False,418.899,104.8855,58799.0586112,358,502
False,418.7891,104.8305,58799.1057536,358,502
False,418.8226,104.7669,58799.1372288,356,502
False,418.7727,104.9505,58799.1693952,360,502
False,418.9806,104.7397,58799.2020224,360.5,502
False,418.9092,104.7737,58799.2333312,358,502
False,418.7798,104.7507,58799.2657664,355,502
False,418.804,104.7011,58799.297728,353,502
False,419.0564,104.6761,58799.3296256,354.5,502
False,418.919,104.7978,58799.3613184,356,502
False,418.797,104.7054,58799.393472,353,502
False,418.7275,104.7428,58799.4256768,348,502
False,418.8314,104.6652,58799.458048,351,502
False,418.9091,104.7646,58799.5060736,355.5,502
False,418.8676,104.7995,58799.5377408,357.5,502
False,418.8569,104.758,58799.5694464,354,502
False,418.7491,104.7273,58799.6015616,352,502
False,418.7123,104.7593,58799.63328,354.5,502
False,418.7718,104.6884,58799.6652288,352,502
False,418.8343,104.68,58799.6979072,349,502
False,418.7567,104.679,58799.7292928,351.5,502
False,418.679,104.76,58799.7617664,350,502
False,418.7131,104.6576,58799.7935232,348,502
False,418.6988,104.7687,58799.8257152,348,502
False,418.6317,104.7127,58799.8580608,347.5,502
False,418.6913,104.6563,58799.9057664,339,502
False,418.6804,104.5118,58799.9378048,339,502
False,418.7171,104.497,58799.9697024,337,502
False,418.5374,104.3133,58800.0013312,332.5,502
False,418.4138,104.2858,58800.0334208,329.5,502
False,418.477,104.1989,58800.0656128,326,502
False,418.4666,104.2746,58800.0982528,329,502
False,418.3819,104.3629,58800.1303552,333,502
False,418.5047,104.4208,58800.1614464,335.5,502
False,418.5827,104.4113,58800.1938816,333.5,502
False,418.5391,104.4116,58800.2256768,334.5,502
False,418.5514,104.3653,58800.2598912,334,502
False,418.0256,104.1413,58800.3058432,325.5,502
False,417.1444,103.5319,58800.3374464,295.5,502
False,416.7648,103.8245,58800.3693824,329.5,502
False,416.0956,103.674,58800.4013568,317.5,502
False,415.7794,103.9434,58800.4333056,309,502
False,415.7541,104.1889,58800.4659968,318.5,502
False,416.4069,104.3026,58800.4976512,342,502
False,416.6249,104.0199,58800.5294336,327,502
False,416.9472,104.1487,58800.5616,328.5,502
False,417.1945,103.9567,58800.5936384,335,502
False,417.4488,103.8577,58800.6261504,342,502
False,417.5428,104.0995,58800.659712,348.5,502
False,416.911,102.9462,58800.7055744,303.5,502
False,417.3747,103.7882,58800.7376256,334.5,502
False,417.3871,103.8151,58800.7698816,347,502
False,417.6049,103.9042,58800.8020352,348,502
False,417.4622,103.8114,58800.833664,346.5,502
False,417.5605,103.7778,58800.8655488,340.5,502
False,417.5455,103.8389,58800.8975232,342.5,502
False,417.732,104.0019,58800.9294592,352,502
False,417.6034,103.8618,58800.9619072,342.5,502
False,417.5708,103.7935,58800.9935104,339,502
False,417.4956,103.8206,58801.0257024,340,502
False,417.4636,103.7988,58801.0734336,343,502
False,417.5441,103.8557,58801.1054848,338.5,502
False,417.6147,103.8656,58801.1378816,343.5,502
False,417.6098,103.9854,58801.1698432,343,502
False,417.5643,103.8596,58801.2022144,342,502
False,417.5278,103.9821,58801.2333952,344.5,502
False,417.5768,104.3385,58801.2656768,358,502
False,417.3338,105.1063,58801.2974592,357.5,502
False,417.1337,105.2914,58801.3299072,354,502
False,417.1978,105.8041,58801.36192,354,502
False,416.9034,106.0436,58801.3938304,355.5,502
False,417.2739,105.8029,58801.4256768,356,502
False,417.8253,105.5809,58801.473472,371,502
False,417.8286,105.3486,58801.505536,370.5,502
False,417.3695,105.3989,58801.537536,368.5,502
False,417.1172,105.5348,58801.5699712,354,502
False,417.3276,105.5002,58801.6021504,351.5,502
False,417.2238,105.2785,58801.6339712,359,502
False,417.0833,105.0789,58801.6657024,342,502
False,417.2834,104.9661,58801.6974976,363.5,502
False,417.114,105.0279,58801.7297024,352.5,502
False,416.9428,105.1676,58801.7619712,344,502
False,417.1617,105.0556,58801.7941248,356.5,502
False,416.9962,104.8255,58801.8262144,351.5,502
False,416.7083,104.4978,58801.8734848,340.5,502
False,416.4354,104.0612,58801.9058048,343,502
False,416.3712,104.498,58801.9376384,339,502
False,416.1409,104.6813,58801.969664,330,502
False,416.2923,104.8822,58802.0020864,341,502
False,416.3946,104.8123,58802.0336384,345.5,502
False,416.3108,104.6377,58802.0657408,340,502
False,416.4204,104.672,58802.0975104,342.5,502
False,416.3284,104.5988,58802.1296,336.5,502
False,416.1741,104.6861,58802.1625984,335,502
False,416.252,104.5916,58802.19392,342,502
False,416.2984,104.7632,58802.22624,343.5,502
False,416.7452,105.0935,58802.273536,346,502
False,416.5353,104.8463,58802.3057152,335,502
False,416.1752,104.6757,58802.3384832,332,502
False,415.9644,104.7221,58802.3699456,328,502
False,416.2969,104.6686,58802.4015616,343,502
False,416.6005,104.6289,58802.4337408,340,502
False,416.6534,104.7135,58802.4656256,352.5,502
False,417.0947,104.4373,58802.4976128,380,502
False,415.0304,104.7656,58802.5302912,318.5,502
False,415.0174,104.8908,58802.5620224,316,502
False,415.7645,104.7816,58802.5939456,330.5,502
False,416.1937,104.673,58802.6260992,342.5,502
False,416.9611,105.1415,58802.6736384,394.5,502
False,416.6756,105.0122,58802.7057408,409.5,502
False,415.3649,104.8247,58802.7378944,385,502
False,415.0395,104.9871,58802.769792,363,502
False,414.7016,105.6449,58802.80192,329.5,502
False,414.5767,105.7897,58802.8337024,307.5,502
False,415.5813,106.3781,58802.8657664,312.5,502
False,413.8611,105.47,58802.8986496,291.5,502
False,414.6012,106.2121,58802.9300096,341,502
False,414.2897,106.5137,58802.961664,347.5,502
False,413.1429,107.1087,58802.9941248,326.5,502
False,412.5936,107.2971,58803.0261248,308,502
False,411.9625,107.2905,58803.0736768,280,502
False,414.5411,105.8858,58803.1058304,338.5,502
False,415.0092,105.3158,58803.1377024,361.5,502
False,411.3828,106.0276,58803.1704064,290,502
False,411.6862,105.6388,58803.2022016,299.5,502
False,411.5728,105.1627,58803.234176,293,502
False,412.1203,104.8699,58803.2657792,321.5,502
False,412.7256,104.701,58803.2978304,339.5,502
False,414.3333,103.4839,58803.3297536,352,502
False,415.9447,103.1652,58803.3618816,385.5,502
False,417.1512,103.5579,58803.3942784,400,502
False,417.321,104.0558,58803.4265984,391,502
False,416.9915,105.0822,58803.4736896,373,502
False,416.5442,105.6681,58803.5059456,360.5,502
False,416.8531,106.0195,58803.5378688,367.5,502
False,417.4502,105.7038,58803.5702912,403.5,502
False,417.5315,105.5418,58803.6019072,404.5,502
False,417.0089,105.7887,58803.6338304,396,502
False,416.4608,106.2076,58803.6658048,380.5,502
False,414.8643,106.6707,58803.6978176,334,502
False,414.8072,106.7773,58803.730048,328.5,502
False,415.9472,106.5953,58803.76224,350.5,502
False,416.4931,106.3347,58803.7940224,375.5,502
False,416.1493,106.2454,58803.826304,369.5,502
False,416.4017,106.0996,58803.8737408,363,502
False,416.5479,106.0511,58803.9058304,372,502
False,417.8351,105.6416,58803.9383424,411.5,502
False,417.038,105.9419,58803.96992,381.5,502
False,416.8869,106.1645,58804.002432,392,502
False,417.1663,105.8972,58804.0343168,415,502
False,416.2805,106.3505,58804.0661248,407,502
False,414.351,106.864,58804.0978432,348,502
False,414.6291,106.6003,58804.12992,364,502
False,414.0254,106.844,58804.1624448,334.5,502
False,414.8516,106.6604,58804.1943808,346,502
False,414.0549,106.7671,58804.226496,318.5,502
False,414.6346,106.6274,58804.2737792,327,502
False,415.294,106.4893,58804.3059968,343,502
False,415.6883,106.3999,58804.3378176,385.5,502
False,416.2856,106.378,58804.3699712,381,502
False,416.5199,106.004,58804.4023936,373.5,502
False,416.8353,105.9071,58804.4337792,378.5,502
False,417.0325,106.0069,58804.4658688,410,502
False,417.296,105.7982,58804.4978816,410.5,502
False,417.2548,105.6303,58804.5299584,394.5,502
False,416.9276,105.9385,58804.5628544,382,502
False,417.4411,105.9987,58804.593984,399,502
False,416.0482,106.632,58804.62656,356,502
False,416.0679,106.6929,58804.6742144,368,502
False,415.6705,106.793,58804.7060352,351,502
False,415.718,106.6653,58804.7378688,354,502
False,416.5482,106.5218,58804.7699072,360,502
False,416.156,106.762,58804.802432,360,502
False,416.2004,106.5173,58804.83392,366,502
False,416.4709,106.5268,58804.8661632,373,502
False,416.6703,106.5753,58804.8979968,368.5,502
False,416.9639,106.5949,58804.9301248,378.5,502
False,417.3128,106.6177,58804.9624832,381,502
False,418.2372,106.6128,58804.9948416,418,502
False,419.0943,106.4446,58805.02624,442,502
False,419.7562,105.5039,58805.074496,473,502
False,420.5196,104.4426,58805.1061376,494,502
False,421.0243,102.9244,58805.1383424,529,502
False,421.3431,101.4889,58805.1700224,547.5,502
False,421.5644,100.4053,58805.2018688,567,502
False,421.6868,99.68565,58805.2343936,579.5,502
False,421.7958,99.44548,58805.2663168,590,502
False,422.4921,99.67725,58805.2987264,582.5,502
False,422.9829,99.27195,58805.3305728,586.5,502
False,423.0436,98.50344,58805.3622016,581,502
False,422.8225,97.5754,58805.3943168,599,502
False,423.0057,96.97893,58805.4269312,609,502
False,423.6109,96.73143,58805.4744832,630.5,502
False,424.4645,96.61461,58805.5061504,627.5,502
False,425.3521,96.80754,58805.5380992,623.5,502
False,426.0462,96.93008,58805.5700736,624.5,502
False,426.2027,97.20082,58805.6022528,610,502
False,426.4426,97.43286,58805.6344064,599.5,502
False,426.7705,97.28234,58805.665984,614.5,502
False,427.229,97.17799,58805.6979584,618,502
False,427.9631,97.32275,58805.7299968,614,502
False,427.6234,97.10184,58805.7620864,617,502
False,428.0501,97.40816,58805.7952384,612.5,502
False,428.4217,97.39116,58805.8266752,611,502
False,428.1954,97.2772,58805.874368,623.5,502
False,428.0399,97.07492,58805.9063552,634,502
False,427.7532,96.88164,58805.938176,643.5,502
False,427.941,96.42205,58805.9701248,650,502
False,428.1919,96.24123,58806.0023424,631.5,502
False,427.6739,96.32824,58806.0347008,621.5,502
False,427.1982,96.34724,58806.066432,623,502
False,427.2721,96.59055,58806.0979584,606.5,502
False,427.1653,96.53409,58806.1302144,616,502
False,427.1879,96.51653,58806.1622144,605,502
False,426.9591,96.13118,58806.1943936,620,502
False,427.3963,96.08517,58806.226752,614.5,502
False,428.7554,96.00607,58806.2741504,604.5,502
False,429.8029,95.5499,58806.30624,599.5,502
False,429.7004,95.27647,58806.3380608,592,502
False,429.4424,95.02011,58806.3701504,588.5,502
False,429.302,94.63842,58806.4026496,596,502
False,429.3974,94.51303,58806.4344192,601,502
False,429.8023,93.87788,58806.4659968,615.5,502
False,430.0422,93.50762,58806.4982272,623.5,502
False,430.0465,93.83707,58806.53024,602.5,502
False,429.7229,93.84238,58806.5622144,598.5,502
False,429.4602,94.12465,58806.5947904,595,502
False,429.3176,94.60731,58806.6267776,584,502
False,429.7365,94.42807,58806.6740992,570,502
False,429.9666,93.89851,58806.7063168,583,502
False,430.0879,94.24868,58806.7386368,567,502
False,429.9128,95.07035,58806.7704192,542.5,502
False,429.5703,94.93382,58806.802176,541.5,502
False,429.3279,95.0406,58806.8341632,546,502
False,429.2966,95.26472,58806.8660864,549,502
False,429.5491,94.76482,58806.8983936,548.5,502
False,429.8626,94.35613,58806.9314176,555.5,502
False,429.9619,94.50696,58806.9625088,551,502
False,429.769,94.90822,58806.9943424,537.5,502
False,429.3041,94.79548,58807.0264704,530.5,502
False,429.503,95.17057,58807.0746368,533.5,502
False,429.8862,95.09398,58807.1065984,528.5,502
False,430.154,94.91588,58807.1382528,527,502
False,430.2979,94.79745,58807.1701888,536.5,502
False,429.9788,94.5762,58807.2021504,549,502
False,429.5032,94.42302,58807.2341504,544.5,502
False,429.4529,94.74298,58807.2670976,528.5,502
False,429.6523,94.99686,58807.2982528,531.5,502
False,430.2727,95.37959,58807.3303808,522.5,502
False,430.7094,95.10473,58807.3624832,522,502
False,430.9848,95.47818,58807.3951488,515.5,502
False,430.7371,95.64093,58807.4270976,518,502
False,430.6581,95.81722,58807.474752,507,502
False,430.6292,95.77722,58807.5063808,502,502
False,430.5532,95.71937,58807.5387392,515.5,502
False,431.2823,95.82153,58807.5707008,515.5,502
False,431.5458,95.73782,58807.6032,513,502
False,430.8885,95.57565,58807.6345728,536.5,502
False,430.527,95.48028,58807.6661888,524,502
False,430.0215,95.16402,58807.69824,535.5,502
False,429.7935,94.63254,58807.7303424,566.5,502
False,430.4947,94.61336,58807.76256,569,502
False,430.8983,94.91637,58807.79488,562,502
False,430.8055,94.85579,58807.8265344,564,502
False,430.4237,94.71272,58807.8742784,575.5,502
False,430.2933,94.48383,58807.9063808,582.5,502
False,430.3831,94.30645,58807.938304,589,502
False,430.3514,94.19859,58807.9710592,590,502
False,430.4012,94.18471,58808.002688,582,502
False,430.4486,94.25536,58808.034688,590,502
False,430.427,94.10077,58808.0664576,585.5,502
False,430.6442,94.19907,58808.098752,571,502
False,430.4379,94.37117,58808.13056,577,502
False,430.624,94.27639,58808.162624,562,502
False,430.5324,94.39852,58808.195072,565,502
False,430.558,94.23148,58808.2265728,564.5,502
False,430.5758,94.3056,58808.2746368,565,502
False,430.5938,94.22063,58808.3063936,560.5,502
False,430.7341,94.68729,58808.3383296,533.5,502
False,430.446,94.99056,58808.371008,512,502
False,430.8425,94.89823,58808.4023296,481.5,502
False,430.8221,94.53649,58808.4349568,475,502
False,430.8532,94.47619,58808.4662656,465.5,502
False,430.4518,94.42553,58808.4988672,470,502
False,430.6601,94.84649,58808.5305728,456,502
False,430.4748,95.08443,58808.5627264,456,502
False,430.782,95.02863,58808.5946496,454,502
False,430.9688,95.3337,58808.6269696,448.5,502
False,431.105,95.51819,58808.6743552,449,502
False,430.8899,95.85045,58808.7063168,448,502
False,430.7031,95.94444,58808.7384192,435,502
False,430.8544,95.8027,58808.7704576,419,502
False,430.7803,95.96632,58808.8028032,425.5,502
False,429.5565,95.26884,58808.835008,460,502
False,430.5583,96.5089,58808.8665216,412,502
False,430.8198,96.9764,58808.898816,388.5,502
False,430.3769,97.02863,58808.9304192,390,502
False,430.411,96.77521,58808.9631232,388.5,502
False,430.4047,96.61189,58808.9946112,392.5,502
False,430.1749,96.20093,58809.0265856,396.5,502
False,430.0479,96.10207,58809.0748288,393.5,502
False,429.8221,95.98837,58809.1064832,401,502
False,429.348,95.86227,58809.1384192,409,502
False,429.2885,95.53254,58809.170496,420,502
False,429.3754,95.47445,58809.2023808,424,502
False,429.2839,95.91727,58809.235072,415,502
False,429.4297,96.05151,58809.2674944,404.5,502
False,429.5508,96.14728,58809.2986752,404,502
False,429.6481,96.59081,58809.3304704,395.5,502
False,429.6775,96.58406,58809.3632384,399.5,502
False,429.6182,96.79381,58809.3951744,398.5,502
False,429.4546,96.55791,58809.4278656,401.5,502
False,429.3945,96.45027,58809.4744576,400.5,502
False,429.1681,96.29151,58809.50688,402.5,502
False,429.2809,96.15006,58809.5388672,406.5,502
False,429.2037,96.15279,58809.570496,402.5,502
False,429.2455,96.06199,58809.602624,406,502
False,429.1365,96.24069,58809.6346368,403,502
False,429.2732,96.39055,58809.667072,402,502
False,429.2932,96.36228,58809.6988928,403,502
False,429.187,96.13855,58809.7305984,409,502
False,428.9731,95.92101,58809.7634304,422,502
False,428.9889,95.59025,58809.7946624,434,502
False,428.7843,95.21529,58809.8271488,449,502
False,428.4099,94.73623,58809.8744832,472,502
False,428.1553,94.33604,58809.906752,491.5,502
False,427.8857,93.77601,58809.9385344,503,502
False,427.5539,93.55131,58809.9705472,510,502
False,427.0671,92.97491,58810.0032256,511.5,502
False,426.8073,92.26544,58810.0346752,515.5,502
False,426.653,92.1522,58810.0665472,512.5,502
False,426.5844,92.36639,58810.0990336,494,502
False,426.4374,92.39529,58810.130944,495,502
False,426.5442,92.60291,58810.162816,494,502
False,426.6154,92.6721,58810.1946624,490.5,502
False,426.6261,92.62572,58810.2267648,488.5,502
False,426.6165,92.60722,58810.2749696,485,502
False,426.5813,92.78822,58810.3070976,484,502
False,426.5919,92.78689,58810.3387136,488,502
False,426.6745,92.75975,58810.3706496,487,502
False,426.6701,92.78989,58810.402688,481.5,502
False,426.7454,92.97144,58810.4353664,478.5,502
False,426.8267,92.92574,58810.4671616,478,502
False,426.8413,92.97489,58810.498816,478,502
False,426.9696,92.94788,58810.5306496,476.5,502
False,426.9575,93.09245,58810.5627648,470.5,502
False,426.8738,93.00732,58810.5946624,478,502
False,426.9586,93.10074,58810.6275456,471.5,502
False,426.851,92.89892,58810.6749312,476.5,502
False,426.9209,92.54455,58810.7067776,484.5,502
False,427.0143,92.53879,58810.7388032,477,502
False,427.1819,92.70121,58810.7706752,453.5,502
False,427.1544,92.17004,58810.8027648,468.5,502
False,427.2144,92.50054,58810.8352,459.5,502
False,427.3232,92.8064,58810.8666752,458,502
False,427.3848,92.84511,58810.8988032,453,502
False,427.2157,92.55899,58810.9307776,469,502
False,427.0486,92.49353,58810.962944,476.5,502
False,427.2569,92.82536,58810.9952128,460,502
False,427.1826,92.76797,58811.0272256,459,502
False,427.2204,92.71082,58811.0746496,460.5,502
False,427.211,92.67348,58811.1067136,464.5,502
False,427.1554,92.80993,58811.1387648,466.5,502
False,427.1908,92.95757,58811.170624,459.5,502
False,427.1457,92.9153,58811.203648,456.5,502
False,427.2301,92.77717,58811.2346368,458.5,502
False,427.2539,92.65517,58811.2672512,464,502
False,427.2594,92.52876,58811.2986752,466.5,502
False,427.1949,92.49455,58811.3308288,474.5,502
False,427.2332,92.6576,58811.3628032,459.5,502
False,427.1964,92.77033,58811.395456,455,502
False,427.2048,92.70518,58811.427072,463,502
False,427.4585,92.68843,58811.4746752,459.5,502
False,427.3029,92.64022,58811.506816,460,502
False,427.2615,92.64178,58811.5387776,462,502
False,427.2954,92.55851,58811.5712128,470,502
False,427.333,92.62215,58811.603456,460.5,502
False,427.2159,92.65108,58811.635072,460,502
False,427.2573,92.87829,58811.6668672,456,502
False,427.2574,92.60603,58811.6987904,470,502
False,427.2921,92.37948,58811.7307264,469.5,502
False,427.221,92.45207,58811.7633152,466,502
False,427.2538,92.6627,58811.7949184,463,502
False,427.2884,92.65085,58811.827392,463.5,502
False,427.3187,92.53719,58811.8747904,466,502
False,427.3365,92.49194,58811.906752,465.5,502
False,427.1415,92.52265,58811.9396864,474.5,502
False,427.1441,92.47281,58811.9713536,472,502
False,427.2227,92.56817,58812.0029696,467,502
False,427.1383,92.46348,58812.035008,470,502
False,427.1492,92.53467,58812.0668672,473.5,502
False,427.1672,92.52945,58812.0988288,472.5,502
False,427.1085,92.49982,58812.1313408,471.5,502
False,427.1651,92.45306,58812.1636608,470.5,502
False,427.3842,92.59259,58812.195456,459,502
False,427.2351,92.51268,58812.2270976,466.5,502
False,427.207,92.50834,58812.2747648,469.5,502
False,427.2373,92.52784,58812.306944,467,502
False,427.2017,92.51299,58812.3392256,468.5,502
False,427.3148,92.62605,58812.3709568,459.5,502
False,427.2692,92.66413,58812.4033408,460,502
False,427.3573,92.61326,58812.4348288,452.5,502
False,427.3416,92.91377,58812.4670208,446.5,502
False,427.2794,92.83279,58812.4993792,457.5,502
False,427.1479,92.62668,58812.5314688,458.5,502
False,427.1761,92.32571,58812.563456,459,502
False,427.1101,91.79948,58812.594944,448,502
False,427.8399,94.09315,58812.6271232,343.5,502
False,427.3576,90.87901,58812.6752,467,502
False,427.5321,90.36884,58812.7074944,469.5,502
False,427.8364,90.37344,58812.73888,465.5,502
False,428.4487,89.4906,58812.7711104,461,502
False,427.562,89.43433,58812.8030336,450.5,502
False,426.471,89.74554,58812.835968,439.5,502
False,426.29,89.74941,58812.8674688,427,502
False,426.3241,89.9956,58812.8991872,416.5,502
False,426.4226,90.10052,58812.9312512,414.5,502
False,426.6659,90.03085,58812.9632,416,502
False,427.0186,90.08581,58812.995008,404,502
False,427.0951,90.09714,58813.027392,401.5,502
False,427.2463,89.84577,58813.0752,402,502
False,426.9742,89.66953,58813.1070848,407,502
False,427.3059,89.92574,58813.138944,395,502
False,427.0952,89.97684,58813.1710976,388.5,502
False,427.3028,89.72062,58813.2032896,398.5,502
False,427.162,89.62584,58813.2352384,396,502
False,427.3661,88.74471,58813.2675456,401.5,502
False,427.2744,88.81517,58813.2993408,413,502
False,427.274,88.86448,58813.3312768,396,502
False,427.7915,88.85976,58813.3633792,410,502
False,427.8491,89.07175,58813.3952128,406.5,502
False,427.6042,89.08019,58813.4275072,384.5,502
False,427.8579,89.02824,58813.4749696,360,502
False,427.6604,89.36638,58813.5074944,348,502
False,427.6232,89.57925,58813.539456,368,502
False,427.3679,89.11811,58813.5711232,357,502
False,427.5342,89.05643,58813.6032512,348.5,502
False,427.6133,89.29115,58813.6349824,359.5,502
False,427.444,88.88602,58813.6669824,349.5,502
False,427.4021,89.5143,58813.6998144,373,502
False,427.3097,89.53324,58813.7314048,366,502
False,427.4659,89.49125,58813.7631744,362,502
False,427.5212,89.65607,58813.7953152,362,502
False,427.4143,89.26164,58813.8274176,358,502
False,427.5507,89.56438,58813.8755712,365,502
False,427.3203,89.53378,58813.9073792,372.5,502
False,427.3293,89.54244,58813.9395584,377,502
False,427.5911,89.41611,58813.9714816,370.5,502
False,427.7112,89.27144,58814.0030976,363.5,502
False,427.4726,89.39529,58814.0351744,368.5,502
False,427.5686,89.55132,58814.0671232,367,502
False,427.7484,89.48206,58814.099136,353,502
False,427.3007,89.54603,58814.1314048,367.5,502
False,427.5085,89.44699,58814.1631744,371,502
False,427.6911,89.37292,58814.1951488,362,502
False,427.4262,89.30086,58814.2273024,369.5,502
False,427.3199,89.23893,58814.2750464,372.5,502
False,427.3711,88.84021,58814.3076096,375.5,502
False,427.0472,88.87984,58814.3395328,374.5,502
False,427.0013,88.57826,58814.3711488,369.5,502
False,427.3177,88.73499,58814.4033536,363.5,502
False,427.6786,88.61559,58814.4356992,378.5,502
False,428.6162,88.03123,58814.4671616,389.5,502
False,429.2169,87.65437,58814.499456,406.5,502
False,430.0909,87.04834,58814.5310976,427.5,502
False,430.3514,87.02405,58814.563328,443.5,502
False,431.0045,85.80946,58814.5952256,412,502
False,430.9497,86.18842,58814.6274048,417.5,502
False,430.7574,85.07716,58814.6754688,391,502
False,430.5497,85.98983,58814.7075456,426,502
False,430.6431,86.00579,58814.7391104,431.5,502
False,430.5348,85.98064,58814.7713024,447.5,502
False,430.248,86.29763,58814.803648,429.5,502
False,429.4789,86.59599,58814.8352512,431.5,502
False,429.232,86.49531,58814.8674432,426,502
False,429.5141,86.96905,58814.8993408,371.5,502
False,429.3518,86.72972,58814.9310848,396.5,502
False,429.168,87.03958,58814.9643136,379,502
False,429.0022,87.35289,58814.9958784,383.5,502
False,429.4477,86.88962,58815.0275456,380.5,502
False,428.9956,87.396,58815.0755456,383,502
False,429.0751,87.12113,58815.1072768,366,502
False,429.3981,87.11198,58815.1393536,381,502
False,429.3493,87.15521,58815.1714048,385.5,502
False,429.3293,87.19336,58815.203264,371.5,502
False,429.4016,86.97909,58815.2354688,390.5,502
False,429.0427,87.32101,58815.2676096,378.5,502
False,429.1411,86.99787,58815.2993408,391,502
False,428.9572,87.21039,58815.3312128,385,502
False,428.9943,87.32498,58815.363264,379,502
False,429.5204,86.9178,58815.3956096,367,502
False,429.1187,87.15515,58815.427776,383.5,502
False,428.9467,86.84566,58815.4752384,419,502
False,429.2727,87.55358,58815.5073664,365.5,502
False,428.2358,88.46684,58815.5392,379.5,502
False,428.6505,89.14912,58815.572224,361,502
False,428.4655,89.62054,58815.603264,350.5,502
False,428.048,90.50969,58815.6356608,344,502
False,428.0222,91.0831,58815.6673408,361,502
False,428.4261,91.34205,58815.6993792,382.5,502
False,428.7728,91.57018,58815.7316352,399,502
False,428.9123,91.66386,58815.7637632,416,502
False,428.9189,91.98687,58815.7956736,419,502
False,428.6896,91.6552,58815.827456,436,502
False,428.5173,91.73288,58815.8752128,443,502
False,428.0829,91.81938,58815.907392,442,502
False,428.2666,92.21388,58815.939584,439.5,502
False,428.4588,92.27349,58815.9712256,434.5,502
False,428.3921,92.42665,58816.00352,434,502
False,428.4828,92.55986,58816.0356352,426,502
False,428.6036,92.62672,58816.0673792,425.5,502
False,428.9427,92.56659,58816.0993024,428,502
False,428.8552,92.55332,58816.1316736,423.5,502
False,428.8897,92.59663,58816.163648,426,502
False,428.743,92.77882,58816.1960832,423.5,502
False,428.6827,92.69686,58816.2295296,425,502
False,428.722,92.65245,58816.2752896,422,502
False,428.7367,92.7575,58816.3074304,416.5,502
False,428.7584,92.8276,58816.339328,421.5,502
False,428.7112,92.58826,58816.3716608,423,502
False,428.6995,92.65678,58816.4034688,421.5,502
False,428.6819,92.57532,58816.4355968,416,502
False,428.607,92.73026,58816.4674688,422,502
False,428.7004,92.73063,58816.4995328,419.5,502
False,428.686,92.67691,58816.5319168,423,502
False,428.7366,92.56019,58816.5640704,419.5,502
False,428.5679,92.5154,58816.59552,422,502
False,428.669,92.69279,58816.6276096,421,502
False,428.7587,92.49127,58816.675328,420,502
False,428.7121,92.53405,58816.7074048,418.5,502
False,428.6894,92.5614,58816.7398016,418,502
False,428.861,92.93809,58816.7717632,406.5,502
False,429.4507,93.30628,58816.8034304,419,502
False,430.2637,93.45214,58816.8355328,447.5,502
False,430.3307,94.29593,58816.86752,450,502
False,429.8534,95.13801,58816.9002624,427.5,502
False,430.0573,96.26993,58816.9318272,378.5,502
False,429.9239,96.59239,58816.9637376,368,502
False,429.8185,96.02606,58816.9955712,364.5,502
False,429.8933,95.97563,58817.0275712,342,502
False,429.3279,95.87776,58817.0753664,339.5,502
False,428.354,98.43108,58817.1083008,274.5,502
False,429.3827,95.43744,58817.13984,341,502
False,428.7973,97.46021,58817.1715712,310,502
False,429.0238,97.16071,58817.2034944,321.5,502
False,429.0397,96.66567,58817.2356096,336,502
False,428.7231,96.64458,58817.2679808,339.5,502
False,428.6178,96.59143,58817.3001728,334.5,502
False,428.7097,96.64784,58817.3320448,336.5,502
False,428.6671,96.47531,58817.3636608,351,502
False,428.6039,96.1976,58817.3956096,361,502
False,428.2104,95.96469,58817.4276608,354,502
False,428.0234,95.74793,58817.4754816,363,502
False,427.9289,95.8442,58817.5079936,368,502
False,428.0151,95.67078,58817.5398912,364,502
False,428.1022,95.73389,58817.5715968,362,502
False,428.0885,95.99719,58817.6035968,356,502
False,428.154,95.81104,58817.636288,362.5,502
False,428.1424,95.77485,58817.6676864,360.5,502
False,428.0475,95.85062,58817.7000832,361.5,502
False,428.0994,95.96499,58817.7315968,357,502
False,428.1178,95.9147,58817.763648,359.5,502
False,428.0883,95.91405,58817.7956224,351,502
False,428.1833,95.89528,58817.8280832,356.5,502
False,428.123,95.78872,58817.87584,360.5,502
False,428.1355,95.85801,58817.9079936,358,502
False,428.1025,95.94101,58817.9394688,356,502
False,428.0237,95.97998,58817.9716864,358,502
False,428.2737,95.83683,58818.003712,357.5,502
False,428.243,95.72522,58818.0360448,361.5,502
False,428.1435,95.88305,58818.0677504,352,502
False,428.1776,95.91643,58818.099904,349,502
False,428.2665,95.81814,58818.1316096,356.5,502
False,428.2278,95.75196,58818.1636736,361.5,502
False,428.2437,95.71788,58818.1956608,364.5,502
False,428.2975,95.74667,58818.2287232,362.5,502
False,428.3139,95.77701,58818.2755456,359.5,502
False,428.2629,95.66301,58818.3080448,364.5,502
False,428.2403,95.78863,58818.3399808,363.5,502
False,428.1117,95.84218,58818.3716992,358,502
False,428.132,95.72338,58818.4037888,358.5,502
False,428.2714,95.73694,58818.435712,360.5,502
False,428.1904,95.74781,58818.467776,361.5,502
False,428.2289,95.7338,58818.4999168,357.5,502
False,428.193,95.71696,58818.5320064,364.5,502
False,427.932,95.03423,58818.5636736,389.5,502
False,427.7271,94.50846,58818.5956992,394,502
False,427.7335,94.02608,58818.6280064,409,502
False,427.9547,93.50351,58818.675584,427,502
False,427.8787,93.19278,58818.7082496,424.5,502
False,427.8591,93.15004,58818.7401344,421,502
False,427.8752,93.08759,58818.7719808,420.5,502
False,427.8897,93.18479,58818.8038912,423,502
False,428.0016,93.43167,58818.8358528,422,502
False,428.0679,93.42007,58818.8677888,417,502
False,428.1628,93.45586,58818.900032,413.5,502
False,428.0343,93.49252,58818.931712,412.5,502
False,427.9658,93.42512,58818.9637504,414,502
False,427.9784,93.37525,58818.9964544,409.5,502
False,428.0508,93.4976,58819.0285312,417,502
False,428.0868,93.47095,58819.0756352,413,502
False,428,93.42545,58819.10784,412.5,502
False,428.1234,93.40849,58819.1396736,408,502
False,428.0547,93.43668,58819.1718144,408,502
False,428.0621,93.41982,58819.2044032,410.5,502
False,428.101,93.35588,58819.236288,414,502
False,428.0335,93.41566,58819.267904,413,502
False,428.3095,93.30132,58819.300032,406,502
False,427.9911,93.33049,58819.3318144,410,502
False,428.0169,93.23763,58819.3641856,414.5,502
False,428.0423,93.32814,58819.3958656,417.5,502
False,428.0929,93.21753,58819.428032,414.5,502
False,428.1978,93.2393,58819.4756992,413,502
False,428.1393,93.25984,58819.50784,415,502
False,428.0445,93.23706,58819.540544,415.5,502
False,428.0332,93.27007,58819.5726464,421.5,502
False,428.0374,93.1786,58819.6042752,419,502
False,428.1383,93.35239,58819.6359168,411,502
False,428.0946,93.14012,58819.6680448,417.5,502
False,428.1319,93.27872,58819.6997376,412,502
False,428.0008,93.18052,58819.7317888,421,502
False,428.0484,93.18178,58819.764224,413.5,502
False,428.0673,93.20844,58819.7962112,411,502
False,428.0053,93.38171,58819.8279424,406.5,502
False,427.9259,93.93571,58819.8757888,407,502
False,428.8529,94.42413,58819.9082112,429.5,502
False,429.9102,94.25265,58819.9405312,456.5,502
False,429.2236,94.82359,58819.971904,445,502
False,429.293,95.2354,58820.0041088,434,502
False,428.8282,96.31784,58820.0363264,376.5,502
False,428.8678,96.47888,58820.068032,363,502
False,428.5327,97.61404,58820.09984,313.5,502
False,428.3339,97.75648,58820.1319296,302.5,502
False,428.6683,97.40302,58820.164352,308.5,502
False,428.4889,97.0845,58820.1963776,323.5,502
False,428.9112,96.49322,58820.228416,356.5,502
False,428.9034,96.00647,58820.2758016,360.5,502
False,428.7199,95.56369,58820.3080192,375.5,502
False,428.6585,95.1952,58820.3399168,388.5,502
False,428.5105,95.12932,58820.3724416,390.5,502
False,428.7273,95.03355,58820.4044288,387.5,502
False,428.6159,94.57741,58820.4360448,394,502
False,428.4609,94.17943,58820.4680192,418,502
False,428.4312,94.14758,58820.4998784,419,502
False,428.4381,93.89125,58820.5325696,423,502
False,428.759,94.07007,58820.5639936,411.5,502
False,429.0577,94.12019,58820.5963392,416,502
False,428.9026,94.04019,58820.6286976,410.5,502
False,428.9984,94.27243,58820.6758656,405,502
False,429.0164,94.45731,58820.707968,406,502
False,429.0373,94.3791,58820.7399936,411.5,502
False,429.1931,94.23136,58820.7725184,413.5,502
False,428.9228,94.2303,58820.8041344,412.5,502
False,429.1089,94.37813,58820.8361728,413,502
False,429.2373,94.31733,58820.8679552,416.5,502
False,429.1771,94.30803,58820.8999808,415,502
False,429.293,94.19505,58820.9319808,417,502
False,429.3531,94.14694,58820.9643008,414,502
False,429.2845,94.2465,58820.9965952,416.5,502
False,429.2404,94.30328,58821.0283904,416,502
False,429.173,94.39935,58821.0758784,406.5,502
False,429.2394,94.36794,58821.1078912,404.5,502
False,429.2676,94.43674,58821.1398528,411,502
False,429.1847,94.20583,58821.1718656,417,502
False,429.2826,94.12096,58821.2048384,417.5,502
False,429.1653,94.25335,58821.2363264,410.5,502
False,429.3025,94.05891,58821.2681728,421.5,502
False,429.3436,94.08749,58821.2999552,421,502
False,429.4008,94.24458,58821.3320704,415,502
False,429.2985,94.09897,58821.3642752,421,502
False,429.4079,94.27878,58821.396416,415.5,502
False,429.3544,94.12302,58821.4290432,420,502
False,429.156,94.13543,58821.4759296,413.5,502
False,429.1155,94.09988,58821.5079936,415.5,502
False,429.3139,94.0871,58821.5399424,421,502
False,429.4066,94.22947,58821.5718912,414,502
False,429.2302,94.11831,58821.6045824,417,502
False,428.9435,93.84774,58821.636096,428,502
False,428.5815,93.7964,58821.6681856,426.5,502
False,428.7425,93.85542,58821.7003392,426.5,502
False,428.69,93.6728,58821.7324288,435,502
False,428.7157,93.81113,58821.7642112,428,502
False,428.8359,94.40719,58821.7962496,426.5,502
False,429.0537,94.70656,58821.8290688,422,502
False,429.2141,94.51308,58821.876288,446,502
False,429.492,94.08556,58821.908416,467.5,502
False,429.724,93.64836,58821.9399552,473.5,502
False,430.1678,93.10297,58821.9719552,498.5,502
False,429.4777,92.45931,58822.0039296,489.5,502
False,429.3259,91.65208,58822.0369408,468.5,502
False,429.3941,90.71518,58822.0682752,477.5,502
False,429.4911,90.29288,58822.1001344,461.5,502
False,429.5282,90.2077,58822.1320704,455,502
False,429.6469,90.46732,58822.1647488,456.5,502
False,429.4494,90.66812,58822.1968384,458,502
False,429.4508,90.8594,58822.2285056,454,502
False,429.4037,91.14644,58822.2764032,445,502
False,429.374,91.06638,58822.3081472,454.5,502
False,429.4484,91.10396,58822.3403392,450.5,502
False,429.5234,91.13423,58822.3723648,444.5,502
False,429.5256,91.22611,58822.4043904,443,502
False,429.4573,91.49207,58822.43616,441,502
False,429.4837,91.23022,58822.4682496,444.5,502
False,429.4493,91.19314,58822.500224,447,502
False,429.6071,91.13631,58822.5328128,447.5,502
False,429.4881,91.22272,58822.5647616,441.5,502
False,429.4516,91.28228,58822.5963776,444,502
False,429.4847,91.23103,58822.628352,441.5,502
False,429.5446,91.16254,58822.6760832,445,502
False,429.5768,91.07251,58822.708096,450.5,502
False,429.4926,91.04576,58822.7403264,448,502
False,429.2541,91.24699,58822.7720448,444,502
False,429.233,91.05288,58822.8041728,457,502
False,429.3354,90.54118,58822.836224,471.5,502
False,429.2453,90.40463,58822.868096,467.5,502
False,429.184,90.4716,58822.9007488,466.5,502
False,429.1935,90.56867,58822.9320448,466,502
False,429.1637,90.61517,58822.9648896,472.5,502
False,429.3847,90.75517,58822.996736,467,502
False,429.1612,90.87611,58823.0283136,469.5,502
False,429.3781,90.70509,58823.0761088,468.5,502
False,429.1988,90.71494,58823.10816,469.5,502
False,429.2717,90.5876,58823.1403776,478.5,502
False,429.399,90.64973,58823.172544,472.5,502
False,429.4323,90.8614,58823.2046208,475,502
False,429.4636,90.74516,58823.2361984,473.5,502
False,429.3754,90.65251,58823.268416,471,502
False,429.3608,90.67266,58823.3003392,472.5,502
False,429.4019,90.61322,58823.3322368,474,502
False,429.4863,90.66351,58823.3647872,474,502
False,429.3406,90.69311,58823.3968,479,502
False,429.3636,90.64662,58823.4287872,474,502
False,429.2076,90.65406,58823.4765568,476,502
False,429.3312,90.69492,58823.5090944,472,502
False,429.3554,90.63684,58823.5401728,475,502
False,429.3337,90.66526,58823.572672,475,502
False,429.4197,90.67017,58823.6042752,476.5,502
False,429.3717,90.70293,58823.6362112,478,502
False,429.333,90.61259,58823.6683008,471.5,502
False,429.4013,90.59099,58823.7009792,473.5,502
False,429.5359,90.66842,58823.7333248,475.5,502
False,429.4831,90.67047,58823.7646848,482,502
False,429.4642,90.6819,58823.7964032,481.5,502
False,429.4754,90.67609,58823.8287488,477.5,502
False,429.4359,90.70374,58823.8761472,481,502
False,429.45,90.5817,58823.908672,484.5,502
False,429.4638,90.71004,58823.9408768,476.5,502
False,429.379,90.67155,58823.9722624,478,502
False,429.4275,90.70421,58824.0053632,479.5,502
False,429.3945,90.69183,58824.0363904,477,502
False,429.3834,90.59993,58824.0684672,469.5,502
False,429.3169,90.52471,58824.100288,475.5,502
False,429.2682,90.03822,58824.1322368,488.5,502
False,429.1229,89.47002,58824.164736,506,502
False,429.046,88.72356,58824.1967104,518.5,502
False,429.1794,88.54971,58824.2284672,523,502
False,429.3046,88.28193,58824.2763264,522,502
False,429.1044,87.74204,58824.3083648,539.5,502
False,429.0583,87.55097,58824.3407488,557.5,502
False,429.1801,87.10738,58824.3726592,566.5,502
False,429.2307,86.28799,58824.4043136,573.5,502
False,429.1563,85.29432,58824.43648,581,502
False,428.9721,84.08929,58824.4683904,580.5,502
False,428.9006,82.65334,58824.500352,575,502
False,428.5416,81.15139,58824.53312,589,502
False,428.6403,78.90749,58824.5644544,612.5,502
False,429.1834,76.13522,58824.5969152,636,502
False,429.559,73.22436,58824.629056,651.5,502
False,430.1461,70.69105,58824.6763008,642.5,502
False,430.5847,68.5005,58824.7085184,659,502
False,430.7194,66.47776,58824.7405056,667,502
False,430.8074,64.4835,58824.7729792,651.5,502
False,430.0638,62.57849,58824.8048,627.5,502
False,428.7236,61.815,58824.8365312,609,502
False,428.0347,60.69752,58824.8683136,610.5,502
False,428.1838,58.77338,58824.9002752,618.5,502
False,428.5676,57.60889,58824.9323136,626,502
False,429.0655,57.31307,58824.9649408,641.5,502
False,429.2827,57.24331,58824.9968256,648,502
False,429.1727,56.64269,58825.0283776,646.5,502
False,428.9709,56.64067,58825.0763776,641,502
False,429.0863,56.60746,58825.1092736,639,502
False,429.0266,56.63846,58825.1405184,644,502
False,429.0112,56.59372,58825.1731712,642,502
False,429.1403,56.47181,58825.2053632,647.5,502
False,429.0205,56.69129,58825.2366464,643,502
False,429.0398,56.74994,58825.2683904,636.5,502
False,429.1773,56.49559,58825.3003904,643,502
False,429.0323,56.71641,58825.3325056,640,502
False,429.097,56.61687,58825.3649152,646,502
False,429.0459,56.69143,58825.3966976,646,502
False,429.0748,56.55435,58825.4287616,644,502
False,429.0259,56.59124,58825.4763776,643,502
False,429.0212,56.663,58825.5085312,636,502
False,429.0394,56.59072,58825.54144,643,502
False,428.9322,56.66057,58825.5724672,629,502
False,428.8763,57.25944,58825.6047744,622.5,502
False,428.6815,57.96371,58825.6365568,615.5,502
False,428.5734,58.23953,58825.6683776,613,502
False,428.6231,58.60274,58825.700736,597,502
False,428.664,58.4837,58825.7326336,618.5,502
False,428.6924,57.99705,58825.764672,621,502
False,428.5008,57.74429,58825.7968384,627,502
False,428.6614,57.34307,58825.8287616,633.5,502
False,428.879,56.59772,58825.8767744,643,502
False,428.9929,55.695,58825.9089792,629.5,502
False,429.1572,54.98835,58825.940672,643.5,502
False,429.2674,54.77701,58825.9723648,652.5,502
False,429.1955,54.52886,58826.00448,641,502
False,429.2709,54.48857,58826.0368512,627,502
False,429.2144,54.51693,58826.0691968,615.5,502
False,429.2501,54.48605,58826.1008256,621,502
False,429.134,54.79722,58826.1325696,623,502
False,429.1994,54.87473,58826.1646848,616,502
False,429.1717,54.89518,58826.1971584,618.5,502
False,429.2189,54.85454,58826.2293504,613,502
False,429.3224,54.70317,58826.276928,625.5,502
False,429.5597,54.06454,58826.3086336,596.5,502
False,430.3199,53.26112,58826.3405312,558.5,502
False,429.9958,52.75235,58826.372736,548.5,502
False,429.6406,52.50597,58826.4047744,530,502
False,429.3494,52.63835,58826.4368256,518,502
False,429.4778,51.55918,58826.4688256,536.5,502
False,429.822,50.48648,58826.5007616,530,502
False,430.6721,49.10856,58826.5326848,522,502
False,431.8596,48.04757,58826.56544,494,502
False,432.033,46.61826,58826.5972608,485.5,502
False,431.2434,45.68752,58826.6302208,463.5,502
False,430.901,44.77278,58826.6772352,444.5,502
False,431.1991,44.1223,58826.7090944,432,502
False,431.4736,43.80497,58826.7408512,423,502
False,431.7148,43.32518,58826.7727104,429,502
False,432.1976,42.97199,58826.8049664,422.5,502
False,432.8205,42.66113,58826.8367872,421.5,502
False,433.1489,42.17335,58826.8698752,436.5,502
False,433.72,41.76717,58826.9009792,434.5,502
False,434.3988,40.97527,58826.9327616,438,502
False,434.8913,39.90347,58826.9647232,423,502
False,435.2656,39.51482,58826.9968,416,502
False,435.4829,39.13644,58827.0294272,419,502
False,435.5454,39.06849,58827.076992,401.5,502
False,435.5315,39.31067,58827.1091712,397,502
False,435.6118,39.62254,58827.1407744,389,502
False,435.8348,39.72187,58827.1729152,392.5,502
False,435.9422,39.77153,58827.2048384,400.5,502
False,435.9996,39.63572,58827.2371328,398.5,502
False,435.8242,39.69875,58827.2686464,400,502
False,436.1796,39.64981,58827.3006592,405.5,502
False,436.7482,39.42978,58827.3331456,413,502
False,436.6577,39.39373,58827.3647104,425,502
False,436.6805,39.31638,58827.397312,432.5,502
False,436.974,39.37561,58827.4454272,410,502
False,437.136,39.35167,58827.4770944,418,502
False,437.0616,39.47153,58827.508928,424.5,502
False,437.1069,39.47175,58827.5408896,413,502
False,437.1941,39.2571,58827.572864,428.5,502
False,436.805,39.43946,58827.6051712,435,502
False,437.1361,39.60266,58827.6368,414,502
False,437.2421,39.6364,58827.668736,413,502
False,437.1172,39.65131,58827.7007232,412.5,502
False,436.9752,39.70673,58827.7328896,416,502
False,436.8895,39.58062,58827.7655296,430,502
False,436.9124,39.53502,58827.7974144,435.5,502
False,436.7598,39.83708,58827.8448768,422.5,502
False,436.1725,40.52256,58827.876672,399,502
False,435.3911,41.70079,58827.9095808,381,502
False,434.7841,42.10399,58827.9408512,359,502
False,434.2954,42.35799,58827.97344,351.5,502
False,434.0947,42.67966,58828.0047616,359,502
False,433.8733,42.45909,58828.03712,356.5,502
False,433.9191,42.32615,58828.0691968,371,502
False,433.9709,42.52459,58828.101248,366,502
False,434.0379,42.58321,58828.1328896,351.5,502
False,433.7588,42.70858,58828.1650432,342,502
False,433.7557,42.8979,58828.1969408,357.5,502
False,433.803,42.85434,58828.244864,357,502
False,433.6851,42.91597,58828.2770688,361,502
False,433.9472,43.28049,58828.3096704,337.5,502
False,433.5991,43.28847,58828.3408,345.5,502
False,433.7618,43.44429,58828.3728768,348.5,502
False,433.5326,43.43512,58828.4051328,345.5,502
False,433.5188,43.45555,58828.4373376,345,502
False,433.2666,43.39961,58828.4687872,342,502
False,433.2092,43.28696,58828.501376,345,502
False,433.0291,42.91143,58828.5333248,350,502
False,432.8759,42.65906,58828.564864,350.5,502
False,432.697,42.56583,58828.5970688,357,502
False,432.9306,42.75968,58828.6449408,353,502
False,432.8541,42.92239,58828.6771328,356.5,502
False,432.9579,43.18125,58828.7092992,348.5,502
False,432.682,43.41716,58828.7409408,336,502
False,432.6777,43.32085,58828.7728512,347,502
False,432.6464,43.37187,58828.8049152,346,502
False,432.7979,43.52753,58828.8368512,339,502
False,432.8073,43.5549,58828.8691712,340,502
False,437.5364,40.07277,58828.9017216,469.5,502
False,432.4871,43.51488,58828.9337216,336,502
False,432.4585,43.44945,58828.9654144,333,502
False,432.2266,43.44864,58828.9971072,331,502
False,432.2315,43.56282,58829.0449664,329,502
False,432.2458,43.74844,58829.0768768,320,502
False,432.1502,43.88017,58829.1090944,318.5,502
False,431.9309,43.91653,58829.1412864,313.5,502
False,432.0883,44.06421,58829.1731968,311.5,502
False,431.9946,44.04073,58829.2048128,311,502
False,432.0258,43.93881,58829.2368128,310.5,502
False,431.6594,44.31884,58829.2690176,299,502
False,431.4477,44.63197,58829.301568,293,502
False,430.9104,45.13382,58829.3332096,271.5,502
False,430.7093,46.12023,58829.3650688,262,502
False,431.4503,46.78123,58829.3972864,273.5,502
False,431.7773,47.68042,58829.44512,254.5,502
False,432.6598,49.26072,58829.4780288,241,502
False,433.328,49.43605,58829.5093632,251.5,502
False,434.3736,45.10883,58829.5409408,389,502
False,434.316,45.50304,58829.5729536,384,502
False,434.8138,48.19259,58829.6049792,315,502
False,434.5124,47.07079,58829.6370816,355.5,502
False,433.8286,45.47495,58829.669696,402.5,502
False,432.8822,43.88483,58829.7014528,438.5,502
False,431.5057,42.66702,58829.7331328,470,502
False,429.7636,41.73771,58829.765312,495,502
False,427.5372,40.7626,58829.7972096,512.5,502
False,424.4907,39.87663,58829.8451072,548.5,502
False,421.5508,38.92016,58829.8777472,536.5,502
False,420.3172,37.59969,58829.90912,527.5,502
False,419.1472,36.39799,58829.9409664,531,502
False,416.9799,34.92123,58829.972928,548,502
False,415.0345,33.92382,58830.0050432,588.5,502
False,412.703,33.56649,58830.0378112,559,502
False,409.012,33.69245,58830.0693504,543,502
False,406.2455,34.37647,58830.1009792,537,502
False,403.603,34.86074,58830.1330688,529,502
False,400.5588,34.87057,58830.1654528,494.5,502
False,397.5108,34.97244,58830.197696,508,502
False,394.1488,35.65456,58830.2451456,523,502
False,390.7444,36.30032,58830.2770688,469.5,502
False,387.1753,37.03622,58830.3091328,455.5,502
False,383.8692,38.06398,58830.340928,471.5,502
False,379.8502,38.56301,58830.3733376,469.5,502
False,376.1525,39.02547,58830.4055552,458,502
False,372.4596,39.25246,58830.4374912,474,502
False,368.0112,39.44501,58830.4691584,489.5,502
False,364.7115,39.46832,58830.5012096,505,502
False,360.9217,39.78851,58830.5330944,455.5,502
False,357.5221,40.56517,58830.5656704,445,502
False,354.4659,41.27814,58830.597824,465,502
False,350.9875,41.44469,58830.6452096,452,502
False,348.3014,41.45295,58830.677056,464,502
False,345.7828,41.64017,58830.7090944,509.5,502
False,343.5092,41.76989,58830.7411584,507,502
False,342.2343,41.65113,58830.77344,515,502
False,340.7531,41.74351,58830.805376,488,502
False,339.8298,42.20098,58830.8371712,476,502
False,339.3975,42.72092,58830.8692096,470,502
False,339.0796,43.26822,58830.9010944,471,502
False,338.9413,43.34223,58830.9330688,468.5,502
False,339.0409,43.3145,58830.9661696,469,502
False,339.1576,43.4054,58830.997184,469.5,502
False,339.3088,43.30811,58831.0478208,462.5,502
False,339.3175,43.37819,58831.0774272,464.5,502
False,339.1299,43.28683,58831.1092736,469.5,502
False,339.0971,43.41772,58831.141248,472,502
False,339.0916,43.40979,58831.173312,473,502
False,339.1049,43.40199,58831.2051584,468.5,502
False,339.0039,43.47604,58831.2376576,473,502
False,339.1714,43.34469,58831.269696,469.5,502
False,339.1409,43.40804,58831.3013248,473,502
False,339.2104,43.29886,58831.3332224,469,502
False,339.1374,43.37629,58831.3652352,469.5,502
False,339.2515,43.39083,58831.397888,472.5,502
False,339.1548,43.39096,58831.445312,468.5,502
False,339.197,43.38197,58831.4771584,469.5,502
False,339.1013,43.38877,58831.5092224,472,502
False,339.1331,43.38641,58831.5412864,471,502
False,339.0531,43.40955,58831.5739008,468,502
False,339.1292,43.39757,58831.6057472,467,502
False,339.1906,43.46503,58831.6376576,469.5,502
False,339.2252,43.34007,58831.6700928,470,502
False,339.1281,43.41684,58831.7013632,467,502
False,339.1039,43.40345,58831.7332736,463.5,502
False,339.132,43.43797,58831.7652992,463.5,502
False,339.1503,43.4213,58831.7976576,468,502
False,339.0392,43.41684,58831.8451712,467,502
False,339.0609,43.39676,58831.8772608,462.5,502
False,338.983,43.43333,58831.9092736,470,502
False,339.0064,43.48787,58831.941376,467,502
False,339.1057,43.40507,58831.9737984,467,502
False,339.0535,43.36135,58832.0058368,464,502
False,339.0806,43.47013,58832.037504,471.5,502
False,339.028,43.39152,58832.0694272,464,502
False,339.0117,43.46206,58832.1012992,470,502
False,338.9608,43.47069,58832.1341952,472,502
False,339.0725,43.34733,58832.1652992,464.5,502
False,339.1212,43.39928,58832.1978752,465,502
False,339.0142,43.32195,58832.245248,468.5,502
False,338.9057,43.4982,58832.2772608,463,502
False,338.2267,43.97768,58832.3093504,470.5,502
False,337.184,44.64243,58832.3417728,467.5,502
False,334.1883,46.0108,58832.3735168,494,502
False,330.1552,46.75125,58832.4053248,500.5,502
False,325.9631,47.37778,58832.4374784,510,502
False,322.3498,47.58294,58832.4693888,525.5,502
False,318.9494,47.7744,58832.5016704,510.5,502
False,315.2168,48.70515,58832.5339008,485,502
False,311.4175,50.16286,58832.5654272,481,502
False,307.1858,51.3998,58832.5977856,501.5,502
False,302.3029,52.62814,58832.645696,497.5,502
False,297.2028,53.64403,58832.677248,508,502
False,292.9431,54.75396,58832.7093888,515.5,502
False,288.1622,55.4856,58832.7414272,503.5,502
False,284.1424,56.33727,58832.7739776,508,502
False,278.7152,57.2807,58832.8059392,532,502
False,273.4459,57.81185,58832.8375168,531.5,502
False,267.8801,57.67812,58832.8695168,524,502
False,262.0198,56.98731,58832.9013632,538.5,502
False,255.947,56.98108,58832.9336064,528.5,502
False,250.1032,57.33901,58832.965888,499,502
False,245.0115,57.66208,58832.9979904,509,502
False,239.5658,58.23942,58833.0454528,504,502
False,235.3844,58.05207,58833.0773376,502.5,502
False,231.7559,57.39163,58833.1095808,506,502
False,228.2177,56.84759,58833.1420672,526,502
False,225.3652,56.833,58833.1739136,496,502
False,223.2141,57.67799,58833.2059904,500.5,502
False,221.1082,58.57952,58833.2374528,491.5,502
False,219.1402,58.98611,58833.2697216,492,502
False,217.2442,58.96698,58833.3014272,484.5,502
False,216.0007,58.50449,58833.3334272,483,502
False,214.8648,57.89664,58833.3655552,487,502
False,213.7413,57.68412,58833.3979776,487,502
False,212.2033,57.58275,58833.4454528,498.5,502
False,210.9837,57.2694,58833.47776,500.5,502
False,209.3892,56.9808,58833.5097088,486,502
False,208.2904,57.61457,58833.541568,473.5,502
False,207.6619,58.39199,58833.5738496,457.5,502
False,207.0953,58.69275,58833.6055936,460,502
False,206.5936,58.34001,58833.6379008,449.5,502
False,206.8861,57.83314,58833.669824,421.5,502
False,206.8633,57.53428,58833.7014144,420.5,502
False,207.3354,57.57294,58833.7335424,409,502
False,207.5028,57.58738,58833.7657088,412,502
False,207.2589,57.64005,58833.7976832,432,502
False,207.0138,57.67931,58833.8459904,435,502
False,206.5183,57.5645,58833.877824,447,502
False,206.3696,57.54472,58833.9095808,451,502
False,206.3407,57.71155,58833.9416448,453,502
False,206.263,57.72645,58833.9734528,460,502
False,206.3289,57.69048,58834.0059264,455,502
False,206.3094,57.62996,58834.0381184,445,502
False,206.4487,57.7278,58834.0695808,458,502
False,206.398,57.63852,58834.1016064,456,502
False,206.434,57.6071,58834.1335424,450.5,502
False,206.604,57.77238,58834.165568,452.5,502
False,206.4505,57.70829,58834.198272,452.5,502
False,206.4677,57.72041,58834.2456576,459,502
False,206.5927,57.78403,58834.2777216,453,502
False,206.413,57.7311,58834.3097088,447.5,502
False,206.2006,57.80159,58834.3415808,462,502
False,206.2299,57.73951,58834.373696,453,502
False,206.3385,57.79098,58834.4062208,454.5,502
False,206.2132,57.79847,58834.4379008,456.5,502
False,206.0956,57.71661,58834.4699648,460.5,502
False,206.1998,57.66518,58834.5016832,449.5,502
False,205.8444,57.48597,58834.5335296,445.5,502
False,205.448,57.25367,58834.565696,443.5,502
False,204.4945,56.99266,58834.5977088,454,502
False,204.1206,56.45246,58834.6461568,443.5,502
False,203.5793,55.49645,58834.6778624,446.5,502
False,203.0491,54.97136,58834.709696,448,502
False,202.5293,53.56704,58834.74176,450,502
False,202.0439,52.86102,58834.774144,436.5,502
False,200.8863,53.12519,58834.8061312,434,502
False,199.831,53.54432,58834.8377472,425,502
False,199.1034,53.80149,58834.8697728,424,502
False,198.3817,53.70064,58834.901632,417,502
False,197.8157,54.03955,58834.933568,434,502
False,197.7385,53.92817,58834.9660672,413,502
False,197.3671,53.6302,58834.9995776,425,502
False,196.9625,53.81822,58835.045568,435.5,502
False,196.7206,53.66363,58835.0781824,439,502
False,196.8953,53.54361,58835.110144,418.5,502
False,196.5403,53.49924,58835.1423744,438,502
False,196.4491,53.4333,58835.1737344,443.5,502
False,197.1367,53.30435,58835.2062336,425.5,502
False,196.5949,52.74029,58835.2380416,455,502
False,196.695,52.53473,58835.2697984,453.5,502
False,196.6365,52.04341,58835.3017216,441.5,502
False,196.6937,52.21172,58835.3337472,449.5,502
False,196.6021,51.91714,58835.3661568,436.5,502
False,196.9391,51.81961,58835.3981056,413,502
False,197.1815,52.19853,58835.4456064,431.5,502
False,197.454,52.13554,58835.4775936,393.5,502
False,197.5771,53.12399,58835.509696,392.5,502
False,197.7121,53.33146,58835.54176,356,502
False,198.1018,53.61876,58835.5741568,334,502
False,197.7471,53.96169,58835.606144,348,502
False,197.8882,53.88972,58835.6378624,334,502
False,198.5463,53.98107,58835.6698624,317,502
False,198.2066,54.14683,58835.7017344,323.5,502
False,198.2419,54.49134,58835.7343872,308,502
False,198.3019,54.4053,58835.7662336,308,502
False,198.0448,54.59567,58835.7979264,331,502
False,198.6548,53.7923,58835.846016,294.5,502
False,197.9685,53.61636,58835.877632,301.5,502
False,198.2449,53.72068,58835.9108352,324,502
False,198.3092,52.9673,58835.9421952,290.5,502
False,198.7838,53.3679,58835.9739008,284.5,502
False,198.6655,53.57134,58836.0058368,278,502
False,198.6834,53.87898,58836.0379392,308.5,502
False,198.6754,54.38367,58836.0698368,324.5,502
False,198.3501,54.31951,58836.1021568,337.5,502
False,198.2352,53.85426,58836.1341312,346.5,502
False,197.9762,52.67699,58836.1658752,371.5,502
False,197.4444,51.11866,58836.1979648,397.5,502
False,196.8288,48.71962,58836.2464896,406,502
False,196.119,47.64644,58836.27776,428.5,502
False,195.5305,45.96032,58836.3102976,420,502
False,194.9127,44.21542,58836.341824,408.5,502
False,194.5045,43.25021,58836.3739776,405,502
False,194.5027,42.87077,58836.4058496,398.5,502
False,194.9069,43.02489,58836.4381824,361.5,502
False,194.9552,43.69453,58836.4703872,335,502
False,194.7845,43.94729,58836.5021184,322.5,502
False,194.9929,44.54412,58836.5338112,306,502
False,194.7225,44.90208,58836.5659648,328.5,502
False,194.9004,44.8049,58836.5989376,319.5,502
False,194.7862,44.73983,58836.6459008,323.5,502
False,194.3202,44.50158,58836.6781696,317,502
False,193.7289,43.70222,58836.710528,337.5,502
False,193.9563,43.60598,58836.7419648,362.5,502
False,194.2344,43.45607,58836.7740288,377.5,502
False,195.8556,38.81044,58836.8059392,517,502
False,194.8125,42.8855,58836.837888,393,502
False,195.2244,43.51799,58836.8709248,352,502
False,195.0932,43.87292,58836.9022464,320,502
False,194.902,44.33744,58836.9338624,284,502
False,194.9437,45.00433,58836.9662976,269.5,502
False,194.6606,45.88531,58836.9980672,248.5,502
False,194.7866,46.05115,58837.0460032,189,502
False,194.8182,46.45628,58837.0782976,192.5,502
False,194.9388,47.56292,58837.1101696,196,502
False,195.2592,47.15023,58837.1420288,177.5,502
False,195.707,47.9533,58837.1740416,182,502
False,195.9068,48.18435,58837.2061312,155.5,502
False,201.6729,36.29896,58837.2385152,160,502
False,201.4979,36.50534,58837.270336,156,502
False,200.6115,36.71063,58837.3018752,163,502
False,200.3149,37.06974,58837.3342208,162.5,502
False,200.1458,37.49583,58837.3661312,160,502
False,200.2331,37.38819,58837.3981824,158,502
False,200.3229,37.51097,58837.4459648,159.5,502
False,200.2869,37.62332,58837.477888,161.5,502
False,200.2984,38.18361,58837.510656,152.5,502
False,199.4862,39.26402,58837.5424256,163.5,502
False,199.0948,40.44375,58837.5741312,160,502
False,198.6172,41.7606,58837.6060416,165,502
False,198.5045,49.70667,58837.6379264,312.5,502
False,198.7812,51.8015,58837.6711424,311.5,502
False,199.1816,53.62428,58837.7020288,318.5,502
False,199.516,54.72446,58837.7344256,323,502
False,200.6865,56.10069,58837.7662592,336,502
False,202.5647,57.19917,58837.798016,320.5,502
False,203.7903,57.55408,58837.8465024,300.5,502
False,202.0785,63.22528,58837.8779136,163.5,502
False,202.5029,63.11905,58837.9101056,175,502
False,203.1937,62.71605,58837.9419776,175.5,502
False,203.9252,62.62924,58837.9741056,191.5,502
False,204.2416,62.52273,58838.0066176,198,502
False,204.5306,61.74664,58838.0383488,223,502
False,204.4872,61.06651,58838.0699904,215.5,502
False,205.3244,60.89849,58838.1020672,243,502
False,205.573,61.0413,58838.1350784,226,502
False,205.0572,61.43416,58838.1670016,221.5,502
False,204.6094,60.97498,58838.1986048,206.5,502
False,204.0355,61.72961,58838.2464768,188,502
False,204.4788,62.16402,58838.2779904,189,502
False,204.192,61.88861,58838.3101952,200.5,502
False,204.1508,62.34832,58838.3420928,189,502
False,203.9841,62.22399,58838.3747584,189,502
False,204.4175,62.13123,58838.4067712,237.5,502
False,204.9587,61.60145,58838.43808,230,502
False,204.6463,61.8482,58838.4704384,213,502
False,205.0686,60.9754,58838.5020544,257.5,502
False,204.7533,61.02865,58838.534464,238.5,502
False,204.2187,60.7609,58838.5666688,237,502
False,203.5798,60.69774,58838.5983104,236,502
False,203.3447,60.36182,58838.6461568,234,502
False,202.9938,60.52351,58838.6780032,241,502
False,203.0844,60.5802,58838.71072,239,502
False,202.8317,60.15145,58838.7425408,257.5,502
False,202.9031,60.33401,58838.774272,246,502
False,203.0317,60.71388,58838.8062848,236.5,502
False,202.7391,60.14286,58838.8381184,241.5,502
False,202.8042,60.29333,58838.8702464,237.5,502
False,202.5379,59.98726,58838.9024512,235.5,502
False,202.3665,60.04624,58838.9345536,241.5,502
False,202.2517,60.21905,58838.9663616,245,502
False,202.3759,60.45328,58838.9983872,239,502
False,202.3355,60.53901,58839.0462464,235,502
False,202.1363,60.34047,58839.07808,233.5,502
False,202.0539,60.66667,58839.1110784,229,502
False,202.2795,60.88191,58839.1422336,223,502
False,202.1688,60.49858,58839.174528,234,502
False,202.1421,60.88172,58839.2081792,217,502
False,202.0311,60.52472,58839.2384256,236,502
False,201.7209,60.20897,58839.2713856,230.5,502
False,202.2209,60.78484,58839.302784,204.5,502
False,202.5243,61.01273,58839.3345664,209.5,502
False,202.3057,61.10449,58839.366784,193,502
False,202.543,61.48253,58839.3987456,176.5,502
False,201.9004,61.45743,58839.4466304,184,502
False,201.996,61.77314,58839.478464,167.5,502
False,201.8128,61.81471,58839.5102976,174.5,502
False,203.4344,55.56075,58839.542208,310,502
False,203.3858,55.90297,58839.574528,292,502
False,203.3712,56.01075,58839.606592,294.5,502
False,202.9024,56.15068,58839.6387328,292,502
False,203.19,56.54095,58839.6710912,293,502
False,203.2999,56.36505,58839.7025664,289,502
False,203.0371,56.72962,58839.7347456,296.5,502
False,203.0006,56.66667,58839.766592,294.5,502
False,202.9537,56.20194,58839.7985024,309.5,502
False,203.0398,56.42857,58839.8470528,297.5,502
False,202.8915,56.47797,58839.8785408,295,502
False,203.0724,56.57407,58839.9103488,297,502
False,202.8995,56.49246,58839.9423232,298.5,502
False,201.7855,63.02319,58839.9743488,172.5,502
False,201.9847,62.55102,58840.0061696,196,502
False,202.143,61.87462,58840.0384512,218,502
False,202.1101,55.53158,58840.0704128,380,502
False,202.2046,55.45955,58840.1022976,393.5,502
False,201.9527,54.58959,58840.1347328,419.5,502
False,201.7204,53.74687,58840.16672,453,502
False,201.4262,51.68281,58840.199872,506,502
False,201.5534,50.07022,58840.246784,515,502
False,201.2887,47.64778,58840.2782464,556,502
False,201.383,46.19526,58840.3107456,597.5,502
False,201.3134,46.44054,58840.3424384,611,502
False,202.1955,47.52026,58840.3742464,604.5,502
False,203.2658,53.59208,58840.4062848,471.5,502
False,203.7036,54.55397,58840.4388736,455.5,502
False,203.5629,54.97822,58840.4706176,451.5,502
False,203.5932,54.7419,58840.5023616,463,502
False,203.4597,54.21583,58840.5345152,469.5,502
False,202.9743,53.66133,58840.566336,500,502
False,202.5969,52.78472,58840.5984256,528,502
False,202.2947,51.97977,58840.6465536,552,502
False,202.2939,52.47169,58840.6783232,544.5,502
False,202.159,51.85802,58840.7107456,567,502
False,202.1784,52.08519,58840.7426048,561.5,502
False,202.1878,51.73006,58840.7745152,560,502
False,202.2073,51.03899,58840.80704,568.5,502
False,202.3844,51.73158,58840.8386432,552,502
False,202.4059,51.65305,58840.870464,551,502
False,202.3812,51.7423,58840.9024384,546.5,502
False,202.4914,51.91492,58840.9344768,525,502
False,202.4071,51.38367,58840.9666048,526.5,502
False,202.2717,50.54434,58840.9990272,530,502
False,202.0793,48.5329,58841.0465024,542,502
False,201.1586,46.73449,58841.0783488,545.5,502
False,199.4528,46.23164,58841.1105664,542.5,502
False,197.7012,45.24166,58841.1425024,560,502
False,195.9132,43.93433,58841.1753984,568.5,502
False,194.6333,42.6094,58841.2064256,585,502
False,193.8722,41.82504,58841.2387712,572.5,502
False,193.5211,40.64196,58841.2704128,573.5,502
False,193.5558,40.02472,58841.3024128,586.5,502
False,192.8685,39.97297,58841.3348224,592,502
False,192.5584,39.8391,58841.366656,592.5,502
False,192.5486,39.90496,58841.398784,587.5,502
False,192.4609,39.88527,58841.4466304,582.5,502
False,192.4174,39.89713,58841.4784128,586.5,502
False,192.5614,39.95307,58841.5109376,586,502
False,192.5435,40.00422,58841.5427072,592.5,502
False,192.5088,39.94384,58841.5744384,596.5,502
False,192.5835,39.89001,58841.6065024,595.5,502
False,192.6281,39.9042,58841.638336,591.5,502
False,192.7807,39.92273,58841.6704,597.5,502
False,192.7272,39.94198,58841.7028352,597.5,502
False,192.5807,39.89093,58841.735104,599,502
False,192.5902,40.01456,58841.7670656,595,502
False,192.6119,40.51237,58841.7991808,593,502
False,192.8065,40.56339,58841.8465664,589,502
False,192.7837,40.43034,58841.8783744,591,502
False,192.8249,40.5064,58841.9106432,585.5,502
False,192.8322,40.56541,58841.9425664,586,502
False,192.8079,40.54689,58841.975104,590,502
False,192.7652,40.55423,58842.00672,587,502
False,192.7855,40.43071,58842.038464,590.5,502
False,192.7243,40.25667,58842.0704256,587,502
False,191.498,39.88257,58842.102592,589,502
False,190.2963,39.50751,58842.134592,599,502
False,188.5682,39.02999,58842.1670144,589,502
False,186.7686,38.22139,58842.1988992,601.5,502
False,184.994,37.101,58842.2469632,615.5,502
False,183.42,36.23782,58842.2784768,605.5,502
False,182.2981,35.63111,58842.3106688,586,502
False,181.5986,35.83261,58842.3425536,575.5,502
False,181.0294,35.95655,58842.374464,594.5,502
False,179.9906,35.75846,58842.4068608,601,502
False,178.1412,35.77063,58842.4389632,622,502
False,175.722,35.03988,58842.4709632,606,502
False,172.9323,34.39973,58842.5026176,615,502
False,169.6967,34.32218,58842.534592,627.5,502
False,166.3852,33.34176,58842.5668352,633,502
False,162.6771,32.96458,58842.5986432,640,502
False,158.7433,33.03641,58842.6470656,618,502
False,154.4659,34.11174,58842.6785408,623.5,502
False,149.9178,34.21495,58842.7106816,626.5,502
False,145.6073,34.36354,58842.7425152,618,502
False,141.6798,34.05984,58842.7745024,610,502
False,136.7827,34.05854,58842.8068864,623.5,502
False,132.5483,34.07273,58842.8389888,621,502
False,128.2771,34.5735,58842.8706816,610,502
False,124.3289,34.83097,58842.9026688,599.5,502
False,120.6887,35.47513,58842.9351168,583,502
False,117.0178,35.25869,58842.9672192,580.5,502
False,113.2499,34.65561,58842.9989888,557.5,502
False,110.4315,33.46362,58843.0469376,591,502
False,106.4097,31.53832,58843.078592,654.5,502
False,103.8401,31.23172,58843.1108352,649.5,502
False,101.5667,31.71718,58843.1435008,633.5,502
False,100.6062,33.30655,58843.1746048,603.5,502
False,99.81844,34.07435,58843.207296,598.5,502
False,99.67321,33.83845,58843.2385792,586,502
False,99.43093,33.41522,58843.2715392,604.5,502
False,99.58754,33.09933,58843.3028224,594,502
False,99.35063,32.77534,58843.3352832,616.5,502
False,99.24474,32.60255,58843.3670528,626.5,502
False,99.52247,32.56287,58843.3989504,623,502
False,99.52209,32.57856,58843.446848,611,502
False,99.36105,32.47988,58843.4789888,625.5,502
False,99.60076,32.71413,58843.5108352,614.5,502
False,99.81007,32.84811,58843.5427968,609,502
False,99.424,33.00807,58843.5747328,619.5,502
False,99.78584,33.18122,58843.606656,607,502
False,99.77584,33.01552,58843.6391552,601.5,502
False,99.20174,33.36377,58843.6714112,591.5,502
False,97.44941,34.00225,58843.7027456,593,502
False,95.09853,34.61243,58843.73536,587,502
False,92.89024,33.88374,58843.7670144,615,502
False,90.23376,32.87868,58843.7990784,674.5,502
False,87.3307,32.78606,58843.8471808,698,502
False,84.45137,32.58129,58843.87872,673.5,502
False,82.71867,32.4599,58843.9107584,679.5,502
False,81.62968,32.30495,58843.9429248,640,502
False,80.4426,32.60678,58843.9747456,634.5,502
False,79.76271,32.94754,58844.007104,619.5,502
False,79.93563,33.92191,58844.0390528,595.5,502
False,79.58183,34.68559,58844.0707712,581.5,502
False,78.83462,35.05959,58844.1029248,584.5,502
False,78.53564,35.18315,58844.1348608,591.5,502
False,77.99388,35.35956,58844.1669248,572,502
False,77.5501,34.71183,58844.1995008,590.5,502
False,77.77713,34.12497,58844.2469248,597.5,502
False,77.75988,33.65849,58844.2791168,611.5,502
False,77.40185,33.73192,58844.3108096,613,502
False,77.36266,33.7807,58844.3428608,608,502
False,77.24777,33.81727,58844.3751168,617.5,502
False,77.30581,33.95067,58844.4072192,611.5,502
False,77.24009,33.92631,58844.439168,622,502
False,77.23139,33.94741,58844.4709248,618,502
False,77.30201,34.01098,58844.502976,622.5,502
False,77.31687,33.98354,58844.5350912,617.5,502
False,77.57346,34.55845,58844.5671168,633,502
False,77.44567,35.09816,58844.5994112,635,502
False,76.94328,35.19438,58844.6469504,646.5,502
False,76.95119,35.17679,58844.6787968,642,502
False,76.86295,34.92662,58844.7108352,636,502
False,76.81399,34.61685,58844.7430144,629,502
False,75.33208,33.88043,58844.7754368,663.5,502
False,75.43149,34.01615,58844.8071808,660.5,502
False,75.61481,34.11657,58844.8389248,662,502
False,75.41274,33.7036,58844.8712704,690.5,502
False,75.89432,33.67529,58844.9030784,695.5,502
False,75.65525,33.50316,58844.9348352,686,502
False,75.20896,33.65588,58844.9671424,695.5,502
False,75.2757,33.79268,58844.9991424,697,502
False,75.42591,33.67965,58845.0473984,680.5,502
False,75.21368,33.64588,58845.0792064,689.5,502
False,75.33532,33.62698,58845.1109504,672,502
False,75.73863,33.52099,58845.1428608,667,502
False,76.21462,33.36213,58845.1748608,665.5,502
False,76.67876,33.33661,58845.2068224,661.5,502
False,77.84251,33.79126,58845.2395904,618,502
False,76.04314,33.0022,58845.2716672,680,502
False,76.06657,33.13067,58845.3029248,676,502
False,76.06425,33.16407,58845.335296,674.5,502
False,76.02981,33.14655,58845.3671424,671,502
False,76.05589,33.16519,58845.399488,677,502
False,75.97639,33.10381,58845.446976,677.5,502
False,76.06587,33.13398,58845.4808064,670.5,502
False,76.23941,33.29272,58845.5110016,669,502
False,76.35723,33.28603,58845.5433472,690.5,502
False,76.56966,33.08684,58845.5752192,689,502
False,76.77456,32.99876,58845.607168,673.5,502
False,76.42915,32.50179,58845.6402048,697.5,502
False,76.53185,32.4114,58845.6710016,696,502
False,76.24627,32.21236,58845.7033344,693,502
False,76.0369,31.99201,58845.7349888,709,502
False,75.90497,32.2971,58845.7678336,694.5,502
False,75.13982,32.23912,58845.7992192,720,502
False,74.83217,32.25303,58845.8470784,714,502
False,74.36808,32.01992,58845.8796544,719.5,502
False,74.64317,31.967,58845.9113728,702,502
False,74.63247,31.86777,58845.9430912,697,502
False,74.6427,31.84975,58845.9749888,695.5,502
False,74.41357,31.83835,58846.0070528,714.5,502
False,74.30669,31.80084,58846.0390144,713,502
False,74.40183,31.90184,58846.0713984,708,502
False,74.63883,32.25832,58846.1040256,706.5,502
False,74.78638,32.3343,58846.1349504,685,502
False,75.81117,32.70373,58846.1675392,665.5,502
False,75.95757,32.75697,58846.1997824,675.5,502
False,76.46856,33.13599,58846.2470912,652,502
False,76.50343,33.07388,58846.2789504,656.5,502
False,76.43271,33.4121,58846.311168,639,502
False,76.54173,33.03456,58846.3435264,651,502
False,77.1465,32.87366,58846.3756928,653,502
False,77.75913,32.8264,58846.4071808,661.5,502
False,77.94781,32.61602,58846.4392832,645,502
False,77.82271,32.66874,58846.471296,643,502
False,77.68317,32.67845,58846.5036032,636.5,502
False,77.46796,32.77503,58846.5352448,647.5,502
False,77.43112,32.97818,58846.5670784,634,502
False,73.91966,31.83932,58846.5991552,724,502
False,73.23729,32.03743,58846.6470016,708,502
False,71.80293,31.95311,58846.6794752,718,502
False,69.7931,30.79332,58846.7115648,743.5,502
False,67.48741,29.41282,58846.7430656,715,502
False,64.94103,28.64421,58846.7750784,675.5,502
False,63.81052,29.52055,58846.8075776,738,502
False,63.79542,29.91317,58846.8395264,727.5,502
False,63.63774,30.39521,58846.8713088,703,502
False,63.59376,30.35764,58846.9033344,699.5,502
False,63.46049,30.30193,58846.9351168,647.5,502
False,63.66821,30.79604,58846.9672064,648,502
False,63.8738,31.47177,58846.9999616,640.5,502
False,63.56053,31.05866,58847.04704,670.5,502
False,63.63531,31.27536,58847.0796544,632.5,502
False,63.67468,31.09091,58847.1111936,665.5,502
False,63.76826,31.16294,58847.14368,671,502
False,63.8708,30.83295,58847.1752832,660.5,502
False,63.69555,31.0317,58847.2076928,652,502
False,63.45377,30.81015,58847.2396288,679.5,502
False,64.16933,31.459,58847.2712064,656.5,502
False,68.38104,33.25079,58847.3033088,531,502
False,64.16148,31.84164,58847.335232,642,502
False,68.75208,33.82027,58847.3673088,523,502
False,64.20411,31.85491,58847.3999872,641,502
False,68.3956,33.47453,58847.44768,530,502
False,69.02794,33.62735,58847.4791424,513,502
False,64.00806,31.82021,58847.511104,641.5,502
False,68.95631,33.56699,58847.543616,515,502
False,68.90523,33.6566,58847.5751808,513.5,502
False,68.78791,33.53783,58847.6073728,504.5,502
False,63.24799,31.57179,58847.639424,664,502
False,62.001,31.6212,58847.6713216,663.5,502
False,63.7797,33.10179,58847.7035264,548.5,502
False,61.01387,32.76444,58847.7357184,516.5,502
False,59.47567,32.40072,58847.7672448,507,502
False,59.05108,31.87861,58847.7994112,502.5,502
False,58.33593,31.70565,58847.8471936,513,502
False,57.89479,31.24582,58847.8791808,499,502
False,56.39766,30.91001,58847.911744,513,502
False,55.81231,30.80271,58847.9440512,503.5,502
False,54.25681,30.61864,58847.9756672,520.5,502
False,53.81628,30.85978,58848.007296,532.5,502
False,53.94375,30.92961,58848.0393856,518.5,502
False,54.5764,30.79639,58848.071808,498.5,502
False,55.31327,30.50485,58848.103552,498.5,502
False,57.51451,30.30883,58848.1352704,517,502
False,58.86248,30.07236,58848.1673088,509,502
False,54.17351,29.4634,58848.1993472,633,502
False,56.00404,29.827,58848.2477696,618.5,502
False,64.16964,31.60756,58848.279232,476.5,502
False,60.61445,30.13237,58848.3117952,590.5,502
False,61.45888,30.03867,58848.3435136,612,502
False,60.72057,29.99583,58848.3754368,640,502
False,64.20818,32.31339,58848.4084224,518,502
False,58.40203,29.61974,58848.4399232,689,502
False,61.44323,31.74916,58848.4713216,547.5,502
False,60.34496,30.93327,58848.5036032,544.5,502
False,59.02857,29.98851,58848.5353088,507.5,502
False,57.63894,29.82294,58848.5674368,529,502
False,56.5317,29.29935,58848.5994496,510,502
False,55.78032,29.56329,58848.6478208,503,502
False,55.69688,29.19484,58848.67936,491,502
False,56.67099,29.49189,58848.7114496,462.5,502
False,57.68127,29.6988,58848.743296,456.5,502
False,58.84464,30.63976,58848.7754752,464.5,502
False,60.03014,30.82752,58848.8083584,459,502
False,62.42146,31.31609,58848.839616,435,502
False,58.64682,28.98619,58848.871296,579.5,502
False,60.61002,29.58357,58848.9033984,535.5,502
False,61.98355,30.32846,58848.9361408,547,502
False,62.08721,30.42845,58848.9678464,569.5,502
False,62.15009,30.68182,58848.9999104,583,502
False,61.72259,30.92636,58849.0474496,602,502
False,61.45605,31.0686,58849.0793216,622,502
False,61.07211,30.99498,58849.111552,631,502
False,60.60226,30.82371,58849.1438976,649.5,502
False,60.73891,30.47174,58849.1755264,657.5,502
False,60.94595,30.91892,58849.2078592,647.5,502
False,61.16056,31.10642,58849.2393344,628,502
False,61.29922,31.1224,58849.27136,640,502
False,61.50385,31.05684,58849.3039488,627.5,502
False,61.72031,30.98139,58849.3359104,609,502
False,61.36424,30.74714,58849.3677056,625.5,502
False,61.70218,30.9392,58849.3996288,619.5,502
False,61.37513,31.04045,58849.4481024,618,502
False,61.23049,31.2733,58849.4793728,638.5,502
False,61.35982,31.26458,58849.5119616,623,502
False,61.1092,31.24107,58849.54368,639.5,502
False,61.3596,31.43472,58849.575488,634.5,502
False,61.51713,31.26853,58849.607488,627.5,502
False,61.415,31.23038,58849.6397568,626.5,502
False,61.33864,31.12394,58849.6717568,628,502
False,61.46015,31.25126,58849.7037696,629.5,502
False,61.61003,31.21197,58849.7357312,618,502
False,61.50993,31.32883,58849.7677568,629.5,502
False,61.59076,31.35085,58849.7997568,628,502
False,62.43942,31.49218,58849.8475392,597,502
False,66.14659,30.94614,58849.8800256,523,502
False,61.85052,31.98268,58849.911488,625.5,502
False,64.59952,31.0605,58849.944,551,502
False,60.99136,32.75737,58849.9754496,656,502
False,61.23583,33.04132,58850.0074752,661.5,502
False,61.7934,33.05603,58850.0394496,636.5,502
False,61.77909,33.09693,58850.072192,634.5,502
False,61.83672,33.10694,58850.1039104,639,502
False,61.53354,32.91014,58850.135808,651,502
False,61.21265,33.10925,58850.16768,656,502
False,64.88438,31.52428,58850.1996416,504.5,502
False,63.93979,32.59415,58850.2475392,501,502
False,60.05497,34.48789,58850.2798336,612.5,502
False,59.99157,34.93228,58850.3121024,632.5,502
False,61.38146,35.59021,58850.343552,606,502
False,61.24287,36.3643,58850.3756544,619,502
False,61.69478,37.23466,58850.4082688,616.5,502
False,62.91009,37.70504,58850.4394752,621,502
False,63.65049,38.30814,58850.4718848,628.5,502
False,64.34268,39.32425,58850.503936,624,502
False,65.58199,39.22721,58850.5356928,590.5,502
False,65.04197,42.61955,58850.5680512,615.5,502
False,63.59743,46.12903,58850.59968,635.5,502
False,62.26539,49.7599,58850.6475136,652.5,502
False,61.91348,53.83528,58850.6795136,641.5,502
False,62.36127,57.08247,58850.7116288,626.5,502
False,63.32874,59.14992,58850.7440896,617,502
False,63.45454,60.54464,58850.7761536,610.5,502
False,62.67909,62.96114,58850.8078208,630.5,502
False,62.03675,65.56721,58850.8396928,648.5,502
False,61.64337,68.77061,58850.872192,651,502
False,62.00556,72.93809,58850.903872,659.5,502
False,61.8201,77.5,58850.9359232,680,502
False,61.43487,81.21619,58850.9680384,673,502
False,61.56727,84.95883,58850.9996288,664,502
False,61.83547,88.7296,58851.0475776,625,502
False,62.54318,92.61475,58851.0796032,619.5,502
False,62.8273,95.66063,58851.1117696,635,502
False,63.36773,98.12487,58851.1439488,630,502
False,63.38181,99.45361,58851.1756032,636,502
False,62.74669,99.82185,58851.207808,616.5,502
False,62.35498,99.88639,58851.2397312,623.5,502
False,62.0812,99.7914,58851.2717568,624,502
False,62.20209,99.72601,58851.3042176,637.5,502
False,61.85796,99.98566,58851.3358848,639.5,502
False,61.78912,100.1823,58851.3677312,646.5,502
False,61.70915,100.4222,58851.399744,639.5,502
False,61.67388,100.7141,58851.4476288,647,502
False,61.59036,100.6339,58851.4795648,646.5,502
False,61.42647,100.7786,58851.512128,646,502
False,61.26487,100.6968,58851.5437056,647.5,502
False,61.27343,100.7408,58851.5760896,645.5,502
False,61.4058,100.7422,58851.608,644,502
False,61.40129,100.774,58851.6396928,647.5,502
False,61.34946,100.8897,58851.6717312,651,502
False,61.33789,100.9062,58851.7038336,659,502
False,61.44658,100.9238,58851.736384,652,502
False,61.24311,100.8388,58851.7680384,641,502
False,61.3192,100.6952,58851.8003328,648.5,502
False,61.38358,100.7638,58851.848128,653.5,502
False,61.37541,101.0877,58851.8796544,661.5,502
False,61.39644,100.7746,58851.912128,655,502
False,61.31253,100.8218,58851.9439616,649,502
False,61.46905,100.7803,58851.9757184,657,502
False,61.33078,100.8942,58852.0077312,654,502
False,61.40676,100.8595,58852.0398208,656,502
False,61.35368,100.9392,58852.0718592,655.5,502
False,61.38707,100.8456,58852.104064,657.5,502
False,61.53655,100.799,58852.1365248,663.5,502
False,61.48607,100.8967,58852.167744,658,502
False,61.42704,100.9181,58852.1999232,651,502
False,61.38902,100.8838,58852.2478336,652.5,502
False,61.33488,100.7921,58852.2796544,647,502
False,61.36672,101.0914,58852.3125632,664,502
False,61.38299,100.9302,58852.3441664,654.5,502
False,61.4202,101.0814,58852.3757696,671.5,502
False,61.22532,101.0484,58852.4078848,665,502
False,61.19742,100.7193,58852.4397824,658.5,502
False,61.17715,100.606,58852.4717056,659.5,502
False,60.88599,100.7538,58852.5041024,652,502
False,61.21099,100.4762,58852.5361664,667.5,502
False,61.14083,100.5519,58852.5680256,658,502
False,61.20992,100.6992,58852.6000512,655,502
False,61.26763,100.7083,58852.647872,657,502
False,61.39296,100.6599,58852.6798336,662.5,502
False,61.32752,100.582,58852.7125248,659.5,502
False,61.26793,100.6346,58852.7444096,660,502
False,61.33259,100.7486,58852.7758464,671,502
False,61.4013,100.6879,58852.8082176,667,502
False,61.27965,100.7643,58852.8398464,652,502
False,60.95195,101.2463,58852.8717824,662.5,502
False,61.06466,100.9754,58852.9037568,665,502
False,61.17399,100.6916,58852.9362816,648.5,502
False,61.11831,100.7413,58852.968064,648,502
False,60.92101,100.6159,58853.0001152,643.5,502
False,61.15777,100.4158,58853.0478976,646.5,502
False,60.83408,100.8739,58853.0797952,669,502
False,60.80999,100.938,58853.1122688,664,502
False,60.82772,100.8709,58853.1446272,667.5,502
False,60.89635,100.3148,58853.1758464,648,502
False,60.46708,100.0275,58853.2077952,643,502
False,60.55729,100.0354,58853.2404992,640,502
False,60.72875,100.6777,58853.2718336,647,502
False,60.96131,100.7378,58853.304192,637.5,502
False,60.75684,101.1735,58853.336064,634,502
False,60.16239,102.2716,58853.3680384,642.5,502
False,59.86218,103.5351,58853.4160128,638.5,502
False,59.49241,105.6984,58853.4483072,615,502
False,59.7224,107.8201,58853.4803584,619,502
False,60.14775,109.6286,58853.5123712,603.5,502
False,60.74515,111.508,58853.5441152,601,502
False,61.2979,113.5606,58853.576128,602,502
False,61.54093,115.2883,58853.6080896,596.5,502
False,61.92702,117.4599,58853.6408448,575.5,502
False,61.25861,119.7852,58853.6720896,571,502
False,60.44995,121.6279,58853.7042816,554.5,502
False,59.7492,123.4155,58853.7360256,517,502
False,60.50249,124.1257,58853.7679488,502.5,502
False,61.65042,124.7063,58853.8160512,492.5,502
False,61.62121,124.84,58853.8483968,473,502
False,61.39494,124.8222,58853.879872,454.5,502
False,60.9904,125.0247,58853.9124864,451.5,502
False,60.83333,125.6473,58853.9444352,439,502
False,60.8171,125.8329,58853.9759616,421,502
False,60.48918,125.8794,58854.0079744,416,502
False,60.83228,126.1159,58854.04032,395.5,502
False,59.4965,124.0064,58854.0720256,286,502
False,57.7632,145.4676,58854.1043584,110.5,502
False,57.24074,145.1168,58854.1362688,117,502
False,59.19623,123.8906,58854.1682304,265,502
False,58.99503,122.5348,58854.2161024,201,502
False,59.64314,123.2765,58854.2480384,255,502
False,59.03992,121.7363,58854.2802944,179.5,502
False,62.02564,126.6714,58854.3124224,279.5,502
False,60.46409,125.5985,58854.3442432,362,502
False,60.48273,125.6909,58854.3759616,357,502
False,60.75298,125.8159,58854.4080512,363,502
False,60.95694,125.8139,58854.44,360,502
False,60.8464,125.8308,58854.4723456,363.5,502
False,60.88235,126.2841,58854.5046016,365.5,502
False,60.45213,126.4991,58854.5362816,376,502
False,60.72861,127.5354,58854.5682816,339,502
False,60.67595,124.0473,58854.6166016,197.5,502
False,60.01643,126.621,58854.6484992,324.5,502
False,59.71306,124.9215,58854.679936,233.5,502
False,59.04935,123.8883,58854.7122304,179,502
False,58.37796,122.4114,58854.7441664,119.5,502
False,62.67933,132.4965,58854.7760896,118.5,502
False,61.77679,133.1741,58854.8083968,112,502
False,58.30217,123.49,58854.8404736,192.5,502
False,59.05283,125.6302,58854.8723712,306,502
False,59.35463,126.8694,58854.9040896,360,502
False,59.47592,126.8739,58854.9360896,353,502
False,59.13033,127.0228,58854.9682944,344,502
False,58.92322,127.2149,58855.0160256,356,502
False,59.48651,127.48,58855.0484992,383,502
False,59.33424,127.5983,58855.080448,368,502
False,59.47358,127.1071,58855.1122304,347,502
False,58.89949,126.5959,58855.1440768,325,502
False,58.62219,126.7446,58855.1771008,333.5,502
False,58.62201,127.3085,58855.208448,362,502
False,59.82489,127.7413,58855.2401664,395,502
False,61.14335,128.6886,58855.2722304,432.5,502
False,63.39798,129.4355,58855.3042944,479.5,502
False,66.05279,131.1173,58855.3361024,511.5,502
False,69.1028,133.2979,58855.3687936,541.5,502
False,71.51935,135.1407,58855.41664,555.5,502
False,73.25682,136.8698,58855.4482432,562,502
False,74.66957,138.472,58855.480128,574.5,502
False,76.54994,140.0785,58855.5121664,584,502
False,79.23957,141.3778,58855.54464,547.5,502
False,81.94925,142.5963,58855.5764352,509,502
False,84.99081,143.2333,58855.6082048,490,502
False,87.51662,143.8311,58855.640192,486.5,502
False,90.98281,144.5078,58855.6722304,446,502
False,93.10399,145.5993,58855.7041152,413.5,502
False,96.68819,146.7629,58855.737024,426,502
False,100.2326,147.8354,58855.7687808,448.5,502
False,104.4157,148.8377,58855.816832,477.5,502
False,109.4752,148.9465,58855.8482048,464,502
False,113.9905,148.441,58855.8804992,472,502
False,117.8604,147.0264,58855.9122816,428.5,502
False,120.5375,144.5867,58855.9441664,233.5,502
False,130.2795,151.6839,58855.9761792,291,502
False,131.7629,148.6683,58856.0085248,504,502
False,135.1652,148.5224,58856.040256,510.5,502
False,139.2509,147.9265,58856.0722304,481,502
False,143.0651,146.7515,58856.1043712,473.5,502
False,146.4523,145.9879,58856.136896,469.5,502
False,151.0831,145.2218,58856.16896,479.5,502
False,154.2936,145.3131,58856.2166528,486.5,502
False,156.7303,145.5701,58856.2484352,505.5,502
False,159.4403,145.5811,58856.2802432,522,502
False,161.4692,145.5709,58856.3123968,527.5,502
False,163.0155,145.5987,58856.3444224,525,502
False,163.5411,145.6438,58856.3772288,511,502
False,163.1752,145.614,58856.4086656,499.5,502
False,163.1004,145.4083,58856.4403968,504.5,502
False,163.9167,148.5084,58856.4722432,316,502
False,165.2059,151.3907,58856.5043456,157,502
False,162.0538,141.7216,58856.5369216,291,502
False,163.2192,144.6509,58856.5689472,476,502
False,163.1961,144.5628,58856.6164608,470,502
False,163.2188,144.7774,58856.6484224,483,502
False,163.1447,145.2077,58856.6802688,492,502
False,162.7728,145.275,58856.7123968,491.5,502
False,161.8717,145.1126,58856.7454208,487,502
False,161.2036,144.7342,58856.7766016,496,502
False,161.3434,144.6459,58856.8083456,514.5,502
False,161.5835,144.6414,58856.8403968,515,502
False,161.839,144.8041,58856.8724096,516.5,502
False,161.9845,144.9302,58856.9044224,515.5,502
False,162.0256,144.8302,58856.9368704,508.5,502
False,161.2923,141.5284,58856.968576,317,502
False,160.4468,139.8722,58857.0163968,210,502
False,164.8219,150.4276,58857.0484736,175,502
False,165.3649,150.0755,58857.080256,174.5,502
False,164.8162,148.2674,58857.1128832,273,502
False,165.3965,147.5382,58857.1445888,303.5,502
False,166.7159,147.1056,58857.1762944,325,502
False,167.8093,145.2639,58857.2082688,430,502
False,170.027,145.4753,58857.240384,401.5,502
False,172.6306,143.7707,58857.273152,495,502
False,175.2111,145.5504,58857.3043072,388.5,502
False,179.109,147.6256,58857.33696,186.5,502
False,181.3795,145.6038,58857.3691776,238.5,502
False,183.7566,140.8306,58857.4164864,428,502
False,186.8968,138.3568,58857.4483968,491,502
False,189.8583,137.1889,58857.4803712,484.5,502
False,192.113,136.6206,58857.5123584,492.5,502
False,194.6817,135.9093,58857.5448064,520,502
False,196.8561,134.5057,58857.576832,528,502
False,199.891,132.9732,58857.6084096,504.5,502
False,202.7849,133.5002,58857.6403584,407.5,502
False,206.4299,133.4081,58857.6725504,290,502
False,210.2079,131.9566,58857.7045504,307,502
False,213.8053,129.0486,58857.7369984,405,502
False,216.9704,127.1959,58857.7692032,484,502
False,219.6849,126.5286,58857.8167936,521.5,502
False,222.8386,125.503,58857.8489344,526.5,502
False,226.7773,124.4457,58857.8804096,495.5,502
False,230.1477,123.11,58857.9126272,495.5,502
False,233.9777,121.8139,58857.9444736,493.5,502
False,239.1886,123.717,58857.9770752,337.5,502
False,243.77,123.0854,58858.0088192,335.5,502
False,247.6074,122.153,58858.0405376,416,502
False,250.7493,121.0178,58858.0725504,532.5,502
False,255.3294,120.6261,58858.10464,547,502
False,259.4297,119.9452,58858.1366528,541,502
False,263.3911,119.4349,58858.1693184,536.5,502
False,266.7583,118.6014,58858.2168832,544,502
False,270.2475,117.6363,58858.2485888,553.5,502
False,273.3891,117.1003,58858.280448,532,502
False,276.274,116.7681,58858.3125248,534,502
False,278.8527,116.9433,58858.3444736,555.5,502
False,281.7976,116.7459,58858.3768448,551,502
False,285.6142,116.0426,58858.4087552,540,502
False,289.2894,114.7585,58858.440576,542.5,502
False,294.4199,113.4272,58858.4725504,548.5,502
False,299.089,112.5736,58858.504704,569.5,502
False,302.711,112.1885,58858.5365888,564,502
False,305.9726,112.4947,58858.5692928,571,502
False,309.2645,112.8193,58858.61696,557,502
False,311.8931,112.9199,58858.6486016,566,502
False,312.8448,113.0925,58858.6806912,539,502
False,312.3604,112.7919,58858.7125888,523,502
False,311.2814,112.6947,58858.7445504,516.5,502
False,310.5814,112.6882,58858.7769216,518,502
False,310.2093,112.6175,58858.8086016,512,502
False,309.9741,112.685,58858.8409472,508.5,502
False,310.1302,112.7091,58858.8726912,514.5,502
False,310.1702,112.7658,58858.9047296,521,502
False,310.1165,112.8231,58858.9372032,522,502
False,310.3056,112.748,58858.9692544,528.5,502
False,310.1913,112.8179,58859.0170112,528,502
False,310.2004,112.8878,58859.0486272,529,502
False,310.2437,112.9833,58859.0808832,528,502
False,310.2833,112.9868,58859.1126016,530,502
False,310.1065,113.019,58859.144896,526,502
False,310.3872,112.8848,58859.177344,535.5,502
False,310.3816,112.883,58859.2087296,535.5,502
False,310.4184,112.9007,58859.241024,537,502
False,311.2169,114.4857,58859.2732416,426.5,502
False,312.0592,115.9206,58859.3048192,338,502
False,312.5687,116.7416,58859.3366016,282.5,502
False,312.8928,116.8358,58859.3687808,272,502
False,312.008,116.3762,58859.417024,311,502
False,311.1226,115.417,58859.44896,368.5,502
False,310.452,114.5095,58859.4809856,414.5,502
False,310.0685,113.2475,58859.5126656,481.5,502
False,309.6554,112.7033,58859.54464,519,502
False,309.6538,112.6003,58859.5767552,517.5,502
False,310.0656,112.567,58859.6089984,518.5,502
False,311.241,112.4597,58859.6413952,538,502
False,313.0104,112.5165,58859.6732928,544,502
False,315.1281,112.8093,58859.7048576,548,502
False,318.2722,113.3956,58859.736704,548.5,502
False,321.4691,114.1327,58859.7694208,552.5,502
False,325.2058,115.0212,58859.8170112,566,502
False,329.1512,115.3019,58859.8486784,556.5,502
False,333.587,115.5647,58859.8806784,537.5,502
False,337.9448,115.5182,58859.9126912,552.5,502
False,341.9721,115.6211,58859.9447424,549,502
False,346.3399,116.2602,58859.9774464,533,502
False,350.9586,117.5582,58860.0087168,564,502
False,355.8401,118.0334,58860.0412416,554.5,502
False,361.1543,118.1365,58860.0733184,552,502
False,366.4197,118.2302,58860.1049216,546,502
False,370.9458,118.274,58860.1368704,553.5,502
False,374.5769,118.6595,58860.1690368,555,502
False,377.1096,119.7954,58860.21728,573.5,502
False,379.2899,121.4386,58860.2491648,584,502
False,382.0865,122.7499,58860.281024,599,502
False,384.5056,123.3222,58860.3127424,599,502
False,386.6082,123.4325,58860.3447168,607,502
False,388.5096,123.7552,58860.376832,593,502
False,389.372,123.4627,58860.408768,573.5,502
False,389.5966,123.5207,58860.4416512,568.5,502
False,389.7195,123.6919,58860.4731776,561.5,502
False,389.675,123.8302,58860.5049216,558.5,502
False,389.7046,123.7668,58860.5367552,554,502
False,389.667,123.8256,58860.5688064,557,502
False,389.9911,123.6976,58860.6168064,561,502
False,390.3116,123.5628,58860.6490624,568,502
False,390.1026,123.551,58860.6811264,573.5,502
False,389.9831,123.4041,58860.7132288,572,502
False,389.9337,123.4604,58860.7449088,576,502
False,389.7694,123.4437,58860.7768704,572.5,502
False,389.7936,123.4241,58860.8089088,571,502
False,389.6127,123.3835,58860.8409088,571,502
False,389.769,123.3581,58860.8735232,579.5,502
False,389.8463,123.2957,58860.9055872,580,502
False,389.8838,123.389,58860.9371904,575,502
False,390.1907,123.2936,58860.9692672,579.5,502
False,390.0548,123.0072,58861.0168192,581,502
False,389.9951,123.0222,58861.048768,578.5,502
False,389.9181,123.2362,58861.0808064,578,502
False,389.817,123.1989,58861.1134976,580,502
False,389.8635,123.1001,58861.145216,582.5,502
False,390.0727,123.2317,58861.17696,587,502
False,389.8793,123.1164,58861.208896,578.5,502
False,390.0612,123.0601,58861.240832,579.5,502
False,389.9119,123.0233,58861.273024,580.5,502
False,389.7433,122.9796,58861.3057024,589,502
False,390.0693,122.9839,58861.337472,591.5,502
False,389.9478,123.0393,58861.3690112,590,502
False,389.8319,122.9078,58861.4171648,584,502
False,390.0887,123.0139,58861.4488576,597.5,502
False,389.7582,122.9107,58861.4808704,582.5,502
False,389.8557,122.9561,58861.5130368,588,502
False,389.8393,122.896,58861.5449984,588,502
False,389.9411,122.9108,58861.577472,588.5,502
False,389.7737,122.9788,58861.6099968,574.5,502
False,389.9901,122.8002,58861.6413568,573,502
False,390.7775,122.7715,58861.67296,585,502
False,391.5096,122.7792,58861.7051136,580.5,502
False,392.6197,123.177,58861.737088,574.5,502
False,394.3709,123.8534,58861.769216,576.5,502
False,396.4947,125.0761,58861.817344,580.5,502
False,397.4883,126.6997,58861.8489344,586,502
False,397.9861,127.9939,58861.8809088,576,502
False,398.1059,128.798,58861.9133312,581,502
False,398.2917,129.1413,58861.9449472,585,502
False,398.5247,129.3455,58861.9773056,574,502
False,398.7503,129.5757,58862.009344,566,502
False,398.6744,129.3843,58862.0411904,562.5,502
False,398.701,129.4299,58862.0731008,562.5,502
False,398.6186,129.3259,58862.1053568,561.5,502
False,398.1823,129.3064,58862.1372416,564,502
False,398.3687,129.6813,58862.169408,569.5,502
False,398.7828,130.3703,58862.2169728,564,502
False,399.2921,131.0536,58862.2489472,557,502
False,399.1756,131.285,58862.2809728,569.5,502
False,399.2018,130.9833,58862.3136768,559,502
False,399.0848,129.9967,58862.3449472,548.5,502
False,399.0763,129.6208,58862.3776768,541.5,502
False,398.8078,129.5477,58862.4093312,548,502
False,398.3179,129.3108,58862.4411008,540,502
False,398.3509,129.5657,58862.4735232,541.5,502
False,398.1877,129.4305,58862.5051904,547,502
False,398.068,129.4626,58862.5370112,536.5,502
False,398.0522,129.5878,58862.5691904,539,502
False,398.3567,129.8149,58862.6169984,542,502
False,398.9156,130.202,58862.6495488,564.5,502
False,399.6584,130.7782,58862.6813184,583,502
False,400.5435,131.64,58862.7131136,594,502
False,401.4464,132.5476,58862.7451904,588,502
False,402.5987,133.706,58862.7772032,610.5,502
False,403.3693,134.0042,58862.8091136,594,502
False,404.8183,134.5105,58862.8417664,587,502
False,405.8289,135.0473,58862.8731776,585.5,502
False,406.6718,135.3119,58862.9055744,590.5,502
False,407.6644,135.6179,58862.9370496,578,502
False,408.6541,135.8485,58862.9691136,571,502
False,409.077,135.4762,58863.0173312,549.5,502
False,411.3083,137.7449,58863.0497152,592,502
False,410.721,137.5982,58863.0813696,567.5,502
False,411.3669,138.6439,58863.113216,557,502
False,412.9352,140.0528,58863.1451008,558.5,502
False,416.5569,142.5077,58863.177216,604,502
False,417.602,142.4155,58863.2090752,592.5,502
False,415.7396,140.2649,58863.2414976,523.5,502
False,419.0799,141.258,58863.273536,613,502
False,419.1685,140.8881,58863.3052416,594.5,502
False,419.0934,140.6051,58863.3371648,606.5,502
False,419.1661,140.6557,58863.3691904,609,502
False,418.9576,140.6334,58863.417984,602,502
False,418.9131,140.7386,58863.4493952,600,502
False,418.7002,140.7563,58863.4810752,591,502
False,418.6164,140.8248,58863.513344,587,502
False,418.4465,140.69,58863.545216,577.5,502
False,418.6924,140.7037,58863.5772928,589,502
False,418.7289,140.6151,58863.6100736,595,502
False,418.474,140.6132,58863.6416512,577,502
False,418.629,140.5814,58863.673472,584.5,502
False,418.5683,140.5689,58863.7053184,578,502
False,418.5155,140.6112,58863.7372928,580,502
False,418.5606,140.5412,58863.7691904,576.5,502
False,418.5815,140.5365,58863.8175616,575,502
False,419.1625,140.3946,58863.8496768,596,502
False,418.1874,139.2126,58863.8811648,522,502
False,421.0442,139.8727,58863.9136768,527.5,502
False,422.5454,141.0415,58863.9456512,493.5,502
False,423.6789,141.9288,58863.97728,489,502
False,425.5109,142.6697,58864.00928,498.5,502
False,427.0378,143.2637,58864.0412544,502.5,502
False,428.587,143.4727,58864.0739456,516.5,502
False,429.7876,143.8368,58864.1054848,508.5,502
False,431.2899,144.0565,58864.1376896,522,502
False,432.8416,144.4417,58864.169408,523,502
False,434.1406,144.6176,58864.2172288,533.5,502
False,434.8256,144.6949,58864.2492032,519,502
False,435.3394,144.6463,58864.2812416,525,502
False,435.2497,144.5669,58864.3140608,506,502
False,434.9261,144.6979,58864.3457024,480.5,502
False,434.0364,144.392,58864.377472,472,502
False,433.2557,144.158,58864.4098432,433.5,502
False,431.4817,143.3659,58864.441344,460.5,502
False,434.5061,143.743,58864.4748544,563.5,502
False,425.8752,142.4089,58864.5057792,392.5,502
False,424.0013,142.3846,58864.5372416,370.5,502
False,422.3887,142.3571,58864.569344,379,502
False,426.2999,143.4853,58864.617216,488,502
False,425.2722,143.5353,58864.649216,491,502
False,424.369,143.6321,58864.6815744,482,502
False,424.0443,144.0302,58864.7133568,485.5,502
False,423.8367,144.2625,58864.7452672,499,502
False,424.39,144.6812,58864.7774592,515,502
False,424.5591,144.8094,58864.8095616,530,502
False,425.162,145.4711,58864.84192,536,502
False,425.7038,145.6561,58864.8736896,538.5,502
False,426.3985,146.0586,58864.9054464,560.5,502
False,426.9606,146.57,58864.9377024,562,502
False,427.5325,146.8311,58864.9693568,566.5,502
False,428.1839,147.0408,58865.0179328,580,502
False,428.766,147.3636,58865.0496384,589,502
False,430.0394,147.5517,58865.0813056,596,502
False,426.9344,145.1275,58865.1135232,444.5,502
False,428.1991,145.1223,58865.14528,432,502
False,428.8506,144.844,58865.1774336,429.5,502
False,434.2708,147.4754,58865.2097408,572.5,502
False,433.3687,146.8529,58865.2413952,537,502
False,432.3859,146.328,58865.2735872,530,502
False,431.1812,145.6907,58865.3054848,512.5,502
False,430.9138,145.3974,58865.3374208,518,502
False,430.5186,144.9812,58865.3704448,506.5,502
False,430.3662,144.9849,58865.417344,496.5,502
False,430.2752,144.8588,58865.449792,501.5,502
False,430.1751,144.7949,58865.481728,505.5,502
False,430.0695,144.8866,58865.5135744,501,502
False,429.9487,144.972,58865.5452928,494,502
False,430.1378,144.9461,58865.5776,494.5,502
False,430.2322,144.8585,58865.6098688,499.5,502
False,429.9556,144.9566,58865.641728,484.5,502
False,430.4104,144.4318,58865.6738176,499.5,502
False,429.3181,144.1215,58865.7054976,491,502
False,428.2791,143.432,58865.737408,485,502
False,427.413,143.0373,58865.7694464,496,502
False,427.2566,142.6808,58865.8174208,508,502
False,426.4361,142.2673,58865.8497664,512.5,502
False,425.3482,141.9471,58865.8813824,514,502
False,424.7271,141.9364,58865.9136,526.5,502
False,425.1428,141.9426,58865.945472,537,502
False,425.2817,141.9101,58865.9775616,548.5,502
False,425.3229,141.8159,58866.009984,541.5,502
False,425.4855,141.6335,58866.041856,553,502
False,425.0119,141.4882,58866.0734208,544.5,502
False,425.046,141.4927,58866.1055232,551,502
False,424.8188,141.5344,58866.1379456,545.5,502
False,424.9687,141.503,58866.1700224,549,502
False,424.7187,141.6187,58866.2175616,532,502
False,424.4531,141.7048,58866.2494464,529,502
False,422.9094,142.2882,58866.2817024,502,502
False,421.6423,143.0385,58866.3136256,485.5,502
False,422.0051,143.5042,58866.3454336,520,502
False,422.3094,143.6412,58866.3779456,544,502
False,422.7072,143.8552,58866.4098688,559.5,502
False,422.9641,144.4555,58866.4429184,571.5,502
False,423.359,144.8918,58866.4737152,577.5,502
False,424.0866,144.8029,58866.5059968,604.5,502
False,424.8119,144.7865,58866.5375488,623,502
False,424.9179,144.7278,58866.5698048,619,502
False,425.2932,144.2027,58866.617472,589.5,502
False,425.8353,143.1865,58866.6501504,588,502
False,426.3242,142.4723,58866.681856,587.5,502
False,426.7401,142.214,58866.7136,581,502
False,427.0782,141.713,58866.7457152,575.5,502
False,427.7601,140.9098,58866.777664,567.5,502
False,428.3675,139.9261,58866.8096512,575.5,502
False,428.2407,139.1031,58866.8419712,570.5,502
False,428.6624,139.1897,58866.8741248,578,502
False,429.1985,139.2566,58866.905728,577.5,502
False,429.1667,139.6356,58866.9376256,580,502
False,429.1652,139.4498,58866.9697664,578,502
False,429.2104,139.211,58867.0174976,587,502
False,429.1042,138.9434,58867.0499328,585.5,502
False,428.8885,139.0439,58867.0818688,581.5,502
False,428.9154,139.0837,58867.1139968,577.5,502
False,428.7564,139.2031,58867.1456768,592.5,502
False,428.6714,139.0192,58867.177728,591.5,502
False,428.7197,138.5481,58867.209728,594.5,502
False,428.6961,138.386,58867.2416896,589,502
False,428.6092,138.2688,58867.2742912,588.5,502
False,428.9274,137.9937,58867.3061632,603.5,502
False,428.8472,138.0535,58867.3377024,589,502
False,428.6884,138.3401,58867.3696512,589,502
False,428.8033,138.2852,58867.4184704,589,502
False,428.7142,138.3129,58867.4494976,596,502
False,428.6846,138.198,58867.4819328,586,502
False,428.7234,138.2263,58867.5136256,590,502
False,429.0022,137.5032,58867.545728,598.5,502
False,429.0742,136.7765,58867.5777408,613,502
False,429.1272,135.9179,58867.6101632,627.5,502
False,429.127,134.9363,58867.6417024,631,502
False,429.2629,133.8237,58867.6742016,639,502
False,429.3137,133.1004,58867.7056768,635.5,502
False,429.4029,132.7688,58867.7376,615.5,502
False,429.5495,133.4205,58867.7704576,606,502
False,429.6027,133.2019,58867.8182016,615,502
False,429.7901,132.8174,58867.8495872,622.5,502
False,429.5193,133.0368,58867.8816384,624.5,502
False,429.7119,132.6266,58867.9138816,623.5,502
False,429.8632,131.7993,58867.9461248,641,502
False,430.1024,130.4759,58867.9781376,656,502
False,430.9257,128.3349,58868.0097792,639,502
False,431.135,126.0474,58868.041792,618.5,502
False,430.7404,124.7375,58868.07392,621.5,502
False,430.839,123.5111,58868.1057536,637.5,502
False,430.5259,122.1472,58868.1382016,639.5,502
False,430.5085,119.9095,58868.1702784,653.5,502
False,430.6419,117.5404,58868.2177792,653.5,502
False,430.5797,114.8931,58868.2496256,653.5,502
False,430.5999,111.9133,58868.2823296,652,502
False,430.6725,109.2887,58868.3136768,650.5,502
False,431.0361,106.5216,58868.3457408,633,502
False,431.4942,103.0373,58868.378304,630,502
False,431.4761,100.1954,58868.4096768,586,502
False,430.5938,97.98524,58868.441792,576,502
False,429.9801,95.63047,58868.4740736,594,502
False,429.6724,92.6438,58868.5062912,583,502
False,429.7568,90.21404,58868.5380608,584,502
False,429.7385,87.36295,58868.5698304,596.5,502
False,429.7899,84.82513,58868.6176896,610,502
False,430.194,81.72735,58868.6496256,585,502
False,430.3517,79.14219,58868.6821248,572,502
False,430.2202,77.10072,58868.7144832,534.5,502
False,429.1579,75.41802,58868.7461632,523.5,502
False,428.5757,73.81787,58868.7778304,533.5,502
False,427.9091,71.4155,58868.8101248,535.5,502
False,427.5384,68.9372,58868.841664,560,502
False,427.1124,66.48592,58868.8749568,597.5,502
False,427.367,63.86484,58868.9062912,619,502
False,427.6791,61.47384,58868.9378944,627.5,502
False,428.0483,59.28907,58868.9699328,617.5,502
False,428.3561,58.30974,58869.017792,600.5,502
False,428.5296,57.04212,58869.0496896,593.5,502
False,428.3648,56.13692,58869.082048,566,502
False,427.7867,55.18171,58869.1137408,565,502
False,427.3437,53.84326,58869.1458304,545.5,502
False,426.8892,53.13004,58869.1778304,537,502
False,426.8602,52.49905,58869.2098048,528,502
False,426.9371,51.60183,58869.2427392,511.5,502
False,427.684,50.14365,58869.2740608,481.5,502
False,428.8493,48.67826,58869.3062016,460,502
False,429.0391,47.23652,58869.3381376,439,502
False,427.726,46.7905,58869.3698432,410.5,502
False,427.2454,46.01667,58869.4177408,400,502
False,426.926,45.20668,58869.4499328,389.5,502
False,427.2026,44.57521,58869.482112,390,502
False,427.2505,43.85503,58869.514496,372.5,502
False,427.2375,42.91407,58869.546304,368.5,502
False,427.7371,41.99813,58869.5778688,357.5,502
False,428.001,41.73217,58869.6102016,343.5,502
False,428.3249,41.32492,58869.6419712,337,502
False,428.7863,40.87137,58869.6740864,333,502
False,429.1574,40.42155,58869.7063552,315.5,502
False,429.4092,39.58913,58869.7379456,294.5,502
False,429.3757,39.22321,58869.7699328,283,502
False,429.1513,38.87826,58869.8178432,287.5,502
False,428.6802,38.95416,58869.8499584,294.5,502
False,429.331,38.80322,58869.8824832,279.5,502
False,429.3536,38.96476,58869.9145216,279,502
False,429.1496,39.09154,58869.9459456,264,502
False,429.3557,39.3697,58869.978048,275,502
False,429.5854,39.55496,58870.0100864,279,502
False,429.619,39.62681,58870.0419456,276,502
False,429.2565,39.66605,58870.074752,269,502
False,429.6068,39.89753,58870.1064192,270,502
False,429.6448,40.01298,58870.1382272,282.5,502
False,429.4307,41.40727,58870.169984,270.5,502
False,429.4853,42.70385,58870.2178304,260,502
False,429.6748,43.09034,58870.2499968,267.5,502
False,429.2947,42.98067,58870.2818816,276,502
False,429.0623,42.71916,58870.3147008,254,502
False,428.5568,42.80013,58870.3459072,268.5,502
False,428.6841,42.82629,58870.3784704,248.5,502
False,428.6052,43.01603,58870.4102656,249.5,502
False,428.4796,43.27536,58870.44192,253,502
False,428.8055,43.39973,58870.4740608,246,502
False,428.7868,43.64777,58870.5065344,247,502
False,428.8187,43.52079,58870.53824,244.5,502
False,428.9833,43.58803,58870.57056,239.5,502
False,429.061,43.50638,58870.6180864,235,502
False,428.8704,43.93788,58870.650048,249.5,502
False,428.9887,43.98383,58870.6823296,237,502
False,428.9725,44.19643,58870.7144704,224,502
False,429.1307,44.49119,58870.7459712,227,502
False,429.4554,44.43445,58870.7781632,239,502
False,429.4708,44.03403,58870.8107264,240,502
False,430.5931,44.1582,58870.8420352,226.5,502
False,429.2654,39.63155,58870.8744576,365.5,502
False,429.9858,39.87612,58870.9064064,352.5,502
False,429.2418,40.19101,58870.9380736,404,502
False,429.2048,40.71218,58870.9701888,395.5,502
False,426.4337,40.26486,58871.0180864,423.5,502
False,423.1981,39.46344,58871.0507136,485.5,502
False,419.8196,37.97319,58871.0823552,503.5,502
False,416.8208,36.5359,58871.1141376,520,502
False,414.8213,35.28388,58871.1459968,532.5,502
False,413.2475,33.98378,58871.178176,565,502
False,412.8142,33.86499,58871.2103424,558,502
False,413.0594,33.99429,58871.2423936,555,502
False,412.9525,34.35588,58871.2747008,547,502
False,411.7734,34.74241,58871.306496,554.5,502
False,408.9157,34.30846,58871.338432,549.5,502
False,405.4359,34.23539,58871.370304,536,502
False,401.3771,34.41612,58871.4180352,533.5,502
False,397.9299,35.25947,58871.4501632,532.5,502
False,394.4302,35.48267,58871.482048,543.5,502
False,391.2781,35.67629,58871.514624,519.5,502
False,389.1742,35.46091,58871.5465856,533,502
False,387.1376,35.42902,58871.5782528,533,502
False,385.4568,35.22089,58871.6102272,544,502
False,384.4402,35.26159,58871.6421504,532,502
False,383.7679,35.35352,58871.6740864,495.5,502
False,384.1088,35.57022,58871.7065728,473.5,502
False,384.049,35.96863,58871.7382784,483.5,502
False,384.0909,36.09643,58871.7707648,480.5,502
False,384.1083,36.04846,58871.8182144,481.5,502
False,383.8328,36.06517,58871.85024,488.5,502
False,382.5559,36.2457,58871.8829952,504,502
False,381.1839,36.47476,58871.9147264,498.5,502
False,380.7154,36.51675,58871.9463808,502.5,502
False,380.6,36.83516,58871.9781504,502.5,502
False,380.4993,37.01721,58872.0102656,494,502
False,379.9278,37.02133,58872.042176,484.5,502
False,378.7498,37.18459,58872.0745472,493,502
False,376.37,37.51338,58872.1064832,504.5,502
False,373.7095,37.64044,58872.13824,502,502
False,370.0512,37.3443,58872.1704192,501.5,502
False,366.1439,37.99083,58872.2192256,527,502
False,362.375,39.21648,58872.2506752,503.5,502
False,358.2909,40.72303,58872.282176,479,502
False,354.5947,42.394,58872.3143424,500,502
False,349.7252,43.99454,58872.3463168,518.5,502
False,345.2683,44.99801,58872.3783168,502.5,502
False,341.1347,45.67051,58872.410496,521,502
False,336.4803,46.45494,58872.4422784,540,502
False,332.1781,47.90136,58872.474176,539,502
False,327.6041,49.27302,58872.5063424,514,502
False,324.2017,50.50417,58872.5383552,519,502
False,320.3647,51.54915,58872.5710464,537.5,502
False,317.6398,51.92104,58872.6187264,534,502
False,315.4056,52.13289,58872.650368,530.5,502
False,313.3916,51.95296,58872.6822144,535,502
False,311.29,51.36307,58872.7142912,538,502
False,308.7018,51.46758,58872.7463168,550,502
False,305.8422,51.93586,58872.7787392,553.5,502
False,303.1096,52.61217,58872.8101888,550.5,502
False,300.7308,53.43302,58872.842624,535,502
False,297.9942,54.4808,58872.8747008,516.5,502
False,294.5929,55.63561,58872.9062784,542,502
False,290.4798,56.54719,58872.9382656,531.5,502
False,286.8822,57.3264,58872.9707776,529,502
False,283.0571,57.85976,58873.0190848,555,502
False,278.8713,58.08648,58873.0507264,568.5,502
False,274.6068,58.57409,58873.0822656,554.5,502
False,268.9482,59.3279,58873.114304,521,502
False,263.3503,60.0158,58873.1463424,548.5,502
False,257.8442,60.52617,58873.1782912,544.5,502
False,252.968,60.36325,58873.2113792,557,502
False,247.6,59.8955,58873.2425216,555,502
False,242.915,59.48237,58873.2746496,562.5,502
False,238.6028,59.59524,58873.306816,553,502
False,235.5155,60.19131,58873.338432,544.5,502
False,233.4475,60.64669,58873.3705344,550.5,502
False,232.0491,61.19727,58873.4184192,550,502
False,230.9745,61.31051,58873.4513024,555,502
False,229.7759,61.55121,58873.4826368,537,502
False,228.288,61.09475,58873.51456,536.5,502
False,227.0278,60.21658,58873.5466112,551,502
False,225.3761,59.4852,58873.5785344,568.5,502
False,222.696,59.12362,58873.6105472,573,502
False,219.4086,58.62408,58873.6428672,591,502
False,216.3493,58.45424,58873.6745984,584.5,502
False,213.0342,58.39004,58873.706368,555.5,502
False,210.6307,58.58873,58873.738432,556,502
False,207.9135,58.86854,58873.7706496,570.5,502
False,205.2289,58.83033,58873.8183168,582.5,502
False,203.2985,58.83199,58873.851008,559.5,502
False,202.6595,58.64235,58873.8827136,562,502
False,202.6811,58.38573,58873.9144832,553.5,502
False,202.7106,58.02653,58873.9467392,546.5,502
False,203.112,58.11864,58873.9785344,553.5,502
False,203.1806,57.97917,58874.0105856,552,502
False,203.0669,58.0192,58874.0430848,555.5,502
False,202.4729,58.24895,58874.07488,559,502
False,201.4747,58.45701,58874.1064704,566,502
False,198.9206,58.84924,58874.1385728,581.5,502
False,195.144,59.33669,58874.1714432,595,502
False,191.4044,59.59232,58874.2191232,612,502
False,187.1902,60.40705,58874.2504448,615,502
False,182.0848,61.87264,58874.2823936,591.5,502
False,177.2124,63.34459,58874.3145856,592.5,502
False,172.8493,64.58542,58874.3465728,619.5,502
False,169.7306,65.3597,58874.379008,613,502
False,166.5267,66.07156,58874.411072,626.5,502
False,161.8798,67.02541,58874.442752,610,502
False,157.1134,67.42186,58874.4744832,617.5,502
False,153.3427,68.24873,58874.5067904,624.5,502
False,151.5129,68.46824,58874.5384704,593,502
False,151.146,68.53978,58874.5707008,584.5,502
False,151.3727,68.59718,58874.6189184,580.5,502
False,151.6696,68.59798,58874.6514816,577.5,502
False,151.8071,68.48593,58874.6824704,574.5,502
False,151.6615,68.42445,58874.714944,578,502
False,151.6411,68.40667,58874.7464576,579.5,502
False,150.9124,68.58729,58874.7786496,590,502
False,148.6525,69.04624,58874.8108416,623.5,502
False,145.6056,69.59356,58874.8427776,611,502
False,142.0765,69.75429,58874.8744448,612.5,502
False,138.2124,69.54079,58874.9065472,639.5,502
False,134.3518,69.27483,58874.9384832,649.5,502
False,131.332,69.56597,58874.9706496,645.5,502
False,128.1609,69.86023,58875.019136,632,502
False,124.0814,70.73457,58875.0512,618.5,502
False,119.9558,71.45918,58875.08288,618.5,502
False,116.6112,71.64559,58875.1145344,648.5,502
False,113.2997,71.53641,58875.1465856,650,502
False,110.0398,71.25013,58875.1794048,637,502
False,107.0283,70.93634,58875.2109312,654.5,502
False,103.4655,70.63997,58875.2425344,655.5,502
False,100.9013,71.30601,58875.2748416,646.5,502
False,97.82333,71.83051,58875.3066752,650,502
False,94.71856,72.85915,58875.3385856,652,502
False,91.73212,73.68082,58875.3714048,659.5,502
False,88.66246,73.90084,58875.41888,674,502
False,86.74886,73.61811,58875.4505344,659,502
False,85.23654,72.98989,58875.4825344,659.5,502
False,84.17631,72.50809,58875.5147392,648.5,502
False,83.34778,73.06608,58875.546624,623,502
False,82.62645,73.38542,58875.5788032,617.5,502
False,81.38773,73.64197,58875.610688,600.5,502
False,80.45516,73.541,58875.6430464,565,502
False,80.27837,74.2169,58875.675008,564,502
False,79.57042,75.48401,58875.706624,542,502
False,78.06857,76.63477,58875.7388928,559,502
False,76.63453,77.66887,58875.7709952,529,502
False,75.47463,77.75305,58875.8190464,519,502
False,74.38254,77.11238,58875.8509568,525,502
False,73.33911,76.50594,58875.8830592,519.5,502
False,71.79485,76.16177,58875.9147264,511,502
False,70.68732,76.26567,58875.9466624,468,502
False,69.99122,77.3798,58875.9787136,455.5,502
False,69.13626,78.20978,58876.0107648,433,502
False,68.56354,79.0027,58876.0434304,431.5,502
False,68.60926,78.84442,58876.0747264,421,502
False,69.02824,78.94949,58876.1071872,419,502
False,69.13849,79.13889,58876.1391872,414,502
False,69.44135,78.95992,58876.1709952,395,502
False,69.66709,78.76945,58876.2186624,394,502
False,69.5956,78.79457,58876.2506496,387,502
False,69.63404,78.92063,58876.283008,378,502
False,70.0844,78.93871,58876.3150848,353.5,502
False,70.37552,78.99583,58876.3469824,359.5,502
False,70.52187,78.80563,58876.3787904,343,502
False,71.27157,78.99657,58876.4108416,340,502
False,71.17863,78.93411,58876.442688,341.5,502
False,71.27649,79.0708,58876.4750976,322.5,502
False,70.83408,78.87357,58876.5072256,333.5,502
False,71.36317,78.88214,58876.5390208,329.5,502
False,71.05932,78.94436,58876.5708288,317.5,502
False,71.12785,78.90735,58876.6187264,322,502
False,71.21063,78.99304,58876.6506752,335.5,502
False,71.77361,78.79655,58876.6830976,319.5,502
False,71.76516,78.03008,58876.7152128,343.5,502
False,70.12168,77.84705,58876.7468672,389,502
False,68.4918,78.51603,58876.7788032,447,502
False,67.38255,79.21362,58876.811008,477.5,502
False,64.3577,81.44454,58876.8435456,581.5,502
False,65.32626,81.85925,58876.8751616,566,502
False,66.85394,81.22151,58876.9069568,550,502
False,66.76156,81.57452,58876.9388544,548,502
False,66.08038,82.37677,58876.9709056,564,502
False,65.08108,83.53941,58877.018752,592,502
False,63.96488,85.56022,58877.0513536,607.5,502
False,62.41292,88.71867,58877.0834688,634.5,502
False,61.23988,91.7974,58877.115264,679.5,502
False,60.47838,94.13417,58877.1469952,674.5,502
False,60.11848,95.93271,58877.1789312,693.5,502
False,59.50229,97.89539,58877.210944,691.5,502
False,59.11935,99.38646,58877.2428288,674.5,502
False,59.1916,100.9846,58877.2754432,658.5,502
False,59.95329,101.9742,58877.3076096,653,502
False,60.44659,103.1115,58877.3391744,646,502
False,60.151,105.4424,58877.370944,675.5,502
False,60.063,107.1185,58877.4187904,690.5,502
False,60.131,109.0236,58877.4507904,698.5,502
False,60.10823,110.6294,58877.4827904,693,502
False,60.09024,112.1236,58877.5152128,705.5,502
False,59.79216,113.7005,58877.5469312,718.5,502
False,59.66549,115.5962,58877.5789696,710,502
False,59.18513,117.6215,58877.6109184,704,502
False,59.08193,118.921,58877.6429696,683.5,502
False,59.32545,119.545,58877.6756352,655,502
False,59.87533,120.299,58877.7074688,688.5,502
False,60.08581,120.0485,58877.739392,674,502
False,60.027,119.7467,58877.7710592,660.5,502
False,59.9207,119.895,58877.81888,662,502
False,59.87497,119.8194,58877.8508928,662.5,502
False,59.84615,119.889,58877.8831744,669.5,502
False,59.87713,119.964,58877.915008,675.5,502
False,59.87787,119.981,58877.9470464,675.5,502
False,59.82022,119.9343,58877.979072,667.5,502
False,59.81385,119.9035,58878.0110976,671.5,502
False,59.83938,119.9647,58878.0440192,675.5,502
False,59.82951,119.9337,58878.0754944,676.5,502
False,59.8839,119.8282,58878.1070976,667.5,502
False,59.88955,119.8928,58878.1389312,674.5,502
False,59.70824,120.1116,58878.1711232,673.5,502
False,59.81703,119.813,58878.2189312,669.5,502
False,59.8187,119.9224,58878.2513792,672,502
False,59.90476,120.1959,58878.2833408,675.5,502
False,60.03651,120.3834,58878.3152128,662,502
False,60.42411,120.5212,58878.3469184,661,502
False,60.44271,120.2742,58878.3789568,640,502
False,60.18097,120.0327,58878.4109312,646.5,502
False,60.08641,119.5541,58878.443008,636.5,502
False,60.18443,119.4845,58878.4758912,657,502
False,60.20633,119.2942,58878.507072,643,502
False,60.21312,119.4494,58878.5395072,640.5,502
False,60.34846,119.5207,58878.5711744,661,502
False,60.36576,119.175,58878.6190592,647.5,502
False,60.12052,119.5078,58878.651712,655.5,502
False,60.23153,119.3002,58878.6832256,638.5,502
False,60.25045,119.3736,58878.7149824,645.5,502
False,60.25589,119.3688,58878.7469952,643.5,502
False,60.26563,119.2475,58878.7789312,642.5,502
False,60.23806,119.9009,58878.8109568,659.5,502
False,60.55721,120.3452,58878.8432384,673,502
False,60.33873,120.6991,58878.8750208,648.5,502
False,60.03787,121.2638,58878.9070592,669,502
False,60.01096,121.9869,58878.9391488,699.5,502
False,60.03733,122.189,58878.9712384,696.5,502
False,59.87426,122.7125,58879.0196608,698.5,502
False,59.76722,123.93,58879.0510592,726,502
False,60.05716,124.2166,58879.0834944,691,502
False,60.13582,124.7333,58879.115008,670,502
False,60.3264,124.7856,58879.1470848,649,502
False,60.26049,125.5131,58879.1796352,679.5,502
False,60.25737,125.5625,58879.211328,667,502
False,60.21256,127.0566,58879.2429952,695.5,502
False,60.20672,127.6795,58879.2752128,699,502
False,60.63929,126.7652,58879.3070976,651.5,502
False,60.28355,127.6677,58879.3391872,626,502
False,59.59082,128.7964,58879.3718656,606.5,502
False,58.35945,130.3965,58879.4192512,593.5,502
False,58.66758,130.84,58879.45152,548,502
False,60.0306,131.0808,58879.4830848,517.5,502
False,60.55853,131.1451,58879.5153024,522.5,502
False,60.77498,131.1549,58879.5472256,497,502
False,60.03774,131.0399,58879.5794432,472.5,502
False,59.03767,131.5601,58879.6114176,469,502
False,58.07826,132.7228,58879.6433664,460,502
False,58.48811,133.5543,58879.6750592,455.5,502
False,60.1386,134.4379,58879.7070464,430.5,502
False,60.03099,135.3907,58879.7391104,398,502
False,59.54011,136.348,58879.7872512,374,502
False,59.149,137.1471,58879.8198016,349,502
False,54.03286,157.2007,58879.8511232,142,502
False,58.02009,139.103,58879.8834688,323.5,502
False,57.33134,139.6299,58879.9155968,335,502
False,57.09448,140.0572,58879.9473536,344,502
False,56.7425,140.1954,58879.9791488,316.5,502
False,56.81582,140.371,58880.0111488,314,502
False,56.00646,140.1847,58880.0432768,309.5,502
False,56.51351,139.6239,58880.0756352,296,502
False,56.16874,139.2238,58880.1076352,281.5,502
False,56.75858,138.9936,58880.1394176,286.5,502
False,57.13818,138.0776,58880.187328,275,502
False,57.30204,137.0696,58880.219776,261,502
False,56.15068,136.4716,58880.2512512,255.5,502
False,55.47318,136.1796,58880.28352,276.5,502
False,54.37876,136.8177,58880.3152128,293.5,502
False,58.13024,145.1038,58880.3472128,258.5,502
False,55.13316,133.3025,58880.3795328,189,502
False,57.17942,138.3082,58880.4117504,418,502
False,58.75866,139.6771,58880.4435328,462,502
False,61.20976,140.6317,58880.4751616,495,502
False,63.39084,141.5822,58880.5072,513,502
False,64.97659,142.8438,58880.5392128,541,502
False,65.88961,144.3009,58880.5876608,540.5,502
False,66.93227,145.9189,58880.6198784,534,502
False,67.43269,147.0022,58880.6513408,543.5,502
False,67.52785,147.6703,58880.6834944,547.5,502
False,67.97048,147.8378,58880.7156736,559,502
False,67.7651,147.7826,58880.7473664,552,502
False,67.83939,147.7087,58880.779328,551,502
False,68.30365,148.8168,58880.8116992,589.5,502
False,68.04635,149.087,58880.8435456,582.5,502
False,68.25643,148.9108,58880.8753024,570,502
False,68.6206,148.5827,58880.9077888,568,502
False,68.26379,148.2422,58880.9397376,556,502
False,68.17583,148.2053,58880.9873152,554.5,502
False,68.0366,148.0582,58881.019328,546.5,502
False,68.03087,147.6383,58881.0514432,534.5,502
False,67.98343,147.474,58881.0838016,533,502
False,68.12167,147.7495,58881.1157888,537,502
False,68.2877,147.9534,58881.1472,540.5,502
False,68.21755,147.7877,58881.1794816,535.5,502
False,68.15971,147.7353,58881.2114816,527,502
False,68.15809,147.6383,58881.243264,534.5,502
False,68.47939,147.6374,58881.2756864,529.5,502
False,69.05478,147.597,58881.3076608,538.5,502
False,69.15219,147.5954,58881.3393664,535.5,502
False,69.15014,147.6018,58881.387264,539.5,502
False,69.20575,147.6744,58881.4193664,539.5,502
False,69.11883,147.6701,58881.451392,540,502
False,69.13652,147.719,58881.483648,544.5,502
False,69.02933,147.7617,58881.5158784,545.5,502
False,69.08395,147.7175,58881.547456,544,502
False,69.02438,147.6846,58881.5794176,540,502
False,68.95779,147.6882,58881.6115712,541,502
False,68.96709,147.7349,58881.643712,542,502
False,68.91605,147.6557,58881.6756736,534,502
False,69.02412,147.7561,58881.7074816,546,502
False,69.24828,147.7178,58881.7395712,531,502
False,68.96552,147.7041,58881.787392,507.5,502
False,69.81981,147.5907,58881.81984,511.5,502
False,71.36849,147.5368,58881.8518912,512,502
False,73.97626,148.0333,58881.8836992,540.5,502
False,76.72346,148.525,58881.9154944,557.5,502
False,78.78513,149.2916,58881.9474944,551.5,502
False,80.49004,149.9212,58881.9794944,552,502
False,83.29012,150.4638,58882.0114176,578.5,502
False,85.77407,150.4371,58882.04384,554,502
False,89.54264,150.0515,58882.0759424,533.5,502
False,92.87551,149.3014,58882.1073536,527.5,502
False,95.17805,148.8205,58882.1398016,563.5,502
False,97.85597,148.6326,58882.18752,548.5,502
False,100.1541,148.9369,58882.2198528,525.5,502
False,102.0663,149.2206,58882.2518272,517.5,502
False,103.5109,148.7735,58882.2833408,452.5,502
False,107.2977,149.4013,58882.3155712,505,502
False,111.4947,149.5539,58882.347584,548.5,502
False,115.5628,147.9554,58882.37952,478,502
False,120.5024,147.3546,58882.4119168,493,502
False,125.6458,146.1246,58882.4433792,527,502
False,130.6047,144.945,58882.4754432,503,502
False,135.0659,144.6954,58882.5075968,493,502
False,138.6826,143.9958,58882.5394816,513,502
False,141.7065,142.0556,58882.5880704,431.5,502
False,144.7907,139.9831,58882.6198784,334.5,502
False,147.9679,137.7095,58882.65152,296,502
False,152.7572,138.451,58882.6838016,425,502
False,157.7979,138.2589,58882.7155584,510.5,502
False,161.7539,137.0835,58882.7477248,495,502
False,162.7496,137.0321,58882.7795968,482.5,502
False,162.4518,137.2357,58882.8116736,488,502
False,161.8618,137.4246,58882.8440576,475,502
False,160.7266,136.0401,58882.875776,378,502
False,160.2292,135.1602,58882.9074816,336,502
False,160.0977,136.0417,58882.939584,384,502
False,160.3481,137.8212,58882.987584,461.5,502
False,160.3,137.9613,58883.019584,460.5,502
False,160.353,137.9183,58883.05216,467,502
False,160.3714,137.9427,58883.0839424,468.5,502
False,160.309,137.8972,58883.1156608,472,502
False,160.3244,138.0203,58883.1476736,468.5,502
False,160.2161,138.1346,58883.1795328,462,502
False,160.3496,138.0201,58883.2122112,472.5,502
False,160.2346,138.0423,58883.243968,481,502
False,160.0616,137.8708,58883.2754688,476,502
False,160.1104,137.9528,58883.3074816,480,502
False,159.9098,138.0633,58883.3396608,476.5,502
False,160.3773,138.1769,58883.387712,474,502
False,160.9211,138.2831,58883.4199808,484,502
False,161.4637,138.1811,58883.451968,486,502
False,161.7239,138.1744,58883.4837248,483.5,502
False,161.8631,138.1523,58883.5158656,487,502
False,162.0017,138.0287,58883.547584,488,502
False,162.5261,138.0621,58883.5796864,488.5,502
False,163.175,138.067,58883.6121344,500,502
False,163.466,137.1755,58883.6438272,443.5,502
False,163.6569,136.9914,58883.676224,427.5,502
False,164.0933,137.1456,58883.7078656,439.5,502
False,163.172,135.4946,58883.7402752,342,502
False,162.0405,132.4782,58883.788032,164.5,502
False,167.3598,143.0803,58883.8203904,207.5,502
False,168.25,142.0793,58883.8521344,248,502
False,164.967,132.3528,58883.8839552,171.5,502
False,167.7223,132.368,58883.9160704,245.5,502
False,171.4781,132.0462,58883.9479552,328,502
False,175.0315,133.5434,58883.979904,518,502
False,177.9583,131.933,58884.0120448,500,502
False,180.5378,131.8075,58884.0445696,500.5,502
False,183.5222,128.5505,58884.0755968,371.5,502
False,186.2763,127.7745,58884.1081216,400.5,502
False,189.6189,124.9202,58884.1396608,307,502
False,192.022,124.0309,58884.1879296,355.5,502
False,195.0976,125.1585,58884.2197888,531,502
False,198.1628,123.3084,58884.2520704,535.5,502
False,200.3033,122.6308,58884.2836224,510.5,502
False,201.0054,123.0339,58884.3157248,497,502
False,201.2672,123.6968,58884.3476608,481.5,502
False,201.4158,124.0347,58884.379648,471,502
False,202.686,123.8383,58884.412608,482.5,502
False,205.5625,122.7128,58884.4445952,494.5,502
False,210.4242,121.1562,58884.4759168,533.5,502
False,215.4362,119.8437,58884.5081472,530,502
False,220.4394,118.8363,58884.539904,526.5,502
False,224.9171,117.9044,58884.5877888,524.5,502
False,229.0284,116.9035,58884.619776,528.5,502
False,232.988,115.1772,58884.652608,529.5,502
False,236.6248,113.4738,58884.6840064,534,502
False,241.9052,111.8094,58884.7157248,543,502
False,247.718,110.9376,58884.7478016,542,502
False,253.2824,110.5647,58884.7799424,539.5,502
False,258.8573,110.5374,58884.811712,532.5,502
False,264.0807,109.9888,58884.8441088,549.5,502
False,268.2054,108.8497,58884.875776,551,502
False,271.8681,107.6736,58884.9078656,551,502
False,275.0335,106.6085,58884.9397248,547.5,502
False,278.2943,105.1875,58884.987904,543,502
False,281.1642,104.0108,58885.0204544,554,502
False,283.8724,103.5813,58885.0521728,537,502
False,286.1295,103.6765,58885.0837248,524,502
False,289.623,103.8695,58885.1157248,523.5,502
False,294.1689,102.9755,58885.1479168,537,502
False,298.9149,101.0736,58885.17984,523,502
False,303.3455,98.79023,58885.2125056,522,502
False,307.8133,96.29794,58885.2442624,532,502
False,312.0767,94.51865,58885.2758784,554,502
False,315.4866,93.58833,58885.3078656,542.5,502
False,318.7257,93.10268,58885.3403904,553.5,502
False,322.3076,92.98922,58885.3882624,556.5,502
False,325.6738,91.95778,58885.4201984,560.5,502
False,328.6231,90.44506,58885.4519808,540,502
False,331.0635,88.39774,58885.4843008,546,502
False,335.1089,85.91591,58885.5158016,551,502
False,339.9714,84.06985,58885.5481984,565.5,502
False,344.2805,83.20898,58885.5801472,583,502
False,348.9305,82.75472,58885.6119936,573.5,502
False,353.3517,82.35429,58885.6439168,588.5,502
False,357.175,80.50143,58885.6759296,581,502
False,360.388,78.13935,58885.7086208,570.5,502
False,363.887,75.88696,58885.7405696,573.5,502
False,367.3532,73.28738,58885.7879424,569.5,502
False,370.7169,71.65367,58885.8198272,577,502
False,373.7883,71.06499,58885.8517632,597.5,502
False,376.5815,70.64061,58885.88384,620.5,502
False,379.893,70.46764,58885.9162368,579.5,502
False,382.9716,70.28757,58885.9479936,604.5,502
False,385.4222,69.04498,58885.979968,596.5,502
False,387.1033,68.17078,58886.0119808,587.5,502
False,387.8329,67.48389,58886.0439296,584.5,502
False,387.532,66.81112,58886.0765824,581.5,502
False,387.4179,66.495,58886.1083136,583.5,502
False,387.1833,66.71831,58886.140352,574.5,502
False,387.0748,66.90681,58886.1880192,570.5,502
False,387.201,66.90739,58886.219904,570.5,502
False,387.25,66.90757,58886.2518656,568,502
False,387.3132,66.89825,58886.2845952,570,502
False,387.3591,66.85449,58886.315968,575,502
False,387.3896,66.82014,58886.3481728,574.5,502
False,387.5072,66.78423,58886.3799808,568.5,502
False,387.8479,66.80583,58886.4120448,503,502
False,384.3961,62.72267,58886.4443264,247,502
False,389.8604,70.92986,58886.476544,259,502
False,387.3633,66.77461,58886.50816,562,502
False,387.7584,67.76677,58886.539968,479.5,502
False,387.6601,66.90228,58886.5889408,535.5,502
False,387.6879,66.46591,58886.620224,572,502
False,387.9098,66.94333,58886.6519424,547,502
False,388.4081,67.73278,58886.683968,481.5,502
False,389.1073,67.97335,58886.7159936,456.5,502
False,389.2914,67.76262,58886.7480576,469,502
False,388.9195,66.4132,58886.7804288,553,502
False,388.5562,66.09106,58886.8125312,576.5,502
False,388.5621,66.07459,58886.8442368,572,502
False,388.4643,66.05264,58886.8761344,570,502
False,388.2541,66.2503,58886.90816,566,502
False,388.1243,66.20904,58886.9403904,564.5,502
False,387.8914,66.26201,58886.9882752,572.5,502
False,387.8115,66.17404,58887.019968,565,502
False,387.8814,66.19093,58887.052096,573.5,502
False,388.0029,66.24698,58887.0839808,579,502
False,388.1583,66.29266,58887.1160448,569.5,502
False,388.2097,66.30668,58887.1488256,569,502
False,388.0829,66.26977,58887.1806848,569,502
False,388.3242,66.95908,58887.2123392,529.5,502
False,388.6878,67.46741,58887.2442752,488.5,502
False,388.7046,67.42958,58887.2763264,497,502
False,388.2693,67.00315,58887.3081472,528.5,502
False,388.1874,68.52464,58887.34048,429.5,502
False,388.7242,69.16537,58887.3881728,385,502
False,388.8329,65.93238,58887.4204672,559.5,502
False,388.0063,62.53131,58887.4526848,346,502
False,388.4629,63.09128,58887.4844672,409,502
False,389.6681,63.42758,58887.51648,481,502
False,390.5772,63.17199,58887.5480576,501,502
False,391.4361,64.39075,58887.5801472,595,502
False,390.8692,60.17212,58887.6122112,290.5,502
False,391.2598,60.48226,58887.6442624,263,502
False,392.6251,60.61548,58887.676672,260.5,502
False,396.3463,69.47707,58887.7082624,269,502
False,400.1274,68.1506,58887.740224,280,502
False,400.664,62.88889,58887.7883392,568.5,502
False,402.8553,61.803,58887.8202112,555,502
False,403.9447,61.60802,58887.8524032,602.5,502
False,404.5212,60.7243,58887.884672,601.5,502
False,404.8481,60.29045,58887.9162368,602.5,502
False,405.4621,60.01163,58887.9484672,602,502
False,406.0839,59.80431,58887.9801984,580,502
False,406.0339,59.87367,58888.0123008,580.5,502
False,405.8615,60.04778,58888.0447744,586,502
False,405.8065,60.17127,58888.0766592,579,502
False,406.6095,60.09055,58888.108672,594.5,502
False,406.4894,60.28859,58888.1401216,588.5,502
False,406.8071,60.50154,58888.1883136,594.5,502
False,407.2338,60.35702,58888.2201728,591,502
False,407.2956,60.0556,58888.2521984,587.5,502
False,407.2866,59.76105,58888.2844672,588,502
False,407.2107,59.88466,58888.3161856,591,502
False,406.9749,60.1474,58888.3482368,597,502
False,406.9658,60.15963,58888.3803264,603.5,502
False,407.2011,60.22397,58888.4123392,605,502
False,407.6177,60.14707,58888.4453888,599.5,502
False,407.7337,60.19024,58888.476288,594,502
False,407.7238,60.40591,58888.5088,604,502
False,407.7355,60.58705,58888.5406464,605,502
False,407.9057,60.68469,58888.5882752,601,502
False,408.1305,60.95687,58888.6202112,610.5,502
False,408.3954,60.95669,58888.6521856,596.5,502
False,408.6982,60.99185,58888.6849792,593,502
False,408.8263,61.30888,58888.7166208,593,502
False,408.5913,62.10411,58888.7482752,603.5,502
False,408.6024,62.44847,58888.7804288,606.5,502
False,408.6466,62.55174,58888.8123904,597.5,502
False,408.7876,62.54796,58888.8443904,599.5,502
False,408.662,62.54094,58888.8767872,604.5,502
False,408.83,62.35072,58888.9087488,604,502
False,408.9616,62.32699,58888.9403904,604,502
False,408.9158,62.3303,58888.9882624,603.5,502
False,409.0588,62.34536,58889.0201856,609.5,502
False,408.9046,62.22905,58889.0522624,602.5,502
False,408.9086,62.20082,58889.0845696,607.5,502
False,409.2328,61.98913,58889.1166976,613.5,502
False,409.8586,61.72489,58889.148416,635.5,502
False,410.2738,61.24318,58889.1805312,641.5,502
False,410.7625,60.78329,58889.2125056,624.5,502
False,411.2444,60.4149,58889.2445056,637.5,502
False,411.7053,60.06501,58889.276736,625.5,502
False,412.5035,59.77977,58889.3087744,613,502
False,412.746,59.79394,58889.3405184,605,502
False,412.7453,59.55941,58889.388288,606,502
False,413.2443,59.10961,58889.4202752,591.5,502
False,413.3291,58.79399,58889.452608,593,502
False,413.9077,58.39932,58889.4851584,588.5,502
False,415.0395,58.34755,58889.5168512,574.5,502
False,416.4099,58.81799,58889.5483904,559.5,502
False,417.6397,58.15051,58889.5808896,557,502
False,418.0842,56.58183,58889.612544,552,502
False,418.4273,55.11376,58889.6450176,565.5,502
False,419.1256,53.93945,58889.6765184,556,502
False,419.5695,53.71142,58889.7088,540,502
False,419.9012,53.88532,58889.7407104,545,502
False,420.2681,53.55484,58889.7883392,547,502
False,420.2044,53.73388,58889.8206592,548,502
False,420.134,53.72861,58889.8529152,543.5,502
False,420.0383,53.7924,58889.8843648,539.5,502
False,420.105,53.70646,58889.9168128,544.5,502
False,420.2592,53.70187,58889.9487616,544.5,502
False,420.2902,53.69678,58889.9805184,548,502
False,420.268,53.58944,58890.01248,546,502
False,420.742,53.55586,58890.0444416,544.5,502
False,420.6151,53.90525,58890.0771072,540,502
False,420.7889,53.68917,58890.1088256,548,502
False,422.1991,52.66882,58890.140544,542.5,502
False,424.4945,51.34331,58890.1885312,518,502
False,425.239,49.6747,58890.220352,498,502
False,425.2727,48.31802,58890.2523136,511.5,502
False,425.5055,46.74656,58890.2847232,484,502
False,426.6003,45.79876,58890.3166976,484.5,502
False,427.6142,45.54787,58890.3485568,470,502
False,429.085,45.17746,58890.3805184,494,502
False,430.3264,44.70692,58890.412864,501,502
False,431.1647,44.7485,58890.4454272,501,502
False,432.6094,43.54028,58890.4769024,523.5,502
False,434.3769,42.48434,58890.5085824,532,502
False,435.2013,41.1125,58890.540544,478.5,502
False,436.6354,41.13123,58890.5884544,522,502
False,436.8393,40.96006,58890.6204416,517.5,502
False,436.416,41.35789,58890.6526848,461.5,502
False,436.2892,41.46983,58890.6847616,453,502
False,435.8142,41.86108,58890.71648,465.5,502
False,435.5023,42.02037,58890.7485952,474.5,502
False,434.7626,43.05727,58890.7805824,422,502
False,435.3873,42.72222,58890.8130432,420,502
False,434.4875,42.97551,58890.8448896,435.5,502
False,433.8818,43.30654,58890.8766336,423,502
False,433.5836,44.04464,58890.9085696,399.5,502
False,431.6484,45.11185,58890.9406592,374,502
False,430.6625,46.77546,58890.9885824,360,502
False,430.2685,47.66216,58891.0209664,370,502
False,429.9228,47.88374,58891.0524544,388.5,502
False,429.6414,47.37073,58891.08448,410,502
False,429.0221,47.21963,58891.1170432,407.5,502
False,428.6115,47.37277,58891.1489408,401.5,502
False,428.2839,47.73819,58891.1805696,391.5,502
False,428.0713,47.81452,58891.2125568,381,502
False,427.9273,47.65541,58891.2450432,385,502
False,427.5027,47.72984,58891.2769024,372,502
False,427.5432,47.46728,58891.3085696,382,502
False,427.489,47.77852,58891.3404672,372.5,502
False,427.4625,47.82912,58891.3885824,375.5,502
False,427.6871,47.85903,58891.4208384,366.5,502
False,427.7802,48.02447,58891.45312,361,502
False,427.7883,47.78832,58891.4850304,379.5,502
False,427.7099,47.91391,58891.5166464,377.5,502
False,427.5952,47.94437,58891.548992,377.5,502
False,427.9046,48.00888,58891.5806592,375.5,502
False,427.7433,48.04388,58891.6126592,376,502
False,427.9159,48.16105,58891.644544,370.5,502
False,428.0517,48.08412,58891.676928,370.5,502
False,427.8439,48.03571,58891.7085184,378,502
False,427.5838,48.12323,58891.7407488,376,502
False,427.8661,48.14835,58891.788608,368.5,502
False,427.8494,48.0773,58891.8205952,373,502
False,427.7823,47.9767,58891.853056,372,502
False,427.8974,48.0233,58891.8851584,372,502
False,427.7457,48.46926,58891.9168128,360.5,502
False,427.834,48.17004,58891.9493248,370.5,502
False,427.7757,48.1624,58891.9810816,371.5,502
False,427.839,48.21965,58892.0127488,366.5,502
False,427.7336,48.20128,58892.0445952,363.5,502
False,427.8731,48.26667,58892.0765568,362.5,502
False,427.7406,48.15546,58892.1086976,372,502
False,428.0089,48.00223,58892.141248,373.5,502
False,427.9522,48.40215,58892.1889408,356,502
False,427.6249,48.14759,58892.2204672,367,502
False,427.9459,48.55941,58892.2526464,360.5,502
False,428.3105,48.98879,58892.2846464,401.5,502
False,428.7266,48.30296,58892.3168,411.5,502
False,429.0579,47.78131,58892.3490048,408.5,502
False,428.9822,47.48122,58892.3807232,430.5,502
False,428.857,47.15773,58892.4130816,429,502
False,428.8756,46.77919,58892.4449664,434,502
False,429.1394,46.41911,58892.4765952,410,502
False,429.1351,46.56505,58892.5090048,433,502
False,429.2611,46.25995,58892.5469952,427,502
False,429.183,46.14491,58892.5889664,429,502
False,429.3398,45.45121,58892.6208,435.5,502
False,429.3952,45.04122,58892.6528256,420.5,502
False,429.3517,44.83354,58892.684672,407.5,502
False,429.4371,44.82821,58892.716864,406.5,502
False,429.3294,45.03234,58892.7491712,386.5,502
False,429.5078,45.17321,58892.7809024,394.5,502
False,429.4755,45.28389,58892.8127104,377.5,502
False,429.6159,45.45187,58892.8446592,374,502
False,429.6788,45.67753,58892.8768,383.5,502
False,429.7598,45.63488,58892.9091072,377.5,502
False,429.8157,45.85832,58892.9410688,383.5,502
False,429.8142,46.21354,58892.9888384,384,502
False,430.1316,46.08875,58893.0208384,385,502
False,429.817,46.15517,58893.0532224,377,502
False,429.683,46.14393,58893.085056,377.5,502
False,429.4326,46.5551,58893.1168896,364.5,502
False,429.2464,46.89609,58893.1489536,362.5,502
False,429.2913,46.96168,58893.1812096,361,502
False,429.5647,46.97113,58893.213248,369.5,502
False,429.9273,46.99639,58893.2448256,369,502
False,430.0932,47.10973,58893.2768,363,502
False,430.0359,47.05922,58893.3088256,371.5,502
False,430.0359,47.33821,58893.3409792,376,502
False,429.8737,47.4509,58893.3902336,361.5,502
False,429.4603,47.55708,58893.4209024,363.5,502
False,429.7739,47.27388,58893.4531968,356,502
False,430.0695,47.29881,58893.4847488,376.5,502
False,430.1532,47.20206,58893.5171072,372,502
False,430.4817,46.95982,58893.5491712,377.5,502
False,430.4039,46.30338,58893.5808384,389.5,502
False,430.506,45.64389,58893.6128,402.5,502
False,430.4603,44.94145,58893.6448512,390,502
False,430.2779,44.25041,58893.6768128,406,502
False,430.0252,43.55015,58893.7094144,390.5,502
False,430.0229,43.42875,58893.741632,393,502
False,429.8772,43.70844,58893.7889536,403,502
False,429.2984,44.67069,58893.8208768,372.5,502
False,429.1714,45.82611,58893.8533376,334.5,502
False,429.9423,46.5796,58893.8854528,323.5,502
False,429.3668,43.26948,58893.9170176,438.5,502
False,430.3364,45.22519,58893.9494784,430,502
False,429.531,44.30271,58893.981248,468,502
False,427.9712,43.04729,58894.0131968,504,502
False,425.8511,41.79713,58894.044992,534,502
False,423.2021,40.65236,58894.0769792,559,502
False,420.885,39.6474,58894.109888,553.5,502
False,419.5767,38.56366,58894.1412096,548.5,502
False,418.3897,36.95927,58894.1894272,532,502
False,417.8282,36.21761,58894.220864,541.5,502
False,417.6075,36.09201,58894.2529792,523.5,502
False,417.0334,36.1293,58894.2848512,504,502
False,415.9474,36.19106,58894.3173504,488.5,502
False,413.6985,36.17797,58894.3489664,508.5,502
False,410.6331,36.1192,58894.3811072,556.5,502
False,407.1056,35.82658,58894.4129024,543,502
False,404.4782,35.24969,58894.4450432,544,502
False,401.7471,34.89435,58894.4775808,549,502
False,398.8416,34.70815,58894.508992,558.5,502
False,395.6269,35.41961,58894.5412224,523.5,502
False,392.3235,36.23992,58894.5889024,508.5,502
False,387.8548,37.18377,58894.6210048,497,502
False,383.6676,37.71192,58894.6529792,523,502
False,379.0189,37.80364,58894.6849024,494,502
False,374.4772,37.8138,58894.717504,512,502
False,369.5399,38.11205,58894.7490176,532.5,502
False,364.1522,39.28836,58894.78144,530,502
False,358.1282,40.667,58894.8137216,496.5,502
False,353.2381,42.17651,58894.8453504,525,502
False,348.0054,42.94476,58894.8770048,528,502
False,343.8745,43.50244,58894.909056,512.5,502
False,339.624,43.80729,58894.9415168,512,502
False,335.5692,44.5134,58894.9896448,535,502
False,331.4689,45.62328,58895.0213888,495.5,502
False,327.7077,47.08918,58895.0530432,491.5,502
False,324.0243,48.53841,58895.0849536,479.5,502
False,318.7394,49.80924,58895.1171712,501.5,502
False,314.3201,50.56258,58895.1490816,490,502
False,309.5226,50.98557,58895.1818752,496.5,502
False,304.9211,52.01717,58895.2137088,524,502
False,300.5668,53.29509,58895.245312,492.5,502
False,296.95,54.65828,58895.2771072,477,502
False,293.4481,55.91667,58895.3089536,482,502
False,290.4061,56.78169,58895.3414144,497,502
False,287.2341,57.38918,58895.3894784,483.5,502
False,283.3134,57.70562,58895.4214784,483.5,502
False,279.549,57.26268,58895.4530944,493,502
False,275.1791,56.77608,58895.4849792,524,502
False,270.0586,56.91545,58895.5171584,546,502
False,264.6441,57.04258,58895.549184,524.5,502
False,259.3415,57.38596,58895.5815296,532,502
False,254.2223,57.71507,58895.6132096,551,502
False,249.9742,58.04268,58895.6451456,554.5,502
False,246.4891,57.89395,58895.6770944,559.5,502
False,242.2095,57.73083,58895.7090176,558.5,502
False,237.5434,57.2598,58895.7420544,553,502
False,233.3539,57.02597,58895.7895808,552,502
False,228.2935,57.12947,58895.8211712,535.5,502
False,223.6358,57.70601,58895.8531584,529.5,502
False,218.9493,57.95845,58895.8850944,529.5,502
False,213.6225,57.8938,58895.9173248,521,502
False,209.3621,57.06974,58895.9502336,521,502
False,204.955,55.55168,58895.9815936,545,502
False,200.6452,54.6461,58896.0130944,543,502
False,196.1142,54.98108,58896.0452736,546,502
False,192.655,55.64338,58896.077184,544,502
False,188.5662,55.78561,58896.1091712,560.5,502
False,183.7416,55.19843,58896.1417856,553.5,502
False,179.0963,53.84303,58896.1894912,533,502
False,174.1583,52.0629,58896.221632,548.5,502
False,169.5069,50.93083,58896.2531968,559,502
False,164.9487,50.58534,58896.2850688,561.5,502
False,160.5695,50.66872,58896.3171456,568,502
False,155.9985,50.93274,58896.34912,560,502
False,150.8034,50.69962,58896.3817728,576.5,502
False,146.374,49.78666,58896.4136704,582,502
False,142.0526,48.29121,58896.445312,589.5,502
False,138.3289,46.70819,58896.47712,606,502
False,134.7323,44.88594,58896.5091712,602,502
False,132.1139,43.94972,58896.5412352,600,502
False,130.3811,43.4233,58896.589568,596.5,502
False,129.675,43.32558,58896.621248,580.5,502
False,129.2199,43.67638,58896.6532352,583.5,502
False,129.3117,43.92919,58896.6851968,579,502
False,129.1976,43.92949,58896.7173632,572,502
False,129.3371,44.05019,58896.749888,574.5,502
False,129.327,43.92167,58896.7816576,574.5,502
False,129.1518,43.85105,58896.8133376,578.5,502
False,128.8674,43.70111,58896.8452224,585.5,502
False,128.8459,43.80317,58896.87712,588.5,502
False,128.8788,43.81172,58896.9106176,586,502
False,128.9466,43.76506,58896.9417728,581,502
False,128.872,43.72938,58896.9896704,582,502
False,128.9046,43.62758,58897.0213376,588.5,502
False,128.8716,43.72886,58897.0533248,581.5,502
False,128.3627,43.7837,58897.085184,591,502
False,126.9417,43.86974,58897.1175168,597.5,502
False,125.0078,43.66988,58897.1504,622.5,502
False,123.2034,43.0131,58897.1816576,623.5,502
False,122.0161,41.5772,58897.2133632,631.5,502
False,120.1737,40.51468,58897.2455168,636,502
False,117.5394,39.68348,58897.2772992,644.5,502
False,114.7823,39.48959,58897.30944,632.5,502
False,111.6547,39.47129,58897.3420416,627,502
False,107.9285,40.11597,58897.3898368,629.5,502
False,103.5533,40.78609,58897.4213632,635,502
False,99.4495,40.32614,58897.4533248,648.5,502
False,95.21249,39.85176,58897.485248,651,502
False,90.69769,38.95899,58897.517632,634,502
False,86.93194,37.88811,58897.5497856,646.5,502
False,84.33028,37.75659,58897.5813376,600.5,502
False,82.46609,37.9214,58897.6132736,572.5,502
False,80.97813,39.09816,58897.6453632,579,502
False,79.38393,39.93669,58897.6772864,576.5,502
False,77.59792,40.89534,58897.7101696,543,502
False,76.59274,40.79747,58897.7415168,527.5,502
False,75.65921,40.69742,58897.7899648,536.5,502
False,74.14738,39.7587,58897.821376,527,502
False,72.31382,38.96131,58897.85376,504,502
False,71.90796,39.72492,58897.8852864,483.5,502
False,71.23333,40.55053,58897.9174144,475,502
False,70.33931,40.88572,58897.9494272,474,502
False,69.74445,41.11369,58897.981632,473.5,502
False,68.81197,41.18769,58898.013312,487.5,502
False,67.57978,40.94084,58898.045376,493,502
False,66.42598,40.71785,58898.0776576,514.5,502
False,64.81728,40.68401,58898.1094528,519,502
False,62.9279,40.97597,58898.1423744,534,502
False,60.68126,41.03729,58898.19008,514,502
False,59.24635,40.89111,58898.2214656,525,502
False,58.62512,40.66479,58898.253824,533.5,502
False,58.08216,41.08591,58898.28544,533.5,502
False,58.71218,41.38237,58898.3175552,520,502
False,59.51801,41.71644,58898.3502208,509,502
False,59.97968,41.88326,58898.3814656,484,502
False,60.22441,41.78215,58898.4137088,457.5,502
False,60,42.0047,58898.4453632,461,502
False,60.43694,41.67342,58898.4774656,444,502
False,61.49474,41.5407,58898.5100416,475,502
False,61.875,41.85472,58898.5420544,452,502
False,62.46511,42.5412,58898.589632,449,502
False,63.71485,43.4534,58898.6215936,422,502
False,64.58534,43.93518,58898.6535808,414,502
False,65.68945,43.88186,58898.6854528,395,502
False,66.97022,43.60089,58898.7179648,375,502
False,68.29492,43.05853,58898.7499648,364.5,502
False,69.51023,41.96783,58898.7814656,342,502
False,70.31821,41.3265,58898.8134528,341.5,502
False,70.05347,40.76616,58898.845504,358.5,502
False,69.23405,40.88724,58898.8780672,371,502
False,68.16228,40.52073,58898.9098752,418,502
False,66.80489,40.32074,58898.9418368,463,502
False,64.95647,40.13892,58898.9897472,501.5,502
False,63.62082,39.52117,58899.0216448,523.5,502
False,62.18842,38.91359,58899.0536064,555.5,502
False,61.52793,38.25137,58899.0866816,549,502
False,60.95706,38.08156,58899.1179136,539.5,502
False,60.46264,38.16217,58899.1499776,537.5,502
False,61.04619,38.27972,58899.1815296,516,502
False,61.02244,38.36098,58899.2134784,512.5,502
False,60.51041,38.17163,58899.2459648,520.5,502
False,60.4858,37.786,58899.2776704,493,502
False,62.51607,38.20296,58899.3096448,461.5,502
False,63.91075,38.71905,58899.3418752,429.5,502
False,64.81716,38.96766,58899.389696,402,502
False,66.00618,39.23239,58899.4220928,404.5,502
False,66.51023,39.62856,58899.4538368,415.5,502
False,66.52148,39.99807,58899.4855168,430.5,502
False,65.80601,39.95802,58899.5176064,460.5,502
False,65.32542,40.0365,58899.550592,484,502
False,64.10618,39.77186,58899.5818112,507,502
False,63.61283,39.80239,58899.6135168,517,502
False,63.1706,39.87106,58899.6457088,508,502
False,62.8826,40.2009,58899.6776192,521,502
False,63.24245,40.49879,58899.7104896,480.5,502
False,63.88736,40.52235,58899.7420288,473.5,502
False,64.51888,40.42862,58899.7897472,463.5,502
False,65.51881,40.36488,58899.821952,438.5,502
False,60.60096,40.12749,58899.853568,553,502
False,62.16016,40.37175,58899.885568,538,502
False,63.54052,40.50489,58899.9176576,528.5,502
False,65.03069,40.39411,58899.9495552,543,502
False,67.23115,39.38723,58899.9821056,504,502
False,68.08878,39.59675,58900.0136576,512.5,502
False,68.30924,39.63102,58900.0463616,505,502
False,68.05213,39.82338,58900.077696,527.5,502
False,67.72491,39.87338,58900.1098624,526.5,502
False,67.39613,40.3439,58900.1421056,552,502
False,67.35327,40.38065,58900.1902464,560,502
False,67.08799,40.04805,58900.221632,555,502
False,66.63217,40.07463,58900.2537984,560.5,502
False,66.65224,40.24387,58900.286016,577.5,502
False,66.48928,40.14978,58900.317632,567.5,502
False,66.82678,39.92232,58900.3496192,560,502
False,67.43615,39.55066,58900.3817216,556,502
False,68.07686,39.0586,58900.4144128,566,502
False,68.51331,38.6134,58900.4458112,569.5,502
False,68.60081,38.51486,58900.4780928,572,502
False,68.56516,38.57856,58900.510208,584.5,502
False,68.49399,38.37643,58900.5418368,568.5,502
False,68.48895,38.39788,58900.5897088,565.5,502
False,68.3785,38.61778,58900.6216832,583,502
False,68.42242,38.68384,58900.6536832,572.5,502
False,68.61116,38.4,58900.6860032,567.5,502
False,68.49504,38.4822,58900.7176832,571,502
False,68.15373,38.17299,58900.7497216,554,502
False,68.391,38.48897,58900.7817216,566.5,502
False,68.22874,38.64563,58900.813888,570.5,502
False,67.93897,38.58297,58900.8463104,573.5,502
False,67.91797,38.6814,58900.8781184,577,502
False,68.04362,38.62825,58900.909888,577,502
False,67.96092,38.64914,58900.94176,580,502
False,67.90196,38.56517,58900.9901056,578,502
False,68.13316,38.4897,58901.02208,574.5,502
False,68.09905,38.49674,58901.053696,562,502
False,68.09959,38.56415,58901.0857088,569,502
False,67.97394,38.46221,58901.1184384,575.5,502
False,67.9106,38.5151,58901.1501184,563,502
False,67.80116,38.64609,58901.1819904,575,502
False,67.9549,38.6658,58901.2139136,576.5,502
False,67.99004,38.69862,58901.2462592,568.5,502
False,67.94479,38.60881,58901.2779392,567.5,502
False,67.94917,38.52819,58901.309952,570.5,502
False,67.92563,38.47531,58901.341824,567,502
False,67.83785,38.67804,58901.3902976,571.5,502
False,67.61892,38.51347,58901.4217472,569,502
False,67.84017,38.64454,58901.4541056,572.5,502
False,67.84728,38.68987,58901.4857472,567.5,502
False,67.87945,38.7087,58901.517824,571,502
False,68.00728,38.52402,58901.5504768,572.5,502
False,67.63204,38.62881,58901.5823104,568,502
False,67.77582,38.55047,58901.6137856,568,502
False,67.79222,38.60035,58901.6459648,565.5,502
False,67.98982,38.71233,58901.67808,573,502
False,67.94236,38.65997,58901.7101952,572.5,502
False,67.86497,38.72499,58901.7425792,571.5,502
False,67.98606,38.66638,58901.7900288,574,502
False,67.73073,38.75565,58901.8223872,575,502
False,68.00637,39.00782,58901.8542336,575.5,502
False,67.61431,39.29462,58901.8857984,598.5,502
False,67.40441,39.95316,58901.9180416,612,502
False,67.09846,40.11241,58901.9499136,597.5,502
False,66.9346,40.30805,58901.98208,606.5,502
False,66.85241,40.25617,58902.0146176,594,502
False,66.63851,40.2058,58902.0463872,592,502
False,66.82278,40.35194,58902.0779776,600,502
False,67.01675,40.3358,58902.1099392,607,502
False,66.84278,40.38702,58902.1420928,608.5,502
False,66.8866,40.23534,58902.1898752,605.5,502
False,67.04415,40.258,58902.2226176,604,502
False,66.90891,40.25594,58902.2539264,596.5,502
False,66.92953,40.37572,58902.2862336,605.5,502
False,66.8386,40.37576,58902.3184128,601,502
False,66.70539,40.18435,58902.3500032,594,502
False,66.75325,40.29544,58902.38208,602.5,502
False,66.783,40.32261,58902.4141696,606,502
False,66.74382,40.40088,58902.4460672,607,502
False,66.73997,40.35823,58902.4786816,602.5,502
False,66.75232,40.51582,58902.5103104,611,502
False,66.66666,40.35931,58902.5419136,603,502
False,66.68967,40.30867,58902.5899136,601.5,502
False,66.76686,40.41013,58902.6219008,605.5,502
False,66.71097,40.43341,58902.6539776,609.5,502
False,66.69102,40.44718,58902.686528,609,502
False,66.695,40.30944,58902.7180544,600,502
False,66.72684,40.39571,58902.7504128,606.5,502
False,66.69666,40.33694,58902.7824256,600,502
False,66.65971,40.25494,58902.8139392,599.5,502
False,66.63889,40.38779,58902.84608,606,502
False,66.62337,40.24646,58902.8781056,600.5,502
False,66.65708,40.19881,58902.9099264,591,502
False,66.68044,40.40716,58902.9423744,605,502
False,66.65835,40.32973,58902.9901312,601,502
False,66.65398,40.41522,58903.0219776,604.5,502
False,66.70871,40.47843,58903.0539904,606.5,502
False,66.73078,40.33056,58903.085952,600.5,502
False,66.76159,40.38107,58903.1185536,600.5,502
False,66.59259,40.23344,58903.1506304,594,502
False,66.54276,40.63898,58903.1821056,608,502
False,66.18792,41.08801,58903.2145152,615.5,502
False,65.77307,41.63556,58903.2463744,637.5,502
False,65.33413,42.19044,58903.2779648,631,502
False,64.73452,43.14139,58903.3100288,616.5,502
False,63.8895,44.09418,58903.3419904,633.5,502
False,62.98474,45.00184,58903.3907712,633.5,502
False,61.90756,45.48357,58903.4224768,654.5,502
False,61.17848,46.38823,58903.4540544,677,502
False,60.68176,47.6372,58903.4859392,684.5,502
False,59.79712,48.94146,58903.5181696,660.5,502
False,59.84617,51.45422,58903.5501184,642.5,502
False,60.1939,53.58851,58903.5828352,612,502
False,60.4655,56.14909,58903.6147328,630.5,502
False,60.44599,58.95437,58903.646144,646.5,502
False,60.28246,60.66513,58903.6783872,652,502
False,60.29716,62.02695,58903.71008,668,502
False,59.9721,63.535,58903.7427968,681,502
False,59.72471,65.6091,58903.7904256,692,502
False,59.39213,68.17493,58903.822144,686,502
False,59.28947,71.70977,58903.8540416,653.5,502
False,59.81456,75.24331,58903.8860288,648,502
False,60.13353,78.70653,58903.9181952,669,502
False,60.1242,82.02618,58903.950528,675,502
False,60.04846,84.65492,58903.982144,681,502
False,60.08278,87.53018,58904.0142464,676.5,502
False,59.61103,90.15578,58904.04608,674,502
False,59.29254,92.57607,58904.0781056,666,502
False,59.18854,95.64581,58904.1105664,663,502
False,59.50814,98.64238,58904.142208,624.5,502
False,60.27493,101.8022,58904.1903872,633.5,502
False,60.65798,104.9474,58904.2225792,652.5,502
False,60.97731,108.2279,58904.2541696,661,502
False,60.93861,110.6345,58904.2861824,657,502
False,60.60035,111.9118,58904.3183232,671,502
False,60.35711,113.5066,58904.3501696,687,502
False,59.70525,115.6144,58904.3826048,682.5,502
False,59.64252,118.5218,58904.4142976,683.5,502
False,59.66692,121.4836,58904.446464,659,502
False,59.89582,123.8667,58904.4785408,641.5,502
False,60.52145,125.5867,58904.5102592,625.5,502
False,61.14724,126.8123,58904.5421696,613.5,502
False,61.41968,127.9863,58904.5901312,608,502
False,61.60632,129.3626,58904.6227584,638,502
False,61.03663,128.5599,58904.6546048,587,502
False,61.26961,129.0372,58904.68608,578,502
False,61.67443,130.0428,58904.7183232,580,502
False,62.19242,130.8788,58904.7501824,576,502
False,62.15284,131.232,58904.782336,572.5,502
False,62.31149,131.0995,58904.8145024,564.5,502
False,62.26463,131.0815,58904.8465024,572.5,502
False,62.24327,131.0009,58904.8782336,575.5,502
False,62.27067,131.0907,58904.910272,582.5,502
False,62.09274,131.0717,58904.9430144,571.5,502
False,62.19919,131.0243,58904.9902848,576.5,502
False,62.22387,131.0827,58905.0232192,574,502
False,62.20295,131.0035,58905.0546432,576.5,502
False,62.26511,131.0556,58905.086272,579,502
False,62.16464,131.1858,58905.1183488,575,502
False,62.16796,131.1582,58905.1503104,579.5,502
False,62.23267,131.1383,58905.1822464,579.5,502
False,62.23434,131.1261,58905.2145792,577.5,502
False,62.12156,131.1361,58905.2466176,574.5,502
False,62.20877,131.0704,58905.278208,578,502
False,62.21257,131.1697,58905.3102976,575.5,502
False,62.14108,131.0685,58905.3424,576.5,502
False,62.21447,131.1984,58905.3908096,580.5,502
False,62.19834,131.2714,58905.42272,581.5,502
False,62.26546,131.2589,58905.4543616,582,502
False,62.18426,131.2814,58905.486272,578,502
False,62.09067,131.1369,58905.5184,573.5,502
False,62.21791,131.273,58905.5502848,580.5,502
False,62.25302,131.3077,58905.5831552,579,502
False,62.5183,131.7002,58905.614592,592,502
False,63.1585,132.7829,58905.6462464,602.5,502
False,63.3697,133.5278,58905.6783232,605,502
False,63.88518,134.5721,58905.7104768,599.5,502
False,64.1095,135.1126,58905.759104,586,502
False,64.20205,135.8767,58905.7907968,586.5,502
False,63.30129,136.879,58905.8224256,582.5,502
False,62.91303,137.6373,58905.8544,596,502
False,63.03791,138.1522,58905.8863232,576,502
False,62.96802,138.6609,58905.918336,578.5,502
False,62.80414,138.6675,58905.9506944,579.5,502
False,63.06264,139.0336,58905.9830016,580,502
False,62.72353,139.765,58906.0144,571.5,502
False,62.98034,139.544,58906.0468096,568,502
False,63.23746,139.164,58906.078912,565,502
False,63.62336,139.3176,58906.110784,573.5,502
False,63.58099,139.3702,58906.1584128,570,502
False,63.27032,139.3024,58906.1905152,566,502
False,63.31236,139.4531,58906.2225152,572,502
False,63.27367,139.4228,58906.2544512,575.5,502
False,63.3831,139.3987,58906.2867456,576,502
False,63.41353,139.4818,58906.31872,571.5,502
False,63.2629,139.0856,58906.3503872,539.5,502
False,63.18959,138.9729,58906.3824768,534.5,502
False,63.46892,139.1904,58906.4144384,547,502
False,64.13019,139.6645,58906.4463104,530,502
False,65.71555,140.9092,58906.479424,528.5,502
False,67.58669,142.2185,58906.5109504,521,502
False,68.90279,143.0944,58906.5583488,531.5,502
False,70.84725,143.9676,58906.5905664,515,502
False,72.93237,145.2163,58906.6225152,522.5,502
False,74.5483,147.1916,58906.6544384,521,502
False,76.96135,148.6706,58906.6867328,504.5,502
False,79.48183,148.3616,58906.7187712,472.5,502
False,83.07191,148.5689,58906.7504896,496,502
False,85.64275,149.2603,58906.7825152,529.5,502
False,88.65561,149.7697,58906.814528,527.5,502
False,91.61929,149.9732,58906.8468096,503,502
False,94.88564,149.839,58906.8785792,529,502
False,99.24587,150.0321,58906.9105536,545,502
False,102.7884,149.767,58906.9585664,523,502
False,106.4968,148.9011,58906.9905536,490.5,502
False,110.1532,147.7169,58907.0229376,490.5,502
False,114.1822,146.5854,58907.0552064,500.5,502
False,117.4578,146.5943,58907.0869248,511.5,502
False,121.3009,145.9706,58907.118528,499,502
False,125.0384,145.3234,58907.1505024,520.5,502
False,128.9428,145.4505,58907.1831936,533.5,502
False,132.9621,145.0891,58907.214912,510.5,502
False,135.8776,144.4085,58907.2469248,501,502
False,137.8561,143.2319,58907.2786048,498,502
False,140.6893,142.1853,58907.3106304,523.5,502
False,143.6015,141.6386,58907.3590656,517,502
False,146.4317,141.0564,58907.39072,511.5,502
False,149.3161,140.3336,58907.4229888,523,502
False,152.9045,139.0974,58907.4546048,534,502
False,155.92,138.6783,58907.4865152,531.5,502
False,158.7926,138.4069,58907.5189248,534.5,502
False,165.5446,134.2763,58907.5507584,315.5,502
False,166.9033,133.3438,58907.5825152,336,502
False,169.3873,132.3031,58907.6146304,358.5,502
False,169.8211,134.5044,58907.6466048,490,502
False,175.9366,130.0497,58907.6787456,305,502
False,177.7569,129.8608,58907.7110016,364,502
False,180.0554,129.5567,58907.7590656,427.5,502
False,181.8515,130.5364,58907.7906688,513,502
False,183.9198,130.5492,58907.822656,505,502
False,184.7657,129.9648,58907.8545792,511.5,502
False,184.5713,129.5454,58907.8868224,508.5,502
False,184.8359,129.5898,58907.9189248,514,502
False,184.685,129.7634,58907.9505664,508.5,502
False,184.6045,129.9461,58907.982592,504,502
False,184.7754,129.8716,58908.014592,507.5,502
False,184.6439,129.7997,58908.0466688,505,502
False,184.5725,129.804,58908.0791168,506,502
False,184.5016,129.6413,58908.1108096,505,502
False,183.8408,127.6311,58908.1589504,389.5,502
False,183.6551,122.9073,58908.1911936,129.5,502
False,183.3603,122.21,58908.2226688,86.5,502
False,184.4879,129.7851,58908.254592,508,502
False,184.6794,129.6853,58908.2865408,509,502
False,184.4296,129.76,58908.318592,505.5,502
False,184.7058,129.7074,58908.3509248,511,502
False,186.4905,134.8115,58908.3830272,202.5,502
False,184.9224,129.6248,58908.4149504,489.5,502
False,184.6111,129.6676,58908.4467328,509.5,502
False,184.7834,129.6348,58908.4787712,517,502
False,184.6112,129.6501,58908.510656,513.5,502
False,185.6062,129.0689,58908.5587584,496,502
False,187.7493,128.0488,58908.5910144,506,502
False,191.83,126.7622,58908.6229376,528.5,502
False,196.528,125.4415,58908.6546816,547,502
False,202.9312,124.3634,58908.686592,520.5,502
False,208.9358,123.4758,58908.7188864,537,502
False,215.1857,122.6956,58908.75072,524,502
False,221.1282,121.3371,58908.7833344,489,502
False,227.007,119.7093,58908.815296,520.5,502
False,234.0127,118.4578,58908.8469248,513,502
False,239.9549,118.8528,58908.8789248,509.5,502
False,245.6511,119.9211,58908.9110272,513.5,502
False,251.882,119.8787,58908.9587456,512.5,502
False,257.5732,119.1904,58908.9911552,519,502
False,262.4251,118.4153,58909.0229888,526.5,502
False,268.0554,118.2837,58909.0546816,544.5,502
False,272.7664,118.5482,58909.0866944,533,502
False,276.2132,119.7838,58909.1189504,539.5,502
False,278.8205,121.4376,58909.1507456,540.5,502
False,281.8332,122.6945,58909.1834496,562.5,502
False,285.3573,123.2775,58909.2153728,549.5,502
False,288.5753,123.6257,58909.2467968,536.5,502
False,292.1911,123.8636,58909.2792448,542.5,502
False,295.8962,124.7366,58909.3109632,552.5,502
False,299.4753,125.819,58909.358784,547,502
False,302.514,127.3942,58909.3910912,548,502
False,305.9941,130.1967,58909.42272,566,502
False,310.3054,132.8417,58909.4547328,579,502
False,315.4345,134.4652,58909.48672,570,502
False,319.9802,136.0966,58909.5187456,538,502
False,324.6084,137.1995,58909.5512704,560.5,502
False,328.5569,138.0304,58909.583296,575.5,502
False,331.6755,139.0388,58909.6147584,566.5,502
False,335.1116,140.2864,58909.646848,572,502
False,337.9219,141.0873,58909.6788736,578.5,502
False,340.2452,141.7691,58909.710976,582.5,502
False,343.2038,142.2129,58909.7594368,602,502
False,346.7379,142.1977,58909.791232,601,502
False,351.219,141.4983,58909.82272,580,502
False,356.0799,141.7984,58909.8551168,588.5,502
False,360.765,142.6547,58909.8867968,613.5,502
False,365.1946,143.4158,58909.9190016,590,502
False,369.3889,144.017,58909.950848,567,502
False,371.7769,144.4122,58909.9830656,579,502
False,373.293,144.4135,58910.0156544,578,502
False,373.5808,143.5633,58910.0472832,569,502
False,374.0197,142.9809,58910.0790528,576.5,502
False,375.3569,142.6246,58910.1111168,586.5,502
False,378.0801,142.8493,58910.1588992,588.5,502
False,381.3663,142.9643,58910.1908608,602,502
False,384.2232,143.3652,58910.2231552,611.5,502
False,387.235,143.9649,58910.2554112,588.5,502
False,390.741,145.0965,58910.286784,585.5,502
False,394.0872,144.8916,58910.3193472,581,502
False,396.1304,145.793,58910.3514624,459,502
False,399.8137,145.3028,58910.3830016,442,502
False,403.9348,143.3941,58910.4150144,516,502
False,405.8866,143.6646,58910.4470144,483.5,502
False,407.9883,142.8555,58910.4789504,527,502
False,408.7198,143.1778,58910.5114752,545.5,502
False,409.5775,143.379,58910.5590144,544,502
False,410.0272,143.4679,58910.590912,546,502
False,410.1179,143.2705,58910.622912,538.5,502
False,410.1949,143.0885,58910.6548992,537,502
False,410.116,143.1936,58910.6873216,534.5,502
False,410.0041,142.9707,58910.7192832,530,502
False,409.7932,143.0088,58910.750976,529.5,502
False,409.8965,143.006,58910.7830016,531.5,502
False,409.7384,142.9737,58910.815104,532,502
False,409.8664,142.9792,58910.847104,536.5,502
False,410.0296,143.089,58910.8794496,530,502
False,410.6167,143.4231,58910.9114496,523.5,502
False,411.8176,144.0821,58910.9593472,523.5,502
False,412.7225,144.616,58910.990912,522.5,502
False,412.8007,144.1534,58911.0228608,526,502
False,412.426,143.4771,58911.0550272,525,502
False,413.4192,142.397,58911.087104,534,502
False,414.1422,141.9047,58911.1192832,547.5,502
False,414.3119,141.8267,58911.1513216,553,502
False,413.9438,142.4619,58911.1831296,557.5,502
False,413.5031,143.8209,58911.21504,568.5,502
False,413.3866,144.9182,58911.247232,607,502
False,412.7289,144.5533,58911.2792448,605.5,502
False,411.678,143.9852,58911.3117952,573.5,502
False,412.1604,143.3426,58911.3593728,556,502
False,413.9341,142.8131,58911.3909888,551,502
False,415.9659,141.7951,58911.4229248,566,502
False,418.1962,140.7102,58911.4549376,570,502
False,419.9072,139.7714,58911.48704,574.5,502
False,421.9752,139.424,58911.5195136,592,502
False,423.6956,139.2815,58911.5510784,594.5,502
False,424.9618,138.9278,58911.5831808,607,502
False,425.4454,138.7474,58911.615488,601,502
False,426.266,138.2827,58911.6471936,586.5,502
False,426.3527,138.404,58911.6798208,568.5,502
False,425.9029,138.6824,58911.7116928,559.5,502
False,425.8029,138.7981,58911.7596416,558,502
False,425.8976,139.1757,58911.7913344,561.5,502
False,425.7738,139.3018,58911.82304,550.5,502
False,425.5799,139.3055,58911.8550272,557,502
False,425.7151,139.3698,58911.8870272,557.5,502
False,425.5634,139.3071,58911.9191424,560,502
False,425.5703,139.0652,58911.9515776,572.5,502
False,425.4573,139.0769,58911.9836288,566,502
False,425.4849,139.4298,58912.0150272,572,502
False,425.4477,139.2822,58912.0474496,574,502
False,425.7967,139.4249,58912.0792448,584.5,502
False,425.6211,139.5054,58912.1111296,570.5,502
False,425.479,139.5129,58912.1596544,575.5,502
False,425.6066,139.3537,58912.1913856,574,502
False,425.5826,139.5291,58912.2233728,580.5,502
False,425.7112,139.5298,58912.2550784,587,502
False,425.7157,139.4431,58912.28704,581.5,502
False,425.6018,139.4113,58912.31936,585.5,502
False,425.4529,139.517,58912.3513344,574.5,502
False,425.6838,139.5388,58912.3837056,584,502
False,425.655,139.4601,58912.4160128,584,502
False,425.6429,139.3674,58912.447616,583,502
False,425.7379,139.6125,58912.4791936,566,502
False,425.7722,139.3136,58912.5112192,575,502
False,425.4511,139.7266,58912.5591296,542,502
False,425.5798,139.6391,58912.5911168,556.5,502
False,425.678,139.4792,58912.6235136,556.5,502
False,425.9228,139.0851,58912.655424,570,502
False,426.1196,137.8649,58912.6871168,557.5,502
False,426.5206,136.5395,58912.7194368,574,502
False,427.0234,134.8341,58912.7517568,570.5,502
False,427.3144,133.0224,58912.7837312,588.5,502
False,427.9204,130.0681,58912.8155392,584.5,502
False,428.614,127.3843,58912.8472832,576,502
False,428.9828,124.5073,58912.8792192,533.5,502
False,429.002,121.5175,58912.9112704,514,502
False,428.4102,118.8909,58912.9595776,539.5,502
False,427.6706,115.6616,58912.9917184,554.5,502
False,427.2788,112.6423,58913.0233088,553.5,502
False,427.3749,110.0098,58913.0552064,593,502
False,428.1149,107.7357,58913.0877824,608,502
False,428.7032,105.3618,58913.1199488,603,502
False,428.4573,103.1448,58913.151232,583.5,502
False,428.112,101.4462,58913.1837696,567,502
False,427.8554,100.3011,58913.215424,559,502
False,427.9233,99.48158,58913.2476544,561,502
False,427.8362,99.48573,58913.2795904,554.5,502
False,427.8618,99.6943,58913.3113728,561,502
False,427.8556,99.807,58913.3592192,566.5,502
False,427.9621,99.75164,58913.3912576,559,502
False,427.9343,99.85667,58913.4232448,560.5,502
False,427.9946,99.89693,58913.4557056,553,502
False,428.0101,99.80154,58913.487232,563.5,502
False,427.9944,99.67142,58913.5195392,560.5,502
False,428.0352,100.1277,58913.551424,553.5,502
False,428.1636,99.88898,58913.5834496,570.5,502
False,428.1078,99.9081,58913.6164352,564,502
False,428.0674,99.75317,58913.6473472,566.5,502
False,428.0553,100.0571,58913.6796032,555,502
False,427.9783,100.0045,58913.7113472,560,502
False,427.8365,99.39063,58913.7593344,558.5,502
False,427.2485,97.88733,58913.7913856,569.5,502
False,427.2103,96.26752,58913.823744,582.5,502
False,427.4567,95.16482,58913.8554624,586.5,502
False,428.1857,94.75199,58913.887232,607.5,502
False,428.3748,94.37759,58913.9195392,602.5,502
False,428.5372,93.80434,58913.951488,606.5,502
False,428.6521,93.45104,58913.9840384,606,502
False,428.4684,92.83122,58914.016064,632,502
False,428.9223,92.65977,58914.0473216,628.5,502
False,428.9397,92.57074,58914.0795904,622,502
False,428.92,92.68289,58914.1113088,606,502
False,429.1123,92.72926,58914.159424,596.5,502
False,428.9681,92.74141,58914.191424,606.5,502
False,428.93,92.80537,58914.2233984,602,502
False,428.9154,92.63,58914.2562048,609,502
False,429.0698,92.7123,58914.287808,599,502
False,429.035,92.67954,58914.3197056,595.5,502
False,429.1168,92.65696,58914.35136,601,502
False,429.0829,92.64435,58914.3833856,597.5,502
False,428.9427,92.77695,58914.4154496,601.5,502
False,428.9632,92.57242,58914.4477952,603,502
False,428.9872,92.59101,58914.4794112,597,502
False,428.8543,92.74187,58914.5115264,605,502
False,428.8234,92.70022,58914.5594496,601,502
False,428.9027,92.42045,58914.5915264,606.5,502
False,428.8247,92.2112,58914.624448,589.5,502
False,429.1489,91.76222,58914.6553344,603.5,502
False,429.5331,89.98871,58914.6878336,605,502
False,430.0198,87.64969,58914.7195904,589,502
False,430.0281,85.76202,58914.7516416,582,502
False,429.8965,85.43743,58914.7833856,578,502
False,430.108,85.37257,58914.8157824,565,502
False,430.2015,85.49393,58914.8474368,562.5,502
False,430.0523,85.28102,58914.8793728,573.5,502
False,429.7154,84.51176,58914.911552,581,502
False,429.3686,82.60929,58914.9595776,610,502
False,429.3665,80.44364,58914.9922816,624,502
False,429.2195,78.64417,58915.0242944,615,502
False,429.3541,77.70467,58915.0559488,609.5,502
False,429.4666,77.17699,58915.0873984,621.5,502
False,429.5866,77.16338,58915.119552,608,502
False,429.6803,77.30893,58915.1525504,601,502
False,429.8564,77.8332,58915.1838208,602.5,502
False,429.9059,77.9426,58915.2154624,604,502
False,429.8573,77.68052,58915.2475904,601.5,502
False,429.8231,77.15419,58915.2795904,601,502
False,429.7971,77.28468,58915.3116416,599.5,502
False,429.8364,77.25823,58915.3599744,597,502
False,429.8733,77.47118,58915.392,598.5,502
False,429.937,77.75838,58915.4236928,587,502
False,429.9491,77.60287,58915.4556288,593,502
False,429.939,77.37511,58915.487488,598.5,502
False,429.8585,77.21915,58915.519552,597,502
False,429.8365,76.92711,58915.5522432,610.5,502
False,429.8116,76.40032,58915.583872,622,502
False,430.071,75.02018,58915.6160768,619.5,502
False,430.2481,73.46236,58915.6475776,620,502
False,430.5103,71.1657,58915.6798848,604.5,502
False,430.435,69.12408,58915.711616,587,502
False,430.0065,67.80723,58915.7596032,590.5,502
False,429.2275,65.99313,58915.7920896,606.5,502
False,428.8636,64.11982,58915.8236416,631.5,502
False,428.7253,62.60594,58915.8559616,623,502
False,428.9488,61.57264,58915.8875264,611.5,502
False,429.625,60.81599,58915.91968,644,502
False,429.9941,59.85128,58915.9521152,650,502
False,430.2431,59.10126,58915.9835904,648.5,502
False,430.3191,58.39716,58916.0159232,645,502
False,430.2453,57.47491,58916.0476672,651,502
False,430.5652,57.05022,58916.0797952,640.5,502
False,430.6965,56.52124,58916.1117312,647.5,502
False,430.8612,55.94085,58916.1604096,634,502
False,431.4029,54.74817,58916.1921152,615.5,502
False,431.0383,53.89798,58916.22368,617.5,502
False,430.0377,54.05952,58916.2556928,602,502
False,429.9179,53.94609,58916.287616,609,502
False,430.2959,53.99972,58916.3197056,601,502
False,430.5249,54.12814,58916.3519104,610,502
False,430.3889,54.39809,58916.38368,612.5,502
False,430.465,54.58319,58916.4157056,605,502
False,430.4672,54.52615,58916.4477568,599,502
False,430.4005,54.46776,58916.4797056,610,502
False,430.3497,54.53164,58916.512512,611,502
False,430.4955,54.42963,58916.5601664,607.5,502
False,430.4357,54.39135,58916.5918464,609,502
False,430.4561,54.50055,58916.6237184,612,502
False,430.3593,54.40073,58916.6561152,596,502
False,430.2534,54.5083,58916.6876544,582,502
False,430.049,54.28522,58916.7200896,578.5,502
False,429.7596,54.61713,58916.7519744,545,502
False,429.2155,52.96763,58916.7840256,571.5,502
False,429.0075,52.60006,58916.8158336,530.5,502
False,428.9743,51.97849,58916.8479232,519,502
False,429.5827,50.953,58916.8797568,496.5,502
False,431.0687,49.35729,58916.912256,473,502
False,431.5473,47.62026,58916.9601792,452.5,502
False,430.2005,46.69968,58916.991744,414,502
False,429.7149,45.53976,58917.0236416,394,502
False,429.438,44.32473,58917.0562176,368,502
False,429.576,43.4424,58917.0879744,353,502
False,430.1831,42.83427,58917.1203968,354,502
False,430.5956,42.47911,58917.151808,359,502
False,430.8657,42.10769,58917.1839872,357.5,502
False,430.6147,41.55895,58917.2158976,343.5,502
False,431.1307,40.79027,58917.2482944,329,502
False,431.4623,40.04628,58917.2797056,320.5,502
False,431.6413,39.72771,58917.3122688,308.5,502
False,431.3072,39.42735,58917.359808,312,502
False,431.1836,39.18942,58917.3918976,315,502
False,431,39.45219,58917.42368,308.5,502
False,430.9853,39.66949,58917.4557312,295.5,502
False,431.006,39.92487,58917.4882688,279.5,502
False,430.894,40.06905,58917.5201536,280,502
False,430.9644,40.16998,58917.5518592,276.5,502
False,430.8601,40.25238,58917.5841024,280,502
False,430.979,40.19279,58917.615936,277.5,502
False,430.6498,40.20277,58917.6479232,277,502
False,431.0396,40.05826,58917.6804224,277.5,502
False,430.8879,40.07036,58917.7123712,279.5,502
False,430.8012,40.07327,58917.759744,277.5,502
False,430.8611,40.11509,58917.7917696,279.5,502
False,430.5019,40.35115,58917.8237952,262,502
False,430.7838,40.85965,58917.8565376,266,502
False,430.4708,41.4595,58917.8881664,251,502
False,430.4616,41.82382,58917.9198208,236.5,502
False,430.1909,41.74715,58917.9518464,234,502
False,430.3422,41.898,58917.9839872,225.5,502
False,429.9447,41.95944,58918.0160896,226,502
False,430.0368,42.13853,58918.0483328,231,502
False,430.0672,42.14579,58918.0801152,235.5,502
False,429.9801,42.23881,58918.1119488,234.5,502
False,429.9682,42.03178,58918.1597696,225.5,502
False,429.6857,42.11744,58918.1917824,237,502
False,429.9106,42.45816,58918.2241664,235,502
False,429.7186,42.32973,58918.2562432,231,502
False,430.1364,42.48852,58918.2878336,239.5,502
False,430.1099,42.35141,58918.3198848,230.5,502
False,429.8103,42.71552,58918.3519744,232,502
False,430.1586,42.90667,58918.3844608,237.5,502
False,429.9885,43.73276,58918.4163072,232,502
False,430.7502,44.33629,58918.4480768,225.5,502
False,430.5841,45.37173,58918.4799232,204,502
False,432.134,39.95413,58918.5119232,327,502
False,433.8871,46.32874,58918.559808,181.5,502
False,434.6074,45.45833,58918.5925248,208,502
False,431.3497,40.90704,58918.6239232,376.5,502
False,430.9675,41.24926,58918.6563072,394.5,502
False,430.1316,41.39001,58918.6878592,420.5,502
False,429.1805,41.13596,58918.720192,456,502
False,429.189,41.33295,58918.7520512,440,502
False,428.5476,41.16979,58918.7844736,453.5,502
False,427.6033,40.02417,58918.816896,489.5,502
False,426.6321,38.98935,58918.8483456,516.5,502
False,425.7716,37.78395,58918.8800768,513,502
False,424.501,37.0592,58918.9119872,518,502
False,423.3174,36.39355,58918.9599104,501,502
False,422.2468,35.86641,58918.9920128,514,502
False,421.6257,35.43697,58919.0245248,513,502
False,421.0667,35.22567,58919.0563712,500,502
False,419.9917,33.84519,58919.0879488,520,502
False,418.6009,32.95047,58919.120128,535,502
False,417.0208,33.27121,58919.1521408,520.5,502
False,415.0081,34.13078,58919.1848704,497,502
False,412.6894,34.53496,58919.2163072,491,502
False,409.7516,34.34658,58919.2479872,516,502
False,407.2345,34.41127,58919.2800768,517.5,502
False,405.6148,34.05349,58919.312,523.5,502
False,404.6046,33.67208,58919.3600256,523.5,502
False,404.2865,33.28521,58919.3924992,516,502
False,404.0435,33.38862,58919.424256,521.5,502
False,403.3905,33.79785,58919.4561408,542.5,502
False,402.6685,33.44486,58919.488064,530.5,502
False,401.7469,33.11921,58919.520704,521.5,502
False,400.3948,33.19707,58919.552192,534.5,502
False,399.1679,33.10705,58919.5844992,534,502
False,399.1626,32.71489,58919.6163328,556.5,502
False,399.1119,33.02104,58919.6480128,546.5,502
False,398.8897,34.00825,58919.6810624,545.5,502
False,398.871,34.50049,58919.7123328,511.5,502
False,398.6849,34.76228,58919.7600768,512.5,502
False,397.9885,34.8461,58919.7921536,509,502
False,396.3292,35.05412,58919.8241664,523.5,502
False,393.8807,34.81948,58919.8560768,547.5,502
False,391.0189,34.07267,58919.8884352,555,502
False,387.5392,33.77551,58919.9202688,563.5,502
False,384.5704,34.06087,58919.9520768,569.5,502
False,381.7303,33.82071,58919.9842432,581,502
False,378.0222,34.0536,58920.0161536,569,502
False,374.6147,34.12718,58920.0484096,574,502
False,371.8367,33.6072,58920.0801152,597,502
False,368.8886,32.72818,58920.1123712,615,502
False,366.7261,32.75758,58920.1601664,594,502
False,364.117,32.77348,58920.1922304,555.5,502
False,362.8368,32.57387,58920.2242048,537,502
False,361.9471,33.2266,58920.2562816,545,502
False,361.6145,33.38338,58920.288448,549.5,502
False,361.6221,33.94673,58920.3207296,535,502
False,361.0066,34.04041,58920.3524224,528,502
False,361.1826,33.62591,58920.3841024,527.5,502
False,361.18,32.97393,58920.4160768,543.5,502
False,360.9017,32.72783,58920.4481024,569.5,502
False,361.0385,32.72198,58920.480192,563.5,502
False,361.2943,32.78036,58920.512576,560,502
False,361.0806,32.88249,58920.5602176,564.5,502
False,361.107,32.82794,58920.59232,571.5,502
False,361.3141,32.8042,58920.6242048,563.5,502
False,361.2834,32.78297,58920.6563072,577.5,502
False,360.9556,32.76162,58920.688576,577.5,502
False,360.9908,32.77373,58920.7206144,576,502
False,361.0639,32.89648,58920.752192,563.5,502
False,361.224,32.77924,58920.7841792,571.5,502
False,361.1554,32.85202,58920.8166656,562,502
False,361.6253,32.94372,58920.8484352,536,502
False,361.6842,32.78629,58920.8802176,542,502
False,361.5223,32.74519,58920.9122048,537,502
False,361.61,32.71833,58920.9602816,535.5,502
False,360.1309,32.65721,58920.9924352,564,502
False,358.1261,32.69568,58921.0244608,563,502
False,356.65,32.55347,58921.0569344,559.5,502
False,354.532,32.57516,58921.0887808,555.5,502
False,351.341,32.75942,58921.1202176,566,502
False,348.3998,32.44793,58921.1524992,589,502
False,345.3441,33.21088,58921.1841664,573,502
False,340.7916,33.10257,58921.2162304,565.5,502
False,336.7713,33.52851,58921.2482176,567,502
False,333.1468,34.34507,58921.2806016,582.5,502
False,330.2024,34.19186,58921.3122688,569,502
False,327.5754,34.37521,58921.3603072,581,502
False,325.1595,34.33362,58921.3923328,584,502
False,322.7625,34.19002,58921.4243968,621,502
False,320.7003,34.02834,58921.4568448,623.5,502
False,318.3516,33.60204,58921.488832,603.5,502
False,316.3367,33.70444,58921.5203968,600,502
False,314.7888,34.22398,58921.55264,599,502
False,313.4574,34.196,58921.5845504,616.5,502
False,312.9604,33.98335,58921.6163456,610.5,502
False,312.3761,33.187,58921.6483968,651.5,502
False,312.0695,32.9313,58921.680384,655,502
False,311.8362,32.9474,58921.712768,668.5,502
False,312.0639,33.26043,58921.7603328,647,502
False,312.6736,33.51627,58921.7928448,625,502
False,312.9093,33.76764,58921.8244096,614,502
False,312.877,33.91068,58921.8563968,599,502
False,312.6713,33.79559,58921.8885888,611.5,502
False,312.9591,33.26511,58921.9209344,623,502
False,312.7996,33.51568,58921.95232,627,502
False,312.8177,33.34481,58921.9846912,624.5,502
False,313.2433,33.43716,58922.0167424,579.5,502
False,312.92,34.34511,58922.048448,552,502
False,310.5853,34.95123,58922.0803456,577.5,502
False,309.2717,35.08554,58922.1123968,565,502
False,307.829,35.28521,58922.1609984,564.5,502
False,306.8208,35.65595,58922.1928576,560,502
False,306.1151,35.95882,58922.2242816,554.5,502
False,305.474,37.01573,58922.2564352,551,502
False,305.4003,37.45723,58922.2883456,547.5,502
False,305.4313,37.84033,58922.3205248,559.5,502
False,305.3636,38.02146,58922.3528448,567,502
False,305.5735,37.95971,58922.3848064,558.5,502
False,305.413,37.9281,58922.4164992,561,502
False,304.9674,38.22958,58922.448576,573.5,502
False,304.9958,38.38532,58922.4805376,561,502
False,304.5887,38.73487,58922.5128704,564.5,502
False,304.2664,39.08088,58922.5605248,560.5,502
False,305.4445,38.99089,58922.5926272,512.5,502
False,303.5906,40.00407,58922.6244608,532.5,502
False,300.4794,40.93407,58922.6570752,538.5,502
False,297.2403,42.54159,58922.6889344,541,502
False,294.1579,44.98278,58922.7204352,561.5,502
False,291.1017,46.682,58922.7524096,587,502
False,288.191,48.06234,58922.784448,577.5,502
False,285.8033,49.05513,58922.816576,586.5,502
False,283.0465,49.92277,58922.8492416,580.5,502
False,279.5762,50.96865,58922.8808704,563.5,502
False,275.2537,52.26249,58922.9127424,567,502
False,270.8837,53.55354,58922.9605888,579,502
False,266.9894,54.44414,58922.99264,552,502
False,262.8436,55.12016,58923.0244096,534,502
False,258.2096,56.08954,58923.0565376,530.5,502
False,253.3878,56.64956,58923.0884992,536,502
False,248.776,56.8859,58923.1213952,520,502
False,244.1848,56.81648,58923.152832,534,502
False,239.5875,56.43425,58923.1846528,545,502
False,235.264,56.9227,58923.2165888,545.5,502
False,231.2352,57.24484,58923.24864,533,502
False,227.3157,58.07316,58923.2807424,528.5,502
False,223.2856,58.47737,58923.3129344,545,502
False,219.6972,58.72557,58923.360576,523.5,502
False,216.3562,58.56789,58923.392576,518,502
False,213.0297,58.26572,58923.4244608,527.5,502
False,209.599,57.541,58923.4564736,534.5,502
False,206.3663,57.47697,58923.488832,521,502
False,203.4738,57.91111,58923.5213312,517.5,502
False,200.7347,58.79771,58923.5526656,524,502
False,198.0537,59.2216,58923.5852672,537,502
False,195.2774,59.67175,58923.617088,557,502
False,192.8889,59.8181,58923.6486912,558,502
False,190.1533,59.73992,58923.6808448,562,502
False,187.5752,59.36566,58923.712704,577.5,502
False,184.79,58.86097,58923.7612672,585,502
False,182.1183,58.54668,58923.7928704,594.5,502
False,179.5816,58.43403,58923.8244736,597.5,502
False,177.369,58.4477,58923.8565376,580,502
False,174.5447,58.24313,58923.8884864,576.5,502
False,171.1326,58.12772,58923.9205632,575.5,502
False,168.4105,57.99771,58923.9537408,583.5,502
False,165.936,57.58681,58923.984768,599,502
False,164.3099,56.23252,58924.016832,598.5,502
False,162.5585,54.6741,58924.0489856,605.5,502
False,160.408,54.13039,58924.0805888,622.5,502
False,158.7446,53.70697,58924.1125632,624.5,502
False,157.5675,53.37969,58924.1604992,622,502
False,156.2657,53.13768,58924.1930368,621,502
False,154.892,52.7345,58924.2250112,597,502
False,153.7221,52.60899,58924.257024,601,502
False,153.3413,52.5421,58924.2885376,586,502
False,152.9664,52.8571,58924.3206784,585.5,502
False,153.0152,53.0808,58924.3527552,592,502
False,152.8849,53.02815,58924.3847296,598,502
False,152.9195,52.78885,58924.4169984,592,502
False,152.8782,52.65109,58924.448576,588.5,502
False,152.0071,52.9812,58924.480576,585,502
False,149.5258,52.96824,58924.5126784,603.5,502
False,146.4501,52.42041,58924.5606144,589.5,502
False,143.5045,51.01969,58924.5929856,609.5,502
False,140.1533,49.37225,58924.6250496,629.5,502
False,135.7857,47.93906,58924.6566656,640,502
False,131.2413,46.96444,58924.6886016,614,502
False,126.1902,46.03289,58924.7211648,608,502
False,121.5778,45.56085,58924.7531904,619,502
False,118.0236,44.98004,58924.7847296,643,502
False,113.8957,43.91582,58924.8166272,637.5,502
False,110.2275,42.33676,58924.8489344,633,502
False,105.9686,40.67229,58924.8809344,652,502
False,102.5802,40.29075,58924.9126784,638,502
False,98.97318,40.16416,58924.9611904,665,502
False,96.1295,40.60128,58924.9934208,652.5,502
False,93.08909,40.78765,58925.0251136,658.5,502
False,89.87118,40.33258,58925.0567936,665,502
False,87.39571,39.4648,58925.0886272,644,502
False,86.07349,37.95711,58925.120832,664.5,502
False,85.03822,36.92812,58925.1531008,658.5,502
False,83.29774,36.26267,58925.1846912,651,502
False,82.18002,35.75655,58925.2167296,617.5,502
False,82.09822,35.93628,58925.248768,599,502
False,82.55215,36.43109,58925.2808064,586.5,502
False,82.71128,36.96143,58925.3132288,579,502
False,82.4259,37.07768,58925.3611008,560,502
False,81.842,37.33094,58925.392832,558,502
False,81.30357,37.41645,58925.4248448,565.5,502
False,80.96049,37.21123,58925.4568064,561,502
False,79.99298,37.47164,58925.4887424,570,502
False,79.82561,37.03033,58925.521344,571.5,502
False,79.28053,36.70757,58925.5535488,574.5,502
False,79.31918,36.64558,58925.58496,577,502
False,79.42949,36.76457,58925.6174208,572,502
False,79.37641,36.66233,58925.6488064,576.5,502
False,79.22289,36.64835,58925.6808064,582.5,502
False,79.2721,36.67439,58925.712832,582.5,502
False,79.24972,36.66124,58925.7606784,584,502
False,79.4417,36.6261,58925.7931264,587.5,502
False,79.4681,36.57874,58925.8252416,580,502
False,79.5354,36.58297,58925.8572544,581.5,502
False,79.52739,36.58362,58925.8887296,578,502
False,79.49094,36.57003,58925.9211264,579.5,502
False,79.43656,36.50375,58925.952832,578,502
False,79.57143,36.55383,58925.9850112,577.5,502
False,79.41434,36.53542,58926.0174976,574,502
False,79.49856,36.48527,58926.0488192,577,502
False,79.5256,36.499,58926.0812672,582.5,502
False,79.35919,36.4908,58926.1132288,580,502
False,79.4186,36.49986,58926.160896,580.5,502
False,78.99321,36.66412,58926.19296,589,502
False,78.05335,37.06712,58926.2248832,593.5,502
False,77.17259,37.20155,58926.2569472,604.5,502
False,76.3409,37.5492,58926.2892544,594.5,502
False,75.27428,37.93441,58926.321344,587,502
False,74.51746,38.5549,58926.3528704,592,502
False,74.1069,38.98059,58926.3849472,592.5,502
False,73.25963,38.45627,58926.4169984,606,502
False,72.08424,38.20767,58926.448896,595.5,502
False,70.16765,37.74726,58926.4813184,593.5,502
False,69.20679,37.6406,58926.5132672,569,502
False,69.52397,38.61438,58926.560896,577,502
False,69.28358,39.55487,58926.5929856,569.5,502
False,68.5682,39.95994,58926.6249472,545,502
False,67.77231,40.74834,58926.6570112,528.5,502
False,66.68726,41.36407,58926.6893184,526,502
False,65.9867,41.40532,58926.7214592,514,502
False,66.11195,41.9978,58926.753024,530,502
False,66.06551,43.46526,58926.785024,547,502
False,66.00554,46.02216,58926.8169088,571.5,502
False,65.28123,49.52422,58926.84928,588.5,502
False,64.05917,52.51339,58926.8812032,653.5,502
False,63.10861,54.88038,58926.9129472,666,502
False,62.48129,57.65701,58926.9610496,690.5,502
False,61.41601,60.22119,58926.9930496,701.5,502
False,60.78939,62.60015,58927.0250368,679,502
False,60.18862,64.73201,58927.0576896,653,502
False,60.26025,66.29549,58927.0890368,638.5,502
False,60.91606,66.58488,58927.1218048,619.5,502
False,60.97209,67.06233,58927.1530752,615,502
False,61.12152,67.563,58927.1854848,635,502
False,60.80084,67.74086,58927.2169472,633.5,502
False,60.69824,67.91003,58927.2489856,633.5,502
False,60.69048,67.99683,58927.2809984,630,502
False,60.67347,68.12968,58927.3134848,637.5,502
False,60.70531,68.23265,58927.3609216,634,502
False,60.7147,68.15485,58927.393088,635,502
False,60.74216,67.97741,58927.425152,627,502
False,60.67703,68.00213,58927.4571264,627,502
False,60.69178,67.96907,58927.4900096,630.5,502
False,60.64228,68.04826,58927.5210112,635.5,502
False,60.70218,68.0663,58927.5533184,633.5,502
False,60.70584,67.96109,58927.5850624,634,502
False,60.71027,67.87182,58927.6177792,634.5,502
False,60.65768,67.87401,58927.6494976,631,502
False,60.71855,68.08491,58927.681024,636,502
False,60.74013,68.02185,58927.7130496,633,502
False,60.70283,67.99266,58927.7612032,636,502
False,60.74507,68.06972,58927.7933184,633.5,502
False,60.71959,68.10005,58927.8255232,633,502
False,60.75644,68.1899,58927.8572288,627.5,502
False,61.23253,68.34347,58927.8890368,625,502
False,61.37976,68.39909,58927.9210624,621,502
False,61.11003,67.77561,58927.9529856,615,502
False,60.68013,67.29645,58927.98624,619,502
False,60.54891,67.06694,58928.0189952,610,502
False,60.35336,67.6339,58928.0496384,641,502
False,60.52085,68.16525,58928.0818688,643.5,502
False,60.3842,68.61631,58928.1134336,652,502
False,60.42471,68.43707,58928.1614976,647.5,502
False,60.39647,68.4856,58928.1940864,660,502
False,60.27682,67.96797,58928.2255744,640,502
False,60.21575,68.09894,58928.257408,643.5,502
False,60.3858,67.94213,58928.2891648,648,502
False,60.30558,68.15909,58928.3215232,648.5,502
False,60.30698,68.14108,58928.3534208,645,502
False,60.26355,67.97458,58928.385472,642.5,502
False,60.27946,67.98161,58928.4171648,643.5,502
False,60.31132,67.95908,58928.4491648,643.5,502
False,60.28986,67.90062,58928.4814848,644,502
False,60.28923,67.9917,58928.513408,642.5,502
False,60.15088,67.97207,58928.5618304,638.5,502
False,60.48524,68.23582,58928.5936384,649.5,502
False,60.32004,68.16539,58928.6252928,652,502
False,60.15056,68.04755,58928.6573184,652,502
False,60.16858,68.10294,58928.6893952,652.5,502
False,60.38142,68.10149,58928.7212544,658.5,502
False,60.20316,68.16973,58928.7537152,653,502
False,60.25006,68.12592,58928.7855872,656.5,502
False,60.31425,67.93909,58928.8172928,637.5,502
False,60.15779,68.33765,58928.849344,657,502
False,60.22929,68.15631,58928.881984,660,502
False,60.32254,68.06348,58928.9136896,648.5,502
False,60.33385,68.0778,58928.9617024,647,502
False,60.24323,68.20881,58928.9936,658.5,502
False,60.16516,68.37154,58929.02592,663,502
False,60.18493,68.259,58929.0572032,652.5,502
False,60.20697,68.31706,58929.0891904,655.5,502
False,60.25537,68.29435,58929.1217408,667,502
False,60.22348,68.25126,58929.153664,660,502
False,60.19795,68.14949,58929.1853568,650,502
False,60.34536,68.32413,58929.2173568,651.5,502
False,60.34282,68.40644,58929.2492672,668,502
False,60.22783,68.38307,58929.281344,663.5,502
False,60.18261,68.13313,58929.3137024,653.5,502
False,60.38601,68.25484,58929.3613696,645.5,502
False,60.20362,68.42433,58929.3934208,663,502
False,60.31653,68.31803,58929.4252288,664.5,502
False,60.17937,68.40252,58929.4572928,662.5,502
False,60.29766,68.36823,58929.4896512,649.5,502
False,60.23018,68.32368,58929.5222272,656,502
False,60.17786,68.44327,58929.5532928,662.5,502
False,60.16742,68.47626,58929.5856768,660,502
False,60.32084,68.40704,58929.6173184,667,502
False,60.18835,68.412,58929.6493184,661,502
False,60.27003,68.20572,58929.681344,653,502
False,60.18725,67.99097,58929.71392,627.5,502
False,60.3946,67.31012,58929.761408,617.5,502
False,60.3657,67.3576,58929.7935488,618,502
False,60.29033,67.55663,58929.8252544,624,502
False,60.32824,67.60365,58929.8572928,621.5,502
False,60.38687,67.95385,58929.8896256,632,502
False,60.35735,68.31855,58929.9216256,631.5,502
False,60.30165,68.95919,58929.953344,657.5,502
False,60.30216,69.89819,58929.9854848,663,502
False,60.57792,70.55134,58930.0183552,646,502
False,60.65781,71.6776,58930.0498176,640,502
False,60.55835,73.04537,58930.0814976,635.5,502
False,60.7466,75.31484,58930.1136384,613,502
False,61.15915,77.45157,58930.161408,631.5,502
False,60.73667,79.9918,58930.1934336,609.5,502
False,60.07531,82.6516,58930.2253184,597.5,502
False,60.01385,85.44444,58930.2572928,577.5,502
False,60.84468,87.92321,58930.2897024,573,502
False,61.86835,90.55387,58930.3218432,592.5,502
False,62.47681,93.9706,58930.3533696,618,502
False,62.27406,96.2118,58930.3855232,613,502
False,61.91315,98.4734,58930.4175488,639,502
False,61.6106,101.1485,58930.44992,651,502
False,61.58272,103.0721,58930.4821888,677,502
False,61.43232,104.7485,58930.5135104,660,502
False,61.36229,106.687,58930.5618048,673.5,502
False,61.26637,108.4725,58930.5937664,669.5,502
False,61.47905,110.8246,58930.625344,640.5,502
False,62.10506,113.3533,58930.6573568,633,502
False,62.90316,115.6168,58930.6893824,638.5,502
False,63.27035,118.0881,58930.7217664,669.5,502
False,63.15408,120.1911,58930.753856,675,502
False,62.14701,121.2789,58930.7856512,670,502
False,61.03413,121.7235,58930.8174976,669,502
False,61.20769,123.1407,58930.8494336,676.5,502
False,61.24528,123.6179,58930.8817152,662.5,502
False,61.16824,124.4963,58930.9142784,634,502
False,61.22141,125.3577,58930.9618304,615,502
False,61.09637,126.3658,58930.9933696,610.5,502
False,60.83403,127.4219,58931.0254208,596.5,502
False,61.38527,127.8304,58931.0574848,568,502
False,62.10634,127.8315,58931.0900608,547,502
False,62.47763,127.7029,58931.12192,529,502
False,62.72528,128.4715,58931.1533952,517.5,502
False,63.00032,129.5208,58931.1859584,521,502
False,62.85027,130.5966,58931.2174976,516.5,502
False,62.68673,131.7171,58931.2500992,515,502
False,62.40341,132,58931.2817792,518.5,502
False,62.3788,132.1904,58931.3138944,509.5,502
False,62.37609,131.9466,58931.3614208,499,502
False,62.32265,132.0197,58931.393792,499,502
False,62.40071,132.208,58931.426048,512,502
False,62.37356,132.0788,58931.458112,505.5,502
False,62.32376,132.1076,58931.4894976,505,502
False,62.27739,132.1129,58931.5219968,503.5,502
False,62.30969,132.0512,58931.5536,507.5,502
False,62.33499,132.0871,58931.5859328,503,502
False,62.31944,132.1035,58931.6180864,504,502
False,62.29361,132.0923,58931.6500224,503.5,502
False,62.33498,132.0533,58931.681728,506.5,502
False,62.39373,132.036,58931.7294976,505,502
False,62.45023,132.5771,58931.761472,519,502
False,62.87357,133.8671,58931.7938944,511.5,502
False,63.48673,135.7877,58931.8256768,515,502
False,64.14286,136.9698,58931.8578688,486.5,502
False,65.783,137.1491,58931.8895616,478.5,502
False,67.12275,138.0125,58931.9217792,453.5,502
False,68.55473,139.6521,58931.9536384,469,502
False,70.51531,141.1682,58931.9860608,473.5,502
False,72.49184,142.9939,58932.0184192,490,502
False,73.75986,144.405,58932.049728,502.5,502
False,75.56765,145.9425,58932.0816896,510,502
False,77.63809,147.4624,58932.1295744,507.5,502
False,80.08199,147.6021,58932.1619968,498,502
False,81.82458,147.703,58932.1939456,504.5,502
False,83.71424,148.361,58932.2255744,536,502
False,84.94918,148.732,58932.2576768,551,502
False,85.42963,149.3839,58932.2895744,543.5,502
False,84.74318,149.5691,58932.3220864,531.5,502
False,83.26712,149.4534,58932.3537152,511,502
False,82.00237,149.5794,58932.3865472,491,502
False,80.87736,149.536,58932.4175872,477,502
False,80.423,149.6627,58932.4497024,461,502
False,79.70615,149.7745,58932.481984,439,502
False,79.77816,150.0718,58932.5298944,436.5,502
False,79.72489,150.229,58932.5615488,426.5,502
False,78.88551,150.2259,58932.5936256,426.5,502
False,79.07294,150.285,58932.6256896,441,502
False,79.37272,150.2345,58932.6577792,457,502
False,79.57726,150.0622,58932.6900352,453,502
False,79.50836,149.9684,58932.7222144,448.5,502
False,80.03906,150.0785,58932.7538048,456.5,502
False,81.0657,149.9071,58932.7858688,484.5,502
False,80.9434,149.6848,58932.818304,477,502
False,80.46964,149.6988,58932.8505344,472,502
False,80.00217,149.7841,58932.8816512,460,502
False,80.44725,150.0221,58932.9299456,475.5,502
False,80.0072,149.982,58932.9616256,463,502
False,79.79135,150.1076,58932.9938048,458.5,502
False,79.38138,150.1032,58933.025728,447.5,502
False,80.07023,150.2567,58933.0582528,467.5,502
False,79.50219,150.2527,58933.0900736,457,502
False,79.42155,150.2119,58933.1219712,461,502
False,79.97254,150.2161,58933.1538432,473.5,502
False,79.26106,150.1648,58933.18592,452,502
False,79.70146,150.2916,58933.2177408,455,502
False,79.86156,150.2929,58933.2501376,457.5,502
False,79.66409,150.3072,58933.2819712,453.5,502
False,79.79248,150.2986,58933.3296896,461,502
False,79.58932,150.3105,58933.3617024,452.5,502
False,79.50572,150.2787,58933.3937664,451.5,502
False,79.91576,150.2808,58933.4257664,457,502
False,79.97966,150.3233,58933.4581888,467,502
False,79.85355,150.2892,58933.489664,457.5,502
False,79.91405,150.3286,58933.5222272,461.5,502
False,79.94669,150.2578,58933.5540864,456.5,502
False,79.90554,150.2635,58933.5858688,460.5,502
False,79.85345,150.223,58933.6179712,451.5,502
False,80.01264,150.3897,58933.6497408,461.5,502
False,80.33226,150.4384,58933.682432,465,502
False,80.04955,150.3508,58933.73024,457.5,502
False,79.80326,150.3141,58933.7618944,460,502
False,78.21287,150.1242,58933.7943168,445.5,502
False,77.60895,149.6908,58933.8258816,462,502
False,77.41344,149.457,58933.8587264,478.5,502
False,77.49106,149.4096,58933.8901248,522,502
False,76.82333,149.5453,58933.9220224,533,502
False,75.99367,149.5003,58933.9537664,500,502
False,75.38789,149.5755,58933.9858048,473.5,502
False,75.24783,150.1382,58934.0178048,462,502
False,74.20287,150.5183,58934.050688,419,502
False,74.17399,150.2907,58934.0824448,398.5,502
False,74.26276,149.4843,58934.129856,392,502
False,74.69855,149.6758,58934.162304,402.5,502
False,75.21656,149.9482,58934.1938944,392.5,502
False,75.37527,150.0454,58934.2259712,389.5,502
False,75.45364,150.2283,58934.2580608,404.5,502
False,75.85799,149.8699,58934.2898816,419,502
False,76.2873,149.8441,58934.3223552,420,502
False,75.77012,149.7857,58934.3543296,406,502
False,76.47726,150.3013,58934.3858432,421.5,502
False,75.20317,150.2174,58934.41792,399.5,502
False,75.25657,149.9581,58934.4499456,406,502
False,75.56151,149.84,58934.4828032,410.5,502
False,75.74616,150.1617,58934.5305984,423.5,502
False,76.07741,149.9483,58934.5619328,422,502
False,75.97212,150.125,58934.5940096,418.5,502
False,75.81618,149.9956,58934.6260608,418,502
False,75.94246,149.8907,58934.658496,405.5,502
False,76.04434,150.1196,58934.6902016,421,502
False,76.24501,150.1939,58934.721984,434,502
False,76.33535,150.1852,58934.7539712,413,502
False,76.3913,150.1019,58934.7858816,414,502
False,76.36016,150.1366,58934.81792,410,502
False,76.6491,150.2603,58934.850624,427,502
False,75.47672,149.8901,58934.8826752,408,502
False,76.1299,150.3361,58934.9300096,417,502
False,74.5733,150.5235,58934.9624192,394.5,502
False,74.27959,150.0373,58934.9941504,384.5,502
False,73.42924,149.3841,58935.0260096,354.5,502
False,73.86964,149.9245,58935.0580608,404,502
False,74.56577,149.8004,58935.0899584,462.5,502
False,73.47711,149.3469,58935.1224192,466,502
False,72.33768,149.137,58935.1542656,421,502
False,72.21852,149.3017,58935.1862912,390.5,502
False,72.17321,149.207,58935.2180608,369.5,502
False,69.44099,149.9585,58935.2500224,289.5,502
False,71.40204,150.8857,58935.2820352,310.5,502
False,70.40244,150.2305,58935.3300864,301.5,502
False,72.97796,150.4247,58935.3627008,370.5,502
False,72.88615,150.9485,58935.3940864,366,502
False,73.28687,150.5179,58935.4261376,373,502
False,73.85835,150.8858,58935.4583296,376.5,502
False,73.97919,151.2528,58935.4903168,368.5,502
False,67.10815,148.0767,58935.5220224,206.5,502
False,72.63813,150.3593,58935.5539712,385.5,502
False,72.61067,150.7412,58935.5861504,378,502
False,72.15955,150.7216,58935.6184192,339.5,502
False,70.4652,150.6478,58935.6505216,318.5,502
False,70.8436,150.2512,58935.6825984,341,502
False,71.40483,150.4908,58935.7301888,345,502
False,71.87011,150.5927,58935.7621888,358,502
False,72.03212,151.0326,58935.7941888,358,502
False,71.69872,150.7821,58935.8262016,364,502
False,72.36555,150.9107,58935.8584192,388,502
False,70.54236,150.2095,58935.8900608,332.5,502
False,72.67075,150.9868,58935.9220608,367,502
False,69.60023,149.0227,58935.9540096,286,502
False,72.42319,150.6304,58935.9860608,376.5,502
False,72.65807,150.4407,58936.0184576,388,502
False,72.43831,150.3614,58936.0505344,362,502
False,72.54944,150.8667,58936.0820992,372.5,502
False,72.10493,150.9959,58936.130176,368.5,502
False,72.10593,150.8608,58936.16256,385.5,502
False,72.42048,150.4492,58936.19456,382.5,502
False,71.21618,150.5932,58936.2261888,358.5,502
False,70.09917,150.382,58936.2580352,363,502
False,70.32119,150.3773,58936.290048,398,502
False,70.1227,150.2508,58936.3222272,398,502
False,69.5479,149.6424,58936.3552256,384.5,502
False,67.19914,148.504,58936.3861376,310.5,502
False,68.07106,148.2193,58936.4188544,326,502
False,66.13541,149.0618,58936.4505984,256,502
False,67.64925,150.4791,58936.4827264,287,502
False,67.68306,150.3971,58936.530304,274.5,502
False,69.96429,150.754,58936.5622528,336,502
False,70.54822,150.5989,58936.5945856,378.5,502
False,71.31914,150.9398,58936.6264704,387.5,502
False,71.40942,150.6458,58936.6580864,368,502
False,71.57305,150.9029,58936.6901504,381,502
False,71.24235,150.5896,58936.7222016,408.5,502
False,70.00831,149.85,58936.7547392,361,502
False,71.52047,150.1282,58936.786624,370.5,502
False,70.92086,150.1573,58936.818752,347.5,502
False,69.70236,150.183,58936.85024,331.5,502
False,69.86935,149.9852,58936.8826496,361,502
False,71.35234,150.5106,58936.930304,377,502
False,71.07891,150.6875,58936.9622656,367.5,502
False,70.84169,151.1262,58936.99424,379,502
False,70.466,150.9806,58937.0264832,353,502
False,66.29646,148.2791,58937.0582016,230.5,502
False,69.55209,150.506,58937.0901504,304,502
False,70.96296,150.993,58937.1222144,333,502
False,70.77747,150.8864,58937.1542656,364,502
False,70.12772,150.4872,58937.1868032,344.5,502
False,70.55965,150.4711,58937.218304,325.5,502
False,71.17455,150.5365,58937.2507264,338,502
False,70.95483,150.8269,58937.2824064,350.5,502
False,71.31793,150.5154,58937.330304,368,502
False,70.77352,150.5452,58937.3626624,352.5,502
False,71.05701,150.6894,58937.3947904,345,502
False,70.55492,150.9799,58937.4265472,349,502
False,69.9052,150.7349,58937.458176,320,502
False,71.59464,150.4201,58937.4902656,361,502
False,70.27052,150.9007,58937.522688,329,502
False,70.8046,150.6849,58937.5547136,348,502
False,71.24931,150.9178,58937.5864192,359,502
False,70.8698,150.4161,58937.6183296,372.5,502
False,69.48512,150.184,58937.6503552,341.5,502
False,69.49729,150.2521,58937.683008,338.5,502
False,71.7522,151.1133,58937.7308416,378,502
False,71.75032,151.1021,58937.7626496,388.5,502
False,70.16804,150.2484,58937.7946112,365,502
False,70.06828,150.0394,58937.8262784,351.5,502
False,71.85658,150.7672,58937.8583296,376.5,502
False,70.36556,150.62,58937.8902016,346.5,502
False,70.38793,150.4387,58937.9223808,348,502
False,69.79808,149.4408,58937.955008,347.5,502
False,70.49279,150.0122,58937.9869056,370,502
False,69.89674,149.4568,58938.0185472,347,502
False,69.52965,149.562,58938.0505472,334.5,502
False,69.98161,150.5438,58938.082496,344.5,502
False,69.95032,150.2868,58938.130304,369,502
False,71.54646,150.4923,58938.1632512,391,502
False,69.74321,149.5882,58938.1945856,337.5,502
False,69.6199,149.803,58938.2263552,335,502
False,71.33421,150.6521,58938.258432,378.5,502
False,71.14356,150.5451,58938.2902912,371.5,502
False,70.01633,150.1451,58938.3227904,347,502
False,70.21391,150.4192,58938.3548928,347.5,502
False,71.88182,150.8164,58938.3868416,369.5,502
False,71.69051,150.9157,58938.4185088,391.5,502
False,71.20373,151.1534,58938.4505216,384.5,502
False,71.06065,151.1505,58938.4823424,360,502
False,70.51657,150.9864,58938.5303168,342,502
False,71.53876,151.085,58938.5626368,380.5,502
False,71.85472,150.914,58938.5949184,374,502
False,71.78943,150.9825,58938.6262528,362.5,502
False,70.88674,150.7205,58938.6593664,362,502
False,71.68747,150.8611,58938.6907136,368.5,502
False,69.83459,150.0135,58938.7223808,332.5,502
False,70.11981,150.5772,58938.7544576,357.5,502
False,71.68919,151.0897,58938.7864832,362.5,502
False,71.53836,151.1543,58938.818368,378,502
False,71.34048,150.8041,58938.8509696,396.5,502
False,70.19479,149.93,58938.882944,364.5,502
False,69.99036,150.2563,58938.9303296,346,502
False,69.82299,150.4772,58938.962304,362.5,502
False,69.86684,150.5631,58938.994368,383,502
False,69.49632,150.3599,58939.026752,408,502
False,69.10412,150.2568,58939.058816,405,502
False,68.56434,150.4469,58939.0903808,386,502
False,68.01262,150.7251,58939.1225344,356.5,502
False,68.61279,151.3026,58939.154496,346.5,502
False,68.52145,151.2703,58939.1867008,322.5,502
False,68.00057,151.3149,58939.2192768,289.5,502
False,68.62479,151.3905,58939.251008,294.5,502
False,69.80976,151.4664,58939.2827776,300.5,502
False,65.00499,148.2968,58939.3303936,200.5,502
False,71.73972,150.7799,58939.3623936,360.5,502
False,65.75018,148.7843,58939.3945344,229.5,502
False,70.93607,150.7183,58939.4265344,365,502
False,71.01408,150.7589,58939.4591872,367,502
False,70.73055,150.8194,58939.4908672,347,502
False,71.13979,151.0211,58939.5225728,387.5,502
False,70.76793,150.7527,58939.5544064,383.5,502
False,69.81487,150.7969,58939.5865856,343,502
False,70.75972,151.081,58939.6185344,360,502
False,70.73764,150.7285,58939.650752,364,502
False,70.26844,150.2115,58939.6826112,357,502
False,70.00362,150.6658,58939.7304704,368,502
False,71.57001,151.0524,58939.76256,384.5,502
False,71.22058,150.8707,58939.7945856,372.5,502
False,71.62402,151.01,58939.8269056,383,502
False,71.56527,150.8994,58939.8588928,394.5,502
False,70.93977,150.6259,58939.890432,368,502
False,69.59756,150.5737,58939.9227776,342.5,502
False,71.3941,150.7321,58939.9546112,389.5,502
False,71.48695,150.7102,58939.9865216,383,502
False,71.19003,150.9266,58940.0190208,374.5,502
False,69.4238,150.4513,58940.0508032,339,502
False,71.48417,150.9389,58940.0825344,379,502
False,70.96872,150.8816,58940.1305088,373,502
False,71.15035,150.9951,58940.1625984,378,502
False,70.9982,151.3018,58940.194624,369.5,502
False,71.21538,151.0585,58940.227008,381.5,502
False,70.58582,151.6808,58940.2592384,352.5,502
False,70.68945,151.5728,58940.2905216,358.5,502
False,70.10909,151.3096,58940.322688,357.5,502
False,69.65554,151.5635,58940.3545088,329.5,502
False,69.47029,151.3751,58940.3870848,331,502
False,69.53584,151.4526,58940.4190976,346.5,502
False,70.22624,152.1167,58940.45056,345.5,502
False,70.13532,151.9,58940.4825728,335,502
False,69.1517,151.296,58940.5306752,339.5,502
False,68.79516,151.6467,58940.5626624,316.5,502
False,69.75088,151.8596,58940.5950208,332.5,502
False,70.0631,150.7083,58940.6266752,364.5,502
False,68.66456,152.0812,58940.6587008,316,502
False,70.2828,150.9249,58940.690688,359.5,502
False,69.83715,150.3333,58940.7227136,349,502
False,70.47264,150.9559,58940.7552384,362.5,502
False,68.34392,151.9477,58940.7868544,283.5,502
False,68.46644,151.9005,58940.8190592,293,502
False,68.22598,152.1943,58940.8506112,310.5,502
False,68.33334,152.1236,58940.882624,307.5,502
False,68.66506,151.7587,58940.9305856,311.5,502
False,67.63911,151.6742,58940.9629696,308.5,502
False,67.35605,152.6234,58940.9949184,315.5,502
False,70.12192,150.9516,58941.026944,365,502
False,69.89292,151.2114,58941.0586496,358,502
False,67.93697,151.3005,58941.0906752,375.5,502
False,65.91645,149.0108,58941.1227392,385,502
False,67.43798,150.2247,58941.1550464,455.5,502
False,67.33334,149.9496,58941.1873664,450,502
False,67.08931,150.2056,58941.2193408,425.5,502
False,64.866,148.7267,58941.2507136,349.5,502
False,65.41185,148.3474,58941.282816,354.5,502
False,66.55342,150.6051,58941.331264,390,502
False,66.47977,151.3557,58941.3629952,358.5,502
False,68.12318,150.707,58941.3948288,400.5,502
False,68.67051,150.7047,58941.426688,390.5,502
False,67.89386,150.5101,58941.4587136,380,502
False,67.11522,151.1403,58941.4906624,392,502
False,66.31786,151.1732,58941.5232512,398.5,502
False,66.16072,150.3009,58941.5546496,406.5,502
False,64.71957,150.6581,58941.5868416,387.5,502
False,65.41196,151.4743,58941.6190464,398.5,502
False,66.41833,151.7173,58941.650688,402,502
False,66.58395,151.6613,58941.6831232,403,502
False,60.98139,148.2741,58941.7306496,197,502
False,60.5866,148.134,58941.7630848,191.5,502
False,66.42906,151.4679,58941.7951744,386.5,502
False,66.27421,151.1564,58941.8267904,389,502
False,66.42129,150.843,58941.8588672,415,502
False,64.21606,151.8537,58941.890688,361,502
False,66.47417,151.3144,58941.92288,413,502
False,66.69938,151.6572,58941.955264,402.5,502
False,66.70672,151.678,58941.9872128,412,502
False,66.29497,151.2336,58942.0188672,391,502
False,65.80575,150.3069,58942.0507776,365.5,502
False,65.53599,149.1644,58942.0827392,326.5,502
False,67.37305,150.9159,58942.1308672,394.5,502
False,66.69054,151.176,58942.1633792,391,502
False,66.49671,151.9948,58942.1956864,355,502
False,67.36803,152.2453,58942.2268288,331.5,502
False,62.10481,148.2868,58942.2592128,211.5,502
False,64.26386,147.4558,58942.2907648,273.5,502
False,66.38415,148.6458,58942.322944,328,502
False,67.16974,147.7018,58942.3549696,298.5,502
False,68.5,148.6707,58942.3871616,333,502
False,67.95774,147.1643,58942.4187776,315.5,502
False,69.59545,148.3694,58942.4507904,388.5,502
False,70.17351,148.4709,58942.4827776,390,502
False,70.3779,148.6537,58942.5308288,374,502
False,71.30289,149.2788,58942.5635328,416,502
False,70.59026,148.5068,58942.5954944,403.5,502
False,71.03146,148.2733,58942.6272512,408,502
False,71.29955,148.4542,58942.6590208,409.5,502
False,71.51861,148.7431,58942.6909184,407.5,502
False,71.65534,148.7656,58942.7229824,397.5,502
False,71.71627,148.631,58942.755264,420,502
False,71.29386,148.5893,58942.78688,418,502
False,71.02641,148.3205,58942.818816,404,502
False,71.20319,148.5861,58942.85088,376.5,502
False,71.6142,148.978,58942.8828928,378,502
False,71.25491,149.3802,58942.931264,348.5,502
False,71.16346,149.438,58942.9633152,337.5,502
False,71.42514,149.6205,58942.9950208,354,502
False,71.86788,149.4178,58943.0269312,357,502
False,72.16316,148.9911,58943.0589824,356.5,502
False,72.21105,148.856,58943.0909184,353,502
False,72.25921,148.6533,58943.1234304,348.5,502
False,72.31541,148.5266,58943.1550848,344,502
False,72.20399,148.0128,58943.1869184,350.5,502
False,72.59214,147.9485,58943.2191232,369,502
False,72.96375,147.7073,58943.2513152,377,502
False,73.28329,147.7624,58943.2829824,383,502
False,73.51195,147.585,58943.3309696,383.5,502
False,73.55033,147.6663,58943.3630592,404,502
False,73.08312,147.6213,58943.3959936,393,502
False,73.23524,147.7166,58943.4273664,384,502
False,73.29716,147.9294,58943.459008,382.5,502
False,72.57852,148.0676,58943.4909568,372.5,502
False,71.95768,148.1127,58943.5229696,350.5,502
False,71.01199,147.9205,58943.5549568,306,502
False,70.74137,148.107,58943.5872384,294.5,502
False,71.07539,148.0544,58943.6189824,309.5,502
False,71.41277,148.0618,58943.6510464,331.5,502
False,71.72155,147.8011,58943.683008,331,502
False,72.26295,147.7687,58943.731072,331.5,502
False,72.76108,147.6016,58943.763456,346,502
False,73.52708,147.9798,58943.7953792,378.5,502
False,72.70864,147.5603,58943.8270592,341.5,502
False,73.01334,147.3941,58943.8590592,337.5,502
False,72.42429,147.4631,58943.890944,339,502
False,72.20795,147.2085,58943.9229952,327,502
False,71.17549,147.0358,58943.9553152,311.5,502
False,70.99595,147.1808,58943.9873792,329,502
False,70.46583,146.2303,58944.018944,317,502
False,70.86636,146.9158,58944.0510848,330.5,502
False,71.20174,147.0905,58944.0831488,344.5,502
False,71.36465,147.1975,58944.1311104,346,502
False,71.80495,146.7716,58944.1634816,370,502
False,71.46427,146.6925,58944.195392,361.5,502
False,72.11002,147.2737,58944.2271616,357.5,502
False,72.36285,147.1495,58944.2591616,350,502
False,72.38319,147.3347,58944.2913024,361,502
False,72.45242,147.3122,58944.323136,362.5,502
False,72.49702,147.4527,58944.355072,364.5,502
False,72.38565,147.2477,58944.387008,360,502
False,72.0885,146.8013,58944.419136,346.5,502
False,72.12864,147.1591,58944.4515456,355,502
False,72.3134,147.3853,58944.4836352,359.5,502
False,72.15134,147.2404,58944.5309952,353.5,502
False,72.12091,147.2262,58944.5630848,351.5,502
False,71.97718,146.998,58944.5951744,336,502
False,71.73241,146.5629,58944.627712,324.5,502
False,71.38155,146.1986,58944.65952,318,502
False,71.41817,146.3298,58944.6910848,332,502
False,71.69193,146.3003,58944.7233024,343,502
False,71.88402,146.326,58944.7551232,342,502
False,71.92948,146.134,58944.7871488,354.5,502
False,72.0845,146.0826,58944.8197376,359,502
False,71.9035,146.2196,58944.851392,357.5,502
False,72.11588,146.2204,58944.8835072,338,502
False,71.80614,146.1672,58944.9311232,331,502
False,71.82154,145.9354,58944.9631104,325,502
False,71.31086,145.3938,58944.9953024,311.5,502
False,71.26251,145.5815,58945.0277888,313,502
False,71.65377,146.2594,58945.0596992,336,502
False,71.34256,145.4169,58945.0911744,307,502
False,71.66007,145.9503,58945.1233152,328.5,502
False,71.66167,146.1352,58945.155136,334,502
False,71.23654,145.441,58945.1876736,322,502
False,71.27742,145.3801,58945.2195328,310,502
False,71.50888,145.6301,58945.251456,319,502
False,71.22024,145.4188,58945.2831104,308,502
False,71.40729,145.5389,58945.3311488,306.5,502
False,71.47086,145.5601,58945.3631744,317.5,502
False,71.93119,146.3191,58945.3952256,327,502
False,73.96078,146.1591,58945.4276608,365.5,502
False,73.93383,145.325,58945.4592256,400.5,502
False,73.43996,144.8652,58945.4915328,397,502
False,74.14854,145.7918,58945.5238272,377,502
False,74.42727,146.4918,58945.5554304,385,502
False,74.82657,146.4617,58945.5872384,406.5,502
False,73.69253,145.7295,58945.6194432,406,502
False,72.55708,145.4533,58945.6517376,401.5,502
False,73.06158,145.7835,58945.6836352,419.5,502
False,72.92564,146.4103,58945.7311616,446,502
False,71.542,146.1201,58945.7632256,434.5,502
False,69.63942,145.8829,58945.7952768,391.5,502
False,68.40937,145.1683,58945.8272896,348.5,502
False,67.79738,144.7186,58945.8600704,317.5,502
False,67.01929,144.8801,58945.8915968,285,502
False,66.57404,145.6715,58945.9235712,273.5,502
False,66.76636,145.652,58945.9554432,272.5,502
False,66.52756,144.6431,58945.9874816,254,502
False,66.55903,144.5146,58946.0193536,240,502
False,67.18726,144.7008,58946.0518144,259,502
False,67.5539,144.7825,58946.0836352,269,502
False,67.9475,145.0506,58946.1312512,263.5,502
False,68.53397,144.9782,58946.1632768,260,502
False,68.78159,145.1065,58946.195584,277,502
False,68.87203,144.9526,58946.2281984,267,502
False,68.53505,144.9425,58946.2597632,252,502
False,68.93203,145.6684,58946.2912768,282,502
False,69.13795,145.6978,58946.3235328,310.5,502
False,69.26903,145.9282,58946.3553024,311,502
False,69.06035,145.383,58946.3874176,295.5,502
False,68.98306,146.0309,58946.4196736,334.5,502
False,68.49165,146.465,58946.451328,349.5,502
False,67.89835,146.6771,58946.4832896,334.5,502
False,66.74446,146.785,58946.5313408,308.5,502
False,66.75327,147.3099,58946.5634304,306,502
False,66.45333,147.5806,58946.595776,275,502
False,63.73408,146.7483,58946.62784,222.5,502
False,67.75159,148.6378,58946.6593664,288.5,502
False,67.58764,148.7349,58946.6913152,261.5,502
False,68.63431,148.8188,58946.7235584,257.5,502
False,63.31345,144.8889,58946.7554816,142.5,502
False,71.5086,148.1303,58946.7876736,300.5,502
False,72.81441,148.1337,58946.819648,321.5,502
False,73.68275,148.1443,58946.8512896,331.5,502
False,73.39049,148.0764,58946.8833408,329.5,502
False,72.52264,147.7485,58946.9314688,305.5,502
False,72.75351,147.4373,58946.9640448,320.5,502
False,66.93403,145.2031,58946.9957632,192,502
False,73.87566,147.6917,58947.0275456,319,502
False,67.63807,145.3414,58947.05952,186.5,502
False,68.57102,144.7756,58947.0914176,176,502
False,69.37242,144.8589,58947.12352,153.5,502
False,69.56604,144.0681,58947.1560064,159,502
False,69.67861,143.8252,58947.187584,153.5,502
False,76.59669,146.8926,58947.2198272,312,502
False,82.7086,149.9025,58947.2514176,159,502
False,82.74783,149.3625,58947.2834176,154,502
False,81.63636,149.2602,58947.3315456,159.5,502
False,81.57503,149.2437,58947.3634816,165.5,502
False,81.17531,148.3358,58947.39584,135,502
False,80.075,147.1217,58947.4279296,100,502
False,72.77513,140.7302,58947.4596096,63,502
False,79.62732,149.7628,58947.4914944,152.5,502
False,79.21063,150.0143,58947.5235584,163,502
False,79.5291,150.4042,58947.5562112,157.5,502
False,80.1469,151.2757,58947.5878272,147.5,502
False,81.14456,152.2019,58947.6194944,139.5,502
False,81.741,152.3705,58947.6515584,143.5,502
False,82.08025,152.9247,58947.6836608,135,502
False,82.17924,154.2626,58947.7315712,106,502
False,75.0017,142.2687,58947.763968,98,502
False,82.49702,152.8853,58947.7960576,139.5,502
False,82.20221,152.6605,58947.8276352,136,502
False,82.10714,152.7595,58947.859648,140,502
False,82.06125,152.9105,58947.891776,141.5,502
False,81.36407,152.6584,58947.9238016,141,502
False,81.37816,152.646,58947.9555584,145,502
False,81.18555,152.4689,58947.9875328,150,502
False,80.42162,153.1842,58948.0198528,109.5,502
False,74.96766,142.3184,58948.0520576,67,502
False,74.51389,142.2389,58948.0836736,60,502
False,78.25343,149.3379,58948.1315456,73,502
False,74.41581,141.7251,58948.1639808,48.5,502
False,77.91228,151.6602,58948.195968,180.5,502
False,77.62084,151.3118,58948.2281472,185.5,502
False,76.66752,151.6641,58948.2598912,196,502
False,76.65586,151.9094,58948.2922624,200.5,502
False,76.39888,151.8481,58948.3252096,208.5,502
False,76.51824,152.4668,58948.3554816,201,502
False,76.47079,152.6177,58948.3876224,194,502
False,76.38167,152.345,58948.4204288,200,502
False,76.41232,152.0061,58948.451648,192,502
False,76.3507,151.9454,58948.4839296,201.5,502
False,76.10197,151.8749,58948.5317632,194.5,502
False,75.81709,152.2427,58948.5637376,195,502
False,75.67007,152.1705,58948.5958016,195.5,502
False,75.71902,152.0175,58948.6279552,191,502
False,75.664,152.0142,58948.6595456,187.5,502
False,75.30608,152.1063,58948.6915328,183.5,502
False,75.72003,151.9134,58948.7236224,190.5,502
False,75.92162,151.6213,58948.7558016,202,502
False,75.21082,151.2721,58948.7880448,209.5,502
False,75.00697,150.931,58948.8203776,215,502
False,74.65862,149.619,58948.851712,248.5,502
False,74.41008,150.2017,58948.8842368,221.5,502
False,74.63801,149.8816,58948.9316096,221,502
False,74.17424,150.0258,58948.9637376,220,502
False,74.32787,150.0195,58948.9961472,213.5,502
False,74.83959,150.4703,58949.0281216,213,502
False,75.11584,150.6966,58949.0598912,211.5,502
False,74.84387,150.8611,58949.0916352,213.5,502
False,74.96603,151.0324,58949.123712,211,502
False,75.06748,150.7951,58949.155648,205,502
False,75.06091,150.6929,58949.1876992,197,502
False,75.21399,150.8403,58949.2201984,202.5,502
False,75.39838,150.7732,58949.25184,205,502
False,75.21973,150.8151,58949.28384,201,502
False,75.22306,150.9557,58949.3318272,199.5,502
False,75.49619,151.2909,58949.3638016,196.5,502
False,75.17112,151.7317,58949.3963904,187,502
False,75.15836,151.6728,58949.4279936,190.5,502
False,75.51589,151.3749,58949.459648,204.5,502
False,75.42619,150.8349,58949.4920576,210,502
False,75.50076,150.2508,58949.5236736,218,502
False,75.34849,149.6962,58949.55616,209,502
False,75.48843,148.9907,58949.5877376,216,502
False,75.6636,148.7778,58949.6201728,217.5,502
False,75.92851,148.9639,58949.6518016,207.5,502
False,75.73333,148.4602,58949.6838016,205,502
False,76.1454,148.5708,58949.7322496,215.5,502
False,75.81407,148.4104,58949.7643264,199,502
False,75.57622,147.4791,58949.7957632,199,502
False,75.88616,147.7174,58949.8280448,203.5,502
False,75.07177,147.0462,58949.8599808,209,502
False,75.01673,147.6466,58949.8917376,249,502
False,75.03989,147.7742,58949.9236736,246.5,502
False,75.2026,147.1705,58949.95584,218,502
False,75.06531,147.4148,58949.9884288,196.5,502
False,75.39938,147.7995,58950.0197632,217,502
False,75.80743,148.013,58950.0523008,193,502
False,75.97662,148.3195,58950.084096,192.5,502
False,76.33244,149.0189,58950.1319808,185,502
False,76.83047,149.5581,58950.1643392,175,502
False,77.39001,150.1441,58950.1962368,173.5,502
False,77.71248,150.0253,58950.2278272,171,502
False,77.26212,150.2642,58950.2598528,161.5,502
False,77.4819,149.6752,58950.2926208,175,502
False,77.45771,149.5015,58950.32416,167.5,502
False,77.60039,149.3674,58950.3558784,171,502
False,77.63609,149.6864,58950.3878912,169,502
False,78.60208,149.4094,58950.41984,160,502
False,78.7017,149.4625,58950.451904,166.5,502
False,79.40411,149.3969,58950.4842624,162.5,502
False,78.82065,147.9501,58950.5319936,190.5,502
False,80.29777,149.3364,58950.5640192,164,502
False,81.19122,149.4002,58950.5960704,159.5,502
False,79.80798,147.7972,58950.6279552,200.5,502
False,81.70074,150.36,58950.66016,156.5,502
False,82.31133,151.4048,58950.6921088,151.5,502
False,80.30835,149.6674,58950.7238528,213.5,502
False,82.43398,152.5736,58950.7558144,154,502
False,82.49229,153.0166,58950.7878272,140.5,502
False,80.32456,150.3012,58950.819904,228,502
False,82.50994,153.6667,58950.8529792,142.5,502
False,82.25249,153.5958,58950.884224,150.5,502
False,80.00073,150.1937,58950.9320448,228,502
False,81.31432,153.1253,58950.9640064,149,502
False,80.56087,152.835,58950.996096,146.5,502
False,78.43349,150.1448,58951.0278912,213,502
False,79.12342,152.7922,58951.0601856,158,502
False,77.74636,150.3663,58951.091968,217.5,502
False,78.87666,153.5322,58951.123904,150,502
False,78.98892,153.8195,58951.1558656,150.5,502
False,78.52159,154.3389,58951.1880192,150.5,502
False,78.39555,154.2711,58951.2205056,150,502
False,78.22424,154.4293,58951.2524416,165,502
False,77.26044,151.1276,58951.2840704,219.5,502
False,77.86729,153.3457,58951.3321216,162,502
False,77.83897,152.4841,58951.3644416,162.5,502
False,77.63333,151.8485,58951.3963264,165,502
False,77.70678,151.4756,58951.4279168,174.5,502
False,77.45821,151.6019,58951.459968,177.5,502
False,76.92857,150.3157,58951.4920064,189,502
False,76.84514,151.101,58951.5240192,176.5,502
False,76.93536,151.2253,58951.5564672,180.5,502
False,76.92387,151.0269,58951.5887232,179.5,502
False,76.08088,150.2312,58951.6204672,204,502
False,75.88049,150.3675,58951.6520192,205,502
False,76.27943,150.8041,58951.6839552,185.5,502
False,75.72787,150.751,58951.7320448,201.5,502
False,75.31944,150.6291,58951.7640448,204,502
False,75.68632,150.4434,58951.7963264,212,502
False,75.47795,149.9286,58951.828288,189,502
False,75.9037,150.2107,58951.8598912,202.5,502
False,75.67645,150.1058,58951.8920064,187.5,502
False,75.86118,150.3404,58951.9246848,188.5,502
False,76.01408,150.0493,58951.9564672,213,502
False,76.35538,150.8389,58951.987968,196.5,502
False,75.81178,150.2595,58952.0200064,201,502
False,75.8214,151.0522,58952.0522112,188.5,502
False,75.81818,150.5266,58952.0843776,203.5,502
False,76.43496,151.3732,58952.1324544,205,502
False,75.85195,151.5692,58952.1643392,188,502
False,75.64677,150.6993,58952.1959936,209.5,502
False,75.86755,151.7447,58952.2280448,190,502
False,76.12867,151.9344,58952.2603008,193,502
False,75.86092,150.8454,58952.2921088,214.5,502
False,76.11218,151.4952,58952.3241216,208,502
False,75.93698,151.2786,58952.35616,201,502
False,75.61526,150.1829,58952.388608,220.5,502
False,75.49764,150.2531,58952.4211456,212,502
False,75.63716,150.7392,58952.4524544,209,502
False,75.65768,150.6095,58952.4846976,204,502
False,75.54863,150.4206,58952.5320832,200.5,502
False,75.6052,149.9834,58952.5640704,211.5,502
False,75.91449,150.3138,58952.5960832,230,502
False,75.49294,151.0474,58952.6280192,200.5,502
False,75.22758,150.4705,58952.6604288,217.5,502
False,75.43033,150.8483,58952.6924032,216.5,502
False,74.81187,150.7947,58952.7241344,213.5,502
False,74.83443,150.0562,58952.7561984,228.5,502
False,74.75771,150.8202,58952.788288,221.5,502
False,74.67273,150.8121,58952.820672,220,502
False,74.65324,150.8218,58952.8526336,223.5,502
False,74.86207,150.7571,58952.8845568,217.5,502
False,74.87755,150.9872,58952.9321728,220.5,502
False,74.63229,150.9596,58952.9640576,223,502
False,74.76524,150.9857,58952.99616,221.5,502
False,74.73977,151.2105,58953.0293504,228,502
False,74.50266,151.227,58953.0602496,219.5,502
False,74.51157,151.4923,58953.0925184,216,502
False,74.79186,151.3856,58953.1242496,217,502
False,75.0708,151.1814,58953.1562624,209.5,502
False,75.0254,151.2016,58953.18848,210,502
False,74.93191,151.1584,58953.220736,210.5,502
False,75.11494,150.0963,58953.252352,232,502
False,75.12209,150.0811,58953.2844032,207.5,502
False,75.30189,150.0307,58953.3322112,212,502
False,75.30935,149.8586,58953.3641344,201.5,502
False,75.23835,149.6676,58953.3966464,186,502
False,75.96385,150.7454,58953.4288,207.5,502
False,75.16022,150.1639,58953.4605312,181,502
False,75.31654,150.2452,58953.4921856,198.5,502
False,75.14883,149.914,58953.5242112,215,502
False,75.09314,150.1176,58953.5563264,204,502
False,74.51017,150.0939,58953.588672,213,502
False,74.26032,150.882,58953.6204416,226,502
False,74.26342,150.5572,58953.652416,236,502
False,74.48927,151.613,58953.6845568,233,502
False,74.50881,151.6446,58953.7322496,227,502
False,74.52196,151.9381,58953.7648512,231.5,502
False,74.55244,151.7708,58953.796544,214.5,502
False,74.52248,151.8209,58953.8281856,215,502
False,74.76452,151.8186,58953.8602624,209.5,502
False,74.4984,151.9063,58953.8922496,208,502
False,74.67535,151.737,58953.9243008,211,502
False,74.72639,151.6473,58953.9569536,206.5,502
False,74.89071,151.377,58953.9885184,213.5,502
False,74.77269,150.6546,58954.0205312,207.5,502
False,74.96204,150.2992,58954.052736,219.5,502
False,74.62663,150.1632,58954.0848384,216.5,502
False,74.65271,149.587,58954.1322368,203,502
False,74.53151,149.5124,58954.1642752,201,502
False,75.0619,150.167,58954.1962624,223.5,502
False,74.69949,149.5556,58954.2285568,198,502
False,74.70047,149.8585,58954.2604928,212,502
False,74.98466,149.8709,58954.2922624,206.5,502
False,75.0108,149.9954,58954.3243136,216,502
False,75.14196,150.2345,58954.3563008,212.5,502
False,75.2382,150.3532,58954.3883648,226,502
False,75.0723,150.4171,58954.4208768,219,502
False,74.88026,151.606,58954.4527872,206,502
False,75.38792,151.0165,58954.4845312,201.5,502
False,75.5857,150.8872,58954.532288,193.5,502
False,76.12684,150.512,58954.564288,215.5,502
False,75.90295,150.6287,58954.5964288,197.5,502
False,75.61069,150.2324,58954.6290176,196.5,502
False,75.85092,149.9992,58954.6607616,199,502
False,75.58456,149.858,58954.6923264,203,502
False,75.37047,149.4023,58954.7244672,188.5,502
False,75.55556,148.9321,58954.7565312,189,502
False,75.53511,149.4867,58954.7885952,206.5,502
False,75.7429,149.1784,58954.820928,205.5,502
False,75.15565,149.5566,58954.852416,219.5,502
False,75.12386,149.6055,58954.8844672,218,502
False,74.86918,150.1397,58954.9323264,225.5,502
False,74.88153,150.0361,58954.9642496,226.5,502
False,74.62591,150.4622,58954.9970304,229,502
False,74.26621,150.5573,58955.0286848,221,502
False,74.40846,150.1678,58955.0604288,228.5,502
False,74.26499,150.6946,58955.092672,239,502
False,73.97353,150.5865,58955.1246592,233,502
False,74.10036,150.4447,58955.1565824,227.5,502
False,74.25774,150.455,58955.1886208,231.5,502
False,74.60256,150.0342,58955.220672,234,502
False,74.36099,150.0014,58955.252864,229,502
False,74.69355,149.8226,58955.284736,217,502
False,74.25837,149.3349,58955.332416,209,502
False,74.3136,149.0965,58955.3643904,228,502
False,73.91272,148.611,58955.3965056,221.5,502
False,73.75902,149.1945,58955.4289408,272.5,502
False,73.85435,147.2185,58955.4610816,222,502
False,73.56994,147.7912,58955.492416,239.5,502
False,73.72591,148.5039,58955.5247616,256,502
False,73.59288,148.6421,58955.556864,257.5,502
False,73.3459,148.8638,58955.5885824,252,502
False,73.29623,149.0665,58955.6204672,260.5,502
False,73.04008,149.2366,58955.6524288,262,502
False,73.01727,149.6029,58955.6852096,251,502
False,73.2033,149.5419,58955.7327232,252.5,502
False,72.8545,149.7976,58955.7645184,252,502
False,73.02579,149.4391,58955.7966464,258.5,502
False,72.60091,149.0684,58955.828608,256,502
False,72.82239,149.1032,58955.8605568,266.5,502
False,72.69283,148.59,58955.89312,267.5,502
False,72.52256,148.1284,58955.9250816,266,502
False,72.49455,148.7143,58955.9564928,290.5,502
False,71.60606,148.7335,58955.9885696,269.5,502
False,71.99319,149.2528,58956.0205184,294,502
False,71.96717,149.6422,58956.0525696,299.5,502
False,71.41315,149.8302,58956.0848128,296.5,502
False,71.11909,150.3176,58956.1324544,285.5,502
False,71.09711,150.3589,58956.164608,293.5,502
False,71.50436,150.4305,58956.1967104,286.5,502
False,71.55257,150.3148,58956.2286208,279,502
False,71.35476,150.4024,58956.2612864,280,502
False,71.45432,150.363,58956.292992,275.5,502
False,71.57126,150.3733,58956.3250048,279.5,502
False,71.61449,150.0951,58956.3566848,287.5,502
False,72.12341,150.1851,58956.3885568,275.5,502
False,73.04251,150.0813,58956.4204928,270.5,502
False,72.92226,149.9422,58956.4529024,268,502
False,72.78374,149.1343,58956.4851712,242,502
False,72.99683,148.6242,58956.5330688,263,502
False,72.56895,148.53,58956.5650944,269.5,502
False,72.32868,147.2902,58956.5969664,251,502
False,71.28365,146.9994,58956.628608,265,502
False,71.57571,147.2435,58956.660736,289.5,502
False,71.24516,147.1946,58956.6926336,310,502
False,71.39176,146.5455,58956.7252864,271,502
False,70.6733,147.3538,58956.7569536,301.5,502
False,70.96747,147.9064,58956.7886336,333,502
False,70.86282,146.995,58956.820672,268.5,502
False,71.331,147.0997,58956.8526464,286,502
False,70.24322,147.475,58956.884672,307,502
False,70.59662,148.0581,58956.9333376,335.5,502
False,70.49924,147.5989,58956.9652096,329.5,502
False,71.33617,147.6118,58956.9971584,352.5,502
False,70.65645,146.2941,58957.0288128,293.5,502
False,71.02723,146.9183,58957.0607872,330.5,502
False,71.25617,146.643,58957.0926848,324,502
False,70.63519,146.5831,58957.1247744,323,502
False,70.85925,146.659,58957.1571712,328,502
False,70.90815,146.9329,58957.189056,323,502
False,71.01013,147.2768,58957.220608,312.5,502
False,70.99839,147.3398,58957.2525952,310.5,502
False,71.01472,147.2247,58957.2846208,294.5,502
False,71.19757,147.5293,58957.3327104,302,502
False,71.32455,147.7487,58957.3651968,284.5,502
False,72.26195,148.0106,58957.3974144,282.5,502
False,71.81496,148.1333,58957.4291072,267.5,502
False,71.59398,147.8553,58957.4608384,254.5,502
False,71.75198,148.0573,58957.492672,273.5,502
False,71.60567,147.4463,58957.525632,276,502
False,71.62515,146.8175,58957.557056,273,502
False,71.84258,147.1501,58957.5887104,297.5,502
False,71.30783,147.0587,58957.6207744,281,502
False,71.54841,147.0423,58957.6526848,287.5,502
False,71.31561,147.078,58957.7006976,282,502
False,71.12579,146.9206,58957.7331456,287.5,502
False,71.08443,147.0458,58957.7648256,302,502
False,71.41951,147.174,58957.7967616,307.5,502
False,71.37227,147.1847,58957.8288256,282.5,502
False,71.38889,147.5289,58957.8606848,294,502
False,71.57913,147.527,58957.8937472,287.5,502
False,71.95383,147.5629,58957.9247616,278,502
False,71.92043,147.4732,58957.9576064,276.5,502
False,71.747,147.3423,58957.989184,278,502
False,71.66606,147.3363,58958.0206976,277,502
False,72.85895,147.8403,58958.0527616,250.5,502
False,75.38073,148.718,58958.1008768,211,502
False,77.22364,151.246,58958.132864,156.5,502
False,79.62137,153.5308,58958.1651712,143.5,502
False,72.6245,143.4538,58958.197184,166,502
False,73.33334,143.8067,58958.228928,178.5,502
False,80.15161,155.0172,58958.260928,155,502
False,79.57078,154.2169,58958.2932992,146,502
False,77.91556,153.5844,58958.3247744,150,502
False,76.46787,152.8855,58958.3573248,166,502
False,75.28868,152.6168,58958.3891328,160.5,502
False,74.26567,152.1164,58958.4207744,167.5,502
False,73.83377,151.2568,58958.4531712,189.5,502
False,72.91047,150.2262,58958.5008512,208.5,502
False,72.36461,149.4157,58958.5332736,218.5,502
False,71.95747,149.3596,58958.564864,215.5,502
False,72.22375,149.0099,58958.5971712,219,502
False,72.10421,149.5107,58958.6288768,225.5,502
False,72.36468,150.0436,58958.6609024,218,502
False,71.68527,151.2346,58958.693184,206,502
False,70.60337,149.2538,58958.725568,287,502
False,70.50139,149.4531,58958.7569408,300.5,502
False,69.80245,150.002,58958.7893376,326.5,502
False,69.36681,149.827,58958.8212992,353.5,502
False,68.19398,148.951,58958.8527616,354,502
False,68.70437,147.6538,58958.9007232,336,502
False,68.80535,146.4096,58958.9328,336.5,502
False,69.02615,145.4786,58958.9647872,299.5,502
False,70.90069,149.7323,58958.997248,193,502
False,71.927,149.7106,58959.0293632,189.5,502
False,72.8338,149.6472,58959.0609536,179.5,502
False,73.46852,149.5991,58959.0929024,180,502
False,74.91244,149.197,58959.1251968,167.5,502
False,75.59104,149.0776,58959.156864,167.5,502
False,63.30875,139.8653,58959.1893376,169.5,502
False,74.21998,149.1604,58959.2215296,173.5,502
False,62.63819,136.7588,58959.2532096,99.5,502
False,62.40351,137.5754,58959.3011968,142.5,502
False,62.5737,137.1406,58959.3328256,147,502
False,72.73611,147.8417,58959.3648256,180,502
False,72.93315,147.8004,58959.397376,184.5,502
False,72.96771,147.9392,58959.4295552,175.5,502
False,61.26552,138.4782,58959.4612352,145,502
False,73.14955,148.3568,58959.4928768,185,502
False,73.76096,148.2619,58959.52512,175,502
False,61.71444,138.9384,58959.5569152,157,502
False,73.41592,148.8776,58959.5889792,167.5,502
False,72.97215,148.8431,58959.6212224,179.5,502
False,73.02394,148.954,58959.6532992,181,502
False,72.98978,149.3241,58959.7010688,179.5,502
False,73.50282,149.3249,58959.733056,177,502
False,73.50187,149.8305,58959.7650304,178,502
False,64.83143,139.3771,58959.7971072,175,502
False,65.69169,139.8749,58959.829312,166.5,502
False,66.4995,140.4925,58959.861376,167.5,502
False,67.4097,141.0052,58959.8928896,161.5,502
False,77.43922,152.8445,58959.924928,127.5,502
False,68.72988,142.6178,58959.9572224,174,502
False,75.3094,147.8592,58959.9895424,299.5,502
False,76.54441,148.1872,58960.02112,349,502
False,77.24221,148.3952,58960.0530304,358.5,502
False,77.52958,148.3512,58960.1017088,355,502
False,77.99954,148.3905,58960.1330432,361.5,502
False,74.16666,144.2589,58960.1659136,177,502
False,75.3118,144.087,58960.1969792,193.5,502
False,86.51882,150.7212,58960.2293248,305.5,502
False,79.42196,144.8769,58960.260928,212.5,502
False,92.94114,150.8657,58960.2930816,252,502
False,91.55293,148.2052,58960.3253888,486.5,502
False,93.66895,147.668,58960.3570176,509.5,502
False,90.4008,144.3434,58960.3891456,249.5,502
False,95.6857,144.2457,58960.4213248,289,502
False,102.9109,147.7006,58960.4532096,540.5,502
False,105.5232,147.7846,58960.5015168,535.5,502
False,109.4312,147.5455,58960.5334528,507.5,502
False,112.7052,146.4851,58960.5650816,510.5,502
False,115.9103,145.5495,58960.59712,533.5,502
False,119.9376,145.3665,58960.6300032,553,502
False,124.9341,145.0037,58960.6610944,546,502
False,129.1343,144.3765,58960.6934144,540,502
False,134.444,143.3865,58960.7251328,539,502
False,138.9464,141.7703,58960.7572224,550,502
False,143.8205,140.1532,58960.7895808,532,502
False,147.6061,138.5183,58960.8212352,520,502
False,151.7073,136.8072,58960.8531712,525.5,502
False,156.5798,136.2474,58960.9010048,537,502
False,162.1167,136.1326,58960.9332608,521.5,502
False,167.0923,135.871,58960.965632,522,502
False,172.8604,135.5944,58960.9976576,525.5,502
False,177.9492,134.6252,58961.0292352,518.5,502
False,182.1479,133.0608,58961.0612736,501.5,502
False,185.94,131.0069,58961.0931328,505.5,502
False,189.7784,129.569,58961.1255552,531,502
False,193.3313,128.3447,58961.1571456,497.5,502
False,196.7262,127.6785,58961.1892608,493,502
False,198.9464,125.9497,58961.2212736,407.5,502
False,202.3825,126.174,58961.2532352,454,502
False,206.2417,126.5391,58961.3019136,518.5,502
False,209.7318,125.4742,58961.3335808,471,502
False,211.0557,119.3035,58961.365888,167.5,502
False,214.1502,119.0443,58961.3973248,233,502
False,218.5041,121.4018,58961.4296064,409,502
False,225.8479,127.3418,58961.4612352,177.5,502
False,224.4411,123.3516,58961.4931584,501,502
False,225.9701,123.5,58961.5254016,490,502
False,227.6518,123.1233,58961.5574784,504,502
False,229.0285,122.8167,58961.5892096,491,502
False,230.713,122.3676,58961.6213504,467.5,502
False,232.2978,121.6014,58961.6533376,464.5,502
False,233.7017,120.6126,58961.7012736,462,502
False,234.2792,120.4353,58961.7336832,456,502
False,235.2523,121.0047,58961.7656704,421.5,502
False,234.7033,120.4623,58961.797376,455,502
False,234.4591,120.3936,58961.8292608,448,502
False,234.4727,120.4308,58961.861184,449.5,502
False,234.3885,120.4694,58961.8932096,447,502
False,234.1133,120.4005,58961.9255808,434,502
False,234.0372,120.4238,58961.9575936,435,502
False,234.2167,120.4542,58961.9896192,440,502
False,234.0609,120.3653,58962.02144,432.5,502
False,234.0104,120.3191,58962.0534272,432.5,502
False,233.7522,120.3566,58962.1013504,430.5,502
False,233.9706,120.3795,58962.1333888,437,502
False,233.852,120.3541,58962.1658112,433.5,502
False,233.8106,120.3549,58962.1979776,432,502
False,233.888,120.3303,58962.2292352,434.5,502
False,234.0398,120.3197,58962.2611968,440,502
False,233.888,120.3073,58962.2932736,434.5,502
False,233.8393,120.3136,58962.326016,430.5,502
False,233.828,120.3065,58962.3576832,435,502
False,233.8058,120.3195,58962.3894016,433.5,502
False,233.8909,120.3283,58962.4215424,432.5,502
False,233.867,120.316,58962.4534656,433.5,502
False,233.8643,120.2948,58962.5014272,432.5,502
False,233.8234,120.3088,58962.5337728,435,502
False,233.9772,120.343,58962.5656576,431,502
False,234.1434,120.3006,58962.5973248,423,502
False,235.1025,119.9856,58962.6293376,440.5,502
False,236.8713,119.8143,58962.661888,441.5,502
False,239.5523,120.1926,58962.6932352,443,502
False,241.7301,121.0849,58962.7257216,436,502
False,244.4505,121.9115,58962.7573632,465,502
False,247.5831,121.8449,58962.7894656,482.5,502
False,250.6886,121.6926,58962.8213248,457,502
False,253.7357,120.8612,58962.853888,454,502
False,256.6229,120.4162,58962.9018624,468.5,502
False,259.3027,120.1696,58962.9334016,457,502
False,260.9268,120.7322,58962.9653504,457.5,502
False,262.7933,121.6964,58962.9973888,466,502
False,265.5124,122.7616,58963.0296448,491.5,502
False,270.1655,123.5428,58963.0613248,516.5,502
False,275.0749,124.193,58963.0933632,540.5,502
False,280.4144,124.9824,58963.1255936,538.5,502
False,286.1823,125.5,58963.1574784,513,502
False,291.4524,126.1377,58963.1897472,537.5,502
False,296.3286,126.6123,58963.2223104,527,502
False,300.8554,127.5945,58963.2538112,513,502
False,305.5643,129.1702,58963.3018112,521,502
False,309.8554,130.0818,58963.3334144,528,502
False,314.4053,130.7698,58963.3653376,502.5,502
False,319.4609,130.9347,58963.3974528,500.5,502
False,323.7484,131.6997,58963.4297088,504,502
False,327.6307,132.9138,58963.4618112,501,502
False,330.6643,134.6582,58963.493696,495,502
False,333.0746,135.7183,58963.5254912,493.5,502
False,335.6191,136.382,58963.5574656,448.5,502
False,338.0037,136.0297,58963.5895936,454.5,502
False,339.404,135.7092,58963.6216448,462.5,502
False,340.3286,135.4615,58963.653824,460.5,502
False,341.5154,135.4244,58963.7019008,454,502
False,341.8056,135.8365,58963.7334016,441.5,502
False,341.8847,136.3568,58963.7654016,433.5,502
False,341.9996,136.9124,58963.7980672,434,502
False,342.0754,137.2125,58963.829824,429,502
False,341.7928,137.856,58963.8621568,400.5,502
False,342.4873,137.7068,58963.8939008,419,502
False,342.6243,138.0436,58963.9259904,401,502
False,342.8947,138.0138,58963.9574016,410,502
False,343.2249,138.2857,58963.9896704,392,502
False,343.0932,138.3144,58964.021696,379,502
False,342.9205,138.4437,58964.0534912,367,502
False,342.8589,138.5511,58964.1020416,359,502
False,342.668,138.2661,58964.13344,367,502
False,342.7976,138.2404,58964.1654912,355,502
False,342.7055,138.0051,58964.19776,360.5,502
False,342.7514,137.9722,58964.22944,354,502
False,343.0894,137.6104,58964.2615168,373,502
False,342.9581,137.649,58964.2935424,358,502
False,342.8381,137.6258,58964.326144,330.5,502
False,342.7022,137.4551,58964.3579392,328.5,502
False,343.0489,137.1388,58964.3900928,341,502
False,342.7613,137.049,58964.4224,333,502
False,342.8425,136.9395,58964.4536448,328,502
False,342.546,136.9502,58964.5014784,331.5,502
False,342.4549,137.1365,58964.5343616,323.5,502
False,342.6636,137.0533,58964.5658496,331.5,502
False,342.8962,137.0489,58964.5975552,334,502
False,342.9771,137.1168,58964.6296704,334,502
False,342.4629,137.0434,58964.6616576,319,502
False,342.6215,136.7691,58964.693952,332,502
False,342.7237,136.874,58964.7261312,336,502
False,342.6068,137.0087,58964.758144,326,502
False,342.4223,137.124,58964.78976,318.5,502
False,342.5779,136.8862,58964.8219392,326.5,502
False,342.89,137.1405,58964.8536704,306,502
False,342.8429,136.6571,58964.9015296,297,502
False,342.8702,136.5752,58964.9338624,282.5,502
False,342.5319,136.4099,58964.9655552,272,502
False,342.2748,136.3994,58964.9975296,267.5,502
False,342.0689,136.3996,58965.0296832,251.5,502
False,341.4372,136.4921,58965.0616704,221.5,502
False,340.8567,136.4146,58965.0943104,217.5,502
False,340.5966,135.9938,58965.1255808,214,502
False,340.8344,135.5246,58965.1580416,226.5,502
False,340.9618,135.3015,58965.1902848,235.5,502
False,340.9742,135.5948,58965.2216576,232,502
False,340.9669,135.5342,58965.254144,231.5,502
False,340.9756,135.6402,58965.3019008,239.5,502
False,341.3454,135.5168,58965.333632,248,502
False,341.209,135.5833,58965.365568,248,502
False,340.9415,135.655,58965.3976576,242,502
False,340.7942,135.4494,58965.4297728,234,502
False,340.9964,135.2762,58965.4622592,233.5,502
False,340.8665,135.7905,58965.4943104,206,502
False,340.8031,135.7337,58965.5259008,206.5,502
False,341.2684,135.2611,58965.557824,228.5,502
False,341.4218,135.1632,58965.5896832,241,502
False,341.128,135.5712,58965.6221696,220,502
False,342.0118,135.2863,58965.6541312,255,502
False,342.2301,135.4857,58965.7017344,268,502
False,342.3793,135.9162,58965.733696,264.5,502
False,342.6484,136.1389,58965.7656704,273.5,502
False,342.9124,136.1558,58965.7981952,276,502
False,343.3922,136.4199,58965.8300672,283,502
False,343.6697,136.5859,58965.8623616,274.5,502
False,343.0042,136.6943,58965.8937344,277.5,502
False,343.6598,136.7716,58965.9262464,289,502
False,343.6004,137.017,58965.9584,274,502
False,342.9867,136.8868,58965.9900672,263.5,502
False,343.2548,136.7548,58966.0218496,259,502
False,343.1065,136.5629,58966.0539264,242.5,502
False,343.2425,136.269,58966.1017856,233,502
False,343.2309,136.2168,58966.1336832,237.5,502
False,342.9003,136.2764,58966.1660416,234,502
False,343.2291,136.3527,58966.1980672,241.5,502
False,343.3213,136.4447,58966.2298112,250,502
False,343.7875,136.7882,58966.2618368,256.5,502
False,344.0956,136.7189,58966.2947584,300,502
False,344.8445,137.1287,58966.3262848,329,502
False,346.0777,137.8605,58966.3579136,356,502
False,346.6417,138.9707,58966.3899904,347.5,502
False,347.9379,139.6161,58966.4219904,362.5,502
False,347.983,139.297,58966.4539392,372,502
False,347.6196,138.7954,58966.5020928,371.5,502
False,347.8867,138.3231,58966.5341056,391.5,502
False,346.9187,138.2039,58966.5657216,391.5,502
False,346.192,138.2686,58966.5978368,381,502
False,345.9575,138.5706,58966.6297728,380,502
False,346.207,139.4108,58966.6626688,378.5,502
False,345.7968,140.0486,58966.694144,360,502
False,345.9713,140.6155,58966.7259008,342,502
False,345.9227,140.1843,58966.757888,325.5,502
False,346.6646,139.7681,58966.7899648,317,502
False,346.6196,139.494,58966.8224,276,502
False,347.3607,139.2692,58966.8544256,299,502
False,347.0522,139.0775,58966.9019776,284,502
False,346.298,139.1792,58966.9341312,245.5,502
False,346.8303,139.213,58966.9658624,246.5,502
False,346.5754,139.0366,58966.9979904,232,502
False,346.6595,138.7036,58967.0299136,234.5,502
False,347.1262,138.3432,58967.0623232,220.5,502
False,346.9424,137.9305,58967.0943232,211,502
False,345.814,137.8566,58967.1264,211.5,502
False,345.8544,137.9189,58967.1579648,201.5,502
False,345.4937,137.7751,58967.190016,186,502
False,345.8918,137.4512,58967.2219136,188,502
False,345.8347,137.3228,58967.2539264,190.5,502
False,345.8254,137.2452,58967.3021184,200.5,502
False,345.6551,137.3753,58967.3338496,186.5,502
False,345.6159,137.2069,58967.365824,174,502
False,345.6769,137.4162,58967.3979264,179,502
False,345.449,137.276,58967.4299776,183,502
False,345.321,137.0425,58967.4623488,176.5,502
False,345.3516,136.7977,58967.4941952,173,502
False,345.4557,136.7706,58967.5258752,162,502
False,345.2271,137.0379,58967.5580288,158.5,502
False,345.8387,137.1011,58967.5901184,155,502
False,345.9881,137.5884,58967.6218752,140.5,502
False,346.3849,137.902,58967.654208,161.5,502
False,346.0427,138.0595,58967.7022336,148.5,502
False,345.9305,137.6677,58967.7338112,165.5,502
False,345.358,137.2615,58967.7659648,148.5,502
False,345.7338,149.2407,58967.797952,144,502
False,344.8145,148.669,58967.8299904,142,502
False,344.608,147.75,58967.8623744,142,502
False,344.5839,146.585,58967.8943104,147,502
False,344.2222,145.8295,58967.9261184,151.5,502
False,343.4684,144.6203,58967.958208,158,502
False,343.2817,143.8893,58967.9901312,155,502
False,343.4675,143.525,58968.0220928,156.5,502
False,343.11,142.8242,58968.0543232,154.5,502
False,343.3637,142.3811,58968.1023104,153.5,502
False,342.789,141.9719,58968.1340672,154,502
False,342.6612,141.7555,58968.166016,152,502
False,341.9684,141.539,58968.1981184,158,502
False,341.9176,142.5107,58968.230784,172,502
False,341.2404,142.3061,58968.2625152,165,502
False,341.2972,142.6315,58968.2940672,175.5,502
False,340.9608,142.2992,58968.3262336,166,502
False,340.8015,141.7357,58968.3581056,157,502
False,341.3972,141.8822,58968.3901952,167,502
False,341.5,141.5389,58968.4223872,167,502
False,342.0803,140.1889,58968.4546944,176.5,502
False,342.1197,140.8754,58968.5022976,168.5,502
False,342.0463,140.7915,58968.534144,165.5,502
False,342.2526,140.1342,58968.5661568,159,502
False,342.8366,140.2056,58968.598848,177.5,502
False,343.4451,140.1568,58968.6305408,177.5,502
False,343.4731,139.9098,58968.6622336,164.5,502
False,343.9453,140.261,58968.6941056,170.5,502
False,343.5712,140.319,58968.7262208,174.5,502
False,343.526,140.0877,58968.7582208,182.5,502
False,343.4886,139.7157,58968.7906944,183.5,502
False,343.9991,139.2257,58968.8224256,193.5,502
False,343.746,136.6462,58968.8541568,269,502
False,343.3194,136.19,58968.902144,275.5,502
False,342.6128,135.8723,58968.9342592,284.5,502
False,342.6632,135.6535,58968.9660928,291.5,502
False,343.0457,135.4635,58968.9988352,292,502
False,342.6576,135.2761,58969.0306432,276.5,502
False,342.2376,135.0813,58969.0622464,266.5,502
False,342.2322,134.917,58969.094528,267,502
False,342.0496,135.1441,58969.1262336,259,502
False,342.0255,135.2226,58969.1587584,262,502
False,341.8735,135.1308,58969.1904384,267.5,502
False,342.1953,135.4898,58969.222144,270.5,502
False,342.0598,135.9513,58969.2541696,256.5,502
False,342.0653,135.5838,58969.3022976,275.5,502
False,342.1046,135.7966,58969.3341952,256.5,502
False,341.9559,135.917,58969.3665664,257,502
False,342.2811,135.8062,58969.3988864,242.5,502
False,342.5887,135.5933,58969.4302592,250,502
False,341.7429,140.8606,58969.4626944,153,502
False,342.4816,135.6272,58969.4945152,245,502
False,342.1777,135.7899,58969.5263616,242,502
False,341.9961,135.5582,58969.5582336,253.5,502
False,342.4274,135.466,58969.5901696,237.5,502
False,342.5168,135.601,58969.6230784,233.5,502
False,343.2035,139.6916,58969.6544128,133.5,502
False,342.1986,138.8711,58969.7023104,143.5,502
False,342.3564,138.4221,58969.7342976,152,502
False,341.9283,138.3951,58969.7662976,151,502
False,342.2172,138.5223,58969.7981824,153.5,502
False,342.5483,138.521,58969.8307328,146.5,502
False,342.6556,134.5125,58969.8626304,226,502
False,342.4102,138.2814,58969.8941696,147.5,502
False,342.3183,138.3725,58969.9262336,144.5,502
False,342.558,134.5655,58969.9588608,222.5,502
False,342.6689,134.4052,58969.9902336,222.5,502
False,342.4255,138.2315,58970.02272,155.5,502
False,341.9791,138.7932,58970.0548096,151.5,502
False,342.1003,139.3449,58970.1023232,144.5,502
False,341.6425,139.6502,58970.1343616,151.5,502
False,342.3772,135.2623,58970.1664256,251,502
False,342.3784,135.6306,58970.1988352,259,502
False,342.5333,135.8851,58970.230848,262.5,502
False,342.7677,135.3475,58970.2626432,270.5,502
False,342.7978,135.7912,58970.2942976,253,502
False,342.7314,140.9257,58970.3263488,139,502
False,342.7542,140.8224,58970.358272,129.5,502
False,341.8412,140.5186,58970.3904896,138.5,502
False,341.4708,140.7205,58970.4229248,145.5,502
False,341.8097,141.3887,58970.4543872,144.5,502
False,342.2974,135.4764,58970.5027072,278.5,502
False,342.4965,135.6882,58970.5347968,287,502
False,342.9626,135.6831,58970.5664256,294,502
False,342.8541,135.7274,58970.5985152,293.5,502
False,342.6701,136.2063,58970.6303872,292.5,502
False,342.9293,136.3044,58970.6629504,299.5,502
False,343.4811,136.858,58970.6946816,321.5,502
False,344.3046,136.7981,58970.7264896,331,502
False,344.3305,137.5291,58970.7583232,349,502
False,344.5699,137.6212,58970.7903488,351.5,502
False,344.6431,138.2565,58970.8226304,353.5,502
False,342.7062,133.8517,58970.8552192,240.5,502
False,343.5175,134.4016,58970.9030272,224.5,502
False,344.3717,135.2657,58970.9345024,217,502
False,344.9542,136.237,58970.9668736,211,502
False,347.1685,142.7647,58970.9984896,362,502
False,347.3595,143.0846,58971.0304,325,502
False,347.8618,144.1309,58971.0623488,345,502
False,348.1392,144.9638,58971.0943744,336.5,502
False,348.6325,145.422,58971.1266688,351.5,502
False,347.2311,139.6415,58971.158784,212,502
False,347.0861,139.3684,58971.1908608,199.5,502
False,347.0127,139.3006,58971.2225152,183.5,502
False,346.8083,139.0492,58971.2545536,169.5,502
False,347.0838,138.6696,58971.3025024,171,502
False,349.2643,144.3256,58971.3345536,302,502
False,349.0219,144.4233,58971.3668736,296.5,502
False,348.6123,144.6594,58971.3986048,276,502
False,348.3582,144.7206,58971.430528,281.5,502
False,348.2491,144.3345,58971.4624256,285,502
False,348.7923,144.0655,58971.4943872,280,502
False,348.9878,144.1951,58971.5267712,287,502
False,349.3263,144.0894,58971.5588864,283.5,502
False,349.4036,144.2988,58971.5906432,280,502
False,349.8224,143.9016,58971.6225024,296.5,502
False,349.8216,143.6383,58971.6549632,276.5,502
False,350.1172,143.8615,58971.7029376,281.5,502
False,350.2356,143.659,58971.7343744,283,502
False,349.9176,143.0617,58971.7664256,273,502
False,350.073,143.1851,58971.798848,285.5,502
False,350.1262,142.6975,58971.8309248,276,502
False,349.489,142.4585,58971.8624896,257,502
False,349.525,142.6099,58971.8948992,267,502
False,349.0195,142.4353,58971.9272832,256.5,502
False,349.1123,142.0735,58971.9590656,283.5,502
False,348.5844,140.5935,58971.9910912,275.5,502
False,346.1604,143.1729,58972.0226944,186,502
False,345.4469,136.4023,58972.0545408,299.5,502
False,343.8042,135.9694,58972.1028992,277.5,502
False,346.2754,131.3001,58972.134464,175.5,502
False,344.7036,132.3547,58972.1669248,226,502
False,343.1839,133.8801,58972.198912,271,502
False,341.3395,134.6626,58972.2305792,324,502
False,340.1524,136.0026,58972.2626304,380.5,502
False,338.821,137.034,58972.2944896,411.5,502
False,337.9467,136.9762,58972.3270144,419.5,502
False,336.3594,137.5472,58972.358656,448,502
False,334.7173,138.0255,58972.3906304,490.5,502
False,332.312,139.2019,58972.4225664,530,502
False,329.4053,140.599,58972.4545536,546.5,502
False,326.6422,141.8231,58972.5030912,579.5,502
False,324.1375,143.0376,58972.5344768,602.5,502
False,320.3859,143.8203,58972.5668992,587,502
False,316.4082,143.8635,58972.5986048,574,502
False,313.8403,144.0015,58972.6306432,553,502
False,311.895,143.5076,58972.6626816,536.5,502
False,310.7448,142.5717,58972.6960896,531.5,502
False,310.0824,140.7871,58972.7275264,530,502
False,309.967,139.0602,58972.759104,520.5,502
False,307.9205,138.147,58972.791232,543,502
False,305.0434,136.9257,58972.8231424,560.5,502
False,301.8135,135.8037,58972.8548608,576.5,502
False,298.2607,134.7805,58972.9025536,578.5,502
False,294.6607,133.4305,58972.9351168,583,502
False,290.8432,132.2796,58972.9668992,580.5,502
False,287.1749,131.3844,58972.9991808,587,502
False,283.8415,130.191,58973.0329984,564.5,502
False,280.7645,129.1182,58973.0630656,572.5,502
False,276.6476,127.7765,58973.0952448,551,502
False,272.2454,126.8236,58973.1270784,584,502
False,267.4692,126.5066,58973.1590144,558,502
False,262.504,125.6738,58973.1910784,538,502
False,256.8953,125.3862,58973.2228224,523.5,502
False,252.178,125.283,58973.2549888,543,502
False,247.5141,124.9049,58973.302976,527.5,502
False,243.8431,123.8737,58973.3349248,512,502
False,240.28,122.5948,58973.3672832,522,502
False,236.7375,121.629,58973.3992064,531.5,502
False,232.8972,121.7614,58973.430848,515.5,502
False,229.1873,122.4517,58973.462592,536.5,502
False,224.8165,123.1971,58973.4955392,539.5,502
False,220.9618,123.1416,58973.5276416,558,502
False,217.556,122.5241,58973.5591808,554,502
False,215.1223,121.5902,58973.5907456,553.5,502
False,213.9254,120.1673,58973.6226944,547,502
False,212.4567,118.9296,58973.6551168,566,502
False,210.4957,118.2325,58973.7029888,585,502
False,208.9479,117.8215,58973.7346944,509,502
False,206.3232,117.5316,58973.7667584,561.5,502
False,204.4477,117.4442,58973.7988992,568.5,502
False,203.0555,117.4091,58973.8312832,565,502
False,202.1429,117.5978,58973.8628608,554,502
False,200.9115,117.6705,58973.8950272,561,502
False,199.2428,117.6857,58973.9268864,561.5,502
False,197.3727,117.2132,58973.958848,546.5,502
False,195.3716,116.1418,58973.9910656,536,502
False,193.7121,114.8514,58974.0235264,543,502
False,191.7468,113.9157,58974.0551424,553.5,502
False,189.6502,113.1435,58974.1030144,546,502
False,187.5463,112.8002,58974.1350656,541.5,502
False,185.8848,112.4305,58974.1671424,526.5,502
False,184.9268,112.7211,58974.1995904,523.5,502
False,184.5848,113.1702,58974.2308736,525,502
False,184.6504,113.1788,58974.2632064,522,502
False,184.7481,113.1622,58974.2951936,520,502
False,184.8162,113.1835,58974.3271296,520.5,502
False,184.7916,113.1207,58974.3592064,519,502
False,184.8676,113.1631,58974.391104,520,502
False,184.979,113.1657,58974.4233856,515,502
False,184.9424,113.1912,58974.455168,520.5,502
False,185.0896,113.1888,58974.5027712,522.5,502
False,184.9256,113.1948,58974.5348608,522,502
False,184.952,113.244,58974.5668736,517,502
False,184.8994,113.2484,58974.5989504,520,502
False,184.9765,113.2739,58974.6317056,524.5,502
False,184.9124,113.2486,58974.6633216,525,502
False,184.8373,113.2916,58974.694784,527.5,502
False,184.8465,113.2473,58974.7270016,531,502
False,184.8408,113.2429,58974.7589888,525.5,502
False,184.9127,113.3384,58974.790912,527,502
False,185.1925,113.3523,58974.8232192,518.5,502
False,185.0114,113.3568,58974.8548224,525,502
False,185.0331,113.3251,58974.9027584,523.5,502
False,184.8772,113.2928,58974.934848,522.5,502
False,184.7765,113.252,58974.9672064,526.5,502
False,184.9118,113.2924,58975.000512,525.5,502
False,184.9684,113.2846,58975.0311424,516,502
False,184.7972,113.2539,58975.0633728,508,502
False,184.4156,113.0778,58975.0948608,527,502
False,182.4771,113.0975,58975.1269888,548.5,502
False,179.7883,112.735,58975.1590784,546.5,502
False,177.0667,111.7801,58975.1908992,535,502
False,174.5211,110.4863,58975.2232832,540.5,502
False,172.4303,108.515,58975.254912,545,502
False,170.6062,106.6676,58975.3031808,551.5,502
False,168.9805,105.2476,58975.3353728,531,502
False,168.0132,105.1568,58975.3668736,531.5,502
False,167.8045,105.7758,58975.399104,522.5,502
False,168.1479,106.5858,58975.4316672,519.5,502
False,168.5784,106.8716,58975.4633856,519,502
False,168.8416,107.3485,58975.495296,526,502
False,168.6414,107.6865,58975.5269888,520.5,502
False,168.0595,108.4201,58975.5588352,532,502
False,167.4054,108.4694,58975.59104,534,502
False,167.0332,108.1562,58975.6231936,558,502
False,167.538,108.1419,58975.6557568,552,502
False,167.7532,108.0619,58975.7033728,554.5,502
False,168.1148,107.9751,58975.7348352,562,502
False,168.5704,107.6388,58975.7670144,550.5,502
False,168.7448,107.2816,58975.799552,550.5,502
False,168.6124,107.1916,58975.8310272,565.5,502
False,168.469,107.4798,58975.8638464,556.5,502
False,168.4185,107.5672,58975.8949504,559.5,502
False,168.5869,107.5221,58975.9272192,558,502
False,168.4885,107.6501,58975.9596416,553,502
False,168.6459,107.7187,58975.9913984,554.5,502
False,168.3695,107.83,58976.0230528,558,502
False,168.6176,107.8283,58976.0551296,546.5,502
False,168.3664,107.7382,58976.10304,559,502
False,168.5428,108.0753,58976.1350016,546.5,502
False,168.3471,107.9795,58976.1672832,546,502
False,168.4998,108.3488,58976.1993344,550.5,502
False,168.28,108.4617,58976.230976,553,502
False,168.4252,108.4922,58976.2629376,542.5,502
False,168.2068,108.7745,58976.2950144,544,502
False,168.3138,108.8687,58976.3272704,547,502
False,167.3109,109.0481,58976.360064,579,502
False,166.3443,109.194,58976.3912576,594.5,502
False,166.0591,108.9175,58976.4237312,598,502
False,165.7464,108.642,58976.45536,587.5,502
False,165.9424,108.6442,58976.5030784,585,502
False,166.3854,108.7265,58976.535168,576.5,502
False,166.5311,108.6047,58976.5674368,591.5,502
False,166.6718,108.4966,58976.5990656,584,502
False,166.5013,108.2168,58976.6309888,586.5,502
False,166.7234,108.1089,58976.6630272,587.5,502
False,166.7898,108.2648,58976.695104,583.5,502
False,166.8058,108.3342,58976.727744,587,502
False,166.8043,108.4787,58976.7597184,586,502
False,166.6341,108.4106,58976.7917056,589,502
False,166.604,108.4877,58976.823808,590.5,502
False,166.6485,108.3889,58976.8553728,587.5,502
False,166.6967,108.4299,58976.9032192,588.5,502
False,166.6996,108.4057,58976.9351808,587.5,502
False,166.6077,108.434,58976.967104,593,502
False,166.6417,108.2571,58976.9995776,595,502
False,166.9368,108.3547,58977.0314496,577.5,502
False,166.6127,108.002,58977.0630528,580.5,502
False,166.3693,107.875,58977.0950912,565.5,502
False,165.8489,108.137,58977.1271424,557,502
False,165.5307,107.9513,58977.1592832,561.5,502
False,165.3938,108.1218,58977.19168,557,502
False,165.0678,108.7549,58977.224128,546,502
False,165.1227,109.2815,58977.255424,550,502
False,165.1003,109.6573,58977.3032576,551.5,502
False,165.1863,109.5756,58977.3351168,560,502
False,165.3974,109.4168,58977.367104,557,502
False,165.5483,109.6838,58977.3995136,556,502
False,165.8887,109.7945,58977.4314624,545,502
False,165.7475,109.9392,58977.4633984,548.5,502
False,165.733,109.9077,58977.4951424,545.5,502
False,165.6383,109.6938,58977.5271936,552.5,502
False,165.8042,109.5784,58977.5592576,545.5,502
False,165.7284,109.6557,58977.5914112,545,502
False,165.8018,109.4475,58977.6240128,547.5,502
False,166.0108,109.4821,58977.6559872,539,502
False,165.7433,109.161,58977.7031296,543.5,502
False,165.8486,108.9023,58977.7354368,544,502
False,165.8461,108.6834,58977.7674624,548,502
False,166.0363,108.8316,58977.7991296,537.5,502
False,166.0065,108.955,58977.8312448,537.5,502
False,165.7226,109.3187,58977.8632064,536.5,502
False,165.6581,109.5308,58977.8958208,542,502
False,165.7969,109.4887,58977.9276544,545,502
False,165.9081,109.5852,58977.9593472,560.5,502
False,165.602,109.731,58977.9914112,567,502
False,165.2918,109.3769,58978.0235648,573.5,502
False,165.0735,108.513,58978.0552448,582.5,502
False,165.299,108.4852,58978.103808,568.5,502
False,165.17,108.384,58978.1356928,578.5,502
False,165.4331,108.8476,58978.167104,573,502
False,165.6062,108.552,58978.1998336,587,502
False,165.4994,108.6119,58978.2316544,587,502
False,165.5604,108.5442,58978.2633728,586.5,502
False,165.6092,108.1948,58978.2952192,592,502
False,165.4437,107.9645,58978.3273216,587.5,502
False,165.4281,107.7151,58978.3594496,585.5,502
False,165.45,107.7805,58978.3917696,588.5,502
False,165.6629,107.9814,58978.423488,582.5,502
False,165.6086,108.1077,58978.4558208,577,502
False,165.2474,107.8362,58978.5032192,580,502
False,165.0889,107.912,58978.535168,570,502
False,164.6083,107.6807,58978.5675648,568,502
False,163.7395,107.0366,58978.5997952,570,502
False,163.187,106.6733,58978.6312576,550,502
False,162.0935,105.2131,58978.663232,535,502
False,159.5349,101.582,58978.6954368,580.5,502
False,158.373,100.3674,58978.7277824,572,502
False,156.4341,97.89716,58978.759296,551,502
False,154.312,95.62585,58978.791424,563.5,502
False,152.4165,93.93942,58978.8233216,575,502
False,150.7242,91.9277,58978.8557824,585.5,502
False,148.938,88.77543,58978.9037568,567,502
False,147.38,85.27541,58978.9356672,575.5,502
False,148.0979,84.74913,58978.9672832,432.5,502
False,149.0857,85.59547,58978.9993728,264.5,502
False,147.811,82.44176,58979.0312704,269,502
False,146.2474,78.05849,58979.0633344,322,502
False,145.7215,76.0651,58979.0957568,276.5,502
False,138.7323,58.81865,58979.1278464,386,502
False,139.4033,59.0146,58979.1594624,491,502
False,140.8189,60.45993,58979.1915648,599,502
False,141.9835,58.83449,58979.2236032,647.5,502
False,143.1667,58.26682,58979.2555648,649,502
False,144.0407,59.2736,58979.3037568,605.5,502
False,144.1481,58.42141,58979.3356288,605.5,502
False,144.0516,57.48799,58979.367296,603.5,502
False,143.8827,55.84315,58979.3996288,594,502
False,143.4575,54.51138,58979.4318976,578.5,502
False,142.6351,53.81724,58979.4638464,564.5,502
False,141.4362,53.07801,58979.4953856,555.5,502
False,140.3372,51.8172,58979.527424,552.5,502
False,139.3953,50.20948,58979.5599616,527.5,502
False,138.8401,48.48368,58979.5919104,521,502
False,138.5558,46.16602,58979.6234112,511,502
False,138.1512,44.31804,58979.656,490.5,502
False,134.7269,39.16856,58979.703872,570.5,502
False,133.6807,38.94142,58979.7355008,569,502
False,132.5986,38.39495,58979.767552,568,502
False,131.8031,37.77679,58979.799616,564.5,502
False,131.3024,37.32053,58979.8315904,559.5,502
False,131.0271,37.24097,58979.8638464,554,502
False,130.8937,36.74916,58979.8957312,545.5,502
False,130.6581,35.69794,58979.9274112,543.5,502
False,130.0628,35.10669,58979.9593856,528,502
False,129.732,35.05991,58979.9915008,523,502
False,129.731,35.10656,58980.0235264,513,502
False,130.0564,35.24587,58980.0561664,514.5,502
False,129.9654,35.25988,58980.1042176,510.5,502
False,129.6147,35.37749,58980.1355392,509.5,502
False,129.6404,35.10562,58980.1682816,495.5,502
False,129.7543,35.27333,58980.1998336,500,502
False,129.6458,35.32627,58980.232704,472,502
False,129.9669,36.05219,58980.263872,453.5,502
False,129.8291,36.37806,58980.2955264,436,502
False,130.2139,36.82844,58980.327488,409,502
False,130.5376,37.07268,58980.3594368,399,502
False,130.7005,37.33166,58980.3915136,399,502
False,130.9494,37.26126,58980.4242944,388.5,502
False,131.2342,37.15597,58980.4559488,405,502
False,131.0146,36.92638,58980.503552,412,502
False,130.7944,36.86446,58980.5356928,407,502
False,130.7203,36.68346,58980.5676544,407,502
False,130.7325,36.99636,58980.5996928,412.5,502
False,130.7765,36.97065,58980.6318848,397.5,502
False,130.9996,37.19072,58980.6635136,398.5,502
False,130.677,37.04306,58980.6955776,402.5,502
False,130.7143,37.02426,58980.7275904,398.5,502
False,130.835,37.0358,58980.7595008,405,502
False,130.4191,36.82633,58980.7920512,392.5,502
False,130.0689,36.89565,58980.823744,394.5,502
False,129.6541,36.72324,58980.8562048,409.5,502
False,129.537,36.28996,58980.9040256,403.5,502
False,128.9185,35.34572,58980.9356672,417,502
False,128.4389,34.4778,58980.9677184,428,502
False,128.5111,33.42912,58980.9997312,435,502
False,128.8139,32.33069,58981.0321024,441.5,502
False,129.1291,31.4111,58981.0635776,441.5,502
False,129.3166,30.97352,58981.0959616,428,502
False,129.9802,31.02354,58981.1279744,403.5,502
False,130.0579,31.53653,58981.1597184,385.5,502
False,129.8222,31.68578,58981.1917312,375,502
False,129.8616,31.81222,58981.2237312,371,502
False,129.8586,32.40036,58981.256256,365.5,502
False,129.6498,32.68964,58981.3040896,355.5,502
False,129.0843,32.62849,58981.3357312,358,502
False,128.7811,32.85818,58981.36768,365.5,502
False,128.8796,32.73568,58981.3996416,369.5,502
False,128.6617,33.09686,58981.4316928,366.5,502
False,128.0928,33.44252,58981.4639744,375.5,502
False,127.668,33.49116,58981.496192,386.5,502
False,127.156,33.54248,58981.5276288,408,502
False,127.4159,33.59061,58981.5597184,412,502
False,127.6279,33.3662,58981.5923072,426,502
False,127.8094,33.01268,58981.6238976,407.5,502
False,127.7029,32.79934,58981.655872,404.5,502
False,128.0987,33.10674,58981.7038208,393.5,502
False,127.8806,33.44314,58981.7357184,384,502
False,128,33.57946,58981.7684864,376.5,502
False,127.5111,33.80574,58981.7999872,383.5,502
False,126.9411,34.12602,58981.8319104,387.5,502
False,126.5509,34.01056,58981.8636288,394.5,502
False,126.1179,34.25993,58981.8956544,386,502
False,126.4543,34.49263,58981.9281664,395.5,502
False,125.7668,34.28897,58981.960256,409.5,502
False,125.3972,34.31928,58981.991872,415,502
False,125.1537,34.35484,58982.0239744,418.5,502
False,124.6815,34.35681,58982.0718208,426,502
False,124.6092,34.48225,58982.1037056,432,502
False,124.3781,34.61955,58982.1360256,428,502
False,124.8257,35.02624,58982.1681152,406.5,502
False,124.8878,34.88058,58982.200128,414.5,502
False,125.4924,34.95685,58982.2316288,394,502
False,125.6285,34.9006,58982.2636416,389,502
False,125.5774,34.73139,58982.2957312,394,502
False,126.0335,34.5114,58982.327808,387.5,502
False,126.2807,34.05867,58982.3601536,383.5,502
False,126.1111,33.51111,58982.3924736,397.5,502
False,126.1144,33.43457,58982.4238336,416.5,502
False,125.9813,33.47526,58982.4720896,411,502
False,125.31,33.86527,58982.5041024,407,502
False,125.3738,34.30219,58982.5357696,412,502
False,125.1381,34.52176,58982.5677312,417.5,502
False,125.2041,34.50201,58982.5998208,414,502
False,125.5772,34.52268,58982.6321664,400.5,502
False,125.799,35.07125,58982.6642048,393,502
False,125.9378,35.62271,58982.6957824,383,502
False,126.4629,36.17445,58982.727872,364,502
False,126.5954,36.33241,58982.76,360,502
False,127.0944,36.14074,58982.7922688,360,502
False,126.9348,35.32883,58982.8243328,370.5,502
False,128.1253,35.33635,58982.8718464,387,502
False,128.7642,35.73941,58982.903744,389.5,502
False,129.7375,36.78584,58982.9357312,379,502
False,129.8577,38.59175,58982.9677312,396,502
False,130.9884,41.08923,58983.0002944,360.5,502
False,132.1754,42.60378,58983.032192,352.5,502
False,133.4346,43.76237,58983.0639104,360.5,502
False,134.3023,44.61808,58983.0958464,370.5,502
False,132.5413,47.69664,58983.1279104,272.5,502
False,136.31,47.13192,58983.1599744,307,502
False,139.7794,45.90022,58983.1922816,372.5,502
False,142.8118,44.27209,58983.2243328,449,502
False,145.4211,42.51202,58983.2717824,513,502
False,148.483,40.66459,58983.3037824,560,502
False,151.4034,39.20228,58983.3361408,585,502
False,154.2022,37.82222,58983.3681408,607.5,502
False,157.5742,37.12904,58983.4,629,502
False,161.945,36.82338,58983.4321536,636,502
False,167.1328,36.71687,58983.4646144,664,502
False,171.1391,37.44929,58983.4959104,654,502
False,175.1551,38.30516,58983.5285376,633,502
False,178.0126,39.67626,58983.5603584,608,502
False,180.8536,41.54916,58983.592,617,502
False,182.945,42.7753,58983.624128,627.5,502
False,186.0697,43.5267,58983.6718464,633.5,502
False,188.9695,44.62629,58983.7038848,627.5,502
False,192.6643,46.19645,58983.736192,638,502
False,196.5337,47.55872,58983.7682176,633,502
False,200.5656,48.44646,58983.8,635,502
False,204.1959,49.87555,58983.8320128,641.5,502
False,208.1248,51.02829,58983.8640128,618.5,502
False,212.2822,52.57676,58983.895936,589.5,502
False,216.5655,53.95091,58983.9284608,614.5,502
False,221.2552,54.76117,58983.9606528,582,502
False,226.368,55.74736,58983.9920128,568,502
False,231.7352,56.31285,58984.0243584,561.5,502
False,237.1905,57.05119,58984.0722944,560,502
False,242.1575,57.67405,58984.103872,519.5,502
False,245.9881,58.91458,58984.135872,519,502
False,249.3167,60.39975,58984.1680256,529.5,502
False,253.2192,60.94455,58984.2002432,511,502
False,256.8796,60.54003,58984.2323968,508,502
False,259.899,59.75653,58984.2640384,510,502
False,263.3112,58.5585,58984.296,528.5,502
False,267.4031,57.77058,58984.3280768,571,502
False,271.6777,58.12114,58984.3601024,587.5,502
False,276.3102,58.94247,58984.3924992,576.5,502
False,280.4987,60.25109,58984.424896,575.5,502
False,284.7403,61.5899,58984.472,584,502
False,288.9355,62.31575,58984.5043328,597,502
False,293.0148,62.62012,58984.5363456,598,502
False,297.2984,62.6329,58984.5679488,577.5,502
False,301.7891,62.52025,58984.6001408,555.5,502
False,306.039,63.19452,58984.632064,577.5,502
False,309.2654,63.93881,58984.6645504,547.5,502
False,312.2509,65.24275,58984.6963456,552,502
False,316.2711,66.21391,58984.7283584,568,502
False,320.9109,66.76737,58984.7602432,587.5,502
False,324.9866,66.9898,58984.7921536,572,502
False,329.0673,66.97459,58984.8243968,557.5,502
False,333.009,67.05783,58984.8728704,573.5,502
False,335.5724,67.702,58984.9050624,542.5,502
False,337.9959,68.62843,58984.9361408,527.5,502
False,339.2165,69.89442,58984.9684864,532,502
False,341.8541,70.7279,58985.00032,533.5,502
False,344.4445,71.08225,58985.0322816,541,502
False,346.8605,71.5323,58985.0645376,516,502
False,349.1714,71.36663,58985.0960256,515.5,502
False,351.9114,71.03983,58985.1281536,523,502
False,354.0534,70.55853,58985.1600384,505.5,502
False,355.8976,70.96687,58985.1920128,508,502
False,356.2359,71.74574,58985.2245248,489,502
False,355.6153,72.64172,58985.2725376,461,502
False,354.9897,72.9827,58985.3041792,453,502
False,354.8403,73.0555,58985.3362176,444.5,502
False,354.0137,72.8819,58985.3683072,413.5,502
False,353.8871,72.6281,58985.4007168,423.5,502
False,353.8153,72.50469,58985.4323584,426,502
False,354.247,72.52883,58985.4642432,436.5,502
False,354.3888,72.48492,58985.4961024,442,502
False,354.4688,72.42054,58985.5281024,441.5,502
False,354.8542,72.53033,58985.5607296,456,502
False,354.6104,72.29794,58985.5921024,438,502
False,354.6116,72.14785,58985.6244352,429.5,502
False,354.6683,72.01219,58985.6722816,410,502
False,353.9987,72.39252,58985.7046016,374.5,502
False,355.3184,72.71664,58985.7362944,413.5,502
False,355.2399,72.48959,58985.7682688,408.5,502
False,354.8013,72.39111,58985.8002432,401,502
False,354.0301,71.9786,58985.8323328,366,502
False,355.0427,72.18699,58985.864576,410,502
False,355.4276,72.39058,58985.8965248,428,502
False,355.6966,72.58228,58985.9281536,434.5,502
False,355.788,72.87868,58985.9601792,446.5,502
False,355.9623,73.0761,58985.9922688,455.5,502
False,356.4381,74.03375,58986.0246272,474,502
False,357.0647,75.8559,58986.0729088,476.5,502
False,358.5693,77.86646,58986.1042944,488,502
False,360.5744,80.76281,58986.1366656,475,502
False,362.8441,83.53968,58986.1687296,462,502
False,365.5703,87.05681,58986.2003968,443,502
False,368.0787,89.88426,58986.23232,432,502
False,368.2731,91.82869,58986.2642176,412.5,502
False,368.0432,93.28302,58986.2965376,397.5,502
False,367.6506,93.68317,58986.3286144,373.5,502
False,368.0149,94.02072,58986.3605248,370,502
False,368.4445,94.04435,58986.3923072,364.5,502
False,369.0357,93.76973,58986.424384,359,502
False,369.3385,93.04301,58986.4723712,356.5,502
False,370.2263,92.71885,58986.5047296,370.5,502
False,370.409,92.4678,58986.5367168,354.5,502
False,370.7328,92.50884,58986.568384,358,502
False,371.1547,92.68747,58986.600448,368.5,502
False,371.382,93.1366,58986.632256,377,502
False,372.0598,93.53057,58986.6642304,362.5,502
False,372.2137,93.56299,58986.6966784,344,502
False,372.3225,93.26073,58986.7286784,353.5,502
False,371.8935,93.74784,58986.7602944,328.5,502
False,372.3253,93.50175,58986.7923584,333.5,502
False,372.1766,93.3849,58986.8244352,320,502
False,372.6077,93.35197,58986.8728448,322,502
False,372.6174,93.20493,58986.9047296,311.5,502
False,372.9485,93.31404,58986.9363968,311,502
False,373.3799,93.31396,58986.9684096,301,502
False,373.6628,93.40145,58987.0003584,298.5,502
False,373.0593,93.6726,58987.0322944,281,502
False,373.9652,93.37261,58987.0645888,297,502
False,379.0822,96.0004,58987.0965632,413.5,502
False,379.5204,95.97516,58987.1284096,416,502
False,379.7727,95.982,58987.1603456,426,502
False,379.5564,96.13448,58987.192576,406.5,502
False,374.424,93.53416,58987.2244224,283,502
False,374.4572,93.47702,58987.272832,286.5,502
False,375.2066,93.23536,58987.3047936,296,502
False,379.6167,96.82262,58987.3364352,420,502
False,374.602,93.76093,58987.3684352,270.5,502
False,379.2914,96.9749,58987.4004608,405,502
False,378.7986,97.39764,58987.43232,396.5,502
False,379.0063,97.68627,58987.4646144,399.5,502
False,378.8497,97.91366,58987.4972416,388,502
False,374.0322,94.58301,58987.5284096,259,502
False,373.7517,93.94041,58987.5610752,268.5,502
False,373.5123,92.67254,58987.5924736,284,502
False,376.2322,95.26437,58987.6244864,435,502
False,375.8113,94.92515,58987.6729984,427.5,502
False,371.3252,91.701,58987.7045376,267,502
False,375.0421,95.35392,58987.736768,380.5,502
False,374.3078,95.31902,58987.768384,372.5,502
False,370.0713,92.05048,58987.800512,224.5,502
False,373.5206,96.01858,58987.8327168,332,502
False,370.0321,91.32403,58987.8643328,197,502
False,370.123,91.23896,58987.896448,192.5,502
False,369.9149,90.72895,58987.9291008,190,502
False,369.8794,90.71271,58987.9607424,181,502
False,372.5508,95.37031,58987.9926016,306.5,502
False,372.8102,100.3294,58988.0246784,169.5,502
False,371.4376,95.17473,58988.072576,310,502
False,371.0571,94.31204,58988.1044224,321,502
False,370.7336,94.11639,58988.137024,326.5,502
False,372.5591,89.64557,58988.1687168,237,502
False,371.6242,90.72711,58988.2004864,278.5,502
False,370.8333,92.66396,58988.2325888,307,502
False,369.3846,94.7,58988.264768,345,502
False,367.9415,96.89059,58988.2964096,390,502
False,366.4701,99.45105,58988.3289856,446,502
False,365.1109,101.6086,58988.3604864,473.5,502
False,364.1437,103.362,58988.3926656,482.5,502
False,363.4142,105.3689,58988.424704,482.5,502
False,362.6189,107.7598,58988.4725888,495.5,502
False,361.8327,110.9364,58988.5047936,506,502
False,360.3796,114.0284,58988.5367808,533.5,502
False,358.5681,117.0347,58988.5684096,519,502
False,357.209,118.0131,58988.6008192,536,502
False,355.7975,118.5474,58988.632576,548,502
False,354.0872,119.4774,58988.6648448,560,502
False,352.1352,120.6664,58988.6968192,568.5,502
False,349.7238,122.4224,58988.7286144,563,502
False,347.6144,124.5413,58988.760512,577,502
False,345.2089,127.3819,58988.792704,556,502
False,342.9279,129.5194,58988.8246656,589.5,502
False,340.5929,131.1631,58988.8731776,560,502
False,338.4224,132.1547,58988.9048192,528,502
False,336.6007,131.5936,58988.937088,545.5,502
False,335.6994,131.3739,58988.9686272,534.5,502
False,334.946,131.8865,58989.0010112,534.5,502
False,334.2884,132.289,58989.0325632,549,502
False,332.937,133.2259,58989.0646144,563,502
False,330.9123,134.8487,58989.0965888,558.5,502
False,329.551,136.351,58989.1290496,557.5,502
False,329.028,137.2819,58989.1606144,554,502
False,328.068,138.3807,58989.192768,573.5,502
False,326.838,139.2057,58989.224832,587.5,502
False,325.3633,140.1889,58989.2725248,589.5,502
False,323.7519,141.2153,58989.3048576,590.5,502
False,322.1861,141.9909,58989.3368192,569.5,502
False,320.7714,141.873,58989.3684736,546,502
False,319.0701,141.2284,58989.4006016,540,502
False,317.5811,141.2693,58989.4327424,567,502
False,315.8662,142.0355,58989.4646656,595.5,502
False,314.6739,142.5099,58989.4973056,599.5,502
False,314.1931,142.5957,58989.529216,596.5,502
False,314.3675,142.7362,58989.5609216,590,502
False,314.7124,142.6809,58989.5927296,597.5,502
False,314.8449,142.8071,58989.6247296,591,502
False,314.7339,142.9174,58989.6725888,595,502
False,314.6479,142.9582,58989.7049088,593.5,502
False,314.6964,143.0951,58989.7365888,599.5,502
False,314.7136,143.1207,58989.7686528,600.5,502
False,314.8204,143.1671,58989.8007296,598.5,502
False,314.917,142.9885,58989.8329344,580,502
False,313.835,142.7297,58989.8653312,565.5,502
False,312.3499,142.3571,58989.8970496,532.5,502
False,312.564,142.5062,58989.9289728,508,502
False,313.0866,143.2188,58989.9611904,500.5,502
False,312.7371,143.6496,58989.9926528,478,502
False,312.5736,143.9184,58990.0253312,465.5,502
False,312.3663,144.2272,58990.0729472,444.5,502
False,311.9038,144.8227,58990.1047552,440,502
False,311.2893,145.6372,58990.1367296,424,502
False,310.4861,145.8803,58990.1687552,413.5,502
False,310.6958,145.1363,58990.2007808,401,502
False,310.5585,144.6475,58990.2331776,382,502
False,310.7303,144.2814,58990.2648832,372,502
False,310.9001,144.13,58990.2967296,365.5,502
False,311.0196,143.8836,58990.3289088,356.5,502
False,310.6515,143.5712,58990.360832,361.5,502
False,310.3991,143.6179,58990.39328,362.5,502
False,310.2516,143.7404,58990.4246912,357,502
False,306.0237,143.4597,58990.4729472,442,502
False,306.0216,143.7938,58990.5050624,447,502
False,306.2336,143.9106,58990.5367424,434.5,502
False,311.153,143.8855,58990.5688576,316,502
False,310.1127,142.8587,58990.6008448,315,502
False,309.8787,142.3513,58990.6332288,316,502
False,309.8611,142.2953,58990.6653952,315.5,502
False,304.8427,142.5462,58990.697152,438.5,502
False,304.6776,142.1616,58990.7288576,425,502
False,304.2245,141.8714,58990.7608576,422.5,502
False,304.0457,141.7397,58990.7928448,401.5,502
False,303.9763,141.5509,58990.8247424,394.5,502
False,304.1658,141.288,58990.873152,379,502
False,304.2394,141.0562,58990.9050752,367.5,502
False,304.0135,140.6207,58990.936896,381,502
False,309.9023,140.4438,58990.9689088,247.5,502
False,309.5935,140.5495,58991.0009472,246,502
False,309.9624,140.913,58991.0329984,226,502
False,309.5723,141.2021,58991.0655616,226,502
False,309.7839,140.985,58991.0971904,189,502
False,309.5108,140.9427,58991.1294464,177.5,502
False,302.0071,141.915,58991.1612672,306,502
False,301.7012,142.0718,58991.1934592,299.5,502
False,301.6718,142.1215,58991.2251392,295,502
False,301.7764,142.0006,58991.272896,287,502
False,308.7414,140.5338,58991.3049216,140.5,502
False,308.503,140.1467,58991.3372672,137.5,502
False,294.6524,143.5512,58991.369408,151.5,502
False,294.7331,143.827,58991.4013056,145.5,502
False,294.9223,143.7668,58991.43296,141.5,502
False,294.5245,143.4002,58991.4649344,139.5,502
False,294.4792,143.3808,58991.4969088,140.5,502
False,294.58,143.3297,58991.5288192,136.5,502
False,294.8683,143.4408,58991.5612288,138,502
False,295.3333,143.2924,58991.5933056,138.5,502
False,295.4146,142.9861,58991.624832,143.5,502
False,295.9068,142.8817,58991.6729088,139.5,502
False,295.8247,142.7935,58991.7055872,155,502
False,295.5861,140.8154,58991.73728,149,502
False,296.2215,140.0746,58991.7689472,147.5,502
False,311.8698,142.064,58991.8010496,151,502
False,311.5018,141.709,58991.8329856,181,502
False,311.3194,141.379,58991.8649088,215.5,502
False,310.5577,141.5518,58991.897344,254,502
False,309.201,141.0441,58991.9293824,298.5,502
False,307.9402,140.4055,58991.960896,337,502
False,306.3338,139.5828,58991.99296,383.5,502
False,304.2996,138.4193,58992.0249984,434.5,502
False,301.6667,136.8251,58992.0733824,497.5,502
False,297.8318,134.8937,58992.1056,533,502
False,293.6207,132.7166,58992.1374208,551,502
False,289.8994,130.9357,58992.1690368,541.5,502
False,285.8866,129.1414,58992.2010496,530.5,502
False,282.1296,128.128,58992.2329728,514.5,502
False,277.8411,127.1902,58992.2652416,505.5,502
False,274.9661,125.3636,58992.2968704,550.5,502
False,271.311,123.8225,58992.3288832,544.5,502
False,266.7714,122.6881,58992.3610496,512.5,502
False,261.5855,122.0079,58992.3929728,527.5,502
False,256.8028,121.5919,58992.4254592,535,502
False,252.1999,121.0243,58992.4734464,508.5,502
False,247.6584,119.8394,58992.505152,506.5,502
False,242.7829,118.512,58992.537088,512,502
False,237.3499,117.9675,58992.569088,513.5,502
False,231.9165,117.8431,58992.6011136,529,502
False,226.5408,117.752,58992.6338944,525.5,502
False,220.8689,116.6876,58992.66496,532.5,502
False,216.2058,115.4887,58992.6973568,515,502
False,211.5988,113.851,58992.729088,528,502
False,207.8121,112.3172,58992.7610112,546.5,502
False,204.1787,111.2165,58992.7934976,546.5,502
False,201.4302,110.8172,58992.8251904,559,502
False,199.3327,110.4912,58992.8731264,558.5,502
False,197.3026,110.1843,58992.905152,553.5,502
False,195.7516,110.0637,58992.9371648,559.5,502
False,194.3346,109.5964,58992.9694208,534,502
False,193.2868,108.735,58993.0014592,512,502
False,192.5572,107.8915,58993.0330496,519,502
False,191.6025,107.4445,58993.0650112,535,502
False,190.4352,107.0473,58993.0970496,532,502
False,189.5649,106.8702,58993.1290496,530.5,502
False,189.0405,106.711,58993.1615104,522.5,502
False,188.7379,106.7875,58993.1940864,524,502
False,188.6572,106.8606,58993.225024,525,502
False,188.8191,107.0527,58993.2735744,531.5,502
False,188.7116,107.0565,58993.3051776,530.5,502
False,188.7805,107.081,58993.3372032,533,502
False,188.7607,107.1022,58993.3690624,533.5,502
False,188.7101,107.1143,58993.4014464,533.5,502
False,188.6654,107.1465,58993.4330496,532.5,502
False,188.6286,107.0069,58993.4651264,529.5,502
False,188.7794,107.1604,58993.497152,535,502
False,188.5945,107.1224,58993.5291264,538,502
False,188.5936,107.0824,58993.5616384,534,502
False,188.5047,107.0462,58993.5940352,530,502
False,188.5821,107.1673,58993.6251136,536,502
False,188.643,107.1553,58993.6736256,534.5,502
False,188.6237,107.1536,58993.7055616,536,502
False,188.5353,107.1193,58993.7371648,536.5,502
False,188.2363,106.9939,58993.7691264,546,502
False,185.5155,106.0655,58993.8011392,544.5,502
False,180.9893,104.57,58993.8330624,529.5,502
False,176.4077,104.2828,58993.8654208,567,502
False,172.1655,103.796,58993.897152,563,502
False,168.5639,102.8151,58993.9292928,554.5,502
False,164.9542,101.0015,58993.96128,567.5,502
False,161.4451,99.44081,58993.9932416,581.5,502
False,157.7197,98.2704,58994.0257152,553.5,502
False,153.5365,97.51469,58994.0737792,550.5,502
False,148.5208,96.90896,58994.1056384,556.5,502
False,143.8532,95.41946,58994.1375232,538,502
False,139.6645,93.65014,58994.1691136,544.5,502
False,135.1786,91.45084,58994.2011776,564.5,502
False,130.4155,89.87186,58994.2331264,558,502
False,125.9121,88.97527,58994.2659968,546,502
False,121.4157,88.09948,58994.297472,544.5,502
False,116.9086,87.64388,58994.3293696,556,502
False,113.4644,86.23142,58994.36128,531.5,502
False,111.1739,84.56198,58994.3933568,544.5,502
False,109.0826,82.73936,58994.425472,520.5,502
False,111.4062,85.41306,58994.4738432,242.5,502
False,109.7678,85.12809,58994.5055744,229,502
False,105.0025,82.77778,58994.5371648,393,502
False,89.8797,73.04261,58994.5692032,133,502
False,94.87399,77.25706,58994.6013056,496,502
False,92.83363,76.90065,58994.6333184,562,502
False,90.73864,74.57609,58994.6656768,546.5,502
False,88.78669,72.05615,58994.6975744,561,502
False,86.76525,70.19686,58994.729344,541,502
False,84.55493,68.52989,58994.7613696,532.5,502
False,82.53407,68.07709,58994.7937408,540.5,502
False,79.93291,67.48927,58994.8257664,559,502
False,77.71693,66.1904,58994.8733184,593.5,502
False,75.40564,64.20922,58994.9051904,585.5,502
False,74.1542,61.67555,58994.9371904,581.5,502
False,73.90318,58.79074,58994.9692416,587,502
False,73.90317,55.52209,58995.001792,611,502
False,73.01218,53.28188,58995.0339968,615.5,502
False,72.04324,51.80624,58995.0653696,624.5,502
False,70.82187,50.2296,58995.0980864,625,502
False,69.61411,49.24426,58995.1298432,602.5,502
False,68.83971,48.82203,58995.1612672,575,502
False,68.14101,48.93374,58995.1934464,568.5,502
False,67.18322,48.25958,58995.2254592,574,502
False,66.0078,46.98138,58995.2733056,555,502
False,65.69054,45.13403,58995.3055488,523.5,502
False,66.89289,44.099,58995.33728,513.5,502
False,67.54494,43.92272,58995.3692544,502.5,502
False,67.34106,43.18261,58995.4013696,496.5,502
False,67.0178,42.5801,58995.4333824,477.5,502
False,66.2694,41.96009,58995.4658048,451,502
False,65.57301,41.55752,58995.4976512,452,502
False,64.50688,41.41087,58995.5293824,460,502
False,63.72653,41.17818,58995.561536,470.5,502
False,62.47245,40.48129,58995.5941248,490,502
False,61.29183,39.92292,58995.6260224,506,502
False,60.17896,39.30874,58995.6737152,515,502
False,59.20809,38.66535,58995.7053056,507,502
False,58.03248,37.77395,58995.7377408,508,502
False,57.48083,37.3577,58995.7695104,513,502
False,57.13533,36.74548,58995.8016128,516,502
False,56.35162,35.85276,58995.8338816,510.5,502
False,55.48036,34.84615,58995.8658176,513.5,502
False,54.08074,34.11256,58995.8974208,497.5,502
False,53.0659,33.64967,58995.929472,480.5,502
False,52.62269,33.52217,58995.9615232,451,502
False,53.05706,33.57615,58995.9937792,423.5,502
False,53.55286,33.86027,58996.0255104,411.5,502
False,53.69811,34.40084,58996.0733696,397.5,502
False,54.13298,34.84268,58996.1053568,383.5,502
False,47.69737,31.81458,58996.1373568,564.5,502
False,47.74183,32.24213,58996.1698304,561,502
False,47.59613,32.67351,58996.2015488,560,502
False,47.73002,32.86886,58996.2340096,563,502
False,48.00684,33.18111,58996.265856,536.5,502
False,48.38417,33.86028,58996.2981504,547.5,502
False,48.31033,34.13169,58996.329408,529,502
False,48.58462,34.51545,58996.3614848,518,502
False,49.30453,34.87896,58996.3935232,515,502
False,56.75211,39.93592,58996.4257152,335.5,502
False,58.01113,41.41653,58996.4733952,314.5,502
False,54.55205,37.12057,58996.5054464,475.5,502
False,55.61,37.30444,58996.5375232,450,502
False,59.74207,42.84979,58996.5695744,278.5,502
False,59.70959,43.18707,58996.6020224,314.5,502
False,59.52935,43.54822,58996.6342144,318,502
False,58.65191,38.47102,58996.6655616,474.5,502
False,59.3639,43.34241,58996.6980992,349,502
False,59.22948,42.93379,58996.7300224,367.5,502
False,58.83759,42.57047,58996.7615872,372.5,502
False,58.85328,42.11411,58996.793472,388.5,502
False,58.92863,41.96496,58996.8255232,390,502
False,58.71291,41.96859,58996.87392,382,502
False,58.89654,41.96753,58996.9058048,385,502
False,58.30618,41.9562,58996.9376,380.5,502
False,58.45185,42.27538,58996.9696256,382.5,502
False,58.88297,42.15252,58997.0016512,394.5,502
False,58.47263,42.34535,58997.0337024,374.5,502
False,58.14408,42.48193,58997.0661248,369,502
False,57.95033,42.55757,58997.0976,359,502
False,57.39821,42.3968,58997.130048,354.5,502
False,58.34562,42.61623,58997.1617152,380,502
False,58.07743,42.50612,58997.1936384,381,502
False,58.31409,42.56824,58997.2255872,381,502
False,58.18426,42.65347,58997.2738304,379,502
False,58.12121,42.59288,58997.3056128,379.5,502
False,58.07943,42.52744,58997.3376256,373.5,502
False,58.39176,42.88134,58997.3696128,368,502
False,58.55981,42.76122,58997.4017408,379,502
False,58.48619,42.85635,58997.434368,362,502
False,58.31193,42.83288,58997.4660736,366,502
False,58.29948,42.30122,58997.4976384,384,502
False,59.97102,38.8755,58997.5297408,506,502
False,60.29622,39.40548,58997.5616512,480.5,502
False,60.26982,41.16923,58997.5945088,422.5,502
False,62.9621,39.6193,58997.625536,475,502
False,66.23194,38.76905,58997.674048,503,502
False,71.22202,38.0188,58997.705664,567.5,502
False,77.2337,37.72068,58997.7377024,595.5,502
False,83.07439,37.08103,58997.7696896,578,502
False,88.37209,36.79191,58997.8017664,593.5,502
False,94.0489,36.6607,58997.8341248,559,502
False,98.8931,37.21527,58997.8660992,567.5,502
False,103.2669,37.54884,58997.8976512,554.5,502
False,107.4099,37.28822,58997.9296896,550.5,502
False,112.1968,36.92223,58997.9616896,561.5,502
False,116.6583,37.08369,58997.993984,577.5,502
False,122.0705,37.89701,58998.025984,513,502
False,126.7239,39.00712,58998.0737536,515,502
False,131.1783,40.33489,58998.1057536,536.5,502
False,136.7973,40.93358,58998.138112,542,502
False,142.3197,40.73959,58998.16992,548.5,502
False,147.6601,41.09169,58998.2022784,583.5,502
False,153.9025,41.65469,58998.234176,598.5,502
False,159.8821,43.0701,58998.2658176,582.5,502
False,164.5674,44.71677,58998.2977152,555.5,502
False,168.5722,46.26419,58998.3297536,566.5,502
False,173.2995,47.74755,58998.3617152,595.5,502
False,177.746,47.99855,58998.3941248,573.5,502
False,181.8292,47.96745,58998.4263808,578.5,502
False,186.2969,48.4935,58998.4741632,576.5,502
False,191.1464,49.46791,58998.5058432,592,502
False,195.9144,50.59472,58998.5378048,574.5,502
False,199.8614,52.21803,58998.5698432,543.5,502
False,203.9341,53.9519,58998.6019584,551,502
False,207.9817,54.94865,58998.634176,555,502
False,212.3191,55.53271,58998.6657664,540,502
False,216.3198,55.50753,58998.6977024,531,502
False,220.4267,55.36957,58998.7297408,533.5,502
False,225.2608,55.98341,58998.7617664,542.5,502
False,229.4964,56.66012,58998.794112,509,502
False,232.8681,57.86353,58998.8262912,510.5,502
False,236.4406,58.78325,58998.8738816,517.5,502
False,240.378,59.41478,58998.9058432,530,502
False,244.3321,59.64858,58998.9382912,534.5,502
False,247.7527,59.49985,58998.9702656,546.5,502
False,251.8791,59.33541,58999.0020608,561,502
False,256.8344,59.66109,58999.0338304,568.5,502
False,261.2368,60.45066,58999.066112,554,502
False,264.6871,61.614,58999.0981376,538,502
False,268.2912,63.21332,58999.1298304,530.5,502
False,271.5558,65.04107,58999.1618048,556,502
False,274.7057,66.59988,58999.1944192,546.5,502
False,277.5097,67.68245,58999.2263424,538.5,502
False,281.1294,69.07706,58999.2754304,545,502
False,284.8086,71.07335,58999.306368,559,502
False,288.0318,73.12402,58999.3379712,555,502
False,290.3611,75.16589,58999.3700352,534.5,502
False,292.5102,77.7627,58999.4020224,538,502
False,295.299,80.62489,58999.4338944,558.5,502
False,298.6555,83.23918,58999.4661248,570,502
False,302.0608,85.64156,58999.4979456,551,502
False,305.0599,87.35652,58999.5298048,553.5,502
False,308.9608,89.44414,58999.5619072,544.5,502
False,312.0584,92.47064,58999.5940352,553.5,502
False,315.3082,96.20239,58999.6265728,529.5,502
False,317.8185,100.1779,58999.6743168,511.5,502
False,320.481,104.4747,58999.7060992,534,502
False,324.2813,108.3748,58999.7379968,535,502
False,328.2821,110.4637,58999.7698944,524,502
False,332.2389,112.6974,58999.8019456,542,502
False,335.4331,116.1284,58999.834176,529.5,502
False,337.6758,119.483,58999.865856,530,502
False,338.4891,122.95,58999.8978432,550,502
False,340.1418,126.0659,58999.9301248,564,502
False,342.2036,128.2044,58999.9624064,571.5,502
False,344.3553,129.8129,58999.994112,570,502
False,346.3813,131.1739,59000.0268544,552,502
False,348.8311,132.6312,59000.074048,554.5,502
False,351.535,134.8073,59000.106048,538,502
False,353.743,136.662,59000.1384064,532.5,502
False,355.4547,138.3106,59000.1702912,535.5,502
False,357.0948,140.5056,59000.2019584,538,502
False,359.1834,142.205,59000.233856,548,502
False,361.7313,143.0357,59000.26592,518,502
False,364.2502,143.2272,59000.2983168,521.5,502
False,367.0022,143.2515,59000.3306368,523.5,502
False,369.6587,143.4689,59000.3622784,525,502
False,371.9596,144.2897,59000.3940096,523.5,502
False,373.2654,145.4212,59000.42624,535,502
False,374.7652,146.702,59000.4739456,543,502
False,377.0348,146.9048,59000.5060608,551.5,502
False,379.7734,147.372,59000.5380736,565,502
False,382.5003,146.9155,59000.5703936,560,502
False,385.622,145.9073,59000.602176,548.5,502
False,388.4416,145.4903,59000.6341888,557.5,502
False,390.9165,145.1535,59000.6662272,583,502
False,393.5475,145.0813,59000.697984,582,502
False,395.515,145.3613,59000.7304192,578,502
False,397.5883,146.16,59000.7623552,608.5,502
False,399.1699,146.2656,59000.7940352,595.5,502
False,400.2284,146.2049,59000.8259456,595.5,502
False,400.9258,146.1075,59000.8748032,591,502
False,401.1864,145.9709,59000.9065472,584,502
False,401.5416,146.0316,59000.9384576,581,502
False,401.5727,145.9812,59000.9700608,585.5,502
False,401.1955,145.9286,59001.0021888,574.5,502
False,401.6403,145.8935,59001.0347136,582,502
False,402.192,145.9894,59001.0669824,600,502
False,403.7045,145.9347,59001.0984064,590,502
False,405.0623,145.5857,59001.1300352,599,502
False,405.5107,145.0325,59001.1621504,594,502
False,406.0536,144.6098,59001.1939968,597.5,502
False,406.7297,144.6692,59001.2260224,590,502
False,407.4832,145.0322,59001.2743808,595,502
False,407.9952,145.1117,59001.3066112,595.5,502
False,408.688,145.3489,59001.3381248,600,502
False,409.0417,145.2367,59001.3705984,603.5,502
False,409.6454,144.9883,59001.4026112,610,502
False,409.9746,144.7708,59001.4342912,609.5,502
False,409.8325,144.6653,59001.4662272,609,502
False,409.8288,144.7034,59001.498176,603.5,502
False,409.6567,144.6758,59001.5305344,605,502
False,409.6189,144.6241,59001.5626496,610.5,502
False,409.5418,144.6738,59001.5944704,611.5,502
False,409.5877,144.6888,59001.6260608,618.5,502
False,409.9399,144.7306,59001.6741248,613,502
False,410.5371,144.6186,59001.7062016,603.5,502
False,411.6298,144.2839,59001.7382656,596.5,502
False,412.413,144.2636,59001.7711488,585.5,502
False,412.6244,144.791,59001.8023424,591,502
False,412.5587,145.3698,59001.8346752,589.5,502
False,413.0133,145.5021,59001.8662784,589.5,502
False,413.4052,145.4871,59001.8985856,596,502
False,413.4589,145.3604,59001.9302656,598.5,502
False,413.7466,145.0916,59001.9624704,588,502
False,413.7635,145.0382,59001.9941376,585,502
False,413.6116,145.1258,59002.0262272,587,502
False,413.5702,145.3808,59002.0745472,594,502
False,413.5419,145.3222,59002.106624,597,502
False,413.6215,145.337,59002.1383296,593.5,502
False,413.5454,145.3277,59002.1703168,592.5,502
False,413.4696,145.3409,59002.2027904,592,502
False,413.4137,145.3593,59002.2349184,597.5,502
False,413.509,145.4001,59002.2665984,599.5,502
False,413.5582,145.2915,59002.2985856,593,502
False,413.506,145.2864,59002.3302784,593.5,502
False,413.5221,145.2709,59002.3621632,592.5,502
False,413.4156,145.2816,59002.3948416,596,502
False,413.5114,145.285,59002.426368,593.5,502
False,413.3505,145.5718,59002.4746624,594,502
False,412.9351,146.0268,59002.5063424,590.5,502
False,413.1549,146.143,59002.538304,588.5,502
False,413.1248,145.8801,59002.5710464,577,502
False,412.9563,146.0287,59002.6027648,587.5,502
False,413.1938,145.9698,59002.634304,573.5,502
False,413.3313,145.7976,59002.6661632,571.5,502
False,413.1165,145.8888,59002.6982144,569.5,502
False,413.1728,145.9744,59002.7303552,574,502
False,413.2648,145.9988,59002.7627136,574,502
False,413.2661,146.0009,59002.7943808,577.5,502
False,413.2216,146.0183,59002.826368,573,502
False,413.3162,145.9227,59002.8744832,573.5,502
False,413.3443,146.0802,59002.9063936,590.5,502
False,413.0114,146.4949,59002.938752,602.5,502
False,413.3268,146.7997,59002.9709056,591.5,502
False,413.8311,146.657,59003.0023552,586,502
False,413.9003,146.3858,59003.0342144,585,502
False,414.097,146.3913,59003.0662784,589,502
False,414.0274,146.131,59003.0983424,589,502
False,414.5764,145.7632,59003.1309184,589,502
False,414.183,145.8396,59003.1629568,583,502
False,414.2648,146.0399,59003.1944448,588.5,502
False,414.3853,146.0366,59003.2266496,587.5,502
False,414.5082,145.878,59003.2747904,580.5,502
False,414.4337,145.8562,59003.3063552,579.5,502
False,414.5898,145.5901,59003.3384832,588,502
False,414.5904,145.4996,59003.3703936,585.5,502
False,414.6193,145.6847,59003.4024192,591.5,502
False,414.4801,145.9448,59003.4346368,586,502
False,414.6624,145.7379,59003.4666752,590,502
False,414.6049,145.4657,59003.4986624,585.5,502
False,414.6127,145.5047,59003.5303424,583.5,502
False,414.6098,145.5422,59003.5624064,589,502
False,414.5453,145.5422,59003.594432,588,502
False,413.9469,145.9562,59003.6263808,586.5,502
False,413.6357,146.527,59003.6748416,587,502
False,413.8091,146.7594,59003.7068928,579,502
False,413.9612,146.6875,59003.73888,575,502
False,414.0798,146.4398,59003.7705344,580.5,502
False,413.9065,146.3799,59003.8025472,576,502
False,414.2105,146.3811,59003.8344704,589,502
False,414.0065,146.3535,59003.8666752,587.5,502
False,414.2461,146.3727,59003.8989952,588.5,502
False,414.3732,146.3796,59003.9308672,594,502
False,414.0232,146.3276,59003.962304,583,502
False,413.9724,146.3279,59003.994368,585.5,502
False,413.9994,146.2985,59004.0263936,583,502
False,414.1809,146.3432,59004.0753408,589.5,502
False,414.2253,146.3248,59004.1071232,587.5,502
False,414.2003,146.3817,59004.139072,582.5,502
False,412.9266,146.6477,59004.170624,570,502
False,412.008,146.4961,59004.2029568,539.5,502
False,411.9879,146.5591,59004.2345344,534.5,502
False,412.4844,146.9726,59004.2663936,528.5,502
False,413.394,147.3566,59004.2983936,543.5,502
False,414.2823,147.0602,59004.3311744,532,502
False,415.4004,145.9212,59004.3627648,512,502
False,416.6829,145.3519,59004.39456,503,502
False,417.3982,145.3612,59004.4266112,472.5,502
False,418.748,146.2181,59004.4745472,481.5,502
False,419.2664,147.1188,59004.50656,485.5,502
False,420.2448,147.7578,59004.5389056,527,502
False,421.1613,147.9734,59004.5711488,526,502
False,422.3863,148.0529,59004.6029312,522.5,502
False,424.5052,148.2454,59004.6345728,540,502
False,425.8382,148.0734,59004.6664704,533.5,502
False,426.8092,146.8146,59004.6992256,497,502
False,427.3975,145.8967,59004.7308544,493.5,502
False,429.1357,145.1852,59004.7624064,509.5,502
False,431.1158,144.6756,59004.7944704,506.5,502
False,432.4955,144.1206,59004.8264832,504.5,502
False,433.0862,143.4945,59004.8745856,500.5,502
False,432.7695,143.3448,59004.9069696,496,502
False,432.468,143.4687,59004.9387136,481.5,502
False,431.9561,143.9715,59004.9707136,474,502
False,431.1244,144.6733,59005.0027008,451.5,502
False,429.5746,144.829,59005.0345472,422,502
False,429.3318,144.7751,59005.06688,421,502
False,428.8281,144.4976,59005.0996864,411,502
False,428.4777,144.2745,59005.130944,425,502
False,427.4365,144.4599,59005.1628672,378,502
False,428.1033,144.3596,59005.1945472,400,502
False,427.8782,144.7351,59005.2266368,406.5,502
False,428.5341,144.8202,59005.2751744,405,502
False,428.8215,145.0221,59005.3066368,414.5,502
False,429.1073,145.2155,59005.339072,397.5,502
False,429.4442,145.4339,59005.3709824,437.5,502
False,429.9099,145.4913,59005.402752,440,502
False,430.153,145.7073,59005.4345728,422.5,502
False,430.3552,145.9915,59005.4665856,411.5,502
False,430.474,146.5578,59005.498688,419.5,502
False,431.3959,146.8346,59005.5310464,452.5,502
False,432.21,147.1032,59005.5625728,454,502
False,432.8975,147.1964,59005.5949568,479.5,502
False,432.7348,147.14,59005.6266624,440.5,502
False,433.5885,147.252,59005.6746368,465,502
False,434.311,147.1948,59005.7070208,447.5,502
False,434.3958,146.3658,59005.7390976,416,502
False,433.771,146.2086,59005.771072,401,502
False,433.7015,145.8975,59005.8025472,387,502
False,432.8227,145.7084,59005.834688,391,502
False,432.9098,145.9909,59005.8666752,386,502
False,432.4526,146.0059,59005.8992896,394,502
False,432.8279,145.861,59005.9311744,368,502
False,432.3989,145.4435,59005.96256,389,502
False,432.2345,145.4174,59005.9947648,384.5,502
False,432.2993,145.623,59006.026816,363,502
False,432.2655,145.7487,59006.0752384,386,502
False,432.4436,145.9349,59006.1069952,384,502
False,432.9668,145.9133,59006.1388672,371,502
False,432.8934,146.0411,59006.1706368,369,502
False,432.5452,145.8148,59006.2027776,363.5,502
False,432.1556,145.7401,59006.235136,340.5,502
False,431.8602,145.6099,59006.2671104,329,502
False,431.476,145.5181,59006.2987776,313,502
False,431.4667,145.3475,59006.3308672,317.5,502
False,430.9489,145.4874,59006.3629312,303,502
False,430.5229,145.5909,59006.3950976,279.5,502
False,430.4945,145.1909,59006.4271104,275,502
False,429.7472,145.2953,59006.474688,254.5,502
False,429.3366,145.2843,59006.5066368,251.5,502
False,434.6737,148.811,59006.5388032,428.5,502
False,429.7743,144.9318,59006.5707264,254,502
False,429.3565,145.0593,59006.603456,244.5,502
False,428.8853,145,59006.635136,231,502
False,428.2803,145.1837,59006.6668672,229.5,502
False,427.9515,145.1806,59006.6987648,209.5,502
False,432.9762,148.9161,59006.7309184,363.5,502
False,432.6464,148.7464,59006.7627648,370,502
False,431.8828,148.4492,59006.7952384,375.5,502
False,431.6314,148.011,59006.8267904,378.5,502
False,431.4696,147.5308,59006.8747008,373,502
False,431.2704,147.1858,59006.90688,378.5,502
False,430.6535,147.1175,59006.938752,366,502
False,429.9524,147.0623,59006.9711744,364,502
False,429.3251,147.3088,59007.0032896,366.5,502
False,428.9732,147.1334,59007.0348928,361,502
False,428.7269,147.044,59007.0667648,348.5,502
False,429.0344,146.917,59007.099584,363.5,502
False,428.835,146.8248,59007.1313024,359.5,502
False,428.6302,146.7984,59007.1629312,343,502
False,428.8458,146.6015,59007.1951232,355.5,502
False,428.9714,146.4384,59007.2269696,361.5,502
False,428.9178,146.9467,59007.2753408,334.5,502
False,429.0898,146.6614,59007.3070848,349,502
False,428.804,146.3453,59007.338752,361.5,502
False,428.9325,146.3625,59007.3707648,343,502
False,429.146,145.9504,59007.4028544,359.5,502
False,428.3992,146.1804,59007.434944,346.5,502
False,428.2329,146.1324,59007.4672896,338.5,502
False,428.1009,146.0627,59007.500032,348.5,502
False,427.6069,145.9284,59007.5309824,340,502
False,427.0331,145.6862,59007.5629952,332.5,502
False,425.6436,146.3569,59007.5949952,340,502
False,423.8271,146.7112,59007.6428288,374,502
False,422.1647,147.0005,59007.675392,345,502
False,421.5453,147.0822,59007.706816,340.5,502
False,420.6652,146.5571,59007.7391104,331.5,502
False,420.1067,146.3736,59007.7708416,339,502
False,420.0208,146.6107,59007.8029568,336.5,502
False,419.8946,146.4802,59007.835008,370,502
False,419.7099,146.122,59007.867648,366,502
False,419.5176,145.7946,59007.8992896,340,502
False,419.5999,145.586,59007.930944,334.5,502
False,419.4921,145.6799,59007.9628416,327.5,502
False,419.6066,145.51,59007.9949184,374.5,502
False,419.9078,145.3206,59008.0428928,352.5,502
False,419.7046,144.975,59008.0752896,360.5,502
False,420.1877,144.2325,59008.1079168,368.5,502
False,419.7304,143.9406,59008.1388928,381.5,502
False,419.2729,143.7249,59008.171456,377.5,502
False,416.9469,143.2457,59008.2029696,411,502
False,414.8447,143.9816,59008.235136,380,502
False,414.8697,145.4284,59008.2670592,387.5,502
False,415.2658,145.105,59008.299328,400,502
False,415.442,144.8194,59008.3310976,423.5,502
False,415.5933,144.7861,59008.3629056,434,502
False,415.5369,144.6887,59008.3950208,447,502
False,415.8349,144.7844,59008.4428928,471.5,502
False,415.8716,145.0402,59008.4754688,472.5,502
False,416.1452,145.0156,59008.5077632,482,502
False,416.1436,144.9389,59008.5394304,477,502
False,416.1799,145.0331,59008.5709312,478,502
False,416.533,145.2951,59008.6031488,492.5,502
False,416.3634,145.3099,59008.6353536,476,502
False,416.3624,145.533,59008.6675456,487.5,502
False,416.3523,145.4948,59008.699008,484,502
False,416.3465,145.659,59008.7310592,479.5,502
False,416.5796,145.5928,59008.7630592,478.5,502
False,416.6203,145.3337,59008.79552,485,502
False,416.6125,145.2106,59008.8430208,486,502
False,416.6814,145.3206,59008.875456,485.5,502
False,416.5061,145.4447,59008.9069312,474.5,502
False,416.7995,145.56,59008.9389824,495.5,502
False,417.446,145.9234,59008.9719808,516,502
False,417.4855,145.9616,59009.003392,517,502
False,417.8333,146.0075,59009.0350464,533,502
False,418.033,146.1741,59009.067264,540,502
False,418.4573,146.3454,59009.098944,540.5,502
False,419.1661,146.4574,59009.1319424,556,502
False,419.4973,146.4487,59009.163584,568,502
False,419.2412,146.0747,59009.1952768,557.5,502
False,419.2765,145.7766,59009.2432512,539.5,502
False,419.3432,145.678,59009.2752128,542.5,502
False,419.4387,145.5815,59009.3072,538,502
False,419.326,145.5593,59009.3393664,542,502
False,419.4501,145.5312,59009.3710464,542.5,502
False,419.0348,145.4643,59009.4030464,527,502
False,419.0434,145.4523,59009.4350208,529.5,502
False,419.1349,145.4268,59009.4670848,522.5,502
False,419.0128,145.3436,59009.4998272,521,502
False,418.9208,145.3646,59009.5320832,517.5,502
False,418.65,145.3369,59009.5632512,509.5,502
False,418.1193,145.1842,59009.5951872,490.5,502
False,413.3246,143.7512,59009.6436864,382.5,502
False,413.6924,143.9502,59009.6755456,395,502
False,417.0649,144.1406,59009.7071488,480,502
False,417.2307,144.1297,59009.7390464,498.5,502
False,418.2626,143.8598,59009.7711488,537.5,502
False,417.2649,144.2711,59009.803136,506.5,502
False,418.4073,144.3273,59009.8356736,520.5,502
False,419.11,144.3029,59009.8675328,532,502
False,419.2766,144.2043,59009.8991744,537.5,502
False,419.2333,144.1732,59009.9313408,538,502
False,419.1529,144.2099,59009.9632896,521,502
False,418.9128,143.9556,59009.995328,506.5,502
False,418.9435,144.3802,59010.0435968,501,502
False,419.0861,145.099,59010.0751488,507,502
False,419.6647,145.665,59010.1078784,508,502
False,419.9282,146.0159,59010.1391232,513,502
False,420.28,146.065,59010.1711232,528.5,502
False,420.57,145.7961,59010.20352,553.5,502
False,421.2137,145.4359,59010.2355968,565.5,502
False,421.7702,145.4619,59010.2672896,568,502
False,422.7496,145.3325,59010.2992384,571,502
False,423.7441,144.9982,59010.331136,557.5,502
False,423.9908,145.3894,59010.3639424,547,502
False,424.4651,145.6782,59010.395648,547.5,502
False,425.1519,145.3747,59010.4432896,556.5,502
False,425.8158,144.6958,59010.475392,555.5,502
False,426.8036,144.2112,59010.5072896,563.5,502
False,427.6927,143.9242,59010.5392512,569.5,502
False,428.2268,143.5963,59010.57184,547.5,502
False,430.9182,141.5841,59010.6037504,621.5,502
False,427.7256,143.8955,59010.6352768,540.5,502
False,427.5441,143.6376,59010.667328,538.5,502
False,427.3263,144.0467,59010.6992384,521.5,502
False,427.1885,144.0144,59010.7316352,511,502
False,427.5523,143.6566,59010.7635584,514.5,502
False,427.8979,143.712,59010.7955072,525.5,502
False,428.0585,144.491,59010.8431744,507.5,502
False,428.333,143.8558,59010.8753152,531.5,502
False,429.0336,143.5234,59010.907328,506,502
False,430.6608,143.3464,59010.9400448,510.5,502
False,435.8137,140.3495,59010.9713664,610,502
False,432.9756,142.8621,59011.0040448,493,502
False,433.5706,142.7486,59011.0356736,486,502
False,433.6776,143.1432,59011.0673152,471.5,502
False,433.827,143.0623,59011.0992384,486.5,502
False,433.546,143.4386,59011.1313408,478,502
False,433.7802,143.1449,59011.1632768,489,502
False,436.8372,140.7813,59011.195712,578.5,502
False,433.1944,143.1047,59011.2436352,511,502
False,432.0949,143.4136,59011.2754176,490,502
False,431.1333,143.318,59011.3074176,499,502
False,429.7563,143.4457,59011.3394048,491,502
False,428.0926,143.4779,59011.3720832,506,502
False,427.0765,142.8453,59011.4040832,520.5,502
False,426.4252,141.1492,59011.43584,544,502
False,426.0807,138.663,59011.4673664,593,502
False,426.4325,134.5524,59011.4997248,618.5,502
False,427.1091,130.3629,59011.5313792,626.5,502
False,428.1691,126.9982,59011.5633024,640.5,502
False,428.9847,125.0168,59011.5953408,653.5,502
False,429.6609,123.7703,59011.6438144,635.5,502
False,430.0291,122.2163,59011.6754176,618,502
False,430.0152,121.6675,59011.707456,593.5,502
False,429.4096,121.8509,59011.7395072,583.5,502
False,428.8545,122.3203,59011.7715328,575,502
False,428.9184,122.4352,59011.803776,576,502
False,428.7173,121.6221,59011.8357248,576,502
False,428.7597,119.7972,59011.8674048,595,502
False,429.0871,117.5133,59011.8993536,606.5,502
False,429.1713,114.5533,59011.9320448,627.5,502
False,429.6712,111.1169,59011.9638016,627.5,502
False,429.99,108.3008,59011.9955456,615.5,502
False,429.9304,104.7918,59012.0435328,591.5,502
False,429.2066,101.7769,59012.07552,576,502
False,428.6878,99.52778,59012.1075584,576,502
False,428.509,96.43503,59012.1401472,590,502
False,428.4153,92.87972,59012.1719296,569.5,502
False,428.2395,89.46478,59012.2035456,584.5,502
False,428.7296,86.13273,59012.2354304,609,502
False,428.8191,82.70058,59012.267392,575,502
False,428.4435,79.54106,59012.299392,552,502
False,427.2227,76.91993,59012.3323904,562,502
False,426.6988,73.83772,59012.3641344,571,502
False,426.7787,71.22836,59012.3959424,589,502
False,427.095,67.17608,59012.4435456,575.5,502
False,427.9491,63.67714,59012.4756224,589,502
False,429.2163,60.39409,59012.5076224,598,502
False,430.0999,57.24782,59012.5395456,592.5,502
False,430.1437,54.59303,59012.57184,554.5,502
False,429.6518,53.39178,59012.6034432,547.5,502
False,428.7527,52.28111,59012.6354432,517,502
False,428.1182,50.91209,59012.6673792,500.5,502
False,429.1015,45.22251,59012.6994432,588,502
False,429.0752,48.34866,59012.7318784,478.5,502
False,431.982,42.88356,59012.7641728,574,502
False,432.3441,45.82405,59012.7954944,431,502
False,432.231,44.55556,59012.844032,438,502
False,432.2977,43.58905,59012.8759168,444.5,502
False,432.1695,42.63436,59012.9076992,438.5,502
False,433.01,41.29993,59012.9395968,449,502
False,433.3142,40.71527,59012.9715072,435.5,502
False,434.4514,39.60686,59013.0039552,437.5,502
False,435.3615,38.41101,59013.0360192,427,502
False,435.9729,37.07742,59013.06784,437,502
False,436.2514,36.88393,59013.0994432,415,502
False,435.995,36.76202,59013.1316992,398.5,502
False,435.6213,36.65672,59013.1636864,385.5,502
False,435.788,36.74946,59013.195776,384.5,502
False,436.023,37.05634,59013.244224,390.5,502
False,435.8674,37.46071,59013.275648,386,502
False,435.9349,37.78064,59013.3080192,389,502
False,435.7245,37.67319,59013.3398912,383,502
False,435.4786,37.77138,59013.3715584,382,502
False,435.091,38.49285,59013.4037888,384.5,502
False,434.8792,39.15004,59013.4358656,371,502
False,434.6304,39.48913,59013.4678656,368,502
False,433.9267,40.22362,59013.500224,357,502
False,433.832,40.78161,59013.531968,377,502
False,433.8256,40.63249,59013.563712,375.5,502
False,434.0115,40.89599,59013.5958144,391,502
False,433.9465,40.94815,59013.6436864,405,502
False,434.0336,41.68642,59013.6757248,396.5,502
False,433.5894,42.50808,59013.70816,381.5,502
False,433.3279,43.17618,59013.73952,368,502
False,432.7689,43.61557,59013.7717888,349,502
False,432.4937,44.41251,59013.803968,330.5,502
False,432.2727,44.85051,59013.8356608,330,502
False,438.0739,41.8753,59013.8676224,482.5,502
False,432.1378,45.49219,59013.8996864,309.5,502
False,431.8662,45.54423,59013.9323136,309,502
False,431.7588,45.56043,59013.9640576,307.5,502
False,437.89,42.18674,59013.9959552,477.5,502
False,437.7903,42.01881,59014.043776,478.5,502
False,431.5253,45.89154,59014.0756864,293.5,502
False,431.2642,46.58434,59014.1076992,291.5,502
False,430.7617,47.85123,59014.1399552,270,502
False,431.0039,48.87467,59014.171968,254,502
False,431.474,49.27612,59014.2040832,285.5,502
False,431.678,49.70679,59014.235648,324,502
False,431.7071,46.22075,59014.2678016,453,502
False,432.1789,49.61911,59014.3001088,382,502
False,432.3789,49.14469,59014.331904,402,502
False,432.185,48.67298,59014.3638912,422.5,502
False,431.8608,48.53601,59014.3958144,449,502
False,432.2461,48.36428,59014.443776,447,502
False,431.6028,47.78609,59014.4762496,467.5,502
False,431.6988,47.55746,59014.5079936,467,502
False,431.2957,47.27139,59014.5397248,473.5,502
False,430.9927,47.21969,59014.5716352,482.5,502
False,431.795,47.124,59014.6043264,461,502
False,431.2081,46.75026,59014.6356864,492.5,502
False,431.7101,46.87328,59014.6680448,484,502
False,431.7291,46.9341,59014.7000064,480.5,502
False,431.9473,46.84883,59014.7319168,484,502
False,432.2043,46.80229,59014.76384,480.5,502
False,432.2528,46.74131,59014.796416,484.5,502
False,432.1101,46.73641,59014.8437504,487.5,502
False,432.5093,46.7646,59014.87616,476.5,502
False,432.5809,46.70417,59014.9078016,480,502
False,432.304,46.73457,59014.9397248,483.5,502
False,432.1521,46.49592,59014.9716992,510.5,502
False,431.66,45.81137,59015.0041728,527.5,502
False,431.5241,45.39402,59015.036096,535.5,502
False,431.6276,44.94658,59015.0681856,546,502
False,431.6178,44.33397,59015.099776,528.5,502
False,431.2548,43.78126,59015.1318656,526.5,502
False,430.8147,43.21777,59015.1638784,523.5,502
False,430.4677,42.16507,59015.1967616,522,502
False,429.7527,40.80935,59015.2442368,535,502
False,428.3345,39.33122,59015.2758144,551.5,502
False,426.3333,38.39874,59015.3081472,555.5,502
False,423.7061,37.26089,59015.3400704,554.5,502
False,420.9716,36.048,59015.3717632,569.5,502
False,418.0692,35.58855,59015.4038912,559,502
False,414.6555,34.92757,59015.435904,550,502
False,411.2168,33.32828,59015.467904,626.5,502
False,407.9716,32.93553,59015.5002368,592,502
False,403.6413,32.87168,59015.532736,571.5,502
False,399.3163,33.41719,59015.5645568,558.5,502
False,394.9437,34.27768,59015.5964032,545,502
False,390.5946,34.18009,59015.6443392,509,502
False,386.7116,33.85409,59015.6759808,538,502
False,381.8298,33.69228,59015.7079808,566,502
False,376.5175,34.46704,59015.7399808,541,502
False,370.8438,36.08709,59015.7723136,499.5,502
False,364.9814,37.41659,59015.8042368,518.5,502
False,358.6402,38.73776,59015.8358144,534.5,502
False,353.0675,39.39805,59015.867776,530.5,502
False,346.4791,40.00222,59015.8998144,526,502
False,340.4477,40.68916,59015.931904,526,502
False,334.4893,42.18489,59015.9644032,512,502
False,328.502,44.06799,59015.9965696,529.5,502
False,323.1526,45.68022,59016.0456192,516.5,502
False,318.3615,46.44029,59016.0763136,508,502
False,313.9329,46.92062,59016.108288,516.5,502
False,308.8975,47.75694,59016.1399808,504,502
False,303.7899,48.99068,59016.1720448,483,502
False,299.8566,50.5903,59016.2040192,484.5,502
False,297.2663,51.8856,59016.2363392,507,502
False,295.4456,53.12241,59016.2683648,491.5,502
False,294.7208,53.37151,59016.2999552,471.5,502
False,294.8374,53.0574,59016.332096,453,502
False,294.0095,52.6203,59016.3639168,492.5,502
False,296.1826,53.36268,59016.3959168,460,502
False,295.2726,52.75939,59016.4443776,510.5,502
False,295.8081,53.04346,59016.4769152,498.5,502
False,295.9255,53.26304,59016.5080192,514.5,502
False,296.2716,53.39085,59016.5403648,510,502
False,296.5931,53.38039,59016.572032,510,502
False,296.6375,53.50243,59016.6041344,513.5,502
False,296.687,53.47292,59016.636672,517,502
False,296.9046,53.43005,59016.6683008,513.5,502
False,296.9295,53.37697,59016.7000064,508,502
False,296.8603,53.15746,59016.731968,507,502
False,297.2049,53.25852,59016.7640448,503.5,502
False,297.0237,53.42672,59016.7959808,514,502
False,297.2752,53.20131,59016.8444288,510,502
False,297.6361,53.2335,59016.8764672,507.5,502
False,297.5016,53.33141,59016.9080192,519,502
False,297.1718,53.20826,59016.9400704,525,502
False,297.1369,53.383,59016.9720832,523.5,502
False,297.8265,53.12062,59017.0041216,514,502
False,297.7552,52.99809,59017.0366464,523.5,502
False,297.2841,52.84164,59017.0680704,531.5,502
False,297.6152,52.74831,59017.1003648,518.5,502
False,297.2043,52.61399,59017.132032,541,502
False,297.0409,52.53618,59017.1640704,550.5,502
False,297.1063,52.66881,59017.19616,544,502
False,297.3343,52.66477,59017.2444928,527,502
False,297.6577,52.19571,59017.2765952,536.5,502
False,297.9037,52.13377,59017.3084544,534.5,502
False,298.3619,51.75707,59017.3400832,542,502
False,298.3489,51.61121,59017.3721728,556,502
False,298.2823,51.06452,59017.4047616,558,502
False,298.3771,50.7515,59017.4383616,556,502
False,298.3638,50.63168,59017.4687744,552.5,502
False,298.3098,50.71484,59017.5007232,553.5,502
False,297.8938,50.41895,59017.5325056,566.5,502
False,298.1628,50.31387,59017.5645824,565,502
False,298.5181,49.95175,59017.5964672,563,502
False,298.3152,49.7242,59017.6444928,562,502
False,297.9226,50.08798,59017.676736,564.5,502
False,297.9185,50.34921,59017.7084288,556.5,502
False,298.1575,50.29769,59017.7403648,570.5,502
False,298.7821,49.80018,59017.7721984,563,502
False,298.8961,49.29704,59017.8046976,569.5,502
False,298.47,49.1224,59017.8362496,561,502
False,298.2357,49.9731,59017.868352,570,502
False,298.4314,50.44088,59017.9004672,545.5,502
False,298.6348,50.47849,59017.9323776,538.5,502
False,298.6858,50.42001,59017.9641728,548,502
False,298.6981,50.46295,59017.9966592,546.5,502
False,298.733,50.35543,59018.044352,543,502
False,298.6846,50.26442,59018.0767488,549,502
False,298.0866,50.08722,59018.1086592,558,502
False,297.907,49.72792,59018.1402112,566,502
False,298.2281,49.49752,59018.1722368,571.5,502
False,298.1551,48.98859,59018.2049408,569.5,502
False,298.1943,49.05115,59018.2367232,567,502
False,298.4387,49.13033,59018.2685312,566.5,502
False,298.7928,48.63797,59018.300416,557.5,502
False,298.7299,48.42857,59018.3328256,567,502
False,298.7111,48.74197,59018.3644672,555.5,502
False,298.5929,48.90767,59018.3965184,565,502
False,298.6697,49.57846,59018.4444032,555.5,502
False,298.8491,50.21371,59018.47648,554.5,502
False,298.7744,50.50091,59018.5084544,549,502
False,298.7368,50.61373,59018.5411712,541.5,502
False,298.5104,50.58822,59018.5723136,554.5,502
False,298.0742,50.52091,59018.6053248,566,502
False,297.9855,50.31296,59018.6364032,564.5,502
False,298.2272,50.10467,59018.668736,560.5,502
False,297.9139,50.00237,59018.7002368,563.5,502
False,297.9953,49.98084,59018.73216,565.5,502
False,297.7868,49.89105,59018.7642752,564.5,502
False,298.0381,49.91386,59018.7967104,565,502
False,298.3459,49.74012,59018.8442368,569.5,502
False,298.1716,49.74978,59018.8762368,561.5,502
False,297.939,50.10099,59018.9083392,571,502
False,298.0457,50.38503,59018.9403648,561,502
False,297.9749,50.53124,59018.9732736,557.5,502
False,297.7491,50.52023,59019.0048512,564.5,502
False,297.9785,50.28096,59019.0363904,566.5,502
False,298.0376,50.05698,59019.0682496,567.5,502
False,298.1371,50.44217,59019.1002112,560.5,502
False,298.17,50.38923,59019.1327104,572.5,502
False,298.116,50.3681,59019.1645696,570.5,502
False,298.0941,50.44035,59019.196736,570,502
False,297.8373,50.40046,59019.2443264,581,502
False,298.1029,50.44493,59019.2764288,573.5,502
False,298.1331,50.39,59019.3083776,573.5,502
False,298.0639,50.32747,59019.3412736,568.5,502
False,298.3918,50.38641,59019.3730048,559,502
False,298.2975,50.27763,59019.4044928,553.5,502
False,298.6642,50.35234,59019.4367616,543.5,502
False,298.5026,50.38466,59019.4687744,545.5,502
False,298.5583,50.36694,59019.500352,555.5,502
False,298.503,50.17442,59019.5323904,559,502
False,298.6029,50.30896,59019.5643776,554,502
False,298.5631,50.17029,59019.5971328,552,502
False,298.5702,50.26191,59019.6446592,546,502
False,298.4078,50.28907,59019.6763776,546,502
False,298.4892,50.34825,59019.7084032,547.5,502
False,298.4297,50.31113,59019.7404032,555.5,502
False,298.4733,50.30039,59019.7725184,551.5,502
False,298.5121,50.27011,59019.8049024,551,502
False,298.4432,50.35666,59019.8375296,543,502
False,298.1566,50.44262,59019.8687232,549,502
False,298.0555,50.49835,59019.9003392,555.5,502
False,298.3361,50.67952,59019.9324288,544.5,502
False,297.9877,50.56284,59019.9643648,557,502
False,297.9904,50.71625,59019.9963648,558,502
False,297.9345,50.59467,59020.0448512,562.5,502
False,297.6349,50.53275,59020.0764544,572.5,502
False,297.5732,50.54801,59020.1086336,574.5,502
False,297.6833,50.51717,59020.1405952,563,502
False,297.9359,50.469,59020.1725568,556.5,502
False,297.9627,50.54193,59020.2054656,554.5,502
False,297.7678,50.40809,59020.2370432,568.5,502
False,297.8119,50.43214,59020.2684928,560,502
False,297.6795,50.39569,59020.3012736,572,502
False,297.6425,50.23697,59020.3327488,572.5,502
False,298.2166,50.37671,59020.3644032,561,502
False,297.9298,50.35289,59020.396544,562.5,502
False,298.1808,50.30841,59020.4444672,555,502
False,297.6351,50.15937,59020.4764928,571,502
False,296.9969,50.10704,59020.5088896,587,502
False,297.2144,50.22873,59020.5405824,572,502
False,297.3325,50.26813,59020.5725824,570,502
False,297.1455,50.28784,59020.6045184,571.5,502
False,297.4826,50.60374,59020.6364416,569.5,502
False,297.09,50.42331,59020.6688128,570.5,502
False,297.3578,50.38044,59020.7009536,559,502
False,297.3821,50.36129,59020.7324928,560.5,502
False,297.1038,50.27318,59020.7645184,573.5,502
False,296.8942,50.15785,59020.7970432,576.5,502
False,296.9586,50.06045,59020.8451328,579,502
False,296.9352,50.45213,59020.8770048,571,502
False,296.8759,50.8057,59020.908608,579,502
False,296.2167,50.79901,59020.9405824,573,502
False,295.8879,50.49178,59020.9725696,557.5,502
False,294.9784,50.23599,59021.0045184,532.5,502
False,293.5349,49.91277,59021.0368512,523.5,502
False,292.0523,49.76974,59021.0688128,525.5,502
False,290.1682,50.21885,59021.1004928,543,502
False,289.0453,51.39174,59021.1325056,536.5,502
False,287.5973,52.11606,59021.164672,550,502
False,286.2341,51.94223,59021.1965696,551,502
False,285.5808,52.47277,59021.2452608,557,502
False,284.6131,52.90949,59021.2768512,563.5,502
False,285.0063,53.74109,59021.3089792,528.5,502
False,283.0067,54.04291,59021.3406592,551.5,502
False,279.9626,54.40833,59021.3725952,584.5,502
False,276.308,54.72408,59021.4045952,598,502
False,272.7513,55.34816,59021.4375552,618.5,502
False,267.9668,56.2678,59021.4688512,587.5,502
False,264.4921,56.45643,59021.5005312,579.5,502
False,262.0313,55.86156,59021.532672,581.5,502
False,259.7811,55.28352,59021.5646976,575.5,502
False,257.2834,55.14049,59021.5967104,563.5,502
False,254.8483,55.27978,59021.6450432,541.5,502
False,251.9954,55.66667,59021.6770048,542,502
False,247.7869,55.95221,59021.7086848,561.5,502
False,244.0721,55.72144,59021.7405312,569,502
False,240.6302,55.31743,59021.7725312,566,502
False,237.0903,54.87255,59021.804672,561,502
False,233.863,54.30688,59021.836992,567,502
False,230.6936,53.84329,59021.8689152,569,502
False,227.7707,54.02348,59021.9005568,546.5,502
False,226.0646,54.41829,59021.9327232,539.5,502
False,224.542,54.82877,59021.9647616,548,502
False,223.5353,54.99544,59021.9968128,548,502
False,223.3821,55.24287,59022.0451328,543.5,502
False,222.8665,55.51645,59022.0770688,537,502
False,222.1141,55.73378,59022.108672,521.5,502
False,222.4553,55.3535,59022.1411328,512.5,502
False,222.9987,54.73586,59022.1726208,515.5,502
False,223.1943,54.51339,59022.2047616,516.5,502
False,222.8667,54.81699,59022.2377216,520,502
False,222.8212,54.73618,59022.2690432,515.5,502
False,222.5552,54.77073,59022.300608,520.5,502
False,221.9858,54.60777,59022.332928,515,502
False,220.9937,54.29787,59022.3648768,531,502
False,219.1347,53.96009,59022.3967232,534.5,502
False,216.8462,53.81134,59022.4450944,549.5,502
False,214.3322,53.25605,59022.4767488,565,502
False,211.8026,52.70333,59022.5086592,545.5,502
False,208.929,51.63236,59022.5406464,549,502
False,205.9754,50.75075,59022.5726848,555,502
False,202.7922,50.44516,59022.6054912,545.5,502
False,199.3786,50.49419,59022.63712,530.5,502
False,196.2294,51.04258,59022.668736,524.5,502
False,193.1211,51.29337,59022.7006976,538,502
False,189.8757,50.88726,59022.7328384,547,502
False,186.4617,50.25304,59022.7646848,533.5,502
False,183.5411,48.94836,59022.7969152,539,502
False,180.3295,47.56805,59022.8451328,564.5,502
False,176.2382,46.97636,59022.8771456,557,502
False,172.3895,46.55473,59022.9086336,540.5,502
False,168.2052,46.63642,59022.9406976,534.5,502
False,163.8859,46.73686,59022.9727104,539,502
False,159.9644,46.3964,59023.0051968,528.5,502
False,155.9156,45.41869,59023.037376,513.5,502
False,152.5622,43.65103,59023.0693888,533,502
False,148.9289,41.71446,59023.1007744,551,502
False,144.8878,41.51845,59023.1330688,537.5,502
False,141.2108,42.32077,59023.1650304,530.5,502
False,138.1583,43.2765,59023.196928,545.5,502
False,134.731,43.36013,59023.2453376,541,502
False,132.2151,42.49205,59023.2769152,534.5,502
False,129.4895,41.56041,59023.3091328,538,502
False,126.7446,40.31653,59023.3410816,545.5,502
False,124.4029,39.55556,59023.3727872,549,502
False,122.689,39.5171,59023.4048384,521.5,502
False,121.3682,40.36954,59023.4368512,511,502
False,120.3761,40.86998,59023.4693504,502.5,502
False,120.1492,41.08752,59023.5011968,497,502
False,119.4824,41.43462,59023.5329664,492,502
False,118.3357,41.82845,59023.56512,494.5,502
False,117.8191,42.04384,59023.5969152,479,502
False,117.412,41.30722,59023.6448384,459.5,502
False,117.3439,41.02079,59023.6772096,457,502
False,116.9673,40.76663,59023.70912,443.5,502
False,116.6056,40.52993,59023.7407872,431.5,502
False,116.4426,40.50194,59023.7728256,430,502
False,116.1063,40.50994,59023.8048128,436,502
False,115.7964,40.28452,59023.8377344,420,502
False,115.5437,40.34295,59023.8689152,416,502
False,115.7059,40.1547,59023.9012608,404,502
False,115.3712,40.07818,59023.9330688,396.5,502
False,115.4883,40.13907,59023.9649536,377.5,502
False,115.6959,40.31516,59023.9970688,376,502
False,115.8429,40.43098,59024.0453504,375.5,502
False,115.6156,40.64933,59024.076992,375,502
False,115.5355,40.70638,59024.1089152,373.5,502
False,115.5389,40.69158,59024.1409152,368,502
False,115.7484,40.64562,59024.172928,348.5,502
False,115.2073,40.64709,59024.2052864,332,502
False,115.5848,40.51181,59024.2371584,303.5,502
False,115.4948,40.53366,59024.2688256,304.5,502
False,115.5788,40.5214,59024.3009152,296,502
False,115.5247,40.86485,59024.3338624,293.5,502
False,115.3015,40.88111,59024.365056,293,502
False,115.1237,41.01518,59024.3973632,296.5,502
False,115.4037,40.92624,59024.4452096,296,502
False,115.1129,40.69009,59024.477056,313,502
False,114.6917,40.26875,59024.508992,320,502
False,114.1544,39.46101,59024.5412992,312,502
False,114.4973,38.79743,59024.5731968,311,502
False,114.8979,38.42742,59024.605312,310,502
False,114.0153,37.7916,59024.6369408,305.5,502
False,109.5068,33.41657,59024.6689152,450.5,502
False,109.4254,33.8481,59024.7009024,434.5,502
False,109.6138,33.94753,59024.7336192,432,502
False,109.7048,33.99455,59024.7654912,428,502
False,109.9873,34.1442,59024.797568,408,502
False,110.2722,34.31606,59024.8450816,395.5,502
False,110.0004,34.53783,59024.877248,407.5,502
False,110.4322,34.60595,59024.9090048,398,502
False,110.3731,34.31407,59024.9416704,398,502
False,110.4661,34.60398,59024.9733888,385.5,502
False,110.4696,34.7597,59025.0052096,378,502
False,110.7431,35.07422,59025.036992,379.5,502
False,110.2012,35.09996,59025.0689664,388.5,502
False,110.834,35.1465,59025.1010176,359.5,502
False,110.9628,35.24368,59025.1334272,362.5,502
False,111.4309,35.64341,59025.165056,365.5,502
False,111.507,35.61189,59025.197184,356,502
False,111.9252,35.65825,59025.2450944,356.5,502
False,112.2183,35.53724,59025.2771456,358,502
False,112.4268,35.45629,59025.3097088,356.5,502
False,112.543,35.13655,59025.3413632,362.5,502
False,112.4729,35.03365,59025.3730432,366.5,502
False,112.0325,35.10961,59025.405568,369.5,502
False,112.0453,35.18304,59025.4370048,371.5,502
False,112.1718,35.46898,59025.4696192,360,502
False,112.1231,35.79798,59025.501376,346.5,502
False,111.8815,36.11945,59025.5329664,353,502
False,112.4544,36.21029,59025.56512,330.5,502
False,112.6223,36.25601,59025.597504,319,502
False,112.5832,36.53617,59025.6451712,329.5,502
False,113.0076,36.54998,59025.6774912,328.5,502
False,113.3032,35.84815,59025.7091328,320.5,502
False,113.0775,35.65686,59025.741056,340,502
False,113.4459,35.3118,59025.7730816,340.5,502
False,113.455,35.2022,59025.8051072,333,502
False,113.957,34.79969,59025.8373888,322,502
False,113.4652,30.89672,59025.8693632,198.5,502
False,114.7109,32.22015,59025.9011968,215,502
False,114.1396,32.28814,59025.9330816,206.5,502
False,114.1191,33.23821,59025.9652096,208.5,502
False,114.6717,34.3604,59025.9972224,234,502
False,115.4035,35.95591,59026.0458496,249.5,502
False,116.4958,38.96541,59026.0780288,318,502
False,117.0426,40.96507,59026.1095168,324.5,502
False,118.5882,41.98592,59026.1410688,331.5,502
False,119.3415,42.21436,59026.1731456,325,502
False,120.4329,42.29234,59026.2051712,341.5,502
False,120.7236,42.56278,59026.2374656,330.5,502
False,121.0494,42.52993,59026.2699008,303.5,502
False,121.317,41.52945,59026.301568,266,502
False,121.0838,41.43681,59026.3333248,254.5,502
False,121.4206,41.21772,59026.3652992,246.5,502
False,120.9288,40.99413,59026.3983104,227,502
False,121.3993,40.65067,59026.4456064,250,502
False,121.3187,41.01065,59026.4772992,250.5,502
False,121.0858,40.87879,59026.5092224,258.5,502
False,120.7086,40.8168,59026.5412352,262,502
False,120.3401,40.72617,59026.5731456,246.5,502
False,120.4532,40.58923,59026.6055552,247.5,502
False,120.3745,40.64874,59026.6372736,251,502
False,120.502,40.90145,59026.669248,252,502
False,120.5996,40.74264,59026.7011072,243.5,502
False,121.2803,40.72036,59026.7333248,239,502
False,122.4082,40.88913,59026.7657088,227,502
False,124.43,41.35381,59026.7974528,203.5,502
False,126.6291,41.48545,59026.845312,177.5,502
False,129.3391,40.86876,59026.8776064,143.5,502
False,125.0593,43.9746,59026.909248,315,502
False,126.4191,43.2682,59026.9411968,348,502
False,126.2855,43.96156,59026.9732224,355.5,502
False,129.4838,41.59607,59027.005312,432,502
False,132.8335,39.3631,59027.0376448,481.5,502
False,136.5351,37.69328,59027.0696704,551,502
False,141.9127,36.53517,59027.1012096,580.5,502
False,147.6285,35.99387,59027.1334144,598,502
False,152.9951,35.36326,59027.1653248,607,502
False,157.5725,35.36927,59027.1979008,621.5,502
False,160.4999,35.4076,59027.2459648,583.5,502
False,162.2949,36.05646,59027.2777984,581.5,502
False,163.5114,36.7588,59027.309568,591.5,502
False,164.6733,37.1294,59027.3412096,601.5,502
False,166.5517,37.24521,59027.3732352,609,502
False,168.7089,37.06472,59027.4051968,600,502
False,171.5535,37.17027,59027.4373376,577.5,502
False,174.9431,37.49673,59027.4700288,585.5,502
False,178.0919,37.52634,59027.5016832,591.5,502
False,181.1917,37.93677,59027.5333504,582.5,502
False,184.9032,39.06456,59027.5655424,552.5,502
False,188.0128,40.57562,59027.5973888,545.5,502
False,190.8155,42.91276,59027.6454528,565.5,502
False,193.9751,45.39728,59027.6778496,576,502
False,197.6151,47.56175,59027.7097088,556,502
False,202.4699,49.77348,59027.7414912,543,502
False,207.7117,51.99239,59027.7734784,569.5,502
False,212.6436,53.98742,59027.8061952,556.5,502
False,217.6358,55.91958,59027.8374144,528.5,502
False,222.3052,57.87612,59027.8702336,522,502
False,227.4292,59.45849,59027.9018112,534,502
False,232.3317,60.16859,59027.9333632,519,502
False,237.1035,60.27821,59027.9653376,520,502
False,243.5519,60.09325,59027.9974656,504,502
False,249.7268,60.8862,59028.0453504,496.5,502
False,254.8235,62.12563,59028.0777728,497.5,502
False,259.832,63.82119,59028.1094784,494,502
False,265.2101,65.13618,59028.1414656,503,502
False,269.7965,65.72163,59028.1734272,509.5,502
False,274.1588,65.70719,59028.2054784,510,502
False,278.5755,65.72282,59028.2380672,513.5,502
False,282.8366,66.34798,59028.2697472,512,502
False,286.0045,67.6002,59028.3017472,486.5,502
False,288.486,69.22952,59028.3334016,494.5,502
False,291.501,70.42332,59028.3657984,513,502
False,295.3158,71.17272,59028.39744,523,502
False,298.8676,71.79002,59028.4454272,517.5,502
False,302.4372,71.79924,59028.478016,528,502
False,306.6472,72.20185,59028.5094912,540,502
False,310.4028,73.40621,59028.5418752,542,502
False,312.299,75.11005,59028.573504,524,502
False,313.3693,76.78706,59028.6055424,551,502
False,315.4267,78.15522,59028.6380288,560.5,502
False,317.6789,79.32017,59028.6704,557,502
False,319.7423,80.02511,59028.7014528,557.5,502
False,322.5515,80.98235,59028.7337984,557,502
False,326.1088,81.45503,59028.7654656,530,502
False,329.3938,82.31744,59028.7975168,535,502
False,332.647,84.14811,59028.8455296,525.5,502
False,335.9267,86.66402,59028.877888,504.5,502
False,338.3003,89.82815,59028.9099008,514,502
False,341.1109,92.20026,59028.941568,526,502
False,344.6722,94.01105,59028.9735552,513,502
False,348.0999,94.79459,59029.0056064,505.5,502
False,351.8035,95.55091,59029.037504,514,502
False,355.2917,97.09021,59029.0702336,521,502
False,357.3869,99.00066,59029.101824,510.5,502
False,357.9464,101.0196,59029.1334272,528,502
False,359.0766,102.2585,59029.1654912,541.5,502
False,360.2279,102.6707,59029.1984768,537.5,502
False,360.607,102.315,59029.2459392,545,502
False,360.7053,102.2431,59029.277632,552,502
False,360.7781,102.0135,59029.3095808,543,502
False,360.5938,101.8836,59029.3416192,542.5,502
False,360.5574,101.8504,59029.373632,537,502
False,360.5163,101.6828,59029.4059264,537.5,502
False,360.5469,101.6435,59029.4375168,538.5,502
False,360.6485,101.6707,59029.4694528,540.5,502
False,360.629,101.7426,59029.5016448,544.5,502
False,360.6654,101.6885,59029.5334784,543,502
False,360.5651,101.6399,59029.5660032,541.5,502
False,360.5747,101.6435,59029.59808,538.5,502
False,360.6107,101.6135,59029.6456192,539.5,502
False,360.5961,101.6518,59029.6776704,538.5,502
False,360.6346,101.6759,59029.7096832,541,502
False,360.5757,101.6258,59029.7416576,539,502
False,360.6856,101.6608,59029.7739648,537,502
False,360.6809,101.6149,59029.8059648,537.5,502
False,360.7316,101.6731,59029.8375424,541.5,502
False,360.5972,101.667,59029.8695424,542.5,502
False,360.6502,101.6049,59029.9019264,537,502
False,360.649,101.6119,59029.9340928,538.5,502
False,360.6305,101.6379,59029.9656448,538.5,502
False,360.6084,101.6186,59029.9977216,537.5,502
False,360.5777,101.6009,59030.0462592,537.5,502
False,360.8103,101.7137,59030.0777856,538.5,502
False,362.1991,102.4045,59030.1103104,536.5,502
False,364.8962,103.9303,59030.1419904,538,502
False,368.4344,105.7382,59030.173568,519.5,502
False,372.4336,107.0967,59030.205824,525.5,502
False,376.4261,108.8669,59030.2375296,513.5,502
False,378.8976,110.7643,59030.269568,491.5,502
False,380.1981,113.1256,59030.302016,501.5,502
False,382.3327,115.2601,59030.3337344,509.5,502
False,384.7092,116.7935,59030.3657472,494,502
False,387.5403,117.8852,59030.3977472,490.5,502
False,390.8613,118.9453,59030.44576,533.5,502
False,393.5097,121.3053,59030.4781696,547,502
False,394.8034,124.1624,59030.5104,526.5,502
False,394.7102,127.4685,59030.5417984,558.5,502
False,395.3325,129.5749,59030.57408,570.5,502
False,397.0627,132.3324,59030.6060544,563,502
False,398.8306,134.1203,59030.6377216,569.5,502
False,400.8318,135.8566,59030.6696064,560,502
False,402.3713,136.5998,59030.7016576,548,502
False,404.4218,136.8619,59030.7342592,548,502
False,406.8227,137.5764,59030.7658752,550,502
False,408.3364,138.5747,59030.798144,543.5,502
False,409.178,139.6405,59030.845824,528,502
False,409.2362,140.9022,59030.877824,525,502
False,409.5424,141.7192,59030.910144,530,502
False,410.0278,142.0906,59030.9423104,528,502
False,410.9541,142.7969,59030.9742976,537.5,502
False,411.8826,143.3677,59031.0060928,538,502
False,412.1888,143.4534,59031.0377088,545.5,502
False,412.0645,143.3926,59031.0697856,540,502
False,412.0283,143.0582,59031.1017984,529.5,502
False,411.7849,142.4017,59031.133824,487.5,502
False,410.8406,140.7816,59031.1664896,401.5,502
False,410.7316,140.3832,59031.19808,387.5,502
False,410.68,139.9031,59031.2459008,363,502
False,410.5218,139.4509,59031.2778368,329,502
False,411.8609,143.1865,59031.3098624,538,502
False,411.9758,143.059,59031.3430272,537,502
False,411.6352,143.4391,59031.3741184,493,502
False,412.1762,145.5104,59031.4061568,402,502
False,411.9913,144.1852,59031.4377472,481.5,502
False,411.9221,143.0923,59031.46976,532.5,502
False,411.9409,142.8916,59031.5018112,547.5,502
False,411.7322,142.78,59031.5342592,544,502
False,411.8179,142.6932,59031.5660928,541,502
False,411.73,142.6661,59031.5978752,545,502
False,411.7109,142.7287,59031.6458752,542.5,502
False,411.7977,142.6765,59031.6778752,540.5,502
False,411.8306,142.6184,59031.709824,549,502
False,411.7446,142.5198,59031.7422976,556,502
False,411.7477,142.5789,59031.7742976,549,502
False,411.5573,142.5152,59031.8058496,550,502
False,411.723,142.5562,59031.8379392,544.5,502
False,411.727,142.6224,59031.8700544,550,502
False,411.7097,142.525,59031.9018368,546,502
False,411.6325,142.5608,59031.9344896,546.5,502
False,412.0354,142.772,59031.9663872,546,502
False,412.9071,143.6013,59031.9979136,551,502
False,413.8908,143.9162,59032.0458112,519,502
False,413.6185,143.8203,59032.0778368,505.5,502
False,413.4568,143.3343,59032.1101952,501,502
False,413.3036,142.9828,59032.1421312,505,502
False,412.8248,142.3504,59032.1739008,488,502
False,412.6282,142.1693,59032.2060672,481.5,502
False,414.552,142.4892,59032.2380032,538,502
False,414.1084,142.4309,59032.2700288,519.5,502
False,412.3592,142.0971,59032.3026176,484,502
False,412.2905,142.117,59032.3345536,478.5,502
False,414.0598,142.8026,59032.3664512,521,502
False,412.4028,142.3726,59032.3979136,475,502
False,411.9433,142.4825,59032.4459008,485,502
False,411.9456,142.7609,59032.4779648,481,502
False,412.0942,143.0085,59032.5106816,488.5,502
False,412.2901,142.9882,59032.542272,493.5,502
False,412.2975,143.0223,59032.5739136,492.5,502
False,412.2726,142.9915,59032.6061056,491.5,502
False,411.9948,142.7478,59032.6380416,482.5,502
False,412.051,142.8342,59032.6701568,473.5,502
False,414.3622,143.5983,59032.7023872,543.5,502
False,414.3625,143.5893,59032.734592,532,502
False,411.6404,142.8642,59032.7661568,462.5,502
False,413.8307,143.9463,59032.7979264,518,502
False,413.8548,143.864,59032.8465024,521,502
False,413.8052,143.9119,59032.877888,522,502
False,413.5428,143.7037,59032.910144,512.5,502
False,413.7206,143.8614,59032.9420544,513.5,502
False,411.8148,143.2723,59032.9747584,472.5,502
False,411.5656,143.1613,59033.0064768,470,502
False,411.6881,143.0953,59033.0380544,467,502
False,412.0396,143.4772,59033.0701184,476,502
False,411.7662,143.3471,59033.1020288,472,502
False,411.5009,143.425,59033.1341184,476.5,502
False,411.4199,143.4963,59033.1664,475.5,502
False,410.8253,143.3996,59033.1983744,475,502
False,411.4928,143.6162,59033.2459648,489,502
False,411.3968,143.6906,59033.278016,494,502
False,411.6736,143.8335,59033.3100928,500.5,502
False,411.6134,143.7699,59033.342528,507,502
False,411.8797,143.6964,59033.374528,521,502
False,411.681,143.7462,59033.4062208,511,502
False,411.6837,144.0748,59033.4381952,519.5,502
False,411.7942,144.0821,59033.470464,521.5,502
False,411.6709,144.1582,59033.5024,514,502
False,411.7166,144.2748,59033.5339904,518,502
False,412.0675,144.3857,59033.5660928,518.5,502
False,412.5982,144.5694,59033.5980928,514,502
False,412.9099,144.8618,59033.646016,512.5,502
False,413.4122,145.3661,59033.6786432,503,502
False,414.3807,145.2583,59033.7105792,500,502
False,415.1552,144.9855,59033.7421824,496,502
False,415.9081,145.1447,59033.774272,486,502
False,416.764,145.6941,59033.8067456,503.5,502
False,420.3391,145.0712,59033.838784,552.5,502
False,418.3004,146.0923,59033.870592,476.5,502
False,421.9703,144.9655,59033.90208,555,502
False,418.7222,146.2212,59033.9341952,468,502
False,418.7204,145.9968,59033.9660544,465,502
False,419.2178,145.8182,59033.9986304,480.5,502
False,420.2065,145.7578,59034.0465152,468,502
False,421.0214,145.592,59034.0782208,466.5,502
False,421.1765,145.8688,59034.1102464,460,502
False,421.7274,146.0065,59034.1422592,458,502
False,422.2858,145.4907,59034.1746048,476.5,502
False,422.4457,145.5474,59034.2063488,454,502
False,422.3794,145.6162,59034.2382592,452.5,502
False,422.5069,145.4332,59034.2701312,447.5,502
False,422.8881,145.1997,59034.3021696,469,502
False,423.1321,145.4643,59034.334592,455.5,502
False,423.4576,144.8692,59034.3668608,464,502
False,423.0107,145.0866,59034.4141312,421.5,502
False,423.6365,144.6575,59034.4466304,475,502
False,423.872,144.7622,59034.4784768,478,502
False,423.7191,144.4749,59034.5101312,480.5,502
False,423.1315,144.8285,59034.542144,461.5,502
False,425.1273,143.4736,59034.5741696,512,502
False,422.3642,145.1457,59034.6070144,464.5,502
False,422.2484,144.7694,59034.6386816,486.5,502
False,422.5042,144.0226,59034.6703104,523,502
False,422.9658,142.7142,59034.7022464,565,502
False,423.8992,141.3568,59034.7344128,588.5,502
False,425.0215,139.2511,59034.7663488,597.5,502
False,426.6945,137.1788,59034.8145664,609.5,502
False,428.1297,135.7221,59034.84768,622,502
False,429.0779,134.6624,59034.8782208,620.5,502
False,429.9485,134.4522,59034.9101952,605.5,502
False,429.3859,134.7181,59034.9421824,583.5,502
False,428.6708,135.6727,59034.9752832,557.5,502
False,428.7851,136.4572,59035.006272,553,502
False,428.7807,137.1098,59035.0386048,557,502
False,428.591,137.3981,59035.070592,553,502
False,428.4493,137.593,59035.1022336,547.5,502
False,428.6854,137.6126,59035.1343232,551.5,502
False,428.9691,137.909,59035.1666304,549.5,502
False,429.505,138.4245,59035.2144512,550.5,502
False,429.5706,139.1188,59035.2463232,550,502
False,429.7609,139.1196,59035.2781952,546.5,502
False,429.6447,138.7985,59035.3102464,555,502
False,429.6116,138.5171,59035.3427968,559.5,502
False,429.5609,138.6135,59035.3753472,558,502
False,429.6377,138.6167,59035.4066432,547,502
False,429.5212,138.4252,59035.438336,562.5,502
False,429.6249,138.5136,59035.4703872,546.5,502
False,429.5178,138.3421,59035.5022848,552,502
False,429.6304,138.4516,59035.534848,547,502
False,429.6518,137.8473,59035.5663744,562,502
False,429.411,137.1792,59035.6143872,560,502
False,429.275,136.3537,59035.6464128,566,502
False,429.1803,134.8871,59035.6783872,561,502
False,429.3483,133.0573,59035.7108096,567,502
False,429.3799,132.4365,59035.7426176,576.5,502
False,429.6964,132.2233,59035.7744128,556,502
False,429.8502,132.3933,59035.806336,575,502
False,430.1408,132.3901,59035.8381952,581,502
False,430.1088,132.4433,59035.8706688,580.5,502
False,429.8966,132.4961,59035.902976,583.5,502
False,429.9557,132.1044,59035.9347328,590.5,502
False,429.729,131.3068,59035.9666048,591,502
False,429.3269,130.3364,59036.0142592,598.5,502
False,429.3547,129.0948,59036.0463744,608.5,502
False,429.5996,127.9886,59036.0785408,616.5,502
False,429.6457,127.3644,59036.1104256,611.5,502
False,429.5638,126.1549,59036.1428096,617.5,502
False,429.5294,125.0598,59036.1748224,613,502
False,429.8099,123.3255,59036.2065408,620,502
False,429.9497,121.5875,59036.2384,606,502
False,430.201,119.5926,59036.2703872,589.5,502
False,430.0757,117.05,59036.3024896,576.5,502
False,429.0012,114.0136,59036.334848,574.5,502
False,428.5604,111.4906,59036.3664128,578.5,502
False,428.1199,108.4895,59036.4147328,574,502
False,427.8237,105.4266,59036.4464896,590,502
False,427.6938,101.2561,59036.4785152,615,502
False,428.367,99.18722,59036.5105024,584,502
False,428.1858,96.23283,59036.5429888,592,502
False,427.1906,92.41976,59036.574976,565,502
False,426.2407,89.08532,59036.6064384,566.5,502
False,425.5004,86.17669,59036.638464,573.5,502
False,425.1584,84.00422,59036.6703616,592.5,502
False,425.6313,82.37732,59036.7024256,583.5,502
False,426.238,81.24518,59036.7348352,605,502
False,426.8149,80.95574,59036.7664896,602.5,502
False,427.1176,80.97152,59036.8144896,591,502
False,427.3742,80.62209,59036.8465152,579.5,502
False,427.2506,80.53413,59036.8785024,586,502
False,427.1543,80.57911,59036.9116416,592,502
False,427.0264,80.64417,59036.9425664,600,502
False,427.1693,80.64275,59036.9748992,592.5,502
False,426.9792,80.52995,59037.0065536,601,502
False,427.0255,80.5867,59037.0384512,581.5,502
False,426.5004,79.75204,59037.0707712,593.5,502
False,426.2331,78.85519,59037.1031936,598.5,502
False,425.3234,77.04421,59037.1348608,622,502
False,425.3465,75.4068,59037.1665408,608,502
False,425.6761,72.87978,59037.2145792,615.5,502
False,426.2187,69.9423,59037.2466048,635.5,502
False,425.8175,67.78126,59037.2786048,606.5,502
False,425.0796,65.26488,59037.3108992,599,502
False,424.2493,63.04313,59037.3425024,614.5,502
False,423.5969,60.76981,59037.3745536,614,502
False,423.4108,58.77778,59037.4065536,624,502
False,423.5332,57.49636,59037.438464,642,502
False,424.2976,56.08249,59037.4711808,638.5,502
False,425.2494,55.57274,59037.5028736,633.5,502
False,425.9084,54.75854,59037.5346048,644,502
False,426.1854,53.99289,59037.566656,633,502
False,426.1648,53.28822,59037.614592,628,502
False,426.4834,52.83119,59037.646592,623,502
False,426.6254,52.61232,59037.6790272,622.5,502
False,426.8015,52.28378,59037.7110528,615.5,502
False,427.691,51.8822,59037.7426048,581.5,502
False,428.0923,51.60226,59037.7745536,574.5,502
False,427.7633,52.36894,59037.8072576,557,502
False,427.3575,52.89841,59037.8385152,525,502
False,426.8713,52.97504,59037.8705664,507.5,502
False,426.8943,52.5734,59037.9025024,495,502
False,427.119,51.95098,59037.9350272,493,502
False,427.0168,51.27538,59037.9675904,486,502
False,427.0461,50.26653,59038.0146304,474,502
False,427.1361,49.97508,59038.0467584,461.5,502
False,427.3079,49.37491,59038.07904,465,502
False,427.4209,48.95757,59038.110656,436,502
False,427.95,47.45691,59038.1425408,423.5,502
False,427.6112,46.23161,59038.174528,396.5,502
False,425.8336,45.63124,59038.2068992,357.5,502
False,424.9542,44.76514,59038.2389248,338.5,502
False,424.1743,43.76495,59038.2706816,329,502
False,424.0986,42.83606,59038.3027072,306,502
False,424.1718,41.90387,59038.3346944,293,502
False,424.7541,40.76968,59038.3671552,288,502
False,425.738,39.70826,59038.4147584,268.5,502
False,425.102,38.98725,59038.4468096,274.5,502
False,423.2657,39.34783,59038.4787584,241.5,502
False,422.5472,39.49433,59038.510592,220.5,502
False,422.3469,39.49562,59038.5430016,209.5,502
False,422.0026,39.98555,59038.575168,196,502
False,423.4196,40.60175,59038.6069632,172,502
False,424.1125,40.87437,59038.6386432,164.5,502
False,425.0486,41.06004,59038.6707456,161,502
False,425.7073,40.145,59038.7026816,188.5,502
False,421.7588,35.49755,59038.7356416,340,502
False,421.0512,35.22385,59038.7667712,374.5,502
False,420.3715,35.1978,59038.8148352,393.5,502
False,420.4041,35.90408,59038.8467584,384,502
False,418.2956,36.30897,59038.8787456,410.5,502
False,416.1588,35.83109,59038.9109632,446,502
False,413.0414,35.34189,59038.9429632,487,502
False,410.6964,34.9165,59038.974656,493,502
False,409.701,34.278,59039.0068736,509,502
False,409.2856,33.99141,59039.0386944,523.5,502
False,408.0275,34.0455,59039.0707968,527.5,502
False,407.1807,33.76244,59039.1031296,536,502
False,406.4381,33.6921,59039.1353216,550.5,502
False,405.6508,32.93703,59039.1671936,577,502
False,405.205,32.85332,59039.214848,579.5,502
False,404.8944,33.8453,59039.2468096,543,502
False,404.5387,34.59841,59039.2787584,525,502
False,404.32,34.80785,59039.3106816,513.5,502
False,403.9518,34.49389,59039.3430144,518,502
False,403.6676,34.19688,59039.37472,524,502
False,403.4042,34.03732,59039.406848,531.5,502
False,402.8303,33.87006,59039.4388096,540,502
False,402.8983,33.9106,59039.4708352,542.5,502
False,403.2845,33.94322,59039.5032704,522.5,502
False,402.9927,33.78095,59039.5353472,525,502
False,403.0146,33.88164,59039.5671168,536.5,502
False,403.2843,33.77237,59039.6149376,523.5,502
False,403.1769,33.6439,59039.6468224,512.5,502
False,403.1257,33.4898,59039.6788864,498.5,502
False,403.0721,33.56953,59039.7114112,513,502
False,402.4837,33.46843,59039.743104,512,502
False,401.4371,32.89748,59039.7747712,530,502
False,400.2177,32.54792,59039.8072704,546,502
False,399.1684,33.06352,59039.8389504,540.5,502
False,397.2162,33.15808,59039.8710784,533.5,502
False,395.2961,33.62437,59039.9028992,532,502
False,393.3157,33.76698,59039.9350528,540,502
False,391.4427,33.52878,59039.96768,527,502
False,389.0829,33.763,59040.0153472,522.5,502
False,386.4263,33.7549,59040.0468608,527,502
False,383.7548,33.29212,59040.078848,554,502
False,380.9763,33.12196,59040.110784,568.5,502
False,377.5068,33.05683,59040.142784,566,502
False,374.5524,32.86526,59040.1753728,545.5,502
False,372.1816,32.96324,59040.2074624,539.5,502
False,370.7354,33.47566,59040.239488,541,502
False,369.6144,33.53671,59040.2709888,542.5,502
False,368.1889,33.69163,59040.3031168,527.5,502
False,366.8195,33.32004,59040.3350144,526.5,502
False,364.6448,33.12576,59040.3670912,519.5,502
False,361.9909,32.99287,59040.4151936,514,502
False,358.5874,33.38565,59040.4468736,532,502
False,354.4431,34.23253,59040.4788352,539,502
False,350.2822,35.3388,59040.5108352,518.5,502
False,346.2335,36.26354,59040.542848,532.5,502
False,343.0214,36.85637,59040.575232,553.5,502
False,340.3586,37.39855,59040.6072192,529,502
False,338.5229,37.62977,59040.638976,519.5,502
False,336.543,37.58865,59040.671104,525.5,502
False,334.9243,37.49938,59040.703104,539,502
False,332.2204,37.69368,59040.735104,549,502
False,328.1357,38.40595,59040.76768,509.5,502
False,324.4521,39.83702,59040.8153088,520.5,502
False,321.2918,41.03938,59040.8475904,546,502
False,319.0071,41.62801,59040.8788992,539,502
False,317.8591,41.87749,59040.9112448,526.5,502
False,317.3851,41.40645,59040.9430784,522,502
False,316.6522,41.30784,59040.9749888,516.5,502
False,315.4583,41.51368,59041.0075648,524,502
False,313.6099,41.5984,59041.0389888,520,502
False,310.4115,42.52274,59041.0715008,509.5,502
False,307.0459,44.18364,59041.1031808,515.5,502
False,304.2816,45.62635,59041.1351424,525,502
False,302.2476,46.44883,59041.1679488,532.5,502
False,299.5144,47.76111,59041.2153088,510,502
False,297.0095,48.29876,59041.2468736,511,502
False,294.3199,49.23899,59041.2790144,533.5,502
False,292.9648,49.64743,59041.311552,520,502
False,292.5934,49.81106,59041.34336,527.5,502
False,292.8076,50.20249,59041.3750016,509.5,502
False,293.5684,50.87369,59041.4071552,493.5,502
False,294.5275,51.06701,59041.4391424,482.5,502
False,294.5149,50.93183,59041.4712064,486.5,502
False,294.5545,51.29775,59041.5035392,496.5,502
False,294.2932,51.41667,59041.5352832,524,502
False,295.6174,51.79154,59041.5671424,480.5,502
False,295.6917,51.48576,59041.61504,480,502
False,294.7206,51.20813,59041.6469376,512.5,502
False,295.0032,51.70036,59041.6793856,514.5,502
False,295.584,51.76078,59041.7115264,510,502
False,296.2011,51.47486,59041.743104,500.5,502
False,296.1395,51.58261,59041.7750912,517.5,502
False,296.3855,51.69407,59041.8072064,511,502
False,296.4477,51.7193,59041.8391936,513,502
False,296.0308,51.66698,59041.8715392,531,502
False,296.304,51.51403,59041.9035776,528.5,502
False,296.703,50.99148,59041.9351424,528,502
False,297.1554,50.71338,59041.9671168,524.5,502
False,297.2168,50.36797,59042.0153472,539,502
False,297.0617,50.11953,59042.0473472,548,502
False,297.2831,49.79588,59042.0790656,534,502
False,297.1613,49.43763,59042.1111424,546.5,502
False,297.3495,49.61055,59042.143808,546.5,502
False,297.1533,49.61163,59042.1755648,536,502
False,297.1485,49.51969,59042.20736,537.5,502
False,297.3197,49.63011,59042.2392448,538,502
False,297.3228,49.51509,59042.2712832,541,502
False,297.1767,49.61776,59042.3039232,538.5,502
False,297.4324,49.597,59042.335616,533.5,502
False,297.6732,49.72055,59042.3671552,513.5,502
False,297.8346,49.92315,59042.4150784,514,502
False,297.7287,50.25919,59042.4470784,521.5,502
False,297.5644,50.17573,59042.479168,515,502
False,296.8543,50.0039,59042.511616,512.5,502
False,295.4345,50.05074,59042.5435776,496,502
False,293.8244,50.32091,59042.5752448,496.5,502
False,290.3476,50.85664,59042.6072448,515,502
False,286.7206,51.35683,59042.6393728,525,502
False,282.8535,51.75794,59042.6713088,540.5,502
False,279.951,53.0049,59042.704448,476,502
False,274.9138,54.38317,59042.7356672,505,502
False,269.9622,55.39201,59042.7677312,525.5,502
False,264.527,55.55118,59042.8151168,545.5,502
False,258.9081,55.68474,59042.8471936,544,502
False,253.1659,55.32154,59042.879168,565.5,502
False,248.2133,55.22192,59042.9114368,541.5,502
False,244.2268,55.56616,59042.9432704,524,502
False,240.877,56.21286,59042.9753216,534,502
False,237.8233,56.59157,59043.0073472,541.5,502
False,235.3839,56.34079,59043.0392704,514,502
False,232.8238,55.45435,59043.0716544,549.5,502
False,233.4489,55.61741,59043.1037568,538,502
False,234.4452,56.08029,59043.1354368,533.5,502
False,235.0323,56.66113,59043.1673088,541.5,502
False,234.6862,56.93266,59043.2152448,547,502
False,234.447,56.76954,59043.2477056,539.5,502
False,234.2442,56.51954,59043.2791296,563,502
False,234.1733,56.69016,59043.3113344,567.5,502
False,234.2479,56.62662,59043.3437568,566,502
False,233.9046,56.4936,59043.3753344,573,502
False,233.13,56.26109,59043.40736,586,502
False,232.2411,56.14824,59043.439296,592.5,502
False,230.9859,55.76678,59043.4713984,601,502
False,228.8509,55.01964,59043.5037824,602.5,502
False,227.1752,54.48775,59043.5354624,585,502
False,226.469,55.47679,59043.5676032,556.5,502
False,226.1373,56.09668,59043.615232,562,502
False,226.5931,56.33122,59043.647168,552.5,502
False,226.7694,56.49831,59043.6791936,543.5,502
False,227.0244,56.51592,59043.7112576,513,502
False,227.5576,56.77141,59043.7441664,506,502
False,227.5795,56.88285,59043.7753216,506.5,502
False,227.4665,56.69337,59043.8078208,505.5,502
False,227.1395,56.0961,59043.83936,496,502
False,227.2054,56.16615,59043.8713728,479.5,502
False,227.3532,55.64751,59043.9037568,461,502
False,226.6946,55.93616,59043.9357696,459.5,502
False,225.9624,56.53209,59043.9674496,457,502
False,225.3277,56.5519,59044.0154752,470.5,502
False,225.2026,56.40169,59044.0473216,473,502
False,225.0306,55.70358,59044.0796928,451.5,502
False,224.9914,55.17059,59044.11168,445.5,502
False,224.5844,55.08831,59044.1435648,443.5,502
False,223.588,54.48291,59044.175296,453.5,502
False,223.0301,53.70815,59044.2074112,454,502
False,222.4447,52.99358,59044.2394752,441.5,502
False,222.605,52.75594,59044.2720512,435,502
False,222.6488,52.89021,59044.3033728,419,502
False,222.5143,52.94554,59044.3354496,407,502
False,222.5278,52.48383,59044.367872,386.5,502
False,222.3105,51.98553,59044.4158208,380,502
False,221.5042,51.54084,59044.4474112,377.5,502
False,221.3193,50.82894,59044.4793728,379,502
False,220.9802,50.76548,59044.5113472,379.5,502
False,220.4691,50.30924,59044.5433344,380.5,502
False,220.9865,50.64283,59044.576128,370.5,502
False,221.0046,50.67492,59044.607808,363.5,502
False,221.6298,50.6772,59044.6395008,348,502
False,221.3939,50.57809,59044.671488,357.5,502
False,221.3376,50.63148,59044.703488,350.5,502
False,221.2147,50.45242,59044.735488,362.5,502
False,221.3019,50.66197,59044.7678208,355,502
False,221.441,50.64995,59044.8155264,359,502
False,221.3217,50.5697,59044.847424,357.5,502
False,221.4444,50.68079,59044.8793728,354,502
False,221.8485,50.31211,59044.9119616,345.5,502
False,221.5665,50.81976,59044.9438208,356,502
False,221.259,50.94674,59044.97536,363,502
False,220.9963,52.21811,59045.0075264,405,502
False,221.3453,54.4094,59045.0395136,418.5,502
False,221.5866,55.77766,59045.0715776,458,502
False,221.6883,55.87365,59045.1039872,477.5,502
False,221.7513,55.23925,59045.1355776,496,502
False,222.6781,55.24516,59045.1676288,482,502
False,222.4568,54.38357,59045.2154752,501,502
False,221.4614,52.96443,59045.2474496,529.5,502
False,219.119,51.42801,59045.279936,554.5,502
False,216.6414,50.47758,59045.311552,580,502
False,214.2464,49.02577,59045.3437568,608,502
False,212.1562,47.5116,59045.375936,596.5,502
False,210.3368,45.92632,59045.4074752,570,502
False,209.0129,45.02979,59045.4396032,554,502
False,207.8372,44.83454,59045.471552,554,502
False,206.7084,45.46649,59045.5045632,559.5,502
False,206.102,45.89743,59045.5358464,559,502
False,206.1353,45.71248,59045.5675392,553,502
False,206.7317,45.46838,59045.615488,543,502
False,206.8615,45.34624,59045.6475136,542.5,502
False,206.7959,45.38483,59045.6799872,540.5,502
False,206.6458,45.4951,59045.7122176,544,502
False,206.7072,45.65023,59045.7439104,547.5,502
False,206.9439,45.79596,59045.7755136,544,502
False,207.1258,45.85338,59045.8076288,544.5,502
False,207.1398,45.71337,59045.8396288,546,502
False,207.1402,45.80074,59045.8718464,542,502
False,207.2313,45.94684,59045.9042176,545.5,502
False,207.1645,45.8318,59045.936,544,502
False,207.2181,45.78558,59045.967552,548,502
False,207.1192,45.89474,59046.0155264,551,502
False,206.7625,45.70729,59046.0475776,558,502
False,206.5353,45.0605,59046.0795008,562,502
False,206.272,44.6775,59046.1119104,554,502
False,205.838,44.16024,59046.1436928,557.5,502
False,205.1295,43.79553,59046.1756672,566.5,502
False,204.5142,43.35565,59046.2077184,582.5,502
False,203.9062,42.90105,59046.23968,584.5,502
False,203.561,42.77806,59046.2728576,585,502
False,203.1941,42.68232,59046.3037824,585.5,502
False,202.7348,42.39109,59046.3360128,591.5,502
False,202.6136,42.51228,59046.3675392,590.5,502
False,202.7238,42.64008,59046.4156288,583,502
False,202.51,42.37653,59046.4475776,598,502
False,202.0199,42.17211,59046.4796416,612,502
False,201.4385,41.57817,59046.5120896,621.5,502
False,201.3141,41.39864,59046.5440896,615,502
False,201.2321,41.10756,59046.575744,610.5,502
False,202.0003,41.65868,59046.607808,584.5,502
False,202.0534,41.85548,59046.6397312,587,502
False,201.8999,41.83139,59046.671744,601,502
False,202.0016,41.86371,59046.7040384,609,502
False,202.229,41.73124,59046.7364864,604,502
False,202.5043,41.67197,59046.7680128,597.5,502
False,202.3186,41.25968,59046.815744,611,502
False,202.1188,41.08387,59046.8477696,616,502
False,202.3795,41.08618,59046.8797312,599.5,502
False,202.4034,40.91308,59046.9123328,592.5,502
False,202.8635,41.27393,59046.944128,592,502
False,202.7389,41.13361,59046.9756544,597.5,502
False,202.5717,41.03738,59047.0079744,602,502
False,202.7408,41.15848,59047.0396544,600.5,502
False,202.6376,40.99088,59047.071744,603,502
False,202.4534,40.79008,59047.1040512,605,502
False,202.5154,40.86294,59047.1356672,599.5,502
False,202.2684,40.80858,59047.1680768,606,502
False,201.8345,40.44427,59047.2156544,620.5,502
False,201.7017,40.26974,59047.2476544,618.5,502
False,201.6764,40.26434,59047.280064,616,502
False,201.2463,39.88696,59047.3122944,634,502
False,201.1102,39.74403,59047.3441024,635.5,502
False,200.9856,39.73699,59047.375744,637.5,502
False,200.8765,39.85427,59047.4078464,629,502
False,200.659,39.8299,59047.440128,607.5,502
False,200.0272,39.10758,59047.472256,582.5,502
False,198.4102,37.99519,59047.5040768,589.5,502
False,195.6954,37.31398,59047.5357056,585.5,502
False,193.0977,37.09296,59047.5677824,597,502
False,190.4713,36.33751,59047.615744,598,502
False,187.0401,35.59342,59047.6478208,582.5,502
False,183.562,34.5412,59047.6803456,584.5,502
False,179.727,33.44099,59047.7118336,644,502
False,174.8694,32.83848,59047.743872,631.5,502
False,169.3875,32.79967,59047.7759232,606.5,502
False,164.1841,33.98131,59047.8081408,588.5,502
False,160.1954,34.00082,59047.840448,605.5,502
False,155.1845,33.90663,59047.8721024,598,502
False,150.4182,33.22652,59047.9045504,607,502
False,145.3467,32.44129,59047.935872,634.5,502
False,140.7182,32.67849,59047.967808,634.5,502
False,135.5442,32.80968,59048.015744,623.5,502
False,129.6231,34.38762,59048.048896,592.5,502
False,124.8377,34.6634,59048.0802944,612,502
False,119.7912,34.39886,59048.1118976,615.5,502
False,115.7534,34.02701,59048.1440256,617,502
False,111.5112,33.20929,59048.1759488,631.5,502
False,106.7868,32.5354,59048.2078336,645,502
False,102.8417,32.63343,59048.2402816,657,502
False,99.1251,33.57257,59048.2724352,623.5,502
False,95.74026,34.38205,59048.3042304,650,502
False,92.96364,34.07378,59048.3358592,632.5,502
False,90.50381,33.68736,59048.3678464,612,502
False,87.92297,32.47567,59048.4159488,681.5,502
False,85.45575,31.98837,59048.4484352,702.5,502
False,82.88071,31.32857,59048.4799616,700,502
False,80.85841,31.51229,59048.5123968,678,502
False,79.2551,31.92352,59048.5440128,662.5,502
False,78.69577,32.81192,59048.5760128,607,502
False,76.67622,31.89225,59048.6085376,611,502
False,75.72976,31.40731,59048.6403712,597,502
False,74.86228,30.8665,59048.6718592,593,502
False,74,30.51536,59048.703936,580.5,502
False,69.28017,29.81947,59048.7359104,649,502
False,73.13153,30.90267,59048.7679104,536,502
False,68.40353,31.28997,59048.81632,615,502
False,73.65362,31.52839,59048.8483968,472.5,502
False,69.79027,31.85428,59048.8800512,565,502
False,69.99883,31.78951,59048.9121152,568.5,502
False,70.3255,31.85473,59048.943936,553,502
False,74.2513,31.966,59048.976064,451,502
False,73.17693,32.82775,59049.0087296,462.5,502
False,71.82622,32.77642,59049.040256,492,502
False,70.94968,32.59715,59049.071936,503.5,502
False,69.5671,32.17982,59049.1039232,500.5,502
False,68.45098,32.27322,59049.1359616,518.5,502
False,66.99419,32.60987,59049.1680896,516.5,502
False,65.64141,32.84747,59049.2164992,495,502
False,64.27927,33.18202,59049.2480768,521,502
False,62.44914,33.32363,59049.2801024,532.5,502
False,60.9292,33.32817,59049.3120896,548.5,502
False,59.69203,33.28379,59049.344128,558.5,502
False,58.56971,33.24992,59049.3766656,553.5,502
False,58.43309,33.08379,59049.4081408,543,502
False,58.76254,32.71176,59049.4399744,528.5,502
False,58.98969,32.34365,59049.4720256,517,502
False,58.81708,32.59573,59049.5044096,507.5,502
False,59.29833,32.68237,59049.5366528,509.5,502
False,59.9143,32.521,59049.568,492,502
False,61.13116,32.29746,59049.6159872,446,502
False,64.38528,32.38528,59049.6480256,423.5,502
False,66.40865,32.13662,59049.6804736,416,502
False,67.37599,32.08418,59049.7122944,441.5,502
False,64.146,32.98409,59049.7441792,544.5,502
False,68.95072,31.66739,59049.776128,460,502
False,66.83379,32.88356,59049.808192,542.5,502
False,69.02425,31.66826,59049.8404608,522.5,502
False,70.26399,31.58588,59049.8721024,524,502
False,70.73031,31.81317,59049.9041536,529,502
False,70.81695,32.02457,59049.9361536,529,502
False,70.54812,32.0498,59049.968064,545.5,502
False,70.64983,31.85797,59050.0163456,544.5,502
False,70.53893,31.73145,59050.0483712,548,502
False,70.42372,31.46126,59050.0801536,555,502
False,70.20513,31.34407,59050.1121152,559,502
False,70.20083,31.33452,59050.1441536,563.5,502
False,70.06386,31.46134,59050.1761408,569,502
False,70.09935,31.48942,59050.208576,567,502
False,70.12965,31.29587,59050.2404992,560.5,502
False,69.98338,31.31849,59050.2722048,561.5,502
False,69.98318,31.2823,59050.3042304,565,502
False,70.07388,31.22193,59050.336128,564,502
False,70.07901,31.34347,59050.3680512,559,502
False,70.01821,31.19236,59050.4164736,567.5,502
False,70.0873,31.13752,59050.4487296,557.5,502
False,70.15488,31.18472,59050.4804992,558.5,502
False,70.19388,31.13975,59050.5121408,566.5,502
False,70.03404,31.26051,59050.5442432,563,502
False,70,31.30442,59050.5762176,565,502
False,70.0669,31.20749,59050.6085888,565.5,502
False,70.11417,31.18327,59050.64064,562,502
False,70.06541,31.21864,59050.672512,558,502
False,70.02766,31.22477,59050.7042176,566.5,502
False,70.07767,31.23631,59050.7361024,560,502
False,70.07525,31.14932,59050.7682176,567,502
False,69.93298,31.23763,59050.8160896,569.5,502
False,69.90955,31.14655,59050.8486784,567.5,502
False,69.92793,31.21157,59050.8802176,573.5,502
False,69.98824,31.31127,59050.9122304,566.5,502
False,70.04745,31.14736,59050.9442688,565.5,502
False,70.15082,31.17245,59050.9762432,562.5,502
False,69.88889,31.25132,59051.0093824,567,502
False,69.87474,31.37079,59051.0405888,569.5,502
False,70.02425,31.25562,59051.0722304,570.5,502
False,70.03054,31.24956,59051.1042432,573,502
False,69.92832,31.21183,59051.1362048,572,502
False,70.08487,31.1475,59051.1686784,569.5,502
False,69.93205,31.27439,59051.2163712,574,502
False,69.88734,31.24949,59051.2486912,572.5,502
False,70.02148,31.24949,59051.2802816,566.5,502
False,69.96127,31.22271,59051.3122944,568,502
False,69.9118,31.28924,59051.3447168,574.5,502
False,69.8383,31.36228,59051.3769088,570,502
False,69.93182,31.19493,59051.4083584,572,502
False,70.19018,31.16741,59051.440576,563.5,502
False,69.9639,31.28617,59051.4725376,572.5,502
False,69.87122,31.18007,59051.5042688,572,502
False,69.96284,31.28252,59051.5361792,574,502
False,69.82191,31.27504,59051.5681792,569,502
False,70.01622,31.28439,59051.6167168,575.5,502
False,69.80442,31.37344,59051.6488832,573.5,502
False,69.91202,31.27933,59051.6806784,574,502
False,69.97522,31.37194,59051.7124224,578.5,502
False,69.94643,31.35303,59051.7443968,575.5,502
False,69.87678,31.31706,59051.7764096,573.5,502
False,70.05498,31.36271,59051.8092672,573,502
False,69.82285,31.29429,59051.8405248,572,502
False,69.85303,31.3644,59051.8725376,579.5,502
False,70.00206,31.2622,59051.90432,567,502
False,70.00088,31.32866,59051.9362432,570,502
False,69.83636,31.35725,59051.9683072,578.5,502
False,69.99911,31.32155,59052.016448,566,502
False,70.00497,31.37803,59052.0490496,570.5,502
False,69.86574,31.39497,59052.080768,576,502
False,69.7916,31.55383,59052.1124352,579,502
False,69.37309,32.05393,59052.1444224,599.5,502
False,68.74181,32.52629,59052.176448,605.5,502
False,68.79886,32.57154,59052.2084096,611.5,502
False,68.5569,32.84827,59052.2406656,619.5,502
False,68.3237,33.11932,59052.2724096,623,502
False,68.22897,33.16933,59052.3043968,626,502
False,67.99441,33.46725,59052.3363712,626,502
False,67.97354,33.61376,59052.3684608,630,502
False,67.70766,33.70713,59052.417408,626,502
False,67.6904,33.64053,59052.4484352,625,502
False,67.61337,33.579,59052.4807424,625.5,502
False,67.56532,33.50403,59052.5124608,620,502
False,67.54351,33.4755,59052.5443968,622.5,502
False,67.58966,33.36637,59052.576384,625.5,502
False,67.47997,33.51496,59052.6087168,624,502
False,66.80713,34.61479,59052.6403456,626.5,502
False,65.75471,36.57173,59052.6724352,628.5,502
False,64.23416,39.18702,59052.7044352,647,502
False,62.51731,43.08165,59052.7364352,645,502
False,60.35196,47.49289,59052.7690496,680,502
False,58.83566,51.48714,59052.8171008,680.5,502
False,58.5702,54.81471,59052.8484992,698,502
False,59.35239,57.89202,59052.8805248,656,502
False,60.5085,59.65347,59052.912896,656.5,502
False,61.13222,61.30877,59052.9448064,658,502
False,60.90988,63.27333,59052.9764096,675,502
False,60.5948,65.12768,59053.008576,654,502
False,60.30754,68.43503,59053.0403968,678.5,502
False,60.03353,72.17505,59053.0728448,676,502
False,59.70619,76.55481,59053.1048064,670.5,502
False,60.19403,81.41998,59053.1365504,642.5,502
False,60.77614,86.46078,59053.1685632,612,502
False,61.66313,90.4055,59053.2165504,612,502
False,62.30507,94.48666,59053.2486272,625,502
False,61.77401,97.78827,59053.2809728,619.5,502
False,61.35417,101.2763,59053.3126272,640,502
False,60.8661,104.6457,59053.3447552,643.5,502
False,60.4411,107.8059,59053.3764096,631,502
False,60.85277,111.1263,59053.4085376,604.5,502
False,61.76055,113.943,59053.44096,596.5,502
False,61.97192,116.8717,59053.4725504,593.5,502
False,61.42485,119.4649,59053.5050368,595.5,502
False,60.8902,121.2511,59053.5370112,592,502
False,60.66833,122.9657,59053.5685888,602.5,502
False,60.34174,124.5965,59053.61664,615,502
False,59.78678,126.0273,59053.6486272,592.5,502
False,59.66553,127.114,59053.681216,585,502
False,60.22366,127.7539,59053.7127808,579,502
False,60.71882,127.9295,59053.744448,572,502
False,60.79598,127.9339,59053.7764736,580,502
False,60.65121,127.8592,59053.8085632,582.5,502
False,60.44771,127.781,59053.8406272,578.5,502
False,60.46632,127.8744,59053.8729984,584,502
False,60.55949,127.9314,59053.904576,578.5,502
False,60.58907,127.9062,59053.9366784,567,502
False,60.78715,128.9293,59053.9687296,539.5,502
False,60.59827,129.4749,59054.0166656,519,502
False,60.14457,130.3194,59054.04896,501.5,502
False,59.71973,129.9281,59054.0808704,468,502
False,59.15632,130.4102,59054.1125248,451,502
False,57.96122,131.3172,59054.1445504,455.5,502
False,57.47509,131.7651,59054.176512,411.5,502
False,58.11905,131.7347,59054.2086016,441,502
False,58.64657,131.5025,59054.2410112,439.5,502
False,58.25289,131.5301,59054.2730496,418.5,502
False,58.83924,131.1827,59054.3046144,395,502
False,58.52742,131.0836,59054.3368192,428.5,502
False,58.54964,130.9094,59054.3686144,423,502
False,58.06844,130.9376,59054.4167424,414,502
False,58.70652,131.0656,59054.4494464,401.5,502
False,58.40016,130.9502,59054.4808576,421.5,502
False,58.24709,131.4417,59054.512576,444.5,502
False,57.88926,132.9107,59054.5446656,451.5,502
False,57.16405,134.9094,59054.5765888,447,502
False,56.44222,137.2645,59054.6087296,424,502
False,56.07655,138.6225,59054.6410752,381,502
False,56.68556,138.4759,59054.6731904,370.5,502
False,55.61971,138.6629,59054.7047296,394,502
False,55.34277,138.8828,59054.7367168,371,502
False,55.16859,139.2606,59054.7687424,346,502
False,54.8723,139.6155,59054.8170112,355,502
False,54.9566,139.2364,59054.849216,361,502
False,55.00413,138.6052,59054.8809984,363.5,502
False,54.22122,136.642,59054.9126528,276.5,502
False,54.17081,135.8808,59054.9445888,261.5,502
False,49.78917,153.6113,59054.9766656,141.5,502
False,50.04321,152.4331,59055.009024,162,502
False,53.2747,133.2843,59055.0407424,207.5,502
False,53.76646,132.526,59055.072768,240.5,502
False,53.25999,132.7949,59055.1046528,279.5,502
False,53.40696,132.0368,59055.136704,249,502
False,54.90616,132.4185,59055.1691392,289.5,502
False,53.96149,129.4007,59055.2171136,138.5,502
False,65.25683,141.0774,59055.2487296,183,502
False,69.97612,142.5901,59055.2806528,167.5,502
False,59.04822,134.2083,59055.3132672,238.5,502
False,63.03352,137.2162,59055.34464,353,502
False,68.13649,141.0992,59055.3769984,549.5,502
False,68.02094,141.4037,59055.4086912,557,502
False,68.34149,141.418,59055.4407424,551.5,502
False,68.75491,141.4329,59055.4736256,544,502
False,69.40625,141.7221,59055.5051776,544,502
False,70.36329,142.3316,59055.5369728,562,502
False,71.73141,143.1785,59055.5687168,571.5,502
False,74.31992,144.1738,59055.6168704,559,502
False,77.9471,144.6483,59055.6487552,545,502
False,81.23054,144.7497,59055.6810624,548,502
False,83.35143,144.8682,59055.7127296,552.5,502
False,84.7952,145.2742,59055.744896,535.5,502
False,86.17393,145.9991,59055.7767424,551,502
False,86.80685,146.4925,59055.8088832,544.5,502
False,87.03308,146.8315,59055.8412544,534,502
False,86.83207,146.8034,59055.8737408,529,502
False,86.85913,146.7139,59055.9048192,539.5,502
False,86.71574,146.4716,59055.9371648,540,502
False,86.64012,146.537,59055.9688576,540,502
False,86.66605,146.5175,59056.0174208,536.5,502
False,86.74854,146.4713,59056.049024,543.5,502
False,86.73507,146.4215,59056.0813184,538.5,502
False,86.61034,146.3792,59056.1129728,544.5,502
False,86.65278,146.4349,59056.1449728,540,502
False,86.63982,146.4272,59056.1773184,540,502
False,86.62758,146.3703,59056.20928,541.5,502
False,86.62335,146.4385,59056.241344,531,502
False,86.67347,146.3018,59056.2728064,539,502
False,86.71602,146.2297,59056.3052928,537,502
False,86.67659,146.3346,59056.337216,537.5,502
False,86.64974,146.2746,59056.3689472,541.5,502
False,86.70594,146.3101,59056.4169472,539,502
False,86.77206,146.2535,59056.44896,534.5,502
False,86.72363,146.2404,59056.4809728,532.5,502
False,86.75416,146.2289,59056.5133952,541,502
False,87.49985,146.2267,59056.5451776,545.5,502
False,88.28754,146.1346,59056.5769088,546,502
False,88.88857,146.0269,59056.608832,526.5,502
False,89.23067,146.2894,59056.640832,539,502
False,88.98165,146.1569,59056.6728832,545,502
False,88.76658,146.1134,59056.7055232,545.5,502
False,88.64305,146.2231,59056.73696,550.5,502
False,88.1787,146.2401,59056.769408,540,502
False,88.30166,146.222,59056.8169728,531.5,502
False,88.34952,146.1587,59056.8495744,535.5,502
False,88.49154,146.1003,59056.8813696,532,502
False,88.51922,145.9877,59056.9130112,529,502
False,89.40665,146.1935,59056.945024,536.5,502
False,91.35953,146.6723,59056.9769088,534.5,502
False,94.57183,147.1166,59057.009024,536,502
False,98.28424,147.3631,59057.041216,516,502
False,102.8952,146.949,59057.0735744,529.5,502
False,106.4798,146.5035,59057.1054336,527,502
False,111.1696,146.4662,59057.137408,503,502
False,115.6356,146.2565,59057.1689088,536,502
False,120.0423,145.5753,59057.2170752,547.5,502
False,125.288,144.8372,59057.2494208,499.5,502
False,129.6553,143.7678,59057.281536,514,502
False,134.2648,142.6898,59057.313344,525.5,502
False,138.706,142.0692,59057.3449344,496,502
False,142.8554,142.0469,59057.37696,490,502
False,147.4976,141.6102,59057.4090752,516.5,502
False,151.5526,141.0757,59057.4408576,482,502
False,155.6649,139.88,59057.473408,462.5,502
False,159.4143,138.9027,59057.5054592,467.5,502
False,161.8108,136.7601,59057.537088,421,502
False,164.2345,136.6808,59057.5691392,448.5,502
False,166.1071,136.9398,59057.6177792,429.5,502
False,169.3289,142.7386,59057.6494464,150.5,502
False,169.0534,137.3793,59057.6817664,381,502
False,167.8696,143.3098,59057.7135872,92,502
False,171.034,143.179,59057.7454592,108,502
False,174.8437,135.6206,59057.7771264,369,502
False,175.1328,133.617,59057.8092544,349,502
False,176.1895,133.8989,59057.8411392,354.5,502
False,178.0125,134.2625,59057.8730368,346,502
False,178.4113,135.4362,59057.9058048,288.5,502
False,180.3224,135.7048,59057.9375104,319,502
False,181.6228,135.4536,59057.9691264,338,502
False,182.4121,134.7865,59058.0174592,349,502
False,182.9491,134.3715,59058.0491776,367,502
False,183.947,134.0597,59058.0812416,396.5,502
False,179.8185,128.9724,59058.1131648,84.5,502
False,186.5463,133.3917,59058.1455232,419.5,502
False,187.4155,133.1706,59058.1772288,420,502
False,187.5904,133.3619,59058.2092672,408.5,502
False,188.4925,133.4103,59058.2411136,409.5,502
False,189.4514,133.1983,59058.2731264,413.5,502
False,190.1419,134.2265,59058.3055104,360.5,502
False,192.6527,133.0934,59058.337536,405,502
False,196.0724,132.3687,59058.369152,410,502
False,199.0116,130.3297,59058.417088,417,502
False,202.3353,129.308,59058.44992,434.5,502
False,205.7593,129.3424,59058.4815744,441,502
False,209.7411,130.2044,59058.5133056,474.5,502
False,214.5969,130.8053,59058.5456384,501.5,502
False,220.2074,130.8553,59058.577216,524,502
False,225.6509,130.1381,59058.6091904,486.5,502
False,231.2787,128.8541,59058.6414208,533.5,502
False,236.811,128.406,59058.6734208,518.5,502
False,242.4797,128.262,59058.7051136,493,502
False,248.641,128.3936,59058.7373312,506.5,502
False,254.5897,128.4702,59058.769152,470,502
False,259.4656,127.5982,59058.8176512,470,502
False,264.7664,126.6895,59058.8496896,481,502
False,269.3387,126.6799,59058.8813184,465.5,502
False,273.0843,127.6099,59058.9133184,472.5,502
False,276.8167,128.8804,59058.9461632,482,502
False,281.0602,129.832,59058.9772032,501,502
False,285.4685,130.2686,59059.009152,476,502
False,289.6345,129.6868,59059.0414592,471,502
False,293.9146,129.4011,59059.0731904,492,502
False,297.2675,130.0028,59059.1054592,481,502
False,301.387,131.416,59059.137792,472,502
False,303.7924,132.9373,59059.1693312,470.5,502
False,306.4413,133.4954,59059.21728,418.5,502
False,309.0447,132.5208,59059.2493184,428.5,502
False,310.1395,132.0643,59059.2824832,417,502
False,311.9927,131.4475,59059.3133184,432,502
False,312.8944,131.4753,59059.3456,421.5,502
False,313.4009,132.1759,59059.3772032,417,502
False,313.2013,132.4909,59059.4092928,404,502
False,313.0838,132.674,59059.4415744,409.5,502
False,313.166,132.6937,59059.4737664,412.5,502
False,313.1771,132.8205,59059.5056896,408.5,502
False,312.8622,132.896,59059.5373696,399,502
False,312.7651,133.0993,59059.569408,408,502
False,312.7126,132.9735,59059.617408,403,502
False,312.5881,132.9715,59059.649792,403,502
False,312.4169,132.9533,59059.682496,389,502
False,312.6849,133.0132,59059.7132928,403,502
False,312.7216,132.8533,59059.745536,397.5,502
False,312.6791,132.959,59059.777216,402.5,502
False,312.6776,132.9212,59059.809664,397.5,502
False,312.6319,132.9082,59059.8412032,403,502
False,312.6019,132.9971,59059.8737152,404,502
False,312.5657,132.8765,59059.905408,399.5,502
False,312.5488,132.9377,59059.937536,401.5,502
False,312.5878,132.9738,59059.969408,401.5,502
False,312.6613,133.0234,59060.017472,406.5,502
False,312.4954,132.9428,59060.0497152,396,502
False,312.48,133.0295,59060.0817024,395.5,502
False,312.9387,132.8745,59060.1132544,389,502
False,313.4543,132.9442,59060.1452672,376,502
False,313.9979,132.9803,59060.1780224,390,502
False,313.9536,133.2387,59060.2097024,380.5,502
False,314.9023,133.1745,59060.2413824,392.5,502
False,315.05,133.4907,59060.2738432,383.5,502
False,315.2367,133.3136,59060.305344,379.5,502
False,315.2083,133.7476,59060.338368,358.5,502
False,315.0294,133.6855,59060.3698432,362.5,502
False,314.631,133.1896,59060.4172928,364,502
False,314.3206,133.1412,59060.4494336,353,502
False,314.1019,133.1325,59060.4813568,327,502
False,314.8103,132.6575,59060.5133696,347,502
False,314.0205,132.3011,59060.5456896,325.5,502
False,313.9853,132.1194,59060.5776896,329.5,502
False,314.0531,131.9898,59060.6093312,326.5,502
False,313.6145,132.3202,59060.6413696,303.5,502
False,313.9609,132.6695,59060.6743424,294,502
False,313.3899,132.5548,59060.705664,289,502
False,313.4103,132.5276,59060.7374464,290,502
False,313.6467,132.4711,59060.7694592,291.5,502
False,313.3215,132.4342,59060.8178688,282.5,502
False,313.7006,132.3883,59060.84992,270,502
False,313.4703,132.2506,59060.8817152,286,502
False,313.8824,132.26,59060.9134848,282,502
False,313.2624,132.2833,59060.9454208,270,502
False,313.2286,132.1898,59060.9773824,262.5,502
False,313.7744,132.2184,59061.0093952,275.5,502
False,313.4544,132.0627,59061.0417152,268.5,502
False,313.8604,132.1853,59061.07392,273.5,502
False,313.5602,132.0077,59061.1054464,260,502
False,314.0349,132.0258,59061.1375488,291,502
False,314.8996,132.5452,59061.1860864,300.5,502
False,315.3845,132.7915,59061.2178688,296.5,502
False,315.7717,133.151,59061.2495488,293.5,502
False,315.7348,133.0676,59061.2816,293.5,502
False,316.0449,133.1993,59061.3134464,271,502
False,316.3737,133.0707,59061.3453696,280.5,502
False,316.043,133.141,59061.377728,279,502
False,315.4141,132.5434,59061.409856,278.5,502
False,315.0516,132.7074,59061.4415488,274.5,502
False,314.9556,132.8881,59061.4735872,266.5,502
False,314.7368,133.0586,59061.5058304,259,502
False,314.8656,133.1542,59061.5375488,260.5,502
False,314.803,133.2511,59061.5856128,255.5,502
False,314.98,133.1033,59061.6179072,250,502
False,314.5478,133.4026,59061.6496128,221.5,502
False,314.7666,133.2174,59061.6825856,218.5,502
False,314.7288,133.0182,59061.7134592,220,502
False,314.8678,133.0739,59061.745856,203,502
False,315.0653,132.6727,59061.7774464,194,502
False,314.9098,132.6151,59061.8098304,194,502
False,314.8246,132.7876,59061.8416128,180.5,502
False,315.0663,132.5783,59061.8736128,181,502
False,314.8864,132.3156,59061.9060352,179,502
False,314.7611,132.1541,59061.9380992,173,502
False,314.7481,131.9026,59061.985664,178,502
False,314.7437,131.6732,59062.0176512,179.5,502
False,320.5962,134.0768,59062.0494976,314.5,502
False,320.9312,134.1784,59062.0814976,327,502
False,315.3279,131.5577,59062.1148288,185,502
False,315.6033,131.6966,59062.1461376,189.5,502
False,315.6748,131.564,59062.177792,183.5,502
False,315.632,131.7748,59062.2100224,168,502
False,315.4921,131.6775,59062.2420352,169,502
False,315.1651,131.6524,59062.2755328,163.5,502
False,315.3834,131.4704,59062.3062272,163,502
False,315.8288,131.1649,59062.3382784,184,502
False,319.7592,135.2845,59062.386176,286.5,502
False,315.9032,130.9285,59062.418048,151.5,502
False,316.2415,130.9705,59062.450048,152.5,502
False,316.1015,131.187,59062.4821888,156,502
False,315.922,130.9522,59062.5138944,132.5,502
False,324.4859,139.741,59062.5455616,130,502
False,323.5938,139.2569,59062.577664,139.5,502
False,320.1294,134.6794,59062.6102528,261.5,502
False,323.2357,138.468,59062.6428544,148.5,502
False,323.1978,138.5379,59062.6740992,147.5,502
False,322.6071,138.7548,59062.7056512,140,502
False,321.907,138.6372,59062.7378176,141.5,502
False,321.941,138.7461,59062.7858176,138.5,502
False,321.5624,138.6655,59062.817856,137.5,502
False,321.4969,138.7143,59062.8500096,136.5,502
False,322.2109,138.7057,59062.8819712,128,502
False,321.6838,138.5797,59062.9136,136,502
False,321.4417,138.9732,59062.9456128,143,502
False,321.594,139.2192,59062.9776256,149,502
False,321.5038,139.2497,59063.0104832,153.5,502
False,322.3576,139.1799,59063.0419968,151,502
False,323.1705,139.5061,59063.0737792,151.5,502
False,323.6858,139.8739,59063.1058304,148,502
False,321.4888,136.1919,59063.1380864,260.5,502
False,325.8913,140.8002,59063.1861376,141,502
False,317.2639,131.2901,59063.218304,177.5,502
False,316.9207,131.2229,59063.25024,246,502
False,315.8163,131.0126,59063.2816256,265,502
False,315.2856,131.1405,59063.3139968,248,502
False,316.1343,131.4759,59063.3456768,283,502
False,315.9147,131.7325,59063.3776128,230.5,502
False,315.7714,131.781,59063.409856,208.5,502
False,315.4126,131.5923,59063.4418176,172.5,502
False,315.9505,131.5752,59063.474304,178.5,502
False,315.2949,131.0887,59063.5062272,156,502
False,315.3491,130.4858,59063.5379328,158.5,502
False,315.8994,130.4719,59063.5858432,154,502
False,315.8069,130.564,59063.6177024,151,502
False,316.1489,130.5258,59063.6503168,145.5,502
False,316.2857,130.4671,59063.681984,147,502
False,316.3075,130.4377,59063.7137152,148.5,502
False,316.4496,130.4081,59063.745728,140.5,502
False,316.188,130.1807,59063.7778432,136.5,502
False,316.6327,129.8352,59063.80992,132.5,502
False,324.3158,139.515,59063.8421504,133,502
False,325.054,139.2746,59063.874304,139,502
False,325.6368,138.9666,59063.9060736,139.5,502
False,325.9928,138.8861,59063.93792,139,502
False,326.2005,139.5978,59063.9857536,138,502
False,317.6953,129.6677,59064.0177536,157.5,502
False,316.5928,129.1537,59064.0500992,198.5,502
False,315.2392,128.6275,59064.082176,200,502
False,314.7998,128.6399,59064.1138432,186.5,502
False,315.3152,129.0918,59064.1459072,192.5,502
False,314.9734,129.5556,59064.1777536,169.5,502
False,315.6257,130.1462,59064.2106496,158.5,502
False,315.8162,130.3607,59064.2423936,146,502
False,316.1051,130.4339,59064.2739584,147.5,502
False,316.3872,130.3817,59064.3060352,151.5,502
False,315.9685,129.9043,59064.3378816,148,502
False,316.241,129.6297,59064.3858688,162.5,502
False,316.1151,129.5602,59064.4180992,155,502
False,316.2548,129.3228,59064.4498176,174,502
False,316.9104,130.1218,59064.4819328,191.5,502
False,317.3228,130.7022,59064.5139584,206.5,502
False,317.4794,131.5136,59064.5469184,238.5,502
False,318.4081,132.0268,59064.5786624,267.5,502
False,319.068,133.9564,59064.6101248,252.5,502
False,320.6234,136.3142,59064.6420224,270,502
False,320.1804,137.2164,59064.67392,231,502
False,320.5636,137.2785,59064.7060608,255.5,502
False,320.3647,136.5787,59064.7382528,244.5,502
False,320.8031,136.5004,59064.7862272,223.5,502
False,321.2043,135.9555,59064.8178432,217,502
False,320.2631,135.7094,59064.8498816,175.5,502
False,320.8027,134.8204,59064.8823168,187.5,502
False,320.9028,134.6827,59064.9140096,156,502
False,320.4859,134.5498,59064.9463168,154,502
False,325.3016,148.2404,59064.9785472,152.5,502
False,325.3077,148.0011,59065.0100864,149.5,502
False,324.9596,147.5637,59065.0420864,136,502
False,324.7196,147.29,59065.0740224,138.5,502
False,324.9393,146.2937,59065.10688,134.5,502
False,325.0288,145.5813,59065.1382528,144.5,502
False,324.8961,145.5693,59065.1859328,154,502
False,324.8426,144.8936,59065.2179968,153.5,502
False,324.9869,144.537,59065.2499328,153,502
False,325.2494,144.2038,59065.281984,139,502
False,324.3053,143.8803,59065.3144064,154.5,502
False,324.5536,143.9725,59065.3467136,169.5,502
False,324.179,143.1115,59065.3781248,155.5,502
False,324.1166,143.374,59065.410176,151.5,502
False,323.8122,143.7342,59065.4424448,158,502
False,320.6884,137.9486,59065.473984,337,502
False,319.0313,137.1736,59065.5063808,372.5,502
False,313.0902,129.1203,59065.53792,188.5,502
False,321.3121,143.5753,59065.5861632,180.5,502
False,312.851,128.0618,59065.6183168,170,502
False,312.9019,127.3105,59065.6503296,175,502
False,313.0802,126.536,59065.6824448,201.5,502
False,313.1239,125.8565,59065.7143808,230,502
False,312.9058,125.7082,59065.7464832,253,502
False,312.3254,125.794,59065.7787392,273.5,502
False,311.8325,125.9867,59065.810432,288.5,502
False,310.9715,126.4001,59065.8420352,322,502
False,309.8207,126.8712,59065.874048,343,502
False,309.1509,127.4715,59065.9066624,376.5,502
False,308.8536,128.0134,59065.9380224,386,502
False,309.2228,128.6051,59065.9864064,381.5,502
False,309.3193,128.9548,59066.0185216,380,502
False,309.2507,129.9097,59066.0500224,347,502
False,309.2675,130.2264,59066.0821376,357,502
False,309.6992,130.4009,59066.1141632,328,502
False,309.7006,130.0674,59066.1467904,334,502
False,310.1472,130.0549,59066.1782016,334,502
False,310.8359,130.0917,59066.2104832,320,502
False,310.906,130.4228,59066.2420352,298,502
False,310.9504,130.8106,59066.2740608,282.5,502
False,310.6751,130.9805,59066.306112,257,502
False,310.7372,131.5746,59066.338048,224.5,502
False,309.6758,132.3387,59066.386688,219.5,502
False,308.7987,132.3589,59066.4185344,228.5,502
False,308.5705,132.4859,59066.4502144,230.5,502
False,308.4379,132.451,59066.4821632,228,502
False,307.9353,132.5534,59066.5142656,206,502
False,307.7816,132.6092,59066.5462784,203,502
False,307.4239,132.6162,59066.5785344,208,502
False,307.2802,132.5222,59066.6105088,191.5,502
False,307.2384,132.5428,59066.642112,179,502
False,306.885,132.404,59066.6740992,158,502
False,306.9865,132.1145,59066.7061632,148.5,502
False,294.2874,138.7184,59066.73856,145,502
False,294.5403,138.8363,59066.7867648,142.5,502
False,294.6964,139.1595,59066.8182912,140,502
False,308.2215,132.5299,59066.8507008,147.5,502
False,294.6858,137.8114,59066.8826624,148.5,502
False,295.3254,137.1638,59066.9142784,146.5,502
False,310.379,131.7687,59066.9464064,171.5,502
False,310.7453,131.1857,59066.978176,205.5,502
False,311.1599,130.8031,59067.0101632,234.5,502
False,310.5723,130.228,59067.0424576,259.5,502
False,309.567,129.4279,59067.0745216,299.5,502
False,307.695,129.0415,59067.1062272,341.5,502
False,305.4232,129.037,59067.1382272,378.5,502
False,302.0988,129.2435,59067.1867392,447,502
False,297.5499,129.6772,59067.2186496,492.5,502
False,292.2915,129.1884,59067.2501504,501.5,502
False,288.0618,128.6721,59067.2823168,518,502
False,282.9048,128.0672,59067.3143424,535.5,502
False,278.2187,127.8018,59067.3462272,520.5,502
False,273.3696,127.0399,59067.3785344,501.5,502
False,269.9922,126.3811,59067.4105472,509.5,502
False,267.4044,126.6158,59067.4421504,511.5,502
False,264.5905,127.1359,59067.4742656,533.5,502
False,261.5505,127.2401,59067.50624,523.5,502
False,257.944,127.1398,59067.538688,533,502
False,254.3494,127.1818,59067.5866112,550,502
False,249.9859,127.2436,59067.6184448,579.5,502
False,245.5675,126.3655,59067.6504448,559.5,502
False,241.3845,125.4298,59067.6823424,566.5,502
False,238.1745,124.4577,59067.7142912,575,502
False,234.7731,123.2019,59067.74656,593.5,502
False,231.2483,122.7748,59067.778752,605.5,502
False,227.8049,122.6163,59067.8106496,588.5,502
False,223.3948,122.5091,59067.8425728,567,502
False,218.5814,122.6441,59067.8742272,555,502
False,213.8398,122.8873,59067.9062912,575.5,502
False,209.5952,122.9606,59067.938368,546,502
False,204.7628,122.736,59067.9863296,541,502
False,200.5793,122.499,59068.0190848,568.5,502
False,196.2219,122.7215,59068.0508032,544.5,502
False,191.8029,123.2652,59068.0823808,528.5,502
False,186.9274,123.7808,59068.1142528,553.5,502
False,182.2988,123.9941,59068.1462528,535,502
False,178.7726,123.4627,59068.1782912,525.5,502
False,175.1867,122.746,59068.2111872,529.5,502
False,172.237,122.2947,59068.242304,531,502
False,168.8837,122.2323,59068.2748032,513,502
False,165.4168,122.6795,59068.3064448,505,502
False,162.1615,123.7025,59068.3384576,517,502
False,159.2642,124.2033,59068.3863936,523,502
False,156.7062,124.28,59068.4188544,506,502
False,154.8917,124.0128,59068.450624,508,502
False,153.4035,123.2404,59068.4824704,498.5,502
False,151.7966,122.6464,59068.5144064,501.5,502
False,150.5578,122.7358,59068.5464704,487,502
False,149.585,123.8164,59068.5787136,492,502
False,149.3005,124.5033,59068.6107648,476.5,502
False,149.4815,124.9291,59068.642432,472.5,502
False,150.0402,125.2728,59068.6745344,460,502
False,150.5627,125.5676,59068.7070976,444,502
False,150.6384,125.8366,59068.7386368,430.5,502
False,150.5947,126.4975,59068.7867776,430.5,502
False,150.1684,126.6265,59068.8185344,439.5,502
False,150.5242,126.9541,59068.85056,414,502
False,150.466,127.0078,59068.8825344,426,502
False,150.9963,127.0029,59068.914816,408,502
False,150.738,126.7263,59068.9463808,413.5,502
False,150.568,126.4156,59068.9784064,425.5,502
False,150.4296,126.5347,59069.0104448,420.5,502
False,150.5811,126.559,59069.0425344,422.5,502
False,150.431,126.5484,59069.075328,421.5,502
False,150.2828,126.4387,59069.106816,425.5,502
False,150.0722,126.4747,59069.1385216,431.5,502
False,150.1059,126.5874,59069.1865216,433,502
False,150.0586,126.6119,59069.2185984,432.5,502
False,150.0724,126.6379,59069.25088,435,502
False,150.1601,126.6889,59069.2824576,434,502
False,150.1528,126.6568,59069.3145472,439.5,502
False,150.0881,126.6364,59069.3463936,435,502
False,149.945,126.5453,59069.378368,427,502
False,149.8604,126.2518,59069.4109056,419,502
False,149.3337,126.3934,59069.4429824,432.5,502
False,148.9749,126.7443,59069.4747264,438,502
False,148.5157,127.0417,59069.5064704,439.5,502
False,148.56,127.1577,59069.5390592,434.5,502
False,148.6694,127.4965,59069.5869952,431,502
False,149.0394,127.7214,59069.6185472,423.5,502
False,149.4832,127.7965,59069.6505088,416,502
False,149.6377,127.8448,59069.6825088,414.5,502
False,149.6361,127.7973,59069.7144576,414.5,502
False,149.615,127.7437,59069.7471232,413,502
False,149.6695,127.6598,59069.7788416,414,502
False,149.6401,127.6502,59069.8106752,414.5,502
False,149.5715,127.6409,59069.8435072,413.5,502
False,149.6196,127.6514,59069.8751872,414,502
False,149.6537,127.6528,59069.9069824,410,502
False,149.6195,127.609,59069.9386752,413.5,502
False,149.6277,127.5807,59069.9866112,415,502
False,149.5872,127.2741,59070.018688,411,502
False,149.3208,127.3956,59070.0506368,412.5,502
False,148.8059,127.3657,59070.0830592,416.5,502
False,148.81,127.4406,59070.1149696,407,502
False,148.256,127.8342,59070.1464832,405,502
False,148.2038,127.9384,59070.1784832,417,502
False,148.6112,128.0449,59070.2105344,426.5,502
False,148.3192,128.2104,59070.2428928,436.5,502
False,148.916,128.4812,59070.2752128,412.5,502
False,149.1696,128.5202,59070.3065216,404,502
False,149.3458,128.4076,59070.3390336,401.5,502
False,149,128.3824,59070.3868544,417.5,502
False,148.7749,128.3843,59070.418752,425,502
False,148.7537,128.3411,59070.4507264,427,502
False,148.6597,128.3789,59070.4827136,428,502
False,148.5791,128.2948,59070.5149312,432,502
False,148.5992,128.326,59070.5469056,432,502
False,148.6364,128.5178,59070.5785856,430,502
False,148.7495,128.5757,59070.610752,432.5,502
False,148.8264,128.572,59070.6425856,433,502
False,148.8199,128.577,59070.6746752,427.5,502
False,148.8793,128.5861,59070.7070848,428,502
False,148.9355,128.5719,59070.7391872,429,502
False,148.9057,128.5634,59070.786752,426,502
False,148.581,128.6563,59070.8187776,436,502
False,147.9144,128.6478,59070.8507264,442,502
False,147.5648,128.6523,59070.8836224,430.5,502
False,147.2113,128.9609,59070.9146496,434.5,502
False,147.1556,129.0956,59070.946944,436,502
False,147.8675,129.3006,59070.9787392,402.5,502
False,147.3235,128.9089,59071.0107008,424.5,502
False,147.9963,128.7752,59071.0425856,408.5,502
False,148.6498,128.7164,59071.0749568,405.5,502
False,149.0292,128.4609,59071.1067008,405,502
False,149.3269,128.1978,59071.1387904,412,502
False,149.2199,128.0762,59071.1867648,424.5,502
False,148.9274,127.8421,59071.218816,447.5,502
False,148.5239,128.0043,59071.2511488,468,502
False,147.8795,128.2353,59071.2830976,496.5,502
False,147.2457,128.4709,59071.3148288,521,502
False,146.1464,129.0015,59071.3468672,552,502
False,143.7578,129.7447,59071.379392,585.5,502
False,140.0732,130.7141,59071.4107776,608,502
False,136.1621,131.4128,59071.4433152,597.5,502
False,133.1362,131.8879,59071.4747136,594.5,502
False,131.0462,131.6888,59071.5071104,595,502
False,129.5659,131.5113,59071.5387264,604,502
False,127.5221,131.69,59071.586752,613.5,502
False,124.8108,132.4088,59071.6188544,616.5,502
False,122.3993,133.2158,59071.6512512,624,502
False,119.1626,134.0832,59071.6827904,613,502
False,115.5757,134.9779,59071.7146624,612,502
False,112.2094,136.2955,59071.7467904,634.5,502
False,109.6869,136.8661,59071.7787392,643.5,502
False,107.3799,137.0406,59071.8110976,644,502
False,104.5236,136.9383,59071.8429696,632.5,502
False,101.6613,136.3441,59071.8748672,622,502
False,98.41285,135.9145,59071.9067264,643.5,502
False,95.31533,135.8323,59071.9388416,648,502
False,92.97604,136.0927,59071.9867264,640,502
False,90.50079,136.528,59072.0193152,638,502
False,88.68219,137.1118,59072.0513792,633.5,502
False,86.24681,137.9053,59072.0832384,614.5,502
False,84.87823,138.0163,59072.11488,594,502
False,83.76366,138.0114,59072.1468032,555,502
False,83.33973,137.1176,59072.1787776,547,502
False,82.33334,136.2681,59072.2108928,549.5,502
False,80.8921,135.966,59072.2430976,554.5,502
False,79.24302,135.9263,59072.274944,531.5,502
False,78.11932,136.5297,59072.30688,528,502
False,77.09577,137.5831,59072.339008,532.5,502
False,75.238,138.5054,59072.3869568,510.5,502
False,73.36835,140.0405,59072.4194944,514,502
False,71.83554,141.1553,59072.4513024,491.5,502
False,71.40643,140.6422,59072.4833664,476.5,502
False,68.50874,140.6285,59072.5148544,458,502
False,67.67293,138.9792,59072.5471232,506,502
False,66.70834,138.2419,59072.5788288,492,502
False,64.9094,138.0855,59072.610816,493,502
False,63.8461,137.9635,59072.6432512,457,502
False,61.80947,137.9646,59072.6749312,485.5,502
False,60.19816,137.4917,59072.7072768,489.5,502
False,57.99676,137.5083,59072.7389824,463,502
False,57.19121,137.0392,59072.7868672,489,502
False,56.64467,136.8328,59072.8196096,439.5,502
False,56.47183,136.2719,59072.8513536,458.5,502
False,57.35632,136.4119,59072.8829568,449.5,502
False,58.63808,136.8938,59072.9148288,431.5,502
False,58.93874,136.7934,59072.9468544,438,502
False,58.82746,137.2108,59072.9791872,397,502
False,59.31662,136.4006,59073.011648,379,502
False,58.97099,136.7542,59073.0432128,362,502
False,58.997,136.6356,59073.0749952,333,502
False,59.32643,136.3698,59073.106944,338,502
False,59.39544,136.7501,59073.1390336,343.5,502
False,59.84357,136.575,59073.1869824,342,502
False,60.42068,136.9788,59073.2194432,353,502
False,62.26138,137.0624,59073.251072,384.5,502
False,64.16827,136.74,59073.2829696,363.5,502
False,66.63108,136.089,59073.3149056,318.5,502
False,67.54301,136.4523,59073.3468544,358.5,502
False,67.89263,136.9695,59073.3792256,371,502
False,68.57328,137.4622,59073.4112384,385.5,502
False,68.55925,137.9514,59073.4429952,436,502
False,67.54833,138.5129,59073.475008,484.5,502
False,66.80211,138.4003,59073.5069824,475,502
False,64.80236,139.6581,59073.5391104,522,502
False,62.3381,140.3816,59073.5873792,559.5,502
False,60.66696,140.8588,59073.6194688,572.5,502
False,59.74603,141.0488,59073.6509824,567,502
False,59.39447,141.1473,59073.6829696,567,502
False,59.7706,140.6295,59073.715008,542,502
False,60.05274,140.9441,59073.7469312,572,502
False,60.3471,140.5146,59073.7793664,532.5,502
False,61.65644,140.1894,59073.8118144,505,502
False,63.09029,139.6159,59073.8434688,485.5,502
False,63.95889,139.5817,59073.875456,486.5,502
False,64.21626,139.3522,59073.9070464,502.5,502
False,64.61631,138.9476,59073.9391616,486.5,502
False,64.37505,139.1417,59073.99008,491.5,502
False,64.10807,139.6346,59074.0209408,493.5,502
False,64.11897,139.9501,59074.0519296,480.5,502
False,64.18488,140.2563,59074.0835456,476,502
False,63.87476,140.4267,59074.115072,428.5,502
False,64.57981,139.6891,59074.1470464,437.5,502
False,65.42103,139.2889,59074.1791488,420,502
False,66.18067,138.5627,59074.211456,410.5,502
False,67.75887,137.5558,59074.2430208,385,502
False,69.47633,136.1824,59074.2754176,338,502
False,71.014,135.2154,59074.3072,309.5,502
False,72.6192,134.9151,59074.3390336,316,502
False,73.49518,134.727,59074.3870336,328.5,502
False,73.95358,134.9669,59074.4195712,337.5,502
False,73.57264,135.3422,59074.4512512,374,502
False,73.37663,135.3753,59074.4832512,385,502
False,73.49892,135.4671,59074.5151616,387.5,502
False,73.53933,135.5406,59074.5472256,383.5,502
False,73.78349,135.8076,59074.5794432,379.5,502
False,73.83248,139.2145,59074.6115072,195,502
False,74.02168,131.5998,59074.643136,184.5,502
False,73.60266,134.318,59074.6750592,325.5,502
False,73.42052,134.7042,59074.7077376,346,502
False,73.23753,134.488,59074.7391744,334,502
False,72.83623,133.5914,59074.7874304,288,502
False,72.10431,132.5518,59074.8192256,220.5,502
False,71.54424,131.9759,59074.8510976,186.5,502
False,71.34577,131.0199,59074.8831104,134,502
False,70.89942,130.7558,59074.9152,116,502
False,71.02918,130.4685,59074.9475712,108.5,502
False,76.0293,138.9756,59074.9797632,136.5,502
False,76.12552,137.4971,59075.0116992,200.5,502
False,75.69084,136.8007,59075.0433536,227.5,502
False,75.08816,136.444,59075.075328,259,502
False,75.15134,136.668,59075.1074176,255.5,502
False,74.95834,136.2615,59075.1392512,260,502
False,74.70554,136.0124,59075.187584,283,502
False,74.8315,136.25,59075.2194944,272,502
False,76.18882,136.9339,59075.2511488,229.5,502
False,76.70262,138.587,59075.2831872,171.5,502
False,75.79769,139.2579,59075.3152,159,502
False,72.13618,134.7695,59075.347264,374.5,502
False,71.02934,133.1978,59075.3799296,284,502
False,72.65303,138.5117,59075.411776,305.5,502
False,71.34264,137.326,59075.4431616,430,502
False,72.01933,140.5282,59075.4754176,215.5,502
False,71.25652,132.7332,59075.5073408,243,502
False,70.18066,136.1954,59075.5392,429,502
False,70.23152,136.6342,59075.5878656,442,502
False,70.231,134.7792,59075.6198272,342,502
False,74.27916,138.4315,59075.6512,261.5,502
False,70.83195,138.1429,59075.6835456,423.5,502
False,70.82154,138.3624,59075.7157248,424,502
False,70.17801,139.1824,59075.747328,382,502
False,70.04801,140.006,59075.7793152,364.5,502
False,70.1645,140.7429,59075.81152,345.5,502
False,70.7838,141.1625,59075.8434048,323,502
False,71.05947,141.6056,59075.875776,319.5,502
False,71.42667,141.7163,59075.9076992,312.5,502
False,72.03793,141.469,59075.9392768,312,502
False,72.65566,141.1777,59075.9871872,303,502
False,73.24503,140.5626,59076.0199296,285,502
False,74.34395,139.7297,59076.0513152,267,502
False,75.2598,138.2948,59076.08384,238,502
False,75.78382,136.9916,59076.1154304,239,502
False,76.164,137.0753,59076.1474304,250,502
False,75.86883,137.572,59076.1794304,246.5,502
False,76.09143,137.8457,59076.2118272,262.5,502
False,76.13503,137.5982,59076.2434304,255.5,502
False,76.19146,137.4738,59076.275392,242,502
False,76.12348,137.3414,59076.3074304,247,502
False,76.10293,137.2454,59076.3393152,244.5,502
False,76.23859,137.0884,59076.3877376,237.5,502
False,76.55363,137.2174,59076.4197504,231.5,502
False,76.45548,137.0235,59076.451328,226.5,502
False,76.31938,136.8165,59076.4834176,227,502
False,76.10702,136.9096,59076.5211904,230.5,502
False,75.34013,137.5931,59076.547328,269.5,502
False,75.04366,138.9382,59076.5799936,313,502
False,74.37227,140.1483,59076.6116992,312.5,502
False,74.06944,141.2163,59076.643392,312,502
False,73.33334,141.9455,59076.6754304,303,502
False,73.01704,142.3055,59076.708096,293.5,502
False,72.96556,142.7391,59076.7394688,285.5,502
False,73.66849,142.0267,59076.787456,274.5,502
False,74.456,141.142,59076.8198656,250,502
False,74.81059,139.6935,59076.851712,223.5,502
False,74.63593,138.3972,59076.8833152,211.5,502
False,73.72609,138.0348,59076.9152896,244,502
False,72.83302,138.2486,59076.947328,265.5,502
False,72.72478,138.4336,59076.9793664,292.5,502
False,72.8131,138.3185,59077.0119296,292.5,502
False,73.749,143.2194,59077.0438272,417,502
False,73.03744,138.7359,59077.07552,325,502
False,73.4868,139.7281,59077.1075328,271.5,502
False,73.61418,142.1308,59077.1401728,181,502
False,72.33652,134.8445,59077.1877632,156.5,502
False,73.04529,138.4339,59077.2194176,316.5,502
False,72.95008,138.379,59077.251328,310.5,502
False,72.61639,138.4645,59077.2834048,305,502
False,72.64309,138.4024,59077.3160448,304,502
False,72.37074,138.381,59077.3480064,307.5,502
False,72.34477,138.3916,59077.380288,320.5,502
False,72.41324,138.8265,59077.4118656,340,502
False,72.35305,139.0638,59077.4435328,355,502
False,72.52189,137.7484,59077.4754304,285.5,502
False,72.6562,136.11,59077.507648,191,502
False,74.43693,140.8329,59077.539648,362,502
False,75.43155,140.7961,59077.5877888,336,502
False,75.85196,140.8573,59077.6194432,340,502
False,74.71111,136.7926,59077.6514304,135,502
False,85.66058,156.1642,59077.683456,137,502
False,76.2104,140.5839,59077.7154432,282,502
False,76.74048,139.9871,59077.7478784,284.5,502
False,76.83398,139.6796,59077.7804544,258,502
False,76.54411,139.6027,59077.8118144,247.5,502
False,76.58823,139.7239,59077.8436608,212.5,502
False,77.0267,139.7039,59077.8756864,206,502
False,77.01292,139.8555,59077.9076608,206.5,502
False,80.67077,144.9343,59077.9397632,365.5,502
False,80.57613,145.0974,59077.9879168,364.5,502
False,80.40553,144.9948,59078.0198144,355.5,502
False,76.56136,139.2299,59078.0517504,182,502
False,76.69389,138.8554,59078.0834304,177.5,502
False,80.12305,144.5752,59078.1156224,353.5,502
False,80.16547,144.6738,59078.1475328,348.5,502
False,80.23965,144.6272,59078.1799936,350.5,502
False,80.5148,144.6318,59078.2117504,349,502
False,80.15301,144.455,59078.244032,335.5,502
False,80.15369,144.7734,59078.2755584,340.5,502
False,84.95464,150.4921,59078.3077888,169,502
False,84.69532,150.8405,59078.3402752,174.5,502
False,80.7863,145.2219,59078.3879808,345.5,502
False,84.83575,149.772,59078.4195712,172.5,502
False,80.80691,144.904,59078.4515072,328,502
False,80.66157,144.5138,59078.4835584,327,502
False,80.58669,144.1878,59078.5156224,323,502
False,80.8525,144.2508,59078.548352,313,502
False,81.14975,143.7776,59078.579712,335,502
False,80.78426,142.9338,59078.61184,360,502
False,80.79809,143.28,59078.6437376,418.5,502
False,82.47463,145.4524,59078.6756864,397.5,502
False,87.64117,150.1992,59078.7081728,176.5,502
False,79.39525,139.7769,59078.7402112,196.5,502
False,101.2652,150.0688,59078.7875328,271.5,502
False,100.9153,148.2332,59078.8200064,486,502
False,103.6548,147.7721,59078.8520192,561,502
False,107.7343,147.5079,59078.883968,569,502
False,111.6319,146.7628,59078.9156864,551.5,502
False,118.7881,147.6411,59078.9477376,391,502
False,115.7054,142.1276,59078.9797632,266.5,502
False,119.0335,142.874,59079.0118656,313.5,502
False,121.9363,140.7333,59079.0440832,170,502
False,137.7323,148.6641,59079.0756736,193,502
False,137.2002,143.8964,59079.107776,576,502
False,142.5887,142.439,59079.1396352,547.5,502
False,147.0292,140.8343,59079.1876736,542,502
False,152.8424,143.7844,59079.2199936,267.5,502
False,155.7747,134.9135,59079.2517632,239,502
False,160.6011,139.1522,59079.2841216,500.5,502
False,164.8738,139.2968,59079.3158016,539,502
False,168.9171,138.2646,59079.3478272,528.5,502
False,173.1181,136.9967,59079.3803008,501,502
False,176.9553,135.5507,59079.4122624,503,502
False,180.9126,134.0122,59079.4441216,532,502
False,185.1783,133.3226,59079.4758016,546,502
False,188.2546,132.6342,59079.5076864,533.5,502
False,190.7478,132.2404,59079.5403776,522,502
False,191.7426,131.8235,59079.588032,527,502
False,193.6613,132.0483,59079.6197632,556,502
False,192.0982,131.4864,59079.6517376,519.5,502
False,192.1397,131.4775,59079.6838144,526,502
False,191.8725,131.5195,59079.7158528,517.5,502
False,193.351,131.9927,59079.7487104,574,502
False,193.4699,132.1854,59079.7798656,570,502
False,193.4764,132.1357,59079.8122112,568.5,502
False,191.776,131.9796,59079.8437376,521.5,502
False,191.761,132.008,59079.8757376,521,502
False,193.1086,132.2651,59079.9078016,557,502
False,191.0434,130.8211,59079.9400832,449,502
False,190.7142,129.817,59079.9877376,382.5,502
False,190.1042,128.3831,59080.0198144,281.5,502
False,190.0328,128.029,59080.0518656,264,502
False,189.7576,127.4893,59080.0838912,225.5,502
False,197.6587,136.3167,59080.1163776,270.5,502
False,196.957,134.5858,59080.1484928,352.5,502
False,198.7143,132.6194,59080.1799424,437.5,502
False,203.4692,132.5692,59080.212416,325,502
False,209.4057,132.4939,59080.2442752,244,502
False,210.7837,128.2219,59080.2758272,505.5,502
False,215.8892,127.6698,59080.307904,484.5,502
False,221.7612,127.2864,59080.3402496,497,502
False,226.9338,127.2808,59080.3877888,501,502
False,231.9642,126.6767,59080.4203392,465,502
False,236.2911,125.6376,59080.4519808,458,502
False,239.9621,124.7174,59080.4839168,470,502
False,243.7328,124.9745,59080.5166464,451,502
False,246.2017,125.7821,59080.549568,442,502
False,248.7421,126.1414,59080.579968,442,502
False,251.354,126.1224,59080.6124032,442.5,502
False,253.1675,125.8983,59080.6439424,400,502
False,254.3015,124.6748,59080.6758656,388,502
False,255.4503,124.18,59080.708352,380.5,502
False,256.0991,124.6702,59080.739904,375,502
False,255.6051,125.253,59080.78784,330,502
False,256.0778,125.3373,59080.8199424,338.5,502
False,256.2173,125.4376,59080.8520704,339,502
False,260.4998,126.8782,59080.8843648,432.5,502
False,260.4115,126.7888,59080.9161728,424.5,502
False,260.1563,126.8037,59080.9480192,416,502
False,259.7316,126.8475,59080.980032,405.5,502
False,259.9349,126.6683,59081.0121344,414.5,502
False,259.6687,126.592,59081.0439168,415,502
False,259.3724,126.6427,59081.0762112,397,502
False,259.5639,126.7364,59081.1081984,404,502
False,259.5291,126.6646,59081.1400448,409.5,502
False,259.615,126.5708,59081.1878528,400,502
False,255.2518,125.1234,59081.2203136,306.5,502
False,259.5305,126.5106,59081.2520064,409,502
False,255.7125,125.016,59081.2839808,313,502
False,256.63,124.9038,59081.3159808,327.5,502
False,257.1182,124.8285,59081.3480192,328.5,502
False,261.6231,127.289,59081.3804416,421,502
False,261.2716,128.0558,59081.4124544,418.5,502
False,261.7371,128.9231,59081.4439552,414,502
False,262.1707,129.1905,59081.4758912,395.5,502
False,262.3965,128.9651,59081.5079552,382.5,502
False,262.9211,128.5035,59081.5405184,378,502
False,263.383,128.2903,59081.588224,376,502
False,263.3277,128.3133,59081.620032,383.5,502
False,262.1242,128.1336,59081.6520064,355.5,502
False,261.5896,127.7908,59081.684032,354.5,502
False,261.8474,128.0556,59081.7160064,383.5,502
False,262.1821,128.0869,59081.7483776,383.5,502
False,262.2626,127.9542,59081.780032,389,502
False,262.6964,127.8172,59081.8120704,404,502
False,263.0626,127.9148,59081.8439808,413,502
False,262.9719,127.8436,59081.8766464,414.5,502
False,263.6197,127.9499,59081.9083136,429,502
False,263.8087,127.827,59081.939904,435.5,502
False,263.9142,127.9436,59081.987968,443,502
False,263.7795,127.6294,59082.020096,447.5,502
False,263.7864,127.561,59082.0520448,452.5,502
False,263.7673,127.7233,59082.0843776,450.5,502
False,263.9547,127.9349,59082.11616,453,502
False,263.8141,127.8443,59082.1480832,441,502
False,263.6439,127.5766,59082.1800704,431,502
False,264.0538,127.5238,59082.2126592,430.5,502
False,264.1646,127.3627,59082.2443136,436.5,502
False,264.3845,127.3262,59082.2760064,446.5,502
False,264.3906,127.1698,59082.3083904,451.5,502
False,264.6535,127.0132,59082.3401728,456,502
False,264.9352,126.9903,59082.3880576,465.5,502
False,264.881,126.9282,59082.4206208,462,502
False,264.905,126.8931,59082.4526848,463,502
False,264.8565,126.9265,59082.4845056,460,502
False,264.8991,126.7513,59082.51616,461,502
False,264.7745,126.7846,59082.5481216,462,502
False,265.0667,126.9587,59082.5803136,452.5,502
False,264.8987,127.1073,59082.612032,442.5,502
False,264.7692,127.1955,59082.6443264,439,502
False,264.2764,127.168,59082.6761216,427.5,502
False,264.3775,127.1453,59082.7081088,433.5,502
False,264.8102,127.1718,59082.7402752,436.5,502
False,264.798,127.1701,59082.7881344,439,502
False,264.8969,127.1706,59082.8207232,439.5,502
False,264.7329,127.1379,59082.8522496,437.5,502
False,264.7661,127.1762,59082.8846208,439,502
False,264.6724,127.1867,59082.9162112,436.5,502
False,264.5323,127.1831,59082.9481856,431.5,502
False,264.6171,127.1897,59082.9800576,434,502
False,264.7146,127.1767,59083.0124544,438.5,502
False,264.7858,127.1249,59083.0443776,436.5,502
False,264.7321,127.1785,59083.076608,438,502
False,264.7274,127.0694,59083.1082112,439.5,502
False,264.6807,127.147,59083.1402368,440,502
False,264.7557,127.0693,59083.1882496,440,502
False,264.7369,127.0854,59083.220672,439,502
False,264.5084,127.0487,59083.252608,435,502
False,264.8202,127.1015,59083.2841984,445,502
False,264.5067,127.0061,59083.3161728,433.5,502
False,264.8431,127.0265,59083.3481088,452.5,502
False,264.9929,126.9013,59083.3801472,447.5,502
False,265.3401,126.9134,59083.4125568,444.5,502
False,265.2029,126.7365,59083.4441728,446,502
False,265.3485,126.6826,59083.4766976,449.5,502
False,265.2866,126.667,59083.5085952,438.5,502
False,265.0546,126.6233,59083.5402624,430.5,502
False,265.169,126.5691,59083.5882368,422,502
False,265.3046,126.4465,59083.620352,440.5,502
False,265.1136,126.4562,59083.6534528,430,502
False,264.9517,126.398,59083.684288,427.5,502
False,264.8523,126.519,59083.7164672,425.5,502
False,264.7016,126.5345,59083.7481344,420,502
False,264.698,126.3825,59083.7801088,420.5,502
False,265.2247,126.4809,59083.8121728,428,502
False,265.1953,126.3936,59083.8443136,428.5,502
False,265.7518,126.2293,59083.8769792,448.5,502
False,265.7021,126.1971,59083.9085952,432,502
False,266.0024,126.1675,59083.9403008,416,502
False,265.9303,125.9813,59083.9883392,428,502
False,265.8251,125.9611,59084.020352,424,502
False,266.0028,126.0024,59084.0524032,418.5,502
False,266.2184,125.9396,59084.0849664,433.5,502
False,265.3892,125.8993,59084.1168384,412,502
False,265.3333,126.0314,59084.1482496,409,502
False,264.8474,125.8614,59084.180544,404,502
False,264.2954,126.0826,59084.2123392,391.5,502
False,264.4622,125.9975,59084.2442624,399.5,502
False,264.1634,126.0923,59084.2764032,386.5,502
False,264.0337,126.101,59084.3083136,386,502
False,264.3984,126.245,59084.340928,394.5,502
False,264.4345,126.1496,59084.3887744,395.5,502
False,264.4804,125.9835,59084.4207872,403.5,502
False,264.1394,125.7182,59084.452352,394.5,502
False,264.3258,125.7439,59084.4843264,397,502
False,264.4398,125.6283,59084.5162624,408.5,502
False,264.5,125.6125,59084.5482368,400,502
False,264.4691,125.3661,59084.5805952,401.5,502
False,264.7928,125.234,59084.6126208,409.5,502
False,264.3831,125.4723,59084.644416,411.5,502
False,264.527,125.5819,59084.6763648,428.5,502
False,265.6357,125.9753,59084.708352,458,502
False,265.7066,126.2697,59084.7403904,471.5,502
False,263.1078,126.2088,59084.7888384,419,502
False,264.6313,126.7137,59084.8206592,439,502
False,266.5722,126.8332,59084.8525312,469.5,502
False,269.9796,127.3136,59084.884544,507,502
False,274.5686,128.2752,59084.916288,522,502
False,278.541,129.7814,59084.9482752,533,502
False,281.9112,130.7885,59084.9806848,550,502
False,284.864,131.3235,59085.0127872,524.5,502
False,287.851,131.1027,59085.0444928,496.5,502
False,290.8338,130.2751,59085.0764672,489.5,502
False,294.1164,130.2535,59085.1087872,474,502
False,297.0437,132.0567,59085.140928,476.5,502
False,300.0446,134.4995,59085.1885312,467.5,502
False,302.6077,136.3467,59085.22048,497.5,502
False,305.3586,137.5872,59085.25248,495,502
False,308.3791,137.2686,59085.284352,499.5,502
False,311.7751,137.3637,59085.3167104,544,502
False,315.8024,138.7181,59085.3486592,563.5,502
False,320.4797,140.3822,59085.3804288,559,502
False,324.7315,142.3393,59085.4125312,557.5,502
False,328.3867,143.8443,59085.4444928,552.5,502
False,332.0638,144.6156,59085.4771456,564.5,502
False,335.8192,144.7491,59085.5089408,554,502
False,339.1888,145.0166,59085.5565312,531.5,502
False,342.5311,144.424,59085.5885568,526,502
False,346.2912,144.1206,59085.6204288,533.5,502
False,349.9341,144.5942,59085.6523904,503.5,502
False,352.9379,145.4987,59085.6847104,523,502
False,356.7251,146.6598,59085.7165312,533,502
False,361.1392,147.1718,59085.7484416,537.5,502
False,365.9688,147.0415,59085.780544,518,502
False,369.4988,145.9781,59085.8125952,541,502
False,373.5419,146.3086,59085.8450176,525,502
False,377.1859,146.963,59085.8768896,531.5,502
False,380.3889,148.075,59085.9086592,573,502
False,383.767,148.8828,59085.9565952,604.5,502
False,386.6465,148.7028,59085.9886592,595.5,502
False,389.2181,147.7691,59086.0210944,599,502
False,391.5623,146.4165,59086.0528256,607,502
False,394.407,146.0301,59086.0844544,615.5,502
False,398.4585,146.3132,59086.1164416,630,502
False,401.2726,146.5827,59086.1486592,617,502
False,403.7972,146.6448,59086.1805568,602.5,502
False,406.5138,147.2114,59086.213312,604,502
False,408.7285,148.0363,59086.2455808,620,502
False,410.3784,148.6768,59086.2767488,625.5,502
False,411.647,148.8147,59086.3090432,602.5,502
False,412.7886,148.6057,59086.3568128,585,502
False,413.9565,147.7833,59086.3886464,578.5,502
False,415.4918,147.12,59086.420608,537.5,502
False,417.0645,147.2127,59086.452864,534.5,502
False,418.1023,148.0507,59086.4849024,533,502
False,419.2166,148.9665,59086.5166208,522.5,502
False,421.1811,149.7128,59086.548672,509,502
False,422.6078,149.3919,59086.5806336,526.5,502
False,423.7585,148.607,59086.6126976,483,502
False,425.8293,148.0875,59086.6452736,503,502
False,427.6765,147.7929,59086.6766336,507,502
False,428.3149,147.8616,59086.7091328,515.5,502
False,429.4513,147.4995,59086.7567744,504.5,502
False,430.8969,147.9289,59086.7890176,532,502
False,430.7686,148.0121,59086.8210304,495.5,502
False,430.4839,148.2354,59086.8526848,485,502
False,430.3644,148.1649,59086.8846976,478,502
False,430.2365,148.5338,59086.916608,444,502
False,429.3138,148.2313,59086.9487104,444.5,502
False,428.9378,148.169,59086.981056,434,502
False,428.4091,148.0602,59087.012736,429,502
False,427.6225,147.7096,59087.0446464,411.5,502
False,432.7919,149.2897,59087.0766336,531,502
False,427.6115,147.3203,59087.1085824,410.5,502
False,427.3108,147.5782,59087.1584384,407,502
False,427.4652,147.4746,59087.188736,409.5,502
False,427.4961,147.4092,59087.22112,408.5,502
False,427.5817,147.5377,59087.2527744,402,502
False,427.8055,147.5914,59087.2847744,398.5,502
False,427.4815,147.3402,59087.3167104,387,502
False,427.5894,147.0027,59087.3491328,373,502
False,426.8331,146.3967,59087.3807744,368.5,502
False,426.2092,146.3119,59087.4127872,350.5,502
False,426.0072,146.0039,59087.4447616,346,502
False,425.1825,145.9015,59087.4766336,321.5,502
False,424.6852,145.4053,59087.5090176,315,502
False,422.6162,145.4598,59087.5574656,300.5,502
False,419.9779,145.8001,59087.588672,271,502
False,418.5567,145.975,59087.6206976,247,502
False,423.8674,147.8916,59087.6534912,384.5,502
False,423.4431,148.0466,59087.6848,372,502
False,416.5771,146.786,59087.7171584,229,502
False,416.6835,146.9412,59087.7488,238,502
False,422.9297,147.0883,59087.7808128,379.5,502
False,423.1381,146.416,59087.8128768,405.5,502
False,418.1148,146.4908,59087.8450816,316.5,502
False,418.7134,146.7898,59087.8771968,331.5,502
False,423.9803,147.288,59087.909056,448.5,502
False,419.9916,147.9633,59087.9570048,376.5,502
False,420.2557,147.9588,59087.9886848,384.5,502
False,424.8951,147.7563,59088.0208,491,502
False,420.7646,148.2888,59088.053632,415,502
False,420.7121,148.4813,59088.0851456,414.5,502
False,420.9513,148.9973,59088.1171968,424,502
False,420.8099,149.1639,59088.1488512,420,502
False,420.7511,149.1817,59088.1808512,416.5,502
False,420.8851,149.1052,59088.212864,415,502
False,424.7295,148.5897,59088.2447872,507,502
False,420.7164,148.9042,59088.2770944,412.5,502
False,420.7493,148.8081,59088.3092224,413.5,502
False,424.9571,148.2504,59088.35744,508.5,502
False,424.8237,148.1011,59088.3888256,509.5,502
False,424.9136,148.0111,59088.4208768,511,502
False,424.8018,147.976,59088.452864,507,502
False,420.7851,148.6392,59088.4849024,412.5,502
False,424.7442,147.998,59088.5175296,509.5,502
False,424.9582,148.0797,59088.549248,510.5,502
False,424.9863,148.1598,59088.5808768,512,502
False,420.7952,148.5973,59088.612928,411,502
False,423.3067,147.8876,59088.6447616,470,502
False,420.9648,148.549,59088.676864,435,502
False,420.9712,148.5853,59088.709184,456.5,502
False,420.9281,148.7753,59088.756992,475.5,502
False,421.1831,148.7252,59088.788992,498,502
False,421.4199,148.3839,59088.8211712,504.5,502
False,421.8542,148.1579,59088.8529792,523.5,502
False,422.5115,147.8955,59088.885312,552,502
False,423.4037,147.4666,59088.9173248,570.5,502
False,424.3195,146.6087,59088.9489152,577.5,502
False,425.1419,145.0866,59088.9808896,579,502
False,426.3606,143.1889,59089.0132352,610.5,502
False,427.4541,140.9709,59089.0453632,596,502
False,428.4653,139.7435,59089.077824,598.5,502
False,430.1063,138.7823,59089.1092992,607,502
False,430.5343,138.0777,59089.157056,603,502
False,430.1832,137.1697,59089.1889024,606,502
False,429.1177,136.4114,59089.2209024,580.5,502
False,428.6912,134.9581,59089.252992,585,502
False,428.8211,132.8818,59089.2853248,593.5,502
False,428.969,130.7113,59089.316992,612,502
False,429.4445,128.8122,59089.3488896,631,502
False,430.156,127.0008,59089.3808896,639,502
False,430.6703,125.1647,59089.4129792,647.5,502
False,430.9407,123.2743,59089.4452096,646,502
False,431.2961,122.39,59089.4776064,627,502
False,431.8864,121.661,59089.5089536,616.5,502
False,432.218,121.4833,59089.5580032,610,502
False,431.2211,121.9179,59089.5892736,597,502
False,430.4677,122.1648,59089.62112,590.5,502
False,430.2706,122.1984,59089.653056,598,502
False,430.3177,122.2369,59089.6850048,596,502
False,430.3045,122.2577,59089.7169408,601.5,502
False,430.5579,122.2287,59089.7492608,610,502
False,430.6329,122.2709,59089.7812224,598,502
False,430.4788,122.2091,59089.8129408,597,502
False,430.5733,122.4962,59089.844992,587.5,502
False,430.6939,122.4329,59089.8770304,592.5,502
False,430.7515,122.3267,59089.9089664,601.5,502
False,430.7522,122.315,59089.9585792,608,502
False,430.7612,122.3733,59089.9895424,605,502
False,430.7577,122.2784,59090.02112,609.5,502
False,430.7805,122.2838,59090.053376,606,502
False,430.7569,122.248,59090.0850176,607.5,502
False,430.7105,122.2102,59090.1169792,578,502
False,430.4113,122.082,59090.148928,579,502
False,430.1813,121.934,59090.1813248,591,502
False,430.2662,121.5761,59090.2133632,591,502
False,430.237,121.1538,59090.2450176,595,502
False,430.2713,120.949,59090.2770816,591.5,502
False,430.2164,120.9693,59090.3090432,586,502
False,429.9547,119.3282,59090.3578624,582,502
False,429.7679,116.8681,59090.3898368,599,502
False,430.3723,113.6179,59090.4211456,581.5,502
False,431.2163,109.8416,59090.4535552,567,502
False,430.9483,106.5417,59090.4853632,587,502
False,429.877,103.248,59090.5169792,576,502
False,428.9293,99.88795,59090.548992,589,502
False,428.5872,96.97529,59090.580992,593.5,502
False,428.8607,93.89492,59090.6131968,580.5,502
False,429.29,91.65627,59090.6455552,577,502
False,429.2746,89.21228,59090.6771456,559,502
False,428.847,87.07471,59090.709312,551,502
False,427.9281,86.19173,59090.75712,528.5,502
False,427.3187,84.47039,59090.7892608,546,502
False,426.9146,82.33029,59090.8215808,548,502
False,427.0166,80.54459,59090.853632,542,502
False,426.9933,78.54238,59090.8850304,527,502
False,427.6951,76.30056,59090.9172864,534,502
False,428.333,74.39346,59090.9490304,529.5,502
False,429.429,72.6704,59090.9811584,535,502
False,429.0588,71.46719,59091.0132224,513,502
False,427.3125,70.69057,59091.0452224,495,502
False,426.714,70.80344,59091.0774784,493.5,502
False,426.5084,71.197,59091.109696,478,502
False,426.2535,71.55932,59091.1572992,472,502
False,426.179,71.0163,59091.1892992,439.5,502
False,426.1626,71.62251,59091.2211584,426.5,502
False,426.0973,72.18978,59091.25344,443.5,502
False,426.0408,72.14141,59091.2854016,429,502
False,426.1086,72.40862,59091.3171072,429.5,502
False,425.9763,72.61026,59091.3491456,422.5,502
False,425.6248,72.22755,59091.3810816,417.5,502
False,426.229,71.86348,59091.4131968,439.5,502
False,426.6604,71.3656,59091.4459264,423.5,502
False,427.33,70.1951,59091.4772352,401.5,502
False,427.4157,70.00752,59091.5100544,421,502
False,427.9637,69.17492,59091.5572864,404,502
False,428.2679,68.72352,59091.5895808,407.5,502
False,428.8453,68.64314,59091.6211712,432,502
False,429.252,68.44681,59091.6531968,446.5,502
False,429.8089,67.75529,59091.6851328,457,502
False,430.0882,67.29321,59091.7175168,461,502
False,430.171,67.42283,59091.749248,460,502
False,430.0952,67.44457,59091.7812736,446.5,502
False,429.726,67.51839,59091.8133376,421.5,502
False,429.8442,67.55972,59091.8452608,413,502
False,429.6314,67.89457,59091.877888,411,502
False,429.4293,68.08271,59091.9096576,403,502
False,429.0634,67.99874,59091.9583872,397,502
False,428.812,68.25457,59091.9893248,383,502
False,428.8582,68.20792,59092.0211968,396,502
False,429.0427,68.05769,59092.0534144,390,502
False,429.1377,68.3232,59092.085184,394.5,502
False,429.2563,68.42167,59092.1175936,400,502
False,429.3869,68.33001,59092.149696,401.5,502
False,429.5948,68.35674,59092.181312,413,502
False,429.8346,68.4959,59092.213376,406,502
False,430.2891,68.19399,59092.2453504,399.5,502
False,430.416,68.31963,59092.2779648,401.5,502
False,430.7369,67.87554,59092.3098112,387,502
False,431.1615,68.04915,59092.3575424,390,502
False,431.5512,68.31689,59092.3892992,405.5,502
False,432.1107,68.00117,59092.4213504,427.5,502
False,433.0989,67.14697,59092.4532224,440,502
False,434.3118,66.38165,59092.4856576,448.5,502
False,435.1867,65.87226,59092.51776,441,502
False,436.036,65.41051,59092.5493888,453.5,502
False,436.5111,65.05804,59092.5813376,459.5,502
False,436.2238,64.82944,59092.6139264,429,502
False,435.9407,65.00196,59092.645824,424.5,502
False,435.5622,65.19568,59092.6774784,416.5,502
False,435.1987,64.66849,59092.709568,366.5,502
False,435.0831,64.49953,59092.757568,357,502
False,434.899,64.63171,59092.7894656,348,502
False,434.4542,64.98233,59092.8220544,349,502
False,434.3046,64.86781,59092.8533504,348,502
False,433.6973,64.89265,59092.8857216,310.5,502
False,433.624,65.08109,59092.9184768,316.5,502
False,433.7372,65.02061,59092.9494656,323.5,502
False,433.8317,65.2645,59092.981824,353.5,502
False,434.231,65.08929,59093.0135808,356.5,502
False,434.2708,65.04979,59093.0455296,351.5,502
False,434.0525,64.83209,59093.0774528,336.5,502
False,433.9338,64.99412,59093.109952,340,502
False,433.1646,65.12292,59093.157632,320,502
False,432.5562,65.36591,59093.1893632,286.5,502
False,432.5956,66.31638,59093.221376,314.5,502
False,432.4198,66.87883,59093.2533888,331.5,502
False,432.8469,66.71413,59093.285824,295,502
False,432.6278,66.74391,59093.3178752,321.5,502
False,432.1736,67.28649,59093.349504,338,502
False,431.5669,67.3279,59093.3815808,337.5,502
False,431.9553,67.28043,59093.414336,346.5,502
False,432.4778,67.17529,59093.4459136,367,502
False,432.6305,67.34424,59093.4775808,382,502
False,433.1154,67.64341,59093.5095808,365.5,502
False,433.0364,68.44865,59093.5576448,357,502
False,432.6234,69.25848,59093.5896576,354,502
False,432.7499,69.29017,59093.6218624,320.5,502
False,433.606,68.01566,59093.6537472,255.5,502
False,433.0397,69.84853,59093.685376,340,502
False,433.5519,69.88754,59093.7174272,369,502
False,434.1832,69.97632,59093.7495296,373,502
False,434.3293,70.20547,59093.7819008,371.5,502
False,434.2805,69.87318,59093.81408,353.5,502
False,434.1244,69.97291,59093.8455168,363,502
False,434.1046,69.38713,59093.8779136,331.5,502
False,434.3587,69.65147,59093.9099904,329,502
False,433.8333,69.67056,59093.957696,343,502
False,434.0563,68.9747,59093.9896704,263.5,502
False,433.8896,69.33466,59094.0215936,252,502
False,433.4799,69.59988,59094.0538624,294.5,502
False,434.0077,68.37809,59094.0857216,216,502
False,432.2264,69.39595,59094.1173888,263.5,502
False,431.9585,69.93935,59094.1494016,305,502
False,432.1951,69.37309,59094.1815296,272.5,502
False,432.1071,69.18481,59094.2135808,294,502
False,430.9135,69.68934,59094.2459648,323.5,502
False,430.1269,70.04194,59094.2779648,306,502
False,429.649,70.85625,59094.309632,349,502
False,428.456,71.32999,59094.3576064,398,502
False,427.8039,72.18402,59094.3895808,413,502
False,426.9931,73.51195,59094.4224128,411.5,502
False,426.5217,74.95932,59094.4535296,422,502
False,426.5247,76.24315,59094.4858624,438,502
False,426.4773,77.92746,59094.5174784,459.5,502
False,426.9896,80.08611,59094.5494656,495.5,502
False,428.1739,82.83393,59094.5815296,555,502
False,429.8459,86.8554,59094.6141184,615.5,502
False,430.6278,91.84149,59094.6456192,613,502
False,431.0897,97.31632,59094.6776576,578,502
False,431.4393,101.4565,59094.7097984,552,502
False,430.8576,104.4045,59094.7577728,573.5,502
False,430.3178,106.3985,59094.7900672,570.5,502
False,429.6356,107.6301,59094.82208,574.5,502
False,428.6907,108.5222,59094.8537856,548,502
False,428.4388,109.893,59094.8856832,539,502
False,428.2592,111.8924,59094.9182336,533,502
False,428.7317,114.0375,59094.9499136,520.5,502
False,429.1796,115.9196,59094.9820672,516,502
False,430.3273,118.0123,59095.0136832,499.5,502
False,431.709,120.4289,59095.0459264,495.5,502
False,431.325,122.4257,59095.077696,480,502
False,429.7018,124.407,59095.109632,446,502
False,428.4451,125.1859,59095.1587328,420.5,502
False,428.1702,125.5619,59095.189824,402.5,502
False,427.6155,125.4106,59095.222208,394.5,502
False,427.4776,124.8513,59095.2538112,376.5,502
False,427.4043,124.3163,59095.2858624,371,502
False,427.4036,123.9297,59095.3186304,367.5,502
False,427.4452,123.6824,59095.3495808,359,502
False,427.5231,123.642,59095.3819136,357.5,502
False,427.4907,123.7502,59095.4136832,359,502
False,427.7516,123.8952,59095.4457856,343.5,502
False,427.7638,124.0966,59095.4783488,353.5,502
False,428.1982,124.7278,59095.51008,362.5,502
False,428.7535,125.4129,59095.5578752,391.5,502
False,429.0806,126.1361,59095.5896576,393,502
False,429.8937,126.7838,59095.6218496,400,502
False,430.0257,126.6775,59095.6537728,383,502
False,430.1939,126.9086,59095.6862464,392,502
False,430.1388,127.1405,59095.7181056,379.5,502
False,430.1168,127.1613,59095.7497856,359.5,502
False,429.6157,127.4618,59095.7817344,333.5,502
False,429.6583,126.8679,59095.8144768,359.5,502
False,429.7455,126.332,59095.846144,374.5,502
False,430.5918,125.9501,59095.8777344,400.5,502
False,431.3337,125.7268,59095.90976,424,502
False,432.1212,125.9751,59095.9579264,421,502
False,432.8524,126.1072,59095.9901952,429,502
False,433.3166,126.3407,59096.0223232,429,502
False,433.8401,126.4566,59096.0542848,419,502
False,432.7697,126.7318,59096.08576,378.5,502
False,432.8244,126.203,59096.1178752,382.5,502
False,432.6403,125.5391,59096.1498752,372.5,502
False,432.1256,125.1459,59096.1819136,361,502
False,431.4572,125.3343,59096.2143232,348.5,502
False,431.7887,125.1766,59096.2461312,351,502
False,431.5733,125.069,59096.2777728,348,502
False,431.5037,124.9858,59096.3097728,341.5,502
False,431.3621,124.7339,59096.3591424,359.5,502
False,437.4812,125.63,59096.3930368,496,502
False,430.9879,124.5651,59096.4218112,343,502
False,430.7989,124.2644,59096.4539008,348,502
False,437.1424,125.0687,59096.485888,495,502
False,436.7879,124.7676,59096.518016,477,502
False,429.896,123.9674,59096.5502976,327,502
False,436.439,124.3076,59096.5822592,465.5,502
False,436.0039,124.1168,59096.613952,469.5,502
False,435.5652,123.7142,59096.6458496,473,502
False,435.9487,123.4891,59096.677888,467.5,502
False,435.6927,123.1109,59096.7098752,455.5,502
False,435.6342,122.9176,59096.7586944,457,502
False,435.7343,122.7713,59096.7901824,463.5,502
False,435.5869,122.6849,59096.8218752,466,502
False,435.5529,122.6616,59096.853952,461.5,502
False,435.4685,122.7478,59096.886016,468.5,502
False,435.7056,123.1098,59096.9180544,458.5,502
False,435.3441,123.3521,59096.9506176,463,502
False,435.2392,123.0163,59096.9823488,441,502
False,435.2055,122.7819,59097.0140544,448.5,502
False,434.7807,122.7341,59097.045888,454.5,502
False,434.9127,122.5642,59097.0778752,462,502
False,434.5677,122.8428,59097.1099264,460,502
False,428.0363,122.0119,59097.15872,293.5,502
False,428.2184,122.1845,59097.1899008,294.5,502
False,428.7667,121.9972,59097.2219264,296.5,502
False,429.0638,122.0046,59097.2539648,292.5,502
False,429.4505,122,59097.2859008,301.5,502
False,429.8686,122.5973,59097.318592,298,502
False,430.0062,123.6048,59097.3499648,296.5,502
False,430.1645,124.7234,59097.3825024,267.5,502
False,430.6004,124.6317,59097.4143872,271.5,502
False,430.2519,125.2132,59097.4459904,284.5,502
False,430.701,125.1323,59097.4780928,286,502
False,430.4041,125.3949,59097.5102592,289.5,502
False,430.3823,125.3291,59097.5581696,275.5,502
False,430.2693,125.4013,59097.5903616,255,502
False,429.4948,124.9244,59097.6222592,242.5,502
False,429.5475,124.7155,59097.6538752,249,502
False,428.9501,125.0771,59097.6859776,227,502
False,434.5009,128.6823,59097.717952,384,502
False,435.0028,128.3447,59097.7503872,412,502
False,435.493,127.6634,59097.7826432,453,502
False,436.1598,127.3291,59097.8145024,474.5,502
False,431.0844,124.5899,59097.8461312,347.5,502
False,432.2526,124.6599,59097.8781696,392,502
False,432.97,125.1121,59097.9101568,406,502
False,433.2516,125.6178,59097.9591424,416,502
False,434.0379,126.2712,59097.9905152,426.5,502
False,433.9922,127.1368,59098.0219904,446,502
False,434.4527,127.4516,59098.0539776,442.5,502
False,434.0826,127.7099,59098.085952,432,502
False,434.4054,127.4976,59098.1183104,423,502
False,434.5581,127.321,59098.15008,420.5,502
False,434.1117,127.2333,59098.1820928,403,502
False,433.9901,126.8741,59098.2141056,405,502
False,433.4594,126.7532,59098.2460288,379.5,502
False,433.3606,126.5422,59098.2785024,379,502
False,432.7148,126.5271,59098.3107072,353.5,502
False,433.2632,125.9636,59098.358208,380,502
False,433.619,125.5234,59098.3900544,392,502
False,434.0289,125.4343,59098.4226432,409.5,502
False,434.8918,125.3591,59098.4543104,433,502
False,435.6795,125.2375,59098.48608,454,502
False,436.319,124.8915,59098.5180416,454.5,502
False,442.2663,124.0662,59098.5500416,587,502
False,441.0797,124.041,59098.58208,577,502
False,440.4778,124.3596,59098.6148608,571,502
False,431.9922,124.1511,59098.6464896,365,502
False,430.1346,123.0382,59098.6780928,366.5,502
False,428.8828,122.4305,59098.71008,358.5,502
False,432.9373,121.1041,59098.7582848,483.5,502
False,431.1615,120.4652,59098.7901696,500.5,502
False,428.1308,120.8232,59098.8228096,453.5,502
False,430.2892,119.592,59098.8541568,540,502
False,429.7082,119.6553,59098.88672,525.5,502
False,426.9454,121.0508,59098.9184384,476,502
False,426.8876,120.3856,59098.9503616,510,502
False,428.4833,118.3681,59098.9820672,565.5,502
False,426.3744,119.2515,59099.014144,519.5,502
False,426.6284,118.6931,59099.0461312,522.5,502
False,426.6754,118.1594,59099.078144,531,502
False,426.3701,117.8503,59099.1109248,534.5,502
False,426.7688,117.0462,59099.1588096,563,502
False,427.2487,115.8122,59099.1902208,591,502
False,428.0182,113.5157,59099.2221952,606,502
False,428.6096,110.5556,59099.254272,619.5,502
False,429.2544,106.0925,59099.286272,602,502
False,430.3511,101.4595,59099.318272,599.5,502
False,431.2965,97.61371,59099.3507072,620,502
False,431.9997,94.68203,59099.3827072,618.5,502
False,431.9124,92.41577,59099.4144896,606.5,502
False,430.6453,90.64366,59099.4463488,608.5,502
False,430.2683,88.19721,59099.4782336,597.5,502
False,430.0068,86.53447,59099.5110272,614,502
False,430.5213,84.67015,59099.5584128,622.5,502
False,431.3621,81.89368,59099.5906688,625.5,502
False,432.2617,77.50652,59099.622848,614,502
False,431.9596,72.87504,59099.6547712,585.5,502
False,430.52,68.78745,59099.6867072,592,502
False,429.8325,65.26253,59099.7183104,612,502
False,430.0854,61.37161,59099.7502464,583.5,502
False,430.5683,57.40986,59099.7823488,588,502
False,431.7349,53.99645,59099.814464,564,502
False,432.4351,51.00602,59099.8465792,526,502
False,431.021,48.53677,59099.878144,485,502
False,430.5716,47.49053,59099.910208,466.5,502
False,429.9439,46.70891,59099.9584,434,502
False,430.1426,46.28833,59099.9902464,418.5,502
False,430.518,45.80882,59100.02272,408,502
False,430.9457,45.42447,59100.0547712,411.5,502
False,431.8552,44.42761,59100.086208,422.5,502
False,432.6384,43.4417,59100.1183872,424.5,502
False,433.6538,42.68345,59100.1507584,427,502
False,433.8949,42.37674,59100.1823744,418.5,502
False,433.8784,42.44928,59100.2148224,414,502
False,433.5343,42.93274,59100.2463232,396.5,502
False,433.5616,43.32682,59100.2782592,384,502
False,433.5655,43.54881,59100.3103104,370.5,502
False,433.5722,43.92205,59100.3584128,363.5,502
False,433.444,44.35848,59100.3910528,364.5,502
False,433.5271,44.3699,59100.423104,351,502
False,433.2351,44.91302,59100.4544512,354.5,502
False,433.2214,45.05402,59100.4863616,342.5,502
False,433.0132,45.15709,59100.518464,339.5,502
False,432.9343,45.32682,59100.5504128,332.5,502
False,432.7759,45.45692,59100.5830528,325,502
False,432.493,45.60793,59100.614592,323.5,502
False,432.4318,45.60927,59100.6467712,316.5,502
False,432.3651,46.40118,59100.678656,309.5,502
False,432.2295,46.93237,59100.7103488,313,502
False,432.3182,46.71198,59100.7584256,309,502
False,432.276,46.28941,59100.790336,322.5,502
False,432.3566,46.00911,59100.822464,329.5,502
False,432.3973,45.74522,59100.8548608,331,502
False,432.6138,45.39143,59100.886848,350,502
False,433.1935,44.61525,59100.9184768,382.5,502
False,433.4262,43.68417,59100.9504384,400,502
False,433.7978,42.90315,59100.9824128,413,502
False,434.373,42.02917,59101.0148736,428.5,502
False,434.7631,41.08595,59101.0466816,446,502
False,435.0367,40.75409,59101.0783488,417.5,502
False,435.7663,40.37992,59101.1105408,415,502
False,435.4879,40.76654,59101.1585536,405.5,502
False,435.8277,40.70366,59101.1904384,396.5,502
False,436.1231,40.75467,59101.223104,375,502
False,436.15,40.82034,59101.2547328,359,502
False,435.7248,40.9342,59101.286336,347,502
False,435.4828,41.45852,59101.318336,335.5,502
False,435.0867,42.11858,59101.3503104,334.5,502
False,434.567,43.36303,59101.382336,348,502
False,434.1537,44.51716,59101.4148992,354.5,502
False,434.1408,44.80213,59101.4468992,344.5,502
False,433.7165,44.84529,59101.4784,341.5,502
False,433.4056,45.40506,59101.5106176,323,502
False,433.7352,45.44912,59101.5586304,321,502
False,433.7587,45.70646,59101.590976,322.5,502
False,433.464,45.7254,59101.6230016,315,502
False,433.7121,45.96461,59101.6548096,315.5,502
False,433.3137,45.89924,59101.6864256,306,502
False,433.1089,46.237,59101.7183744,304.5,502
False,433.2993,45.84923,59101.7503616,304,502
False,433.5168,45.43884,59101.783168,327,502
False,433.7887,45.63737,59101.8149632,347,502
False,434.1011,45.46154,59101.8465152,338,502
False,434.5577,46.13352,59101.8785408,359.5,502
False,434.692,45.95475,59101.9105664,342.5,502
False,434.6878,46.191,59101.9586304,363,502
False,435.0247,45.75903,59101.990912,364.5,502
False,434.865,45.19106,59102.0228608,365.5,502
False,434.5567,45.4211,59102.0545024,376,502
False,435.063,45.20414,59102.0865408,378,502
False,435.3585,45.32921,59102.1194368,364,502
False,435.6153,45.78132,59102.15104,376.5,502
False,435.9092,45.92992,59102.1824256,371,502
False,436.298,46.52709,59102.214848,363,502
False,436.48,46.89368,59102.2465024,359,502
False,436.0544,46.99901,59102.2786048,337,502
False,435.9643,46.75739,59102.3105536,327,502
False,435.9714,47.22978,59102.3586688,338,502
False,434.38,47.77636,59102.3910784,314.5,502
False,433.0671,49.43199,59102.4229376,285.5,502
False,431.3076,51.55667,59102.4545792,298.5,502
False,430.385,52.19225,59102.4865536,309.5,502
False,431.364,52.25574,59102.518528,326.5,502
False,431.4684,52.56182,59102.5508096,337,502
False,431.8712,52.786,59102.5825024,371.5,502
False,431.2769,53.3503,59102.614528,363.5,502
False,429.9531,54.78873,59102.6465536,355,502
False,432.8041,57.78769,59102.6786048,465.5,502
False,432.1078,58.28499,59102.7114752,462,502
False,431.7101,59.43211,59102.75936,491,502
False,430.0221,59.29357,59102.790592,482,502
False,430.2249,61.49456,59102.8227712,536.5,502
False,430.8883,64.1532,59102.85472,594,502
False,431.3814,67.89493,59102.8871552,634.5,502
False,431.3983,73.89417,59102.918976,620.5,502
False,431.6158,78.75861,59102.950528,600,502
False,431.8024,83.73166,59102.9825536,577,502
False,431.2657,87.6992,59103.0145792,579,502
False,431.0823,90.80369,59103.0467584,579,502
False,430.7423,93.53853,59103.0790016,597,502
False,430.2983,96.63352,59103.1110912,608.5,502
False,430.3622,100.1026,59103.15872,619,502
False,430.2527,103.9639,59103.1906048,605.5,502
False,430.641,108.4055,59103.2228224,598,502
False,430.8298,111.7544,59103.2547456,564,502
False,430.2935,115.043,59103.2870272,519,502
False,428.9381,117.4232,59103.3194752,506.5,502
False,427.509,118.9958,59103.3508864,482,502
False,426.7873,121.0274,59103.3825664,456,502
False,425.5246,123.9107,59103.4146688,464.5,502
False,424.612,126.8689,59103.4466304,488,502
False,423.2349,130.1846,59103.4792576,487.5,502
False,421.7227,133.0944,59103.51104,473,502
False,418.0241,135.0085,59103.558784,449.5,502
False,415.7193,135.3116,59103.5908224,459,502
False,413.1665,136.6068,59103.6228352,445.5,502
False,407.1787,141.2751,59103.654784,527,502
False,404.1844,143.3613,59103.6871168,559.5,502
False,400.1297,145.1832,59103.7190784,529.5,502
False,395.7357,146.3315,59103.750656,553,502
False,390.4916,147.1877,59103.7826176,515,502
False,384.8288,146.7379,59103.8147584,477,502
False,385.1627,143.7145,59103.84672,422,502
False,378.1462,145.2597,59103.8795008,518.5,502
False,374.2104,146.2003,59103.9112576,508.5,502
False,370.2825,146.8838,59103.9587584,525,502
False,367.3289,147.1081,59103.9907712,493.5,502
False,362.7981,147.6783,59104.0231808,502,502
False,357.8903,147.0862,59104.054848,489,502
False,354.3468,145.4787,59104.0870784,509,502
False,350.1612,144.5626,59104.118848,563.5,502
False,345.5706,144.2123,59104.150848,552,502
False,341.7112,143.7193,59104.1832192,554,502
False,338.3804,143.4632,59104.215168,555.5,502
False,334.4095,143.102,59104.246912,549,502
False,329.3816,142.5079,59104.2789248,549,502
False,324.016,141.103,59104.3110912,530.5,502
False,320.273,139.3878,59104.358848,517,502
False,317.2749,137.9087,59104.3912192,496.5,502
False,315.7847,136.5857,59104.4232704,502.5,502
False,314.7946,136.053,59104.4548096,503,502
False,314.4473,136.3711,59104.4868864,494.5,502
False,314.5093,137.0027,59104.51872,491.5,502
False,314.3098,137.1685,59104.5507328,489.5,502
False,314.0833,137.365,59104.583104,490,502
False,313.74,137.3337,59104.6152576,493.5,502
False,313.4032,137.1605,59104.6468992,496.5,502
False,312.9077,136.9891,59104.6788352,503.5,502
False,312.1823,136.8569,59104.711232,510,502
False,311.9622,136.8647,59104.7603072,507.5,502
False,311.9663,136.6964,59104.7916032,505,502
False,311.7871,136.6082,59104.82336,505,502
False,311.8082,136.5769,59104.8548736,501.5,502
False,311.7639,136.5109,59104.886912,504,502
False,311.8011,136.4763,59104.9187456,507,502
False,311.856,136.5243,59104.9507456,511.5,502
False,311.6618,136.4326,59104.983168,513.5,502
False,311.6299,136.4794,59105.0148352,512.5,502
False,311.7201,136.502,59105.0469376,512,502
False,311.8417,136.5314,59105.0788864,499,502
False,311.1599,136.4517,59105.1111424,514,502
False,309.3615,135.9551,59105.1596928,527.5,502
False,306.925,135.2326,59105.1915648,531,502
False,303.0857,133.9162,59105.2229632,523,502
False,298.6975,132.2155,59105.2553216,546,502
False,294.7688,130.7154,59105.2872064,530.5,502
False,291.1911,129.0341,59105.3188096,518,502
False,286.5117,126.8555,59105.350784,527,502
False,281.9086,125.0126,59105.3828224,529,502
False,276.5498,123.1842,59105.4150144,512,502
False,271.2576,121.4735,59105.4475648,512.5,502
False,265.6227,119.2172,59105.4793344,515,502
False,260.4704,116.9529,59105.5111424,495,502
False,255.786,114.2931,59105.5591424,493,502
False,251.1991,111.3136,59105.5909504,490.5,502
False,246.2838,108.7373,59105.6229632,491,502
False,241.4587,107.3223,59105.6555136,498.5,502
False,237.6006,106.2741,59105.6868992,512,502
False,234.3577,105.3997,59105.719232,499.5,502
False,232.4388,104.5143,59105.7512576,490,502
False,231.0342,102.8739,59105.7829504,477,502
False,230.2561,101.5681,59105.8150272,477,502
False,228.9436,100.1035,59105.8470272,484.5,502
False,227.9617,99.27427,59105.8796416,482.5,502
False,226.9805,98.23495,59105.9114368,462.5,502
False,225.7412,97.65658,59105.959232,429.5,502
False,224.992,98.16226,59105.9910784,416,502
False,223.9354,98.6109,59106.02304,394.5,502
False,223.1207,98.71993,59106.0552448,400.5,502
False,221.8249,98.03296,59106.087488,404.5,502
False,223.0899,97.80466,59106.1189248,343,502
False,222.4162,97.26234,59106.1513216,378,502
False,223.5058,96.47169,59106.183424,318,502
False,222.9505,96.54185,59106.215104,336.5,502
False,222.7352,96.5591,59106.2471296,328.5,502
False,223.8379,96.54265,59106.2791296,275.5,502
False,223.8949,96.60024,59106.3115264,276,502
False,224.1944,96.80027,59106.3632,249.5,502
False,224.1853,97.17628,59106.3915136,260,502
False,224.4101,97.14671,59106.4230784,271.5,502
False,223.9782,97.16579,59106.4551424,283.5,502
False,223.7633,96.59583,59106.487104,303.5,502
False,223.2284,95.58892,59106.5194624,343,502
False,223.3161,95.16386,59106.5514624,357,502
False,222.9219,93.8688,59106.5830784,373.5,502
False,222.9671,92.7355,59106.6150656,385,502
False,222.7411,90.83836,59106.6470912,414.5,502
False,222.1218,89.36887,59106.680064,384.5,502
False,220.4984,87.42512,59106.7111424,414,502
False,220.6951,87.78758,59106.7629184,357,502
False,219.6358,86.96955,59106.7910144,416,502
False,219.5508,86.56557,59106.8232064,394,502
False,219.1563,87.18864,59106.8552192,402,502
False,219.8105,87.379,59106.887488,365,502
False,220.5985,87.08498,59106.9189888,327.5,502
False,220.7297,87.6359,59106.9510144,330.5,502
False,220.6623,86.49165,59106.9830528,269.5,502
False,221.1444,85.99812,59107.0151424,265.5,502
False,221.7006,85.65238,59107.0473728,280,502
False,221.7595,84.91666,59107.0793856,280,502
False,220.9247,84.35202,59107.111232,276.5,502
False,220.9099,84.3176,59107.1593216,275.5,502
False,221.1702,83.54225,59107.193344,284,502
False,221.3472,83.53534,59107.2232064,299.5,502
False,222.1061,83.12383,59107.2556928,319,502
False,221.9255,83.51643,59107.2876544,284,502
False,222.3169,83.57672,59107.3193344,315,502
False,222.1672,83.63834,59107.3515008,300,502
False,221.6927,83.76123,59107.3836288,282,502
False,221.2453,82.69733,59107.4160768,293.5,502
False,220.3006,83.1184,59107.4476416,274.5,502
False,220.7197,82.43932,59107.4793216,292.5,502
False,220.4771,83.01528,59107.5115776,294.5,502
False,220.9238,82.63998,59107.55936,306,502
False,221.2999,82.30361,59107.5913984,314,502
False,221.5435,82.90775,59107.6237568,350.5,502
False,221.8286,82.81961,59107.6555392,370.5,502
False,221.5932,82.95,59107.6872704,370,502
False,221.6998,82.71188,59107.7191936,387,502
False,221.4842,82.34981,59107.751936,384.5,502
False,221.4058,81.84177,59107.7840512,375,502
False,221.6358,80.99319,59107.8153984,367,502
False,222.2578,81.30971,59107.8482048,395,502
False,222.9576,80.36157,59107.879808,389.5,502
False,222.8423,80.61845,59107.9119104,397.5,502
False,222.6319,80.39852,59107.9604864,383.5,502
False,221.5794,80.38322,59107.9919872,347.5,502
False,221.2234,80.62134,59108.023616,364,502
False,220.9157,80.43343,59108.0553728,358,502
False,220.9071,80.28992,59108.0876032,357,502
False,221.0107,80.22563,59108.1195136,342,502
False,222.0711,80.93546,59108.1517824,408,502
False,221.6713,81.1462,59108.1835648,399,502
False,222.0414,81.2429,59108.2156672,411,502
False,222.188,81.28635,59108.247424,415,502
False,222.0293,81.25835,59108.2795264,409,502
False,221.9944,80.72863,59108.3116544,390,502
False,222.0385,81.07979,59108.3605888,411.5,502
False,222.6829,81.16422,59108.3917568,441.5,502
False,222.6301,81.22096,59108.4233728,442,502
False,222.6275,81.05267,59108.45536,443,502
False,222.7518,80.82895,59108.4875776,456,502
False,222.7536,80.5115,59108.5194496,456.5,502
False,222.9912,79.93946,59108.5517952,435,502
False,222.9044,80.01392,59108.5835776,443,502
False,223.0291,80.21122,59108.6154112,469.5,502
False,223.2738,80.20627,59108.6472704,484,502
False,223.3543,80.10028,59108.6800512,477,502
False,223.5069,79.97678,59108.7116544,481,502
False,223.8087,79.80938,59108.7596672,487,502
False,224.7559,79.3902,59108.7919872,489.5,502
False,226.2484,78.56466,59108.8239872,506.5,502
False,227.8313,77.89668,59108.8557312,527.5,502
False,230.9639,77.05479,59108.88736,544.5,502
False,234.9933,75.46568,59108.919296,473.5,502
False,239.5,74.47081,59108.95136,491,502
False,244.6399,73.22244,59108.9836672,497.5,502
False,248.3202,72.17741,59109.0153856,481,502
False,252.9749,67.74336,59109.04736,226,502
False,253.7528,73.04411,59109.0794496,468.5,502
False,255.7033,73.5925,59109.1113984,391,502
False,258.6877,69.18421,59109.1601792,190,502
False,259.8486,69.42928,59109.191808,201.5,502
False,262.2603,72.41234,59109.223488,394.5,502
False,264.4728,71.66597,59109.255424,478,502
False,266.9056,69.1969,59109.2878848,452,502
False,269.9734,68.50967,59109.3193728,456.5,502
False,272.8218,69.67924,59109.3512832,477,502
False,274.8174,71.0642,59109.383616,501,502
False,277.0056,72.45786,59109.4157568,480.5,502
False,280.781,71.11465,59109.447424,533.5,502
False,284.6345,70.33854,59109.4794752,544,502
False,288.853,69.52282,59109.5115008,529.5,502
False,292.9779,69.00632,59109.560704,527.5,502
False,297.1198,68.38894,59109.5916288,527.5,502
False,301.6094,68.32458,59109.6238592,495,502
False,304.8589,69.19228,59109.655424,488,502
False,308.0442,69.89779,59109.6874624,505.5,502
False,310.6656,70.1024,59109.7197696,472,502
False,313.1491,69.50091,59109.7519232,460.5,502
False,315.8235,67.94167,59109.7833344,460,502
False,316.7141,66.94714,59109.8153728,432,502
False,320.338,65.39699,59109.8479744,497.5,502
False,324.0132,65.66497,59109.8799104,491.5,502
False,327.3451,66.63816,59109.911488,497,502
False,330.9393,67.55182,59109.9596928,535.5,502
False,335.6131,67.29125,59109.9917056,550.5,502
False,340.6419,66.36816,59110.0236032,545.5,502
False,346.324,65.3246,59110.0558464,534.5,502
False,352.5235,64.70926,59110.087424,563.5,502
False,357.7352,64.40753,59110.1194112,584,502
False,361.3124,64.75258,59110.1515136,582,502
False,364.0011,65.78555,59110.183424,586,502
False,366.2785,67.10715,59110.2158208,589.5,502
False,368.4629,67.54385,59110.2483712,593,502
False,370.1671,67.50695,59110.2795648,587.5,502
False,372.3636,67.65894,59110.312064,582.5,502
False,375.3578,67.50669,59110.359744,585.5,502
False,379.3073,67.37829,59110.3917056,589.5,502
False,384.1723,67.80187,59110.4235776,588,502
False,388.2964,68.55575,59110.455808,572.5,502
False,391.7104,69.98312,59110.4874112,553,502
False,395.0962,72.17142,59110.5195008,578.5,502
False,398.3626,73.02463,59110.5514496,568.5,502
False,401.8159,73.07539,59110.5835392,546,502
False,405.2823,72.62455,59110.616256,558,502
False,409.1903,71.8153,59110.6482432,531.5,502
False,412.7805,71.82836,59110.6800384,519.5,502
False,414.6031,73.00369,59110.727936,496,502
False,415.2037,74.10748,59110.7597824,490,502
False,415.1796,75.10698,59110.7922944,484.5,502
False,414.9771,75.56586,59110.8239872,479.5,502
False,414.7638,75.61667,59110.8555904,470,502
False,414.5391,75.48573,59110.8876288,449.5,502
False,414.4713,75.10117,59110.9195136,430,502
False,414.8968,75.08489,59110.951872,428,502
False,414.789,75.00998,59110.9838208,451,502
False,414.5638,74.68974,59111.0156928,440.5,502
False,414.5356,74.62768,59111.0475648,436,502
False,414.5232,74.49768,59111.0796672,431,502
False,415.1482,74.60585,59111.1280256,433,502
False,415.1174,74.26744,59111.1625344,430,502
False,415.1934,74.51564,59111.1917824,405,502
False,415.9656,74.36534,59111.224,427,502
False,416.7692,74.44359,59111.255616,453.5,502
False,417.3892,74.59848,59111.2875264,459.5,502
False,418.1506,74.86752,59111.3195648,468,502
False,420.2008,74.3996,59111.3519872,420,502
False,420.7308,73.86065,59111.3835392,454.5,502
False,423.2658,73.66591,59111.4157696,439.5,502
False,424.8904,73.43782,59111.4477056,427.5,502
False,425.892,73.30159,59111.4797696,483,502
False,428.1504,73.23221,59111.5291008,517.5,502
False,430.1382,72.96296,59111.560448,499.5,502
False,432.3896,73.06233,59111.5918592,438.5,502
False,432.7412,73.52007,59111.6237056,527.5,502
False,433.8604,73.48911,59111.6555648,413,502
False,432.68,73.61003,59111.6875904,488.5,502
False,431.0908,73.933,59111.719936,497.5,502
False,429.8559,74.15365,59111.7521536,454.5,502
False,427.8398,74.04243,59111.783744,436,502
False,425.0994,73.80769,59111.8160768,416,502
False,423.19,73.75547,59111.8479232,388.5,502
False,421.9389,73.77565,59111.8805376,365.5,502
False,421.1173,73.54369,59111.9293824,351,502
False,420.5373,73.18105,59111.9599744,371,502
False,420.4437,72.88647,59111.9917312,367,502
False,420.6153,72.80397,59112.0238336,386,502
False,420.7755,72.88147,59112.0558464,412,502
False,421.1905,72.60616,59112.0881408,443.5,502
False,420.4052,72.6925,59112.1201536,471,502
False,419.9172,72.96715,59112.1517056,487,502
False,419.806,72.97065,59112.1837056,494,502
False,419.7079,73.15952,59112.2161408,513,502
False,419.7446,73.26768,59112.2482688,528,502
False,419.6605,73.37027,59112.279872,537,502
False,419.5478,73.61557,59112.328128,548,502
False,419.6942,73.72876,59112.36,539.5,502
False,419.8229,73.84557,59112.3924352,545,502
False,419.8527,73.86058,59112.4246144,547.5,502
False,420.1334,73.82577,59112.4559104,551,502
False,420.1939,73.70766,59112.4881408,557,502
False,419.94,73.74461,59112.5203328,556,502
False,419.9667,73.8,59112.5521664,550,502
False,419.8471,73.90057,59112.5842048,551.5,502
False,419.836,73.98797,59112.6158976,554,502
False,419.7724,73.90955,59112.6478208,556.5,502
False,419.8246,73.82426,59112.6799616,551,502
False,419.8553,73.96227,59112.7281536,561,502
False,419.8965,73.9787,59112.7612672,555.5,502
False,419.8353,74.20443,59112.7924608,549.5,502
False,419.7581,74.29404,59112.8239744,543,502
False,419.7447,74.29155,59112.855808,538.5,502
False,419.2159,74.34498,59112.8878976,529.5,502
False,419.4735,74.3484,59112.9197312,542,502
False,419.9433,74.19811,59112.9521408,564.5,502
False,420.5084,73.71751,59112.9842816,577,502
False,421.2361,72.9925,59113.0159488,578,502
False,422.4786,71.78458,59113.0479488,596.5,502
False,424.1218,70.12424,59113.0799488,609,502
False,425.6408,68.59251,59113.1283072,631.5,502
False,426.5346,67.78705,59113.1613568,641,502
False,427.4771,67.20935,59113.1921152,656,502
False,428.7678,66.19092,59113.2245504,649.5,502
False,429.5967,64.70575,59113.2562304,652.5,502
False,429.5614,62.83126,59113.2878592,643,502
False,428.97,61.07441,59113.3198336,611.5,502
False,428.3943,60.2571,59113.3520512,599,502
False,428.9554,58.80027,59113.3839232,627.5,502
False,429.6174,57.06227,59113.416512,629,502
False,430.1581,56.2243,59113.448448,642,502
False,430.5356,55.52054,59113.4800896,641,502
False,430.588,54.70561,59113.5292032,650.5,502
False,430.4305,54.79389,59113.5600384,638,502
False,430.3798,55.00902,59113.592,628,502
False,430.1405,54.82112,59113.6244736,634.5,502
False,430.1704,54.96548,59113.6563328,618,502
False,430.2726,54.33257,59113.6879744,650,502
False,430.4544,53.66307,59113.719936,648.5,502
False,430.2774,53.34808,59113.7520128,644,502
False,430.0504,53.63869,59113.7844352,631.5,502
False,430.0425,54.09155,59113.8163072,619,502
False,430.4257,55.1941,59113.8479744,604.5,502
False,430.5313,56.13739,59113.8801024,583.5,502
False,430.6019,56.63689,59113.9286016,576.5,502
False,430.2908,55.96394,59113.9601664,568.5,502
False,429.9478,54.59711,59113.992896,577.5,502
False,429.861,54.27832,59114.02432,563.5,502
False,430.4869,53.97722,59114.0559872,541.5,502
False,432.175,52.24248,59114.0879104,548.5,502
False,433.6893,50.27729,59114.119936,508.5,502
False,432.7729,47.63268,59114.151872,461,502
False,432.1253,46.71746,59114.1842944,449.5,502
False,432.0212,45.57025,59114.2164096,423.5,502
False,431.9301,44.55754,59114.2479744,420,502
False,432.4897,43.61037,59114.2800256,411.5,502
False,433.4256,42.36016,59114.3283584,422.5,502
False,434.3116,41.59351,59114.3610368,421.5,502
False,435.4038,40.28476,59114.3923456,425.5,502
False,435.8391,39.57786,59114.4242176,418.5,502
False,436.4601,39.25282,59114.4561408,414,502
False,436.7446,38.9153,59114.4881664,395.5,502
False,436.7144,38.68106,59114.5200384,370.5,502
False,436.0582,39.19646,59114.5527168,358,502
False,436.0443,40.22969,59114.5839872,379.5,502
False,435.3476,41.32444,59114.6161024,375,502
False,434.6561,42.79558,59114.64832,362,502
False,434.5573,44.18987,59114.6800512,352,502
False,434.3246,44.80381,59114.7284096,341.5,502
False,434.0844,44.70889,59114.7601536,335.5,502
False,433.8383,44.99895,59114.7926272,316.5,502
False,433.9791,45.27106,59114.8245504,318.5,502
False,433.7633,45.49588,59114.85664,303.5,502
False,433.8592,45.57596,59114.8881664,299.5,502
False,434.071,45.50727,59114.9200512,298,502
False,434.236,45.52755,59114.9520256,311.5,502
False,434.3784,45.47987,59114.9850496,310.5,502
False,434.2355,45.47635,59115.0164736,310,502
False,434.1813,45.51037,59115.048064,313.5,502
False,434.3653,45.73658,59115.080192,307.5,502
False,434.317,45.36072,59115.128384,316.5,502
False,434.971,44.75665,59115.1609984,344.5,502
False,436.3099,43.40097,59115.19264,377,502
False,437.8694,41.60098,59115.2246528,411,502
False,439.3163,39.46603,59115.2564736,422,502
False,440.0915,37.88039,59115.2881024,444.5,502
False,439.8984,36.54845,59115.3200896,461,502
False,440.1204,35.47083,59115.3520384,488.5,502
False,439.9958,35.31381,59115.3844608,478,502
False,439.62,36.20717,59115.4168064,446.5,502
False,438.9608,37.34303,59115.4482304,412.5,502
False,439.1207,37.97162,59115.4805888,393.5,502
False,438.8932,37.81988,59115.5284992,384,502
False,438.1839,38.07472,59115.5603456,372.5,502
False,438.2113,38.50089,59115.59232,377,502
False,437.9756,39.14789,59115.6242432,355,502
False,437.0136,40.73414,59115.6565632,331,502
False,437.1818,42.28602,59115.6885504,313.5,502
False,436.6938,39.14391,59115.7200896,454,502
False,435.3907,41.11984,59115.7520896,496.5,502
False,434.8532,43.09986,59115.784256,479,502
False,432.9583,43.60947,59115.8168704,507,502
False,430.5528,43.606,59115.84864,511,502
False,427.0384,43.16828,59115.8801792,517,502
False,422.8477,42.15232,59115.9285888,546,502
False,418.9165,40.79041,59115.9603968,563,502
False,415.9818,39.20359,59115.99232,557.5,502
False,413.1369,37.43301,59116.0247296,563.5,502
False,411.0421,36.58562,59116.0590976,565.5,502
False,408.6601,35.54702,59116.0883712,533.5,502
False,406.4691,35.18504,59116.120256,521.5,502
False,404.3954,35.57243,59116.1555072,523.5,502
False,402.2769,35.58403,59116.184256,534.5,502
False,399.0757,34.93433,59116.2168448,500,502
False,395.019,34.61375,59116.2489216,526,502
False,390.2697,34.38087,59116.2803968,547,502
False,385.3155,34.52518,59116.328832,523,502
False,380.0382,35.09321,59116.3602176,493.5,502
False,375.1963,35.96321,59116.393408,512,502
False,369.8747,36.12634,59116.4242432,496,502
False,364.9636,36.22458,59116.4566656,495,502
False,359.7875,35.79737,59116.4882432,507.5,502
False,354.7742,35.78179,59116.5204096,485,502
False,349.8292,36.48092,59116.5523584,458.5,502
False,346.1911,37.57351,59116.584768,492,502
False,342.1747,38.24583,59116.6165376,489.5,502
False,337.6743,38.45652,59116.6483968,483,502
False,334.051,38.57017,59116.68032,509.5,502
False,330.1614,38.38316,59116.7291392,518.5,502
False,325.6035,38.54044,59116.7611648,507,502
False,321.4453,39.11065,59116.7926272,486.5,502
False,318.8192,39.9244,59116.8243584,511.5,502
False,316.733,40.399,59116.8563712,500,502
False,314.9973,40.43978,59116.8891904,488.5,502
False,313.2054,40.51269,59116.920704,486,502
False,312.145,39.78482,59116.9524096,465.5,502
False,311.6882,39.30983,59116.984832,432.5,502
False,311.4407,38.95848,59117.0164352,417.5,502
False,310.6619,38.68876,59117.048384,422.5,502
False,310.1291,38.25894,59117.0807296,405.5,502
False,310.111,37.45198,59117.128768,390.5,502
False,310.1017,38.55658,59117.1604608,378.5,502
False,310.2267,39.27499,59117.1923712,348.5,502
False,305.8713,39.26018,59117.2243712,462.5,502
False,305.4638,39.72099,59117.2566272,451,502
False,305.5844,40.1041,59117.2886784,443.5,502
False,305.3029,40.18171,59117.3204224,421,502
False,304.7472,40.51902,59117.3524224,447,502
False,304.58,41.2444,59117.3844352,446,502
False,304.2857,41.37186,59117.4164608,458.5,502
False,303.6257,41.29044,59117.4490368,443,502
False,303.1071,41.14581,59117.4808192,435.5,502
False,303.0584,41.41918,59117.5288192,431,502
False,303.309,41.32286,59117.561088,445.5,502
False,302.9323,41.38402,59117.5924224,450.5,502
False,302.8516,41.35801,59117.6244096,439,502
False,302.835,41.3816,59117.6564096,445.5,502
False,302.8387,41.36965,59117.6884352,436,502
False,302.8702,41.2626,59117.721088,443,502
False,302.8796,41.02701,59117.7529472,432,502
False,302.8917,40.78263,59117.7845376,412.5,502
False,303.2039,40.56855,59117.8165376,389,502
False,302.6597,40.13823,59117.848448,381,502
False,307.8097,40.85236,59117.8804096,254,502
False,302.0468,39.69309,59117.9313792,359.5,502
False,301.4656,39.52684,59117.9606272,354,502
False,301.4427,39.40419,59117.9933312,350.5,502
False,301.7738,39.07276,59118.024768,339,502
False,301.9739,38.68744,59118.0564608,313,502
False,301.5385,39.21609,59118.0885376,335.5,502
False,301.5622,39.43582,59118.1205248,341.5,502
False,301.6641,39.00253,59118.1524992,329.5,502
False,301.9251,39.34288,59118.1851648,331.5,502
False,301.9143,39.11371,59118.2166016,321,502
False,302.2087,39.08154,59118.2485504,325,502
False,302.3463,39.17733,59118.2804224,320.5,502
False,302.1999,39.12085,59118.3293568,331,502
False,301.7695,39.04673,59118.3613184,321,502
False,302.1779,39.02308,59118.3931136,325,502
False,301.9156,38.96667,59118.424576,330,502
False,302.2912,39.21951,59118.4569216,328,502
False,302.2284,39.36269,59118.4890496,335,502
False,302.0526,39.21808,59118.5205376,335.5,502
False,301.8872,39.34592,59118.5526528,331,502
False,307.244,40.25486,59118.5846272,214.5,502
False,299.7015,39.21783,59118.6169728,316,502
False,299.4178,38.96056,59118.648832,300,502
False,299.0297,39.25316,59118.6805248,303.5,502
False,298.9795,39.35893,59118.7288064,293,502
False,290.9391,37.85066,59118.7607552,139.5,502
False,291.7391,37.27536,59118.792512,138,502
False,292.0133,36.88285,59118.8251904,138,502
False,292.1965,35.9724,59118.8569984,151,502
False,292.0352,36.25632,59118.8886272,151.5,502
False,291.9278,36.60828,59118.9206272,157,502
False,292.4834,36.45585,59118.9526144,151,502
False,292.578,36.30021,59118.9851904,156,502
False,292.6404,36.64145,59119.0167552,152,502
False,292.7151,36.86579,59119.0494848,151.5,502
False,292.8419,37.08226,59119.0804992,156,502
False,293.454,36.95092,59119.1292416,163,502
False,293.9597,37.16322,59119.1608192,169.5,502
False,294.7653,37.39906,59119.1925888,177.5,502
False,295.6187,37.26135,59119.2247168,194.5,502
False,296.3876,37.66249,59119.2570112,199.5,502
False,299.8761,38.65231,59119.2887424,278.5,502
False,300.8555,38.6939,59119.3206912,281.5,502
False,302.0396,39.18482,59119.3526784,303,502
False,302.4062,39.89119,59119.38464,338.5,502
False,302.4617,40.32628,59119.4175488,354.5,502
False,302.6833,40.5718,59119.448768,379.5,502
False,304.4382,40.46291,59119.4809344,364,502
False,302.6951,41.51423,59119.5288448,410,502
False,299.9334,43.00512,59119.5608192,455.5,502
False,295.1948,45.50302,59119.5927168,497,502
False,289.2213,48.23649,59119.6247168,549,502
False,283.3707,50.7204,59119.657472,549,502
False,278.0789,52.26837,59119.6890496,549,502
False,273.9384,53.65519,59119.7207296,552,502
False,270.0666,55.73596,59119.7526016,546,502
False,266.1236,56.99019,59119.7846272,543.5,502
False,261.0317,57.18548,59119.8166272,567,502
False,256.3041,56.75898,59119.8489344,570.5,502
False,251.9042,56.02544,59119.8806528,563.5,502
False,247.9131,55.42827,59119.9289088,560,502
False,243.5152,55.57529,59119.9609472,549,502
False,239.5109,56.37489,59119.9926528,541.5,502
False,235.9391,57.84022,59120.0252288,544.5,502
False,231.3924,58.00415,59120.057216,561.5,502
False,226.4144,57.41741,59120.0887936,563,502
False,221.9548,56.21993,59120.1206784,557,502
False,216.4105,54.54858,59120.1526912,557.5,502
False,210.7378,52.40472,59120.18464,572,502
False,205.3458,50.71038,59120.2170112,549,502
False,200.4697,48.90691,59120.24896,542.5,502
False,195.9442,47.73985,59120.280768,558,502
False,192.255,46.77152,59120.3289472,559.5,502
False,189.0222,45.76095,59120.3617024,548,502
False,186.1091,44.2449,59120.393088,556,502
False,183.1784,42.73163,59120.4248448,567,502
False,180.1444,41.16459,59120.4568192,562,502
False,177.0275,40.59229,59120.4888064,544.5,502
False,173.3135,41.11457,59120.5208832,545.5,502
False,170.2287,41.20216,59120.5536128,570.5,502
False,166.6879,40.18402,59120.585088,557,502
False,162.7724,38.87429,59120.6168832,559.5,502
False,159.2985,37.72349,59120.6490112,569,502
False,156.2537,36.35977,59120.6808064,580,502
False,153.1688,35.58584,59120.7296,581.5,502
False,150.8017,35.17105,59120.76096,550.5,502
False,148.3302,35.63868,59120.7933568,536,502
False,146.3143,36.22794,59120.8249088,525,502
False,144.4737,36.56523,59120.8568704,522.5,502
False,139.6192,34.99724,59120.8892416,604.5,502
False,138.8396,34.40358,59120.921152,586,502
False,138.1438,34.12672,59120.9527296,594.5,502
False,141.8818,35.87332,59120.9848064,471,502
False,141.4364,35.58538,59121.0173952,467.5,502
False,141.6755,35.74217,59121.049024,452.5,502
False,141.8893,35.70509,59121.0811392,442.5,502
False,141.7639,36.25728,59121.1290752,440.5,502
False,141.9418,36.47167,59121.1610368,426.5,502
False,142.3216,36.73309,59121.192832,411.5,502
False,142.4972,36.8455,59121.2249728,411,502
False,142.6076,37.3657,59121.2573952,412,502
False,142.7503,37.61964,59121.2897024,400.5,502
False,137.5866,36.3203,59121.3210496,537,502
False,137.7498,36.37409,59121.3529728,527.5,502
False,137.8921,36.39079,59121.385024,525,502
False,137.8972,36.68099,59121.4176384,523.5,502
False,137.9597,36.58889,59121.4495744,525,502
False,138.0619,36.57088,59121.4809856,522,502
False,138.0598,36.51599,59121.53088,526.5,502
False,138.09,36.45391,59121.5612288,522.5,502
False,138.3948,36.39289,59121.5929344,520.5,502
False,138.559,36.37949,59121.6248448,520,502
False,138.379,36.32977,59121.6567936,515,502
False,138.4692,36.38262,59121.6888832,514,502
False,138.2349,36.32183,59121.7214208,521.5,502
False,138.0957,36.32891,59121.7529856,527.5,502
False,138.3072,36.42511,59121.7849472,523,502
False,137.9297,36.45547,59121.8170752,524,502
False,137.8955,36.44126,59121.8489856,540.5,502
False,142.7823,37.9016,59121.8814336,406.5,502
False,138.2901,35.61505,59121.9292544,536,502
False,141.4854,36.50203,59121.9611904,450.5,502
False,141.1768,35.65385,59121.9934848,442,502
False,141.2671,35.24932,59122.0251264,430.5,502
False,136.3368,32.83275,59122.0569728,571,502
False,141.0582,34.99655,59122.0889472,435,502
False,141.3116,35.08974,59122.1209472,429,502
False,141.1544,35.39362,59122.1532544,428.5,502
False,141.2891,35.31873,59122.1852672,411,502
False,141.1954,35.36108,59122.2169856,408.5,502
False,141.3988,35.29871,59122.2490624,399.5,502
False,141.2527,35.34078,59122.2811392,403,502
False,141.6117,35.35234,59122.3301888,394.5,502
False,141.7232,35.53065,59122.3619712,386,502
False,141.6556,35.6832,59122.3932032,393,502
False,142.0353,35.51503,59122.4251008,382.5,502
False,141.8567,35.63457,59122.4570752,389.5,502
False,141.8464,35.4926,59122.4889856,383,502
False,141.6654,35.46793,59122.522304,397.5,502
False,141.8021,35.32514,59122.5529344,386.5,502
False,141.4856,35.45936,59122.585344,406,502
False,141.7242,35.22964,59122.6169856,397,502
False,141.4864,35.13016,59122.6490112,399.5,502
False,140.5906,35.03783,59122.6811136,423,502
False,140.3112,34.93992,59122.7297664,430,502
False,139.8587,34.89678,59122.7611648,450.5,502
False,139.4796,34.10212,59122.793152,457,502
False,139.3502,33.9377,59122.8251648,465.5,502
False,139.3276,34.13549,59122.8571008,462.5,502
False,139.4501,34.27584,59122.8893952,458,502
False,139.1942,34.40474,59122.9213312,457.5,502
False,139.3872,34.44689,59122.9529728,455,502
False,139.5902,34.53915,59122.9850112,447,502
False,139.5644,34.40038,59123.017792,445,502
False,139.5208,34.38827,59123.0494592,449,502
False,139.8748,34.33068,59123.0814336,440.5,502
False,140.0471,34.30884,59123.1293568,435.5,502
False,140.0134,34.37058,59123.161216,447.5,502
False,139.8413,34.37728,59123.1930368,447.5,502
False,139.7998,34.30552,59123.2252544,449.5,502
False,140.0877,34.30423,59123.257792,441,502
False,140.0184,34.3277,59123.2896256,444,502
False,139.8986,34.30761,59123.32128,447,502
False,139.8623,34.37676,59123.3532288,449,502
False,139.9444,34.32615,59123.3852032,441,502
False,139.8082,34.35372,59123.4174976,441.5,502
False,139.9333,34.31234,59123.449024,444.5,502
False,139.9125,34.37187,59123.4811136,445.5,502
False,139.4796,34.36193,59123.5303552,454.5,502
False,139.3219,34.39676,59123.5612544,452,502
False,138.7666,33.9733,59123.5938432,462,502
False,138.1532,33.65747,59123.625664,471,502
False,137.9574,33.79126,59123.6572288,461.5,502
False,137.9484,33.8474,59123.68928,462,502
False,137.974,33.8633,59123.7212928,456,502
False,138.1724,33.90227,59123.7536128,448.5,502
False,138.2794,33.89017,59123.7857664,432.5,502
False,138.1241,33.85748,59123.817664,424.5,502
False,137.8018,34.12591,59123.849152,435.5,502
False,137.7477,34.19432,59123.881152,440,502
False,138.01,34.17323,59123.9294336,432,502
False,138.0527,34.15514,59123.9613312,426.5,502
False,138.2001,34.23559,59123.9935104,428,502
False,138.1451,34.28355,59124.025344,428.5,502
False,138.447,34.23481,59124.0572672,428,502
False,138.5444,34.13728,59124.089344,422.5,502
False,138.4131,34.23015,59124.121344,434.5,502
False,138.2543,34.24622,59124.1537152,430.5,502
False,138.3492,34.26249,59124.1855872,430.5,502
False,138.5656,34.42741,59124.2171648,430.5,502
False,138.5272,34.36037,59124.249216,431.5,502
False,138.517,34.35205,59124.2815616,427.5,502
False,138.6768,34.47748,59124.3312512,425.5,502
False,138.5587,34.27956,59124.3614848,421.5,502
False,138.7971,34.4015,59124.3932416,423,502
False,138.6534,34.32206,59124.4255488,414,502
False,138.3581,34.45151,59124.4573312,424.5,502
False,138.1496,34.52253,59124.4897152,429,502
False,138.2119,34.43118,59124.5218304,410.5,502
False,138.3277,34.79375,59124.5533312,410.5,502
False,138.2793,35.08477,59124.5853696,407,502
False,138.4603,35.31955,59124.6182016,399,502
False,138.5513,35.50191,59124.6492544,391.5,502
False,138.8654,35.77113,59124.6815872,392.5,502
False,133.635,33.52003,59124.7295488,516,502
False,133.6477,33.59298,59124.7614336,527,502
False,139.1008,35.87252,59124.793344,387,502
False,139.3726,35.76071,59124.8258432,377.5,502
False,139.4516,35.75996,59124.8578048,380.5,502
False,139.1739,35.70102,59124.889536,393,502
False,138.8814,35.49957,59124.9213952,388,502
False,138.566,35.7445,59124.953408,409,502
False,137.6516,35.40318,59124.9853696,420,502
False,137.3893,34.80221,59125.0177408,423,502
False,136.7699,34.73072,59125.049216,434.5,502
False,136.4328,34.88739,59125.0816128,444,502
False,136.2905,34.82756,59125.1295488,447.5,502
False,136.622,34.69457,59125.1615744,448,502
False,136.8259,34.31267,59125.1933184,435.5,502
False,136.5493,33.91583,59125.2258688,447.5,502
False,136.7881,34.23706,59125.2575872,438,502
False,136.786,33.98494,59125.2894848,420.5,502
False,136.4598,33.52107,59125.3214592,391.5,502
False,136.1966,34.00467,59125.353408,392.5,502
False,136.0331,34.67006,59125.3857664,392.5,502
False,136.1843,35.0166,59125.4176384,391.5,502
False,135.8853,35.06457,59125.449344,382,502
False,135.3879,35.16667,59125.4813568,394,502
False,135.5845,34.92672,59125.5296,373,502
False,135.3383,34.87556,59125.5630336,371,502
False,135.5404,34.75023,59125.593344,359,502
False,130.3456,31.45032,59125.6254592,501.5,502
False,130.4618,31.91478,59125.6575872,508.5,502
False,130.145,31.87187,59125.6894976,493,502
False,129.6539,31.34007,59125.7220224,494.5,502
False,135.6621,34.55607,59125.753664,325.5,502
False,130.2923,30.93025,59125.785792,475.5,502
False,136.1238,34.07306,59125.8173696,328.5,502
False,136.0798,34.25803,59125.849728,332,502
False,136.5995,34.29688,59125.8814336,320,502
False,136.4178,34.51892,59125.9296384,321.5,502
False,136.6629,34.64082,59125.962816,309.5,502
False,130.929,31.3663,59125.9934208,460,502
False,131.0826,31.63745,59126.0259968,462,502
False,130.8295,31.63525,59126.0573824,461.5,502
False,130.5877,31.7478,59126.0895616,472.5,502
False,130.4641,31.73766,59126.1222144,462.5,502
False,130.384,32.21193,59126.1535488,464,502
False,130.0806,32.74872,59126.1859328,457,502
False,129.7089,33.05532,59126.2177408,470,502
False,129.4909,33.4303,59126.2495232,495,502
False,129.8607,33.87564,59126.281536,524,502
False,130.9701,33.92218,59126.3312896,529,502
False,131.1072,33.29937,59126.3627008,559.5,502
False,130.9265,32.93422,59126.3938176,562.5,502
False,131.2559,32.94711,59126.4254464,564,502
False,131.8882,33.22007,59126.4582016,568,502
False,132.2455,33.49701,59126.4895872,584.5,502
False,131.5491,33.08465,59126.5219456,602.5,502
False,130.661,32.4314,59126.5539968,613.5,502
False,129.8873,31.24105,59126.5855616,605,502
False,129.2224,30.64001,59126.6175872,619,502
False,134.103,33.67888,59126.6496512,477.5,502
False,134.1314,33.65883,59126.6816384,446.5,502
False,133.4652,33.58931,59126.7310848,446,502
False,133.2386,33.38876,59126.7627648,415,502
False,133.2088,33.82196,59126.7939072,417.5,502
False,133.3257,34.35188,59126.8255104,413.5,502
False,128.4335,31.46531,59126.857472,540.5,502
False,133.0333,34.22574,59126.889536,410.5,502
False,132.6901,33.89547,59126.9215488,405,502
False,128.1939,30.47457,59126.9539968,544,502
False,132.4175,33.292,59126.98624,431.5,502
False,132.1896,33.09479,59127.0180224,425.5,502
False,131.9513,32.79984,59127.049664,428,502
False,126.8301,29.55565,59127.0817408,569,502
False,127.4135,29.88849,59127.1324544,563.5,502
False,127.3457,30.29967,59127.1622272,564.5,502
False,127.6589,30.5064,59127.1935616,533.5,502
False,127.6187,30.42989,59127.2255616,542,502
False,128.0566,30.55992,59127.2575616,521.5,502
False,128.0699,30.9339,59127.2895744,532,502
False,128.56,31.23232,59127.3219968,528,502
False,128.2885,30.42081,59127.3536896,543,502
False,128.0033,30.10576,59127.3857536,550,502
False,127.9238,30.47776,59127.4177024,562,502
False,127.685,30.90516,59127.4496384,590.5,502
False,129.095,32.26106,59127.4825984,565,502
False,129.4686,32.55389,59127.530048,600,502
False,129.1286,32.33333,59127.5621632,637.5,502
False,127.8534,31.91484,59127.5939456,661.5,502
False,127.2176,32.40085,59127.6256256,664,502
False,126.2405,32.70314,59127.6576384,685.5,502
False,124.0193,32.9485,59127.6896512,699,502
False,119.7842,32.65012,59127.7220608,705,502
False,110.934,32.04888,59127.7536896,719.5,502
False,102.885,32.47362,59127.7856896,685.5,502
False,98.4693,35.72682,59127.8178304,532,502
False,92.3483,38.60593,59127.849728,568,502
False,87.34438,39.60226,59127.8819968,634,502
False,85.57756,40.63983,59127.9314048,621,502
False,85.08786,41.27197,59127.9618304,635.5,502
False,83.92436,40.97392,59127.9937408,639,502
False,82.05221,40.37698,59128.025792,622.5,502
False,77.82925,38.46394,59128.0577536,672.5,502
False,74.85473,37.30124,59128.09024,670,502
False,72.09009,36.53082,59128.1222144,703,502
False,70.00678,36.50896,59128.153664,688,502
False,69.19017,37.89859,59128.1857152,698.5,502
False,68.27622,38.37658,59128.217792,697.5,502
False,66.68098,39.00026,59128.249984,640.5,502
False,69.53481,42.73059,59128.281728,498,502
False,69.80375,41.59942,59128.3298944,515.5,502
False,69.87214,40.15761,59128.3622784,487.5,502
False,68.99791,38.18426,59128.3938432,478.5,502
False,68.38426,37.15841,59128.4264704,474.5,502
False,67.63819,36.46659,59128.4578048,456.5,502
False,66.93736,35.66019,59128.4903296,463,502
False,65.89388,34.75934,59128.5218048,446,502
False,65.65917,34.2288,59128.5538816,422.5,502
False,65.90517,33.96511,59128.5858816,406,502
False,65.95586,34.25041,59128.6178048,404,502
False,66.32987,34.82121,59128.6506496,385,502
False,66.7552,35.09827,59128.6821632,376.5,502
False,66.7793,35.36252,59128.730176,365.5,502
False,66.91335,35.72427,59128.7618304,338.5,502
False,67.09096,35.8999,59128.79424,328,502
False,67.1215,36.02233,59128.8262656,321,502
False,67.51753,35.83831,59128.8579968,318.5,502
False,67.96114,36.18446,59128.8898176,304.5,502
False,67.72945,36.435,59128.9217536,300,502
False,68.593,36.58748,59128.9537664,271.5,502
False,68.54095,36.46886,59128.9864704,289,502
False,63.05544,32.24252,59129.0179328,457,502
False,63.08685,32.05506,59129.0499072,451,502
False,67.24937,37.58461,59129.0822784,262,502
False,67.16222,37.68512,59129.1304832,262,502
False,67.98805,37.69874,59129.1619456,265,502
False,67.49098,37.51484,59129.1938304,286.5,502
False,67.07521,37.74007,59129.2259456,277,502
False,68.19056,37.75806,59129.2579328,279,502
False,68.45271,37.53621,59129.2903808,255.5,502
False,69.07592,37.4765,59129.3219328,230.5,502
False,69.05556,38.14155,59129.3539712,219,502
False,69.6078,38.42424,59129.385792,192.5,502
False,69.84978,38.84978,59129.4182656,187.5,502
False,69.53619,39.24662,59129.4501248,209.5,502
False,70.14899,39.08954,59129.4821632,221.5,502
False,71.17885,38.72372,59129.530304,260,502
False,71.8741,38.75899,59129.5623936,278,502
False,72.35545,38.88723,59129.5938944,301.5,502
False,72.22091,39.38842,59129.6260352,296.5,502
False,71.72479,39.09053,59129.6590208,324,502
False,71.89154,39.62388,59129.6904448,335,502
False,72.00591,39.37091,59129.721984,310.5,502
False,72.03955,39.71495,59129.7540224,324.5,502
False,71.80614,39.42361,59129.7859584,288,502
False,71.89134,40.02377,59129.8180352,294.5,502
False,71.61929,39.94931,59129.850304,302.5,502
False,71.37037,39.47763,59129.882496,346.5,502
False,75.18112,36.39083,59129.9305088,501.5,502
False,76.59204,36.01326,59129.9619968,540.5,502
False,78.47044,35.73309,59129.9952896,547,502
False,79.37113,36.51134,59130.0264192,485,502
False,84.61182,36.39001,59130.058048,544,502
False,91.74617,36.54884,59130.0901376,587,502
False,98.25121,36.42815,59130.1220736,617,502
False,104.9318,36.7299,59130.1540224,572,502
False,109.2691,36.82029,59130.1863808,568.5,502
False,112.5021,36.78877,59130.218368,561,502
False,114.5896,36.20724,59130.2499584,534,502
False,116.9255,35.29498,59130.2821632,521.5,502
False,119.4952,34.606,59130.3308288,505.5,502
False,121.7253,33.10123,59130.36288,517,502
False,123.7834,31.73786,59130.3943936,545.5,502
False,125.447,31.93899,59130.4261504,519,502
False,125.315,34.38721,59130.4581504,464,502
False,124.5747,35.20088,59130.4901888,453,502
False,124.1637,35.40044,59130.5221376,457,502
False,123.7903,35.397,59130.5546112,455.5,502
False,123.8153,35.31881,59130.5864192,447.5,502
False,123.7652,35.08436,59130.6182528,446.5,502
False,123.7305,35.03118,59130.6503168,449,502
False,123.61,35.13371,59130.6820992,450,502
False,123.8039,35.07537,59130.7303168,455.5,502
False,123.7366,35.10055,59130.7621376,452.5,502
False,123.3989,34.95243,59130.7940352,434.5,502
False,123.0665,34.96114,59130.8265856,446,502
False,122.7808,35.12051,59130.8585472,473,502
False,122.803,35.32758,59130.8900992,492.5,502
False,122.8498,35.20332,59130.9220352,502.5,502
False,122.9447,34.97233,59130.9539584,506,502
False,123.0753,34.81107,59130.9863168,509,502
False,123.1314,34.97352,59131.0180608,503.5,502
False,123.5245,35.15163,59131.0500352,510,502
False,123.9717,35.14927,59131.082176,512.5,502
False,124.1368,35.1417,59131.1303808,514,502
False,124.5544,34.99126,59131.1641984,515,502
False,125.4248,35.0535,59131.1945856,526.5,502
False,126.3894,35.17622,59131.226112,541,502
False,128.2504,35.44547,59131.2581888,542.5,502
False,130.5543,35.89581,59131.290176,529.5,502
False,132.2541,35.67074,59131.322048,532,502
False,133.4733,35.50578,59131.354432,533.5,502
False,135.0039,35.57388,59131.3864192,555,502
False,136.8529,35.92895,59131.4180736,563,502
False,139.1403,36.19337,59131.4503168,558.5,502
False,141.6734,36.549,59131.4828416,542.5,502
False,143.5651,37.37842,59131.5315456,554.5,502
False,144.8784,38.22646,59131.5632384,564.5,502
False,146.2424,38.62872,59131.5943424,566.5,502
False,147.4351,38.90278,59131.6262912,552,502
False,148.5887,38.79768,59131.6582272,547,502
False,149.1343,38.25602,59131.6902144,532.5,502
False,149.2948,37.91459,59131.7227648,540.5,502
False,149.243,37.88406,59131.7543168,540.5,502
False,149.6257,37.83184,59131.786432,558,502
False,149.4777,37.63984,59131.8181888,553,502
False,149.4786,37.70645,59131.850368,553,502
False,149.5812,37.71909,59131.8822656,550,502
False,149.3999,37.63696,59131.9313024,533,502
False,149.5312,37.71848,59131.9623552,534,502
False,149.4669,37.87418,59131.9944576,536.5,502
False,149.4611,37.75008,59132.026432,533.5,502
False,149.3639,37.7352,59132.0582656,535,502
False,149.3744,37.69931,59132.0905856,536,502
False,149.5295,37.60457,59132.12256,539.5,502
False,149.8256,37.44892,59132.1545088,546.5,502
False,150.2703,37.40482,59132.1861504,573.5,502
False,150.0381,37.05952,59132.2182016,560,502
False,150.0069,37.01586,59132.2503552,557,502
False,150.3422,37.12504,59132.282752,562.5,502
False,150.3004,37.25291,59132.3314176,572,502
False,150.347,37.14815,59132.3624832,571.5,502
False,150.2951,37.07685,59132.3943808,566,502
False,150.6581,37.07624,59132.4266624,581.5,502
False,150.6089,37.08841,59132.458624,582.5,502
False,150.5901,37.19203,59132.4902784,581.5,502
False,150.8672,37.13592,59132.5222784,593.5,502
False,150.74,37.03926,59132.5541632,581.5,502
False,150.9755,37.15258,59132.5862272,585.5,502
False,150.6269,37.12904,59132.6191872,582.5,502
False,150.6348,37.16197,59132.6502656,585.5,502
False,150.7218,37.09158,59132.6835328,586,502
False,150.7853,37.13169,59132.7309952,588.5,502
False,150.7174,37.09119,59132.7625472,588.5,502
False,150.698,37.10365,59132.7947008,580.5,502
False,150.4994,37.06202,59132.8262784,567,502
False,150.4521,36.67794,59132.8585984,576.5,502
False,150.3878,36.53458,59132.8902528,588,502
False,150.3988,36.48132,59132.922624,575.5,502
False,150.7114,36.45714,59132.9542784,577.5,502
False,150.5543,36.39109,59132.9867904,580,502
False,150.5791,36.43712,59133.0189184,576.5,502
False,150.5543,36.27065,59133.0503936,577,502
False,150.4706,36.01464,59133.0824064,580.5,502
False,150.3351,36.06684,59133.1323776,578.5,502
False,150.4062,36.12278,59133.1635328,581,502
False,150.6094,35.97818,59133.1948032,588,502
False,150.4442,36.08263,59133.2263168,591,502
False,150.3924,36.03506,59133.258304,589.5,502
False,150.5154,36.04354,59133.2909056,589.5,502
False,150.1052,36.03506,59133.3222528,570.5,502
False,150.0677,35.59604,59133.3554944,564,502
False,149.5987,35.24496,59133.386432,554.5,502
False,149.6113,35.19689,59133.4185856,557,502
False,149.5661,35.27227,59133.4508672,565,502
False,149.4109,35.2594,59133.4828544,550,502
False,149.7308,35.31446,59133.5309952,556.5,502
False,150.0607,35.3667,59133.5622912,549.5,502
False,150.5631,35.53951,59133.5943552,550.5,502
False,151.1223,35.89568,59133.6263296,556,502
False,151.4359,36.25076,59133.6590208,549,502
False,151.6593,36.57204,59133.6904832,542.5,502
False,151.9913,36.90723,59133.722944,539,502
False,152.2661,37.05057,59133.7544832,540.5,502
False,153.1921,37.21714,59133.7868672,558,502
False,154.4425,37.57135,59133.8184704,566.5,502
False,155.3163,38.55296,59133.8505472,557,502
False,155.2068,39.39474,59133.8825728,545.5,502
False,155.352,40.35406,59133.9322752,563,502
False,155.103,40.69122,59133.9625984,556.5,502
False,155.1027,40.4254,59133.9945728,548.5,502
False,155.1418,40.38091,59134.0263808,550,502
False,155.1314,40.23117,59134.0584576,546.5,502
False,155.2512,40.23315,59134.091264,554,502
False,155.3637,40.325,59134.122688,560,502
False,155.487,40.48877,59134.1544448,564,502
False,155.2011,40.38642,59134.186368,562,502
False,154.9892,40.05109,59134.218496,541.5,502
False,154.9073,39.82569,59134.251264,545,502
False,154.6475,39.65236,59134.2827008,547.5,502
False,154.5433,39.53077,59134.330816,547,502
False,154.6718,39.50574,59134.3626752,552,502
False,154.8039,39.53029,59134.3946624,558.5,502
False,154.7421,39.46409,59134.4265984,557,502
False,154.5398,39.52155,59134.4588032,549,502
False,154.5927,39.47428,59134.4909696,547.5,502
False,154.8464,39.53084,59134.5223936,562,502
False,154.7108,39.38803,59134.5544064,551.5,502
False,154.8802,39.46954,59134.5864192,558,502
False,154.6648,39.49077,59134.61856,532.5,502
False,154.4825,39.4161,59134.6512896,519.5,502
False,154.9278,39.6427,59134.68288,528.5,502
False,154.688,39.63839,59134.7325824,530.5,502
False,154.8952,39.6157,59134.762688,520,502
False,155.0383,38.98197,59134.7946496,508.5,502
False,155.1725,38.80994,59134.8266624,513,502
False,155.8023,39.05894,59134.8591872,526,502
False,156.4077,39.49635,59134.8908288,524.5,502
False,157.9646,40.58953,59134.9224832,531.5,502
False,159.6409,41.8115,59134.9544448,530.5,502
False,161.1813,42.99815,59134.986944,540.5,502
False,162.3952,43.73439,59135.0185344,539,502
False,163.7513,44.53973,59135.0511744,547.5,502
False,165.1346,45.29656,59135.0827008,562,502
False,166.3457,46.17407,59135.132736,540,502
False,166.9343,46.76667,59135.1635328,530,502
False,166.7733,47.22264,59135.1947136,537.5,502
False,166.6608,47.26996,59135.2267264,536.5,502
False,166.3754,46.99779,59135.2585984,527.5,502
False,166.3673,46.75024,59135.2915072,520.5,502
False,166.333,46.41994,59135.3229312,521.5,502
False,166.5346,46.51444,59135.354496,513.5,502
False,166.7569,46.8135,59135.3865088,521,502
False,167.1099,47.46136,59135.418624,515.5,502
False,167.975,48.10162,59135.4506752,526.5,502
False,169.374,49.44691,59135.4831104,541.5,502
False,170.951,51.14294,59135.5325824,555,502
False,172.8987,53.30363,59135.5630848,533,502
False,175.0447,55.18871,59135.5951232,540.5,502
False,178.1344,57.8898,59135.6267136,550.5,502
False,181.1599,60.47835,59135.6585856,562,502
False,183.4996,63.03857,59135.6905856,557.5,502
False,185.79,65.43975,59135.7232768,532.5,502
False,188.6353,68.92341,59135.7548928,537.5,502
False,191.6081,72.39311,59135.7865984,552,502
False,194.7983,75.06474,59135.8186624,535.5,502
False,198.8255,78.72485,59135.8508928,518.5,502
False,202.4621,81.66406,59135.8826752,512.5,502
False,206.1251,84.91099,59135.9321472,535.5,502
False,209.7361,88.65426,59135.9629184,497,502
False,212.6416,91.91807,59135.9948032,504.5,502
False,215.4896,95.67767,59136.0267392,515,502
False,218.6062,98.83761,59136.0586624,507,502
False,222.5483,102.0514,59136.0913536,493,502
False,226.2417,104.5373,59136.1229184,500,502
False,229.423,107.3237,59136.154624,518.5,502
False,232.6173,110.559,59136.186688,500,502
False,234.8494,113.0346,59136.2187008,520,502
False,236.3408,115.2763,59136.2506496,535,502
False,238.2436,117.2451,59136.2830976,561,502
False,239.9613,118.4793,59136.3314048,547,502
False,241.9344,119.4709,59136.3629824,523.5,502
False,243.8865,119.749,59136.3948032,520,502
False,246.1446,119.7092,59136.426752,521,502
False,248.8026,120.1043,59136.459008,533.5,502
False,251.191,121.1411,59136.491072,531.5,502
False,252.1473,122.0077,59136.5228288,517,502
False,252.14,122.4051,59136.5546624,527.5,502
False,252.4268,122.577,59136.5867392,528,502
False,252.5616,122.5093,59136.6187776,526.5,502
False,252.6811,122.5417,59136.6514176,531,502
False,253.0821,122.6066,59136.6827392,522,502
False,254.2098,123.1404,59136.7323008,526,502
False,256.5033,123.8459,59136.7634944,535.5,502
False,259.4467,125.0644,59136.794816,520.5,502
False,262.7418,125.5114,59136.8267776,528,502
False,266.3879,125.991,59136.8587392,553,502
False,269.7733,127.1136,59136.8912,570.5,502
False,271.8647,127.6829,59136.9232512,563,502
False,272.5654,128.4668,59136.9551744,568,502
False,272.4544,128.6255,59136.987008,550.5,502
False,272.6747,128.6126,59137.0194432,539.5,502
False,272.6093,128.5985,59137.0512384,538,502
False,272.4717,128.4251,59137.1008256,539.5,502
False,272.8338,128.3976,59137.1334528,547.5,502
False,272.7766,128.2855,59137.1634688,533.5,502
False,272.9562,128.4019,59137.1948032,540,502
False,272.8951,128.4114,59137.2267392,540,502
False,272.8925,128.355,59137.2587776,539.5,502
False,273.0956,128.442,59137.2907776,546,502
False,274.3976,129.0229,59137.3236096,568,502
False,276.8139,130.1982,59137.3552128,565,502
False,279.743,131.6495,59137.38688,563,502
False,281.2639,132.2802,59137.4190208,552,502
False,281.9909,132.3688,59137.4510208,550,502
False,282.7053,132.7237,59137.5003648,561.5,502
False,283.3533,133.0064,59137.5342848,550.5,502
False,284.0362,133.3612,59137.5644288,557,502
False,284.5905,133.3631,59137.594816,543,502
False,285.2384,133.3309,59137.6272512,540.5,502
False,285.6176,133.1749,59137.6591616,533.5,502
False,285.2062,132.1794,59137.6909056,478.5,502
False,283.4749,130.6397,59137.7228928,401.5,502
False,281.7789,128.7306,59137.7549568,300,502
False,280.4861,127.1858,59137.7871232,227,502
False,290.2754,139.657,59137.8194176,241.5,502
False,289.6746,138.9353,59137.8509056,252.5,502
False,280.5112,126.5199,59137.900032,209,502
False,281.4844,128.5818,59137.931584,304.5,502
False,291.1655,139.9953,59137.9630592,210.5,502
False,287.6059,136.9598,59137.9953024,356.5,502
False,285.849,134.5424,59138.0279424,461.5,502
False,287.2639,136.4301,59138.059008,367,502
False,290.597,139.7346,59138.0912768,203.5,502
False,281.2487,127.9627,59138.1230464,268,502
False,281.7675,128.5168,59138.1549824,292.5,502
False,281.5992,128.2587,59138.186944,279,502
False,289.8549,138.8281,59138.2193792,255,502
False,288.2648,137.3229,59138.2509952,350,502
False,288.0718,136.1074,59138.3001856,445.5,502
False,288.882,137.1209,59138.3315584,401,502
False,290.9014,137.5804,59138.3633536,471.5,502
False,294.3019,138.9127,59138.3952768,509.5,502
False,297.7236,140.6467,59138.427584,550.5,502
False,300.6246,141.9604,59138.4592768,543,502
False,303.2548,142.9482,59138.4910464,541,502
False,306.5781,144.0315,59138.5230208,534.5,502
False,310.4078,144.5297,59138.5560576,519.5,502
False,318.1973,151.5652,59138.5874944,207,502
False,320.2944,150.0173,59138.6190848,347,502
False,325.4286,149.6583,59138.6510208,357,502
False,329.3957,150.7216,59138.7001728,270,502
False,331.9886,150.9266,59138.7315328,277,502
False,333.8484,147.6493,59138.7643392,508,502
False,336.798,148.7012,59138.795776,549.5,502
False,340.733,149.0524,59138.8273408,575.5,502
False,344.1576,148.591,59138.859008,535,502
False,348.4696,147.9465,59138.8910848,523.5,502
False,353.6454,148.039,59138.9230336,580.5,502
False,354.3015,146.7944,59138.9558272,493,502
False,358.7007,148.1887,59138.9874688,544,502
False,360.1488,148.6807,59139.0192,569,502
False,361.8392,149.3128,59139.0511104,569,502
False,364.7317,149.9168,59139.100096,551,502
False,366.6314,149.184,59139.1321856,534.5,502
False,367.1765,148.2296,59139.1647744,517.5,502
False,367.1118,147.98,59139.1950592,517.5,502
False,366.4144,148.1868,59139.2270976,512,502
False,365.8684,148.7257,59139.2590976,494,502
False,366.3684,148.6739,59139.2911616,504,502
False,366.4179,148.699,59139.3240832,494.5,502
False,366.5778,148.8511,59139.3554688,469,502
False,367.388,149.109,59139.387008,481.5,502
False,367.9646,149.2371,59139.4192,466,502
False,368.6436,149.2097,59139.4514816,455.5,502
False,368.8264,148.9816,59139.5005824,453,502
False,368.4061,148.922,59139.53184,442,502
False,367.9897,148.8848,59139.563392,422.5,502
False,367.7098,148.6962,59139.5952,417,502
False,367.4604,148.6801,59139.6272256,396,502
False,367.1327,148.5897,59139.6592,385.5,502
False,366.6534,148.5231,59139.6915328,376,502
False,366.3916,148.5314,59139.7235072,366,502
False,365.8181,148.4238,59139.7552896,344.5,502
False,365.4363,148.4463,59139.7872128,336.5,502
False,364.5797,148.2336,59139.819264,312.5,502
False,364.1744,148.3362,59139.8511104,290.5,502
False,362.8467,150.3192,59139.9009536,212,502
False,362.7936,150.1294,59139.9318272,197,502
False,362.8175,149.8343,59139.9634304,168,502
False,362.3065,148.9959,59139.9951872,161.5,502
False,361.2415,148.6989,59140.0274432,170.5,502
False,360.1382,148.5038,59140.0592384,176,502
False,360.2706,148.052,59140.091584,170,502
False,360.9105,147.5895,59140.1236096,162,502
False,359.9738,147,59140.1552128,153,502
False,360.265,147.0452,59140.1873024,166,502
False,360.2605,146.7834,59140.21984,167,502
False,360.6393,146.469,59140.2514176,158.5,502
False,360.5694,146.2206,59140.3001088,173,502
False,360.5699,146.1046,59140.3325696,170.5,502
False,360.1074,145.846,59140.363392,164.5,502
False,360.2703,146.1271,59140.3955328,166.5,502
False,360.7217,146.4867,59140.4271872,169.5,502
False,360.86,146.1299,59140.4590976,165.5,502
False,360.7544,145.9744,59140.491328,169,502
False,360.6919,146.312,59140.5233152,172,502
False,360.2384,146.4566,59140.555712,165,502
False,359.9754,146.9736,59140.5877248,183,502
False,359.7659,146.9364,59140.6194816,173,502
False,359.7573,146.6989,59140.6513024,165.5,502
False,359.3851,146.6868,59140.7015552,174,502
False,358.5808,146.5937,59140.7323904,180.5,502
False,357.9616,145.8989,59140.7636864,178,502
False,356.9525,145.9815,59140.7956096,189.5,502
False,356.3103,146.2285,59140.8272256,195.5,502
False,357.105,146.2753,59140.8593024,255.5,502
False,356.9288,147.0485,59140.8914304,257.5,502
False,356.3199,147.5917,59140.9233152,260,502
False,354.9531,147.8634,59140.9557888,288,502
False,353.3921,147.9521,59140.9878144,306.5,502
False,351.914,147.5503,59141.0198144,329.5,502
False,350.9451,147.4499,59141.0516352,364.5,502
False,349.4718,148.3482,59141.100352,404.5,502
False,348.4757,148.7832,59141.1322624,412,502
False,347.994,148.8259,59141.1647872,415.5,502
False,347.0132,148.8558,59141.195264,418.5,502
False,346.2901,148.8378,59141.2277376,431.5,502
False,345.736,149.0037,59141.2594944,447,502
False,344.6532,149.1465,59141.2914304,471,502
False,342.9301,149.1884,59141.3237376,503.5,502
False,339.7558,149.3393,59141.3554688,559,502
False,336.3116,148.6599,59141.3875328,515,502
False,330.9734,147.7298,59141.4199552,506.5,502
False,326.1813,146.8861,59141.4512128,512,502
False,322.627,145.8452,59141.5014272,491,502
False,320.5176,144.3292,59141.5321728,487.5,502
False,318.6477,143.3848,59141.5633024,502,502
False,316.1386,143.2397,59141.5955456,511,502
False,313.4117,143.0315,59141.6273152,497.5,502
False,312.3806,143.0293,59141.6597632,454.5,502
False,307.6028,142.8481,59141.691968,524.5,502
False,306.9503,142.7937,59141.723968,519.5,502
False,306.1948,142.9297,59141.7558656,498,502
False,305.0881,143.0242,59141.78752,475,502
False,303.5249,142.5294,59141.8195456,445.5,502
False,302.8326,141.5633,59141.8514048,450,502
False,302.501,140.9051,59141.9003776,428.5,502
False,301.7145,139.9483,59141.9321088,432,502
False,301.3915,139.8735,59141.9637504,412.5,502
False,300.8425,139.8846,59141.9954176,400,502
False,300.1188,140.2322,59142.0274688,397,502
False,300.2164,140.474,59142.059392,365,502
False,300.3745,140.5334,59142.0912768,344,502
False,300.6531,140.5126,59142.124352,343,502
False,300.8749,140.219,59142.1556736,341,502
False,300.8689,140.2973,59142.1874432,347,502
False,300.8779,140.1275,59142.2195584,334.5,502
False,300.871,139.5101,59142.2519168,338.5,502
False,301.0191,139.5088,59142.301056,340,502
False,301.0201,139.5453,59142.331904,340.5,502
False,300.9628,139.3186,59142.3636992,340.5,502
False,301.2519,139.9032,59142.3969408,315,502
False,301.9631,139.5746,59142.427776,311.5,502
False,305.7873,141.2704,59142.45952,251.5,502
False,305.3703,141.8451,59142.4914432,261.5,502
False,304.996,142.232,59142.5237632,291,502
False,304.8556,142.4533,59142.5554432,300,502
False,304.5244,142.0892,59142.5875328,304.5,502
False,304.2688,141.5572,59142.619648,307.5,502
False,304.108,141.517,59142.6516864,304,502
False,303.5706,141.5408,59142.7011456,302,502
False,302.5314,141.2901,59142.7338752,331.5,502
False,302.0786,140.9195,59142.7643776,352,502
False,301.5176,139.9653,59142.795648,379,502
False,300.1384,138.6489,59142.8274944,395,502
False,299.0099,136.1501,59142.8598016,418.5,502
False,297.7668,133.9354,59142.8918272,436,502
False,296.2029,131.6499,59142.9235072,458.5,502
False,294.3835,129.9414,59142.9554944,469,502
False,293.0759,128.3076,59142.9876608,452.5,502
False,292.3429,127.2468,59143.0196864,402.5,502
False,292.0473,125.4037,59143.0522496,405,502
False,291.6752,124.0587,59143.1007872,391.5,502
False,291.1858,122.2248,59143.1328384,388.5,502
False,289.7726,121.8631,59143.1647616,366.5,502
False,288.974,121.3733,59143.195648,358.5,502
False,288.2324,120.9238,59143.2275456,343.5,502
False,287.4773,120.3006,59143.2595584,341.5,502
False,286.7689,119.4663,59143.2918528,287,502
False,287.735,117.7526,59143.3235584,302.5,502
False,287.7704,116.812,59143.3557632,316.5,502
False,287.8486,116.0656,59143.3886336,305,502
False,287.598,115.4991,59143.4197504,276.5,502
False,287.8791,116.922,59143.45216,233,502
False,286.7332,116.0722,59143.5019776,233,502
False,285.6618,115.2234,59143.5323136,241,502
False,285.4288,114.6594,59143.5639296,251.5,502
False,285.257,114.4298,59143.596032,231.5,502
False,285.0561,114.9301,59143.627904,217,502
False,285.1838,114.9419,59143.6596992,209.5,502
False,284.6604,115.3477,59143.6916224,186,502
False,285.1299,115.3611,59143.723648,186,502
False,285.4836,115.2563,59143.7557504,173,502
False,285.8243,115.3084,59143.7881216,167,502
False,285.7902,114.9956,59143.8202368,152.5,502
False,285.447,114.9172,59143.8517248,151,502
False,285,114.8843,59143.9006592,145.5,502
False,285.2703,115.0092,59143.9338496,145.5,502
False,284.853,115.3695,59143.9646592,156.5,502
False,285.081,115.3799,59143.9956992,179,502
False,284.8702,115.4054,59144.0276864,196.5,502
False,285.2966,115.6225,59144.0599808,222.5,502
False,285.8877,116.0866,59144.0916992,233,502
False,286.2532,116.0239,59144.1237632,258,502
False,286.8834,115.6774,59144.15584,294.5,502
False,287.5261,114.8238,59144.1878784,351,502
False,287.5599,113.4661,59144.2213632,359,502
False,287.1467,112.716,59144.2518912,388.5,502
False,286.8549,111.9401,59144.3014912,409,502
False,286.5358,115.351,59144.3321984,293,502
False,286.6031,115.2756,59144.3642368,286,502
False,287.2737,109.0895,59144.395776,469.5,502
False,287.5018,108.0207,59144.4276992,467,502
False,286.1167,111.684,59144.4608128,250,502
False,290.4845,93.49437,59144.4922112,355,502
False,290.7372,92.93903,59144.5238528,503,502
False,292.2663,87.55398,59144.5558144,492.5,502
False,293.6072,82.03665,59144.5879552,482,502
False,294.8666,77.60144,59144.6199808,508.5,502
False,296.9727,75.19932,59144.652928,487.5,502
False,299.3061,74.08433,59144.7009024,502,502
False,301.2603,72.77271,59144.733824,515.5,502
False,302.6968,70.82538,59144.7638912,492.5,502
False,303.3916,68.43896,59144.7957248,486,502
False,303.275,65.54382,59144.828032,483,502
False,303.6053,62.54221,59144.8597632,499.5,502
False,305.0756,59.2617,59144.8918656,509.5,502
False,307.0977,56.29344,59144.9238144,493,502
False,309.491,54.24763,59144.9559168,509.5,502
False,312.1329,53.57957,59144.9882496,509,502
False,314.3887,52.31667,59145.0203392,530,502
False,315.7338,50.75738,59145.0518656,536.5,502
False,317.4278,49.00438,59145.100864,533,502
False,319.2082,46.83802,59145.134528,551.5,502
False,322.1975,44.23894,59145.164864,535,502
False,325.9654,41.53858,59145.1958144,540,502
False,329.0644,40.48336,59145.228096,541,502
False,332.098,40.11152,59145.2597376,541,502
False,334.3121,40.53769,59145.291904,550.5,502
False,336.1652,40.87169,59145.3242368,510.5,502
False,338.122,40.08038,59145.3558784,508,502
False,339.4345,38.49333,59145.3880576,487.5,502
False,341.2725,36.7673,59145.420032,498.5,502
False,343.7282,36.0582,59145.4519936,504,502
False,346.1053,36.03021,59145.5020288,502,502
False,346.744,36.89328,59145.53376,493.5,502
False,347.8314,36.85251,59145.5641088,504,502
False,348.5565,36.83862,59145.59584,504,502
False,349.2256,36.70616,59145.627904,498,502
False,350.0284,35.91063,59145.6599168,511,502
False,351.2224,35.05545,59145.6922368,523,502
False,353.4215,34.608,59145.7239552,554,502
False,356.8551,34.80286,59145.7569024,571.5,502
False,361.4504,35.1912,59145.7881472,591,502
False,366.3656,35.55843,59145.8203904,579,502
False,371.4642,36.63809,59145.8519296,554,502
False,375.5509,38.34732,59145.9008512,560,502
False,378.5034,39.58808,59145.9330816,553.5,502
False,381.4054,40.29686,59145.9641216,557.5,502
False,384.7717,40.10652,59145.9963776,544.5,502
False,388.2501,40.12175,59146.0280832,532.5,502
False,390.8826,41.1475,59146.0599552,482.5,502
False,391.3047,43.42365,59146.0923136,483.5,502
False,391.785,44.58931,59146.1244544,508.5,502
False,391.642,45.0624,59146.15616,507.5,502
False,391.7784,45.0668,59146.1878912,496.5,502
False,392.0021,44.70979,59146.219968,471.5,502
False,392.0052,44.72636,59146.2525568,483,502
False,392.0593,44.63737,59146.3014144,483.5,502
False,392.5442,44.89585,59146.3324672,462.5,502
False,393.5796,45.48444,59146.3642496,450,502
False,394.0764,45.85725,59146.3961984,442.5,502
False,393.7104,45.3107,59146.4281344,427,502
False,393.9177,44.64598,59146.460416,419,502
False,393.2917,44.17807,59146.4922624,416.5,502
False,393.1587,44.06245,59146.5239296,419,502
False,393.6693,43.42326,59146.5559424,385.5,502
False,393.3246,43.63383,59146.5879168,401,502
False,393.3228,41.93816,59146.6200192,331.5,502
False,393.5862,43.92034,59146.6529536,431,502
False,393.6388,43.40558,59146.7012992,406,502
False,393.7684,43.2611,59146.7323776,401.5,502
False,393.5384,43.18087,59146.7643648,399,502
False,393.2717,42.77647,59146.7966592,384,502
False,393.5278,43.22696,59146.8284672,410.5,502
False,393.4561,43.21019,59146.8603776,415.5,502
False,393.4926,43.25734,59146.892416,414.5,502
False,393.7168,43.48341,59146.924096,422,502
False,393.9211,43.60673,59146.9564032,431,502
False,394.6291,43.49511,59146.9880576,443,502
False,395.5162,43.06623,59147.0201088,453,502
False,396.4275,42.6147,59147.0524544,410.5,502
False,397.2984,42.41319,59147.1009536,467.5,502
False,398.4464,42.75594,59147.132352,491,502
False,399.7506,42.45967,59147.1639552,405,502
