False,273.1122,110.2737,59151.9022336,466.5,502
False,267.0786,109.6588,59151.9338496,468.5,502
False,260.5078,109.549,59151.9648768,481.5,502
False,254.0826,109.5209,59151.9966464,486,502
True,246.9021,108.4754,59152.0291712,478.5,502
True,240.3788,106.4055,59152.0609536,480.5,502
True,233.9718,103.5227,59152.0927104,466.5,502
True,228.2169,100.8532,59152.1246848,466.5,502
True,224.0183,99.62389,59152.1569792,491,502
True,221.8707,99.50166,59152.1887744,500,502
True,221.5983,100.6476,59152.2208896,507,502
True,222.8994,102.5489,59152.2528128,465.5,502
True,224.2445,103.7499,59152.3018496,474.5,502
True,226.0715,104.4792,59152.3368192,461.5,502
True,226.6848,104.6747,59152.3650688,478.5,502
True,226.9556,104.8673,59152.397632,496,502
True,226.8239,105.1592,59152.429376,515,502
True,226.3973,105.3849,59152.461056,511,502
True,226.3253,105.4944,59152.4932608,518.5,502
True,226.2869,105.596,59152.5250816,528,502
True,226.0394,105.2971,59152.5575168,529.5,502
True,225.9521,105.2937,59152.589184,525.5,502
True,226.0641,105.3203,59152.6211712,525,502
True,225.7188,105.009,59152.6526976,537.5,502
True,225.5706,104.8228,59152.7025408,538,502
True,225.1441,105.0531,59152.7340416,542.5,502
True,224.441,105.0436,59152.7654144,551,502
True,224.0709,105.0117,59152.7973632,541,502
True,223.8163,105.0558,59152.8287872,547,502
True,224.2883,105.2859,59152.8614016,537,502
True,224.3997,105.3673,59152.8932992,530,502
True,224.777,105.5948,59152.9249152,524,502
True,224.2509,105.8223,59152.9567616,535.5,502
True,223.9717,106.1511,59152.9888128,529.5,502
True,222.4053,106.5149,59153.02144,558,502
True,220.3665,106.9501,59153.0535168,577.5,502
True,216.7437,107.0456,59153.1023488,599,502
True,213.0075,107.056,59153.1337088,577.5,502
True,208.8776,107.1342,59153.1650816,569,502
True,206.2081,106.9267,59153.196736,584,502
True,204.2205,106.4653,59153.2288512,602.5,502
True,200.5044,105.6847,59153.26144,610,502
True,194.8649,105.0849,59153.2932608,601,502
True,189.2667,106.4199,59153.3248896,635.5,502
True,182.3763,107.437,59153.3568768,601,502
True,174.5365,107.3431,59153.3899136,612,502
True,166.3804,105.5768,59153.4208,612,502
True,160.4727,106.1404,59153.453248,640,502
True,155.0662,107.4129,59153.5018112,672,502
True,146.9995,107.8151,59153.5338496,650,502
True,139.141,106.8172,59153.5651328,611,502
True,131.1765,104.7172,59153.596864,567.5,502
True,125.3676,103.2678,59153.6291456,613,502
True,121.0695,102.2874,59153.6607488,664.5,502
True,117.5993,101.2262,59153.6933632,705,502
True,111.9715,98.04214,59153.7259008,708,502
True,104.6471,93.01393,59153.7572608,646,502
True,97.72896,87.76684,59153.7889536,594,502
True,95.36765,86.74975,59153.8209792,495.5,502
True,81.98093,72.55286,59153.8529152,288.5,502
True,81.43558,73.6535,59153.901952,595,502
True,77.38444,70.58678,59153.9335424,724,502
True,72.3989,64.53765,59153.9651072,633,502
True,68.86342,59.32559,59153.996928,667.5,502
True,66.8759,56.1136,59154.0289536,714.5,502
True,64.76823,55.34474,59154.0609536,745,502
True,63.72416,54.25916,59154.0933888,759.5,502
True,62.88728,51.77893,59154.125376,723,502
True,61.70376,48.8946,59154.1569664,651.5,502
True,61.34135,44.13599,59154.1889536,603,502
True,63.57083,40.27242,59154.2209664,596.5,502
True,66.49693,36.3699,59154.2531968,624.5,502
True,69.33231,34.13683,59154.3029376,648,502
True,73.65705,32.77761,59154.333248,676,502
True,78.25392,31.69206,59154.36576,722,502
True,85.05255,30.82828,59154.3972992,675.5,502
True,90.62904,31.22678,59154.4290432,682,502
True,94.9229,31.13024,59154.4610944,668,502
True,100.3076,31.0034,59154.4936704,687,502
True,108.2423,31.3205,59154.5253888,701.5,502
True,116.549,31.77322,59154.5574528,646,502
True,125.1436,33.00583,59154.5889664,600,502
True,132.4752,33.41518,59154.6215936,588.5,502
True,138.0866,32.6057,59154.6535936,631.5,502
True,144.2638,32.5052,59154.7029888,656.5,502
True,151.2044,32.76113,59154.7334016,647.5,502
True,158.6801,33.0188,59154.7659136,620.5,502
True,166.8204,33.70745,59154.7969408,588.5,502
True,172.965,34.24366,59154.8291712,591,502
True,177.5149,34.81051,59154.8610432,628,502
True,183.3181,36.01205,59154.893376,622.5,502
True,188.3916,37.3978,59154.9250816,561,502
True,193.4213,39.81215,59154.9570176,562.5,502
True,197.6867,42.25607,59154.9889408,556.5,502
True,201.6918,44.54813,59155.0210432,583.5,502
True,206.9107,46.78423,59155.0532992,619.5,502
True,213.7726,49.74428,59155.10272,612,502
True,222.7521,51.78205,59155.1333504,585,502
True,231.5318,53.40835,59155.1659008,551,502
True,238.7503,54.5745,59155.197056,566,502
True,245.8064,54.05556,59155.2291968,594,502
False,254.7316,53.20506,59155.2611072,592.5,502
False,263.8101,53.42643,59155.2930944,546,502
False,271.9824,53.92795,59155.3253888,539,502
False,277.8539,53.73738,59155.3574784,568,502
False,283.7635,53.05309,59155.3893632,574.5,502
False,291.1915,53.13812,59155.4210304,578,502
False,298.1781,54.30258,59155.4530048,569,502
False,305.1665,55.32119,59155.5018496,562.5,502
False,311.4983,56.21572,59155.5333888,581,502
False,316.6806,56.61766,59155.5662336,585,502
False,321.8821,57.18406,59155.5970304,589.5,502
False,327.2557,57.86666,59155.6292096,592.5,502
False,331.9034,60.06876,59155.6611584,574.5,502
False,336.9055,63.00329,59155.6932352,557.5,502
False,341.7928,66.16637,59155.7254912,575,502
False,346.7525,68.18059,59155.7574016,592.5,502
False,351.0578,68.94758,59155.7890688,585,502
False,355.3285,68.73087,59155.8211328,581.5,502
False,360.6304,69.60323,59155.8537088,588.5,502
False,364.9131,71.7859,59155.9026816,588.5,502
False,368.4801,74.41587,59155.9338752,573.5,502
False,371.365,77.83247,59155.9657856,579,502
False,374.6499,80.62504,59155.9979264,596.5,502
False,378.4273,82.28506,59156.029632,587,502
False,382.6325,83.81611,59156.0614272,600,502
False,387.5461,85.31541,59156.0939264,576.5,502
False,391.7549,86.49494,59156.1259904,593,502
False,395.2671,88.58526,59156.1575808,583.5,502
False,398.0009,91.21014,59156.1890944,565.5,502
False,399.4936,94.28529,59156.2215936,569,502
False,401.6779,97.0581,59156.2532096,579.5,502
False,404.6481,99.31335,59156.3021696,592,502
False,407.6711,100.8615,59156.3335168,597,502
False,410.6232,101.257,59156.3661696,609.5,502
False,413.649,102.0726,59156.3973632,633.5,502
False,415.878,104.3084,59156.4292736,635,502
False,417.6824,107.556,59156.4611584,613,502
False,419.3048,111.0866,59156.49312,590.5,502
False,419.6299,114.7438,59156.5255424,590,502
False,419.8715,117.4443,59156.5575424,598,502
False,420.2778,118.9567,59156.5891456,624,502
False,420.5649,119.8122,59156.621312,612.5,502
False,421.1698,120.8408,59156.65408,613.5,502
False,422.0187,121.2217,59156.7013632,613.5,502
False,422.8438,122.1621,59156.7347712,597.5,502
False,423.0899,123.9885,59156.7654528,610,502
False,423.8369,126.2812,59156.7973632,585.5,502
False,423.8392,127.8867,59156.8292736,551.5,502
False,422.4504,128.7633,59156.8615424,536.5,502
False,421.4262,129.0727,59156.8936448,529.5,502
False,421.088,129.4316,59156.9255424,519,502
False,421.1126,130.0259,59156.9571968,528.5,502
False,421.2209,130.4661,59156.9901824,516,502
False,421.0932,130.9932,59157.021376,515,502
False,421.1925,131.4965,59157.0533376,529,502
False,421.3715,131.0388,59157.1031168,516,502
False,422.0304,132.3208,59157.1349632,559.5,502
False,421.8405,130.7943,59157.1655808,512,502
False,422.0896,130.6948,59157.197376,504,502
False,422.0158,130.7898,59157.2292992,507.5,502
False,421.9065,130.6449,59157.2612096,504.5,502
False,422.0685,131.1159,59157.2936064,520.5,502
False,421.9827,131.1676,59157.3256704,521,502
False,421.917,130.6627,59157.357824,508,502
False,421.8622,131.2495,59157.3893376,525,502
False,421.8182,131.1174,59157.421376,528,502
False,421.8599,131.3144,59157.4534272,528,502
False,421.8846,130.991,59157.5025664,517,502
False,421.8955,130.5863,59157.5362176,504,502
False,421.9223,131.1144,59157.5655296,527.5,502
False,421.8608,131.1354,59157.5977088,528,502
False,421.9654,131.0853,59157.629312,520,502
False,421.9126,130.4654,59157.6617472,503.5,502
False,422.3327,131.8949,59157.6934528,544,502
False,421.9033,130.5334,59157.72576,506.5,502
False,422.2682,131.6605,59157.7574144,537,502
False,421.8982,130.4345,59157.7894016,504,502
False,422.3154,131.9411,59157.821952,549,502
False,422.4569,132.1383,59157.8538624,553,502
False,422.5082,132.1089,59157.9025024,548,502
False,422.001,131.1208,59157.9339776,520,502
False,422.0143,131.001,59157.9657344,512,502
False,422.2265,130.1951,59157.9974272,494.5,502
False,422.0732,130.0549,59158.0300416,491.5,502
False,422.044,130.2678,59158.0613632,496,502
False,422.1552,130.7303,59158.0940672,511,502
False,422.3294,130.8004,59158.1254528,508.5,502
False,422.4093,131.4209,59158.1578752,518,502
False,422.3438,131.2701,59158.1894528,511.5,502
False,422.2948,130.7886,59158.2214656,497.5,502
False,422.3929,130.6923,59158.2534784,495,502
False,422.9064,130.9891,59158.3031296,504,502
False,423.3229,131.333,59158.3345792,497.5,502
False,423.5979,132.2265,59158.3657088,516.5,502
False,423.2398,131.668,59158.3975808,492,502
False,422.4783,131.7042,59158.4294528,488.5,502
False,421.8688,130.8691,59158.4673792,461,502
False,421.7392,130.844,59158.4939008,459.5,502
False,421.8433,131.4443,59158.5255296,485,502
False,421.7238,130.6777,59158.557568,466.5,502
False,421.8631,130.7588,59158.589568,461.5,502
False,421.8476,130.6328,59158.6220288,462.5,502
False,421.9831,130.5624,59158.6539264,473,502
False,421.9859,131.2888,59158.7033856,486,502
False,421.8618,130.7561,59158.7339392,460.5,502
False,422.2065,131.5191,59158.7657472,489,502
False,421.806,130.7796,59158.7976064,460.5,502
False,422.118,131.6218,59158.8294784,494.5,502
False,422.1103,131.471,59158.8617856,488,502
False,422.0555,131.2689,59158.8940928,483.5,502
False,421.7854,130.7426,59158.9255168,459,502
False,422.0156,131.5553,59158.957696,482,502
False,421.836,130.8346,59158.9899776,461.5,502
False,421.954,131.2631,59159.021632,482,502
False,421.9668,131.4171,59159.0537088,477.5,502
False,421.9335,130.8064,59159.10272,471,502
False,422.1422,131.4297,59159.1359232,498,502
False,422.2613,130.8323,59159.1665664,488,502
False,422.292,131.796,59159.1976192,500,502
False,422.4026,132.338,59159.2297088,505.5,502
False,422.5384,133.4803,59159.2615424,516,502
False,422.7079,134.0347,59159.293504,505,502
False,422.7667,134.0163,59159.325952,501.5,502
False,422.7263,133.8017,59159.3578752,495,502
False,422.7825,132.7939,59159.3895296,467.5,502
False,424.6711,136.3545,59159.4215552,568,502
False,425.1003,136.9198,59159.4539008,573.5,502
False,425.5075,138.3978,59159.5026048,563.5,502
False,426.0317,139.091,59159.5345664,562.5,502
False,426.7827,139.155,59159.5658624,559,502
False,427.3887,138.8249,59159.597632,536,502
False,428.1964,138.7541,59159.6300032,549,502
False,428.7188,138.5285,59159.6617088,546.5,502
False,429.5987,138.2176,59159.693696,537,502
False,429.5443,137.6968,59159.725696,509.5,502
False,429.1544,137.6015,59159.7576832,491,502
False,429.4518,137.5116,59159.7899136,510.5,502
False,429.4507,137.3499,59159.822016,491.5,502
False,429.5668,137.3628,59159.853632,504,502
False,429.6014,137.0539,59159.9026176,500.5,502
False,429.5176,137.1779,59159.9354752,502,502
False,429.5211,136.894,59159.9670528,509.5,502
False,429.6033,137.0245,59159.9981696,510,502
False,429.4014,136.8274,59160.02976,492.5,502
False,429.5403,137.1603,59160.0617344,510.5,502
False,425.9506,133.4136,59160.093696,367.5,502
False,426.5107,133.59,59160.1257856,382.5,502
False,427.0754,133.9954,59160.1581696,400,502
False,427.3185,134.4379,59160.1898368,416,502
False,427.4986,134.6176,59160.2217088,417.5,502
False,427.2532,134.5704,59160.2536576,412,502
False,426.9483,134.2907,59160.3028352,387,502
False,426.7387,134.1237,59160.3343872,358.5,502
False,426.4152,133.9182,59160.3664,358.5,502
False,425.9404,133.8648,59160.397632,352.5,502
False,425.8533,133.8796,59160.4298112,354.5,502
False,426.2032,133.9561,59160.462528,353.5,502
False,425.9582,134.142,59160.4938112,351,502
False,426.1728,134.0484,59160.5263488,355,502
False,426.2835,133.8317,59160.5577728,361.5,502
False,426.1012,133.8431,59160.5901184,359,502
False,425.945,133.977,59160.6217216,354.5,502
False,426.1471,133.8094,59160.6537088,349,502
False,426.2245,133.7926,59160.7026944,341.5,502
False,426.2216,133.9637,59160.7345024,358,502
False,426.8752,134.255,59160.765952,370,502
False,427.4693,134.3128,59160.7977088,398.5,502
False,428.3037,134.7592,59160.8298624,400,502
False,433.8781,138.0357,59160.8619264,574.5,502
False,429.7796,135.6867,59160.8951296,448.5,502
False,430.0972,135.9709,59160.9263232,447.5,502
False,430.5709,136.4473,59160.9578752,449,502
False,430.6429,136.5282,59160.9901056,434.5,502
False,430.4489,136.6627,59161.02176,415.5,502
False,429.7908,136.1017,59161.05376,393.5,502
False,429.0993,135.5047,59161.1035008,354,502
False,429.5844,135.6817,59161.1340672,366.5,502
False,429.8889,135.8018,59161.1667328,354,502
False,429.6362,136.0125,59161.1979776,361.5,502
False,429.8417,136.1827,59161.2298624,348.5,502
False,429.2565,136.1345,59161.2623104,332,502
False,429.0947,136.1889,59161.294272,322,502
False,428.4793,136.1162,59161.3258624,318.5,502
False,428.4615,135.79,59161.3578624,313.5,502
False,428.1236,135.2224,59161.3897984,303.5,502
False,428.6858,134.853,59161.421888,297,502
False,428.6344,134.6408,59161.454208,289.5,502
False,428.2711,134.583,59161.5032704,281,502
False,427.8923,134.5875,59161.5342208,280,502
False,427.7143,134.2644,59161.5660672,266,502
False,427.8398,134.3147,59161.5977856,259,502
False,430.1905,139.7036,59161.6303744,420,502
False,428.5202,134.7717,59161.6624,281,502
False,428.5486,134.9699,59161.6939648,293.5,502
False,429.7584,139.8727,59161.725952,445,502
False,429.3915,139.7477,59161.7577856,438,502
False,428.6136,139.8357,59161.789952,427,502
False,427.7344,140.062,59161.8224768,460,502
False,427.1582,139.4205,59161.8537984,453,502
False,426.133,139.2084,59161.9033728,437.5,502
False,424.8212,139.5968,59161.9341952,460.5,502
False,425.7352,139.1876,59161.9660288,401.5,502
False,423.537,139.6892,59161.997824,429.5,502
False,420.4929,140.3506,59162.0304896,454.5,502
False,418.0357,140.3719,59162.062528,467,502
False,415.0273,140.2031,59162.0943232,471,502
False,411.2159,139.2272,59162.1259392,443,502
False,406.6264,137.7115,59162.1579264,434.5,502
False,402.6621,136.3358,59162.1898624,399,502
False,399.4476,135.0082,59162.2219136,407,502
False,398.003,134.4449,59162.254272,391.5,502
False,397.2215,133.5496,59162.3032704,381.5,502
False,396.5997,132.8866,59162.3343232,366,502
False,395.7126,132.4221,59162.36608,373.5,502
False,394.7132,131.8331,59162.3979392,401.5,502
False,392.8841,130.5191,59162.4301696,431.5,502
False,391.3528,129.4182,59162.4624256,469.5,502
False,389.0373,127.5746,59162.4944128,456,502
False,387.0244,126.2048,59162.5259776,485,502
False,384.3784,125.0628,59162.5578496,480.5,502
False,382.2424,123.6591,59162.59008,465.5,502
False,380.0708,121.4892,59162.6225792,456.5,502
False,378.4832,119.41,59162.6544896,428,502
False,377.2198,117.2759,59162.7029888,403.5,502
False,376.0436,115.362,59162.7346176,389.5,502
False,373.4037,113.3209,59162.7659264,388.5,502
False,370.1049,112.637,59162.7980288,381.5,502
False,367.1943,112.4103,59162.830656,392,502
False,363.9085,111.2654,59162.862592,424.5,502
False,360.2902,108.3372,59162.8943872,433,502
False,357.387,105.4996,59162.9260416,460,502
False,354.9832,102.586,59162.95808,496,502
False,352.7759,100.2916,59162.9901056,511,502
False,350.656,98.46313,59163.0222464,517.5,502
False,349.4117,97.52139,59163.0544384,510.5,502
False,348.8597,97.13795,59163.1038208,505,502
False,348.713,97.68763,59163.1360896,493,502
False,348.526,98.43918,59163.1663872,464.5,502
False,348.7285,99.21287,59163.1981184,469,502
False,348.7546,99.55709,59163.2299648,470,502
False,348.8264,99.43465,59163.262144,470.5,502
False,349.1106,99.34989,59163.2944512,473,502
False,349.3075,99.61636,59163.3261056,470.5,502
False,349.3819,99.62689,59163.3581184,473.5,502
False,349.3077,99.70811,59163.3901312,474.5,502
False,348.9972,99.65647,59163.4221824,474,502
False,348.7265,99.69744,59163.454528,482,502
False,348.3876,99.90968,59163.5035008,494.5,502
False,347.9413,99.74885,59163.5353984,505,502
False,347.8943,99.82785,59163.5667968,501.5,502
False,348.0422,99.88525,59163.5983744,489.5,502
False,348.0298,99.8484,59163.6312576,498,502
False,347.9524,99.84937,59163.6621952,493.5,502
False,348.2459,99.91221,59163.6941184,486,502
False,348.0222,99.90909,59163.7261696,495,502
False,347.7404,99.9225,59163.7580928,492.5,502
False,347.7245,99.97245,59163.7905536,490,502
False,348.2395,99.95667,59163.8226048,488.5,502
False,348.2407,100.058,59163.8541952,491,502
False,348.2433,100.009,59163.9031296,500,502
False,348.0942,100.0736,59163.9344896,500.5,502
False,347.9726,100.201,59163.9665024,505,502
False,348.2196,100.4148,59163.998464,501,502
False,348.2792,100.6033,59164.03008,505,502
False,348.2167,100.6313,59164.0627072,504.5,502
False,348.2739,100.5127,59164.09472,504.5,502
False,348.1731,100.552,59164.1261696,504.5,502
False,348.2781,100.6257,59164.158208,504,502
False,348.3323,100.6455,59164.1903232,504.5,502
False,348.3971,100.6992,59164.2227456,496.5,502
False,348.3767,100.7596,59164.2707584,507.5,502
False,348.2814,100.9037,59164.3037952,503.5,502
False,348.3609,100.7434,59164.3350784,501.5,502
False,348.3861,100.8813,59164.366912,505.5,502
False,348.3803,100.7705,59164.3981056,504,502
False,348.4007,100.8662,59164.4302336,504.5,502
False,348.3443,100.6507,59164.4622336,500.5,502
False,348.4676,100.9872,59164.4941952,509,502
False,348.5442,101.1078,59164.5266304,498,502
False,348.3718,101.066,59164.5587712,502.5,502
False,348.1505,100.9779,59164.5902464,506,502
False,348.2639,101.1381,59164.6223232,502,502
False,348.2752,100.9987,59164.6707456,504.5,502
False,348.2765,101.0261,59164.7033856,504,502
False,348.4622,101.2832,59164.7360256,499,502
False,348.5257,101.1934,59164.7666176,489.5,502
False,348.7416,101.2436,59164.798208,485,502
False,348.9969,101.4514,59164.8303232,478.5,502
False,349.4054,101.7151,59164.862592,465,502
False,349.301,101.6913,59164.8942208,474,502
False,349.076,101.5694,59164.9268736,478,502
False,348.6432,101.4573,59164.9589504,482.5,502
False,348.0017,101.1804,59164.9907712,496,502
False,347.1527,100.6897,59165.0223744,506.5,502
False,346.3109,100.183,59165.0709888,504.5,502
False,345.275,99.52602,59165.1032704,506,502
False,344.4765,98.90921,59165.1352192,503,502
False,342.9296,97.97272,59165.167872,495,502
False,341.2939,96.75217,59165.1982976,499,502
False,340.6588,95.95168,59165.2304,510.5,502
False,340.457,95.62369,59165.262848,508,502
False,340.0954,95.46576,59165.29472,513.5,502
False,339.3532,94.86488,59165.326464,520.5,502
False,338.7177,93.90431,59165.3583232,526,502
False,338.1486,92.57985,59165.3903232,526,502
False,337.7942,91.71391,59165.4224512,515,502
False,337.634,91.6411,59165.4711808,515,502
False,337.5525,91.84088,59165.5041792,508,502
False,337.9567,92.36223,59165.5349504,496,502
False,337.6366,92.29317,59165.5665152,510.5,502
False,337.4207,92.45955,59165.5983744,515,502
False,337.1544,92.31647,59165.630336,514,502
False,336.9348,92.20965,59165.6626688,521.5,502
False,337.2629,92.4438,59165.6943104,520.5,502
False,337.2275,92.37242,59165.726656,524.5,502
False,336.9545,92.56261,59165.7587328,535,502
False,336.995,92.72248,59165.790464,534.5,502
False,337.1898,92.93365,59165.8224896,520,502
False,337.4285,93.08047,59165.8705792,509.5,502
False,337.3885,93.15686,59165.9039616,510,502
False,337.373,93.28019,59165.9363072,517.5,502
False,337.7108,93.21906,59165.9667456,510.5,502
False,337.4583,93.18131,59165.9984512,512,502
False,337.4759,93.19498,59166.0303104,512,502
False,337.5389,93.25616,59166.0622848,507.5,502
False,337.7186,93.33202,59166.0947072,507.5,502
False,337.6368,93.24481,59166.1263616,514,502
False,337.6852,93.28548,59166.1589376,512,502
False,337.554,93.26861,59166.1908992,515,502
False,337.516,93.21736,59166.2226176,514.5,502
False,337.6762,93.69653,59166.2705792,508,502
False,338.0248,94.13235,59166.3036416,510,502
False,338.2612,94.17538,59166.3364096,497,502
False,338.3052,94.36589,59166.3684992,491.5,502
False,338.3694,94.46253,59166.398464,476,502
False,338.2464,94.33923,59166.4303616,481,502
False,338.2106,94.34774,59166.4635136,486,502
False,337.6237,93.99933,59166.4948352,497,502
False,336.6151,93.31071,59166.5264896,501,502
False,335.4694,92.22714,59166.5585024,508.5,502
False,334.8943,91.10504,59166.5905408,512.5,502
False,334.4366,90.2397,59166.6225536,518,502
False,333.8502,89.5549,59166.6710656,508.5,502
False,332.4781,89.13605,59166.7035904,514.5,502
False,330.8062,88.45586,59166.7350272,530.5,502
False,329.4113,87.54262,59166.7668352,545.5,502
False,328.0177,86.28677,59166.798528,519,502
False,326.3152,84.82904,59166.8313216,505,502
False,324.3218,83.20644,59166.8627712,507,502
False,322.2658,80.87721,59166.8944512,518.5,502
False,319.781,78.97974,59166.9264512,510,502
False,317.082,76.86761,59166.9584256,496,502
False,314.693,75.71282,59166.9905664,487.5,502
False,311.987,74.34084,59167.0230912,488,502
False,309.4619,72.6158,59167.0711808,498,502
False,307.3878,70.97952,59167.1035904,480,502
False,305.266,69.14507,59167.1349248,463,502
False,303.826,67.33298,59167.1671808,476,502
False,302.6583,65.2061,59167.1990016,475.5,502
False,300.9592,63.39016,59167.230464,457.5,502
False,299.9518,62.68285,59167.262464,453,502
False,298.867,62.62852,59167.2951168,450,502
False,298.4846,63.11525,59167.326976,416.5,502
False,298.3049,63.38201,59167.3586176,404,502
False,298.1271,63.56061,59167.3906304,396,502
False,297.6183,63.52172,59167.4225408,376,502
False,297.3208,63.17055,59167.4715776,386,502
False,297.2936,62.77894,59167.5042432,381.5,502
False,298.0027,62.92557,59167.5351168,365,502
False,298.3147,62.51726,59167.5665664,367,502
False,298.3952,62.19072,59167.59872,388,502
False,298.2046,62.08083,59167.630528,400,502
False,298.0641,62.43029,59167.6629248,400.5,502
False,298.37,62.51942,59167.6949248,390.5,502
False,298.4868,62.44804,59167.7266432,386.5,502
False,298.4315,62.34306,59167.75872,394,502
False,298.4336,62.67424,59167.7916672,374,502
False,298.5344,63.0627,59167.8227456,361.5,502
False,298.2552,62.21405,59167.870976,401,502
False,297.8512,61.77737,59167.9040512,406.5,502
False,297.6478,61.77068,59167.9354368,415,502
False,297.7553,61.36,59167.9667456,387.5,502
False,297.5085,61.09821,59167.9986048,400.5,502
False,297.4817,61.42796,59168.0305664,391,502
False,297.3924,61.71172,59168.0633216,381,502
False,297.8069,61.9347,59168.0950912,413.5,502
False,298.2623,62.22444,59168.1266304,401,502
False,298.9312,63.02225,59168.1586944,397,502
False,298.9332,62.95786,59168.19072,391.5,502
False,298.6631,63.05638,59168.2231296,372.5,502
False,298.9126,62.94946,59168.2712832,366,502
False,298.5316,62.68684,59168.3037184,380,502
False,298.281,62.37672,59168.335296,411,502
False,298.4236,61.72655,59168.366592,378.5,502
False,298.2916,61.95485,59168.3990272,395,502
False,297.812,61.75181,59168.4313472,415,502
False,298.3933,61.47901,59168.4627584,389,502
False,299.0881,61.71513,59168.4951296,395.5,502
False,298.6517,61.49919,59168.5267328,411,502
False,298.4028,61.51786,59168.5587584,424.5,502
False,298.4558,61.71188,59168.5907584,416.5,502
False,298.5769,61.90377,59168.6227712,410.5,502
False,298.3076,61.9851,59168.672,414,502
False,298.1439,62.00396,59168.7031936,420.5,502
False,298.6249,62.23863,59168.7349248,399.5,502
False,298.6599,62.38607,59168.7670144,395,502
False,298.7771,62.36263,59168.798656,392.5,502
False,298.5161,62.51956,59168.8311808,392,502
False,298.4009,62.60202,59168.8631552,397,502
False,298.2543,62.3968,59168.8947968,396.5,502
False,300.0342,61.58465,59168.9268224,317,502
False,298.6392,61.15292,59168.9588608,388,502
False,299.1121,60.43465,59168.9907584,340.5,502
False,298.9323,59.4868,59169.023552,334.5,502
False,298.6317,58.91945,59169.07136,329,502
False,297.1967,59.46233,59169.1047168,307.5,502
False,296.3517,59.44484,59169.1357568,281,502
False,296.2688,59.13441,59169.1673216,248,502
False,295.6075,59.26336,59169.1987584,262,502
False,295.0101,58.9964,59169.2307584,231.5,502
False,295.3429,58.85726,59169.262912,209,502
False,295.0858,59.46176,59169.2952448,231,502
False,294.7999,59.54876,59169.3268992,229,502
False,294.6187,59.64622,59169.3588096,212,502
False,294.3739,59.55847,59169.3909504,209.5,502
False,294.1156,59.72288,59169.4228864,210.5,502
False,293.5055,59.09953,59169.4713728,211,502
False,292.8371,58.9945,59169.5038208,242.5,502
False,292.5652,58.98127,59169.5355648,258,502
False,292.0714,58.54376,59169.5670272,268.5,502
False,291.9409,58.564,59169.5989888,256.5,502
False,292.2686,58.92537,59169.631296,268,502
False,293.422,59.44605,59169.6633216,242.5,502
False,293.3298,59.64054,59169.6949376,236,502
False,293.1461,59.88935,59169.7268608,239.5,502
False,289.7417,57.10471,59169.758912,364.5,502
False,290.3138,57.22727,59169.7913472,385,502
False,292.3766,58.50068,59169.8234112,365.5,502
False,291.172,58.19183,59169.8713728,420.5,502
False,289.5465,57.63407,59169.9039872,455,502
False,287.4579,56.79826,59169.9351808,499,502
False,285.0517,55.96296,59169.9667712,522,502
False,282.9081,55.48074,59169.9992576,549.5,502
False,281.2253,55.08014,59170.0315264,561.5,502
False,279.0348,55.08823,59170.0634624,561,502
False,277.4299,55.18953,59170.0949376,554,502
False,276.6588,55.06329,59170.1269888,553,502
False,276.2194,54.6688,59170.1590144,545.5,502
False,275.176,54.43698,59170.1909376,543.5,502
False,273.4601,53.48582,59170.2238336,564,502
False,270.5478,52.95263,59170.2722304,573.5,502
False,267.5116,52.82958,59170.3039104,555.5,502
False,264.0604,53.74907,59170.3357056,538,502
False,260.0723,54.08732,59170.3677568,553.5,502
False,255.7562,54.02379,59170.398848,567.5,502
False,251.8569,53.968,59170.4310016,562.5,502
True,247.8663,53.92721,59170.4629248,561,502
True,243.7789,53.27851,59170.49536,571.5,502
True,240.6204,52.69587,59170.5269632,605,502
True,237.1541,52.06431,59170.5589248,609,502
True,236.0299,52.774,59170.590976,602.5,502
True,237.2762,54.868,59170.6231424,548,502
True,237.97,55.47727,59170.6719872,550,502
True,239.062,55.9368,59170.704896,548.5,502
True,239.2398,56.22715,59170.7354368,541.5,502
True,239.7256,56.23163,59170.7673472,537.5,502
True,239.6248,56.53872,59170.7989376,538,502
True,239.4048,56.94414,59170.8308864,546,502
True,238.4795,57.42765,59170.86336,569,502
True,237.2125,57.90912,59170.8952704,585,502
True,235.5729,58.51006,59170.926976,604.5,502
True,234.083,59.05164,59170.9590144,616.5,502
True,233.3264,59.86869,59170.9910272,624.5,502
True,231.3881,61.01202,59171.0231168,624,502
True,229.1462,62.709,59171.07168,626,502
True,225.6561,65.70173,59171.104576,599,502
True,221.6295,68.602,59171.1354624,618.5,502
True,217.0925,71.51456,59171.1673984,618,502
True,212.7718,73.88213,59171.1990272,616.5,502
True,209.3638,76.94682,59171.2309504,608,502
True,207.0961,80.77363,59171.2636288,629.5,502
True,203.8541,86.43564,59171.2949376,650,502
True,199.675,91.84129,59171.3274368,596.5,502
True,194.5004,96.38206,59171.3591168,605.5,502
True,187.9289,100.5942,59171.391104,628,502
True,182.4824,104.4816,59171.4231808,602.5,502
True,177.674,109.3131,59171.4712064,617,502
True,171.6921,115.8271,59171.5039104,628.5,502
True,165.2561,120.764,59171.536832,638.5,502
True,157.5663,124.7567,59171.56704,598,502
True,149.7336,127.9041,59171.5991296,587.5,502
True,144.383,131.1869,59171.6309632,637.5,502
True,140.2784,134.6696,59171.6635008,676,502
True,133.9756,138.9664,59171.6957952,669.5,502
True,126.8438,142.1419,59171.7270912,663.5,502
True,118.3884,144.2651,59171.7595392,608.5,502
True,111.614,144.9671,59171.7915136,617.5,502
True,107.0485,146.3814,59171.8231296,680,502
True,102.0794,147.4727,59171.8717568,720,502
True,96.37341,147.981,59171.904128,719.5,502
True,89.52768,146.9456,59171.937216,695.5,502
True,82.13014,144.527,59171.9676416,648,502
True,77.40665,141.9875,59171.99904,641,502
True,73.79579,140.4309,59172.0310528,681.5,502
True,73.00607,143.5546,59172.063104,412,502
True,62.13205,127.5126,59172.0951808,416.5,502
True,61.0993,124.7332,59172.1275904,503.5,502
True,60.75095,120.2217,59172.1598336,567.5,502
True,62.085,118.1033,59172.1911424,700,502
True,62.52461,111.8772,59172.2237184,684,502
True,62.22377,107.191,59172.2717824,718,502
True,61.33857,100.7977,59172.30464,731.5,502
True,60.7681,94.60107,59172.3360896,711.5,502
True,61.13152,90.28386,59172.367424,680.5,502
True,61.32235,88.07174,59172.399104,683,502
True,60.87185,85.27984,59172.4315264,701,502
True,60.50487,81.14321,59172.4632448,735.5,502
True,59.80987,76.44163,59172.4952064,749.5,502
True,59.13351,70.57652,59172.5272448,734,502
True,58.93475,64.59592,59172.5591936,728,502
True,58.7559,57.93693,59172.5915904,713.5,502
True,58.73803,53.69159,59172.623936,682,502
True,59.72741,48.37952,59172.6717056,664,502
True,62.08651,44.4584,59172.7046272,657,502
True,64.41013,40.69279,59172.7358976,638,502
True,66.84574,37.12944,59172.767232,685,502
True,69.97443,34.18992,59172.799232,684.5,502
True,73.78218,32.41581,59172.8312576,681,502
True,78.74894,30.89547,59172.8632448,666.5,502
True,85.56829,30.76194,59172.89568,645.5,502
True,92.2109,31.03607,59172.92768,633,502
True,97.33837,30.75391,59172.9592832,628.5,502
True,102.0745,30.1387,59172.9911936,602,502
True,108.908,30.32269,59173.023872,626.5,502
True,116.4058,31.1293,59173.072384,595.5,502
True,123.499,32.20522,59173.1043584,594.5,502
True,131.6977,34.2453,59173.1355136,558.5,502
True,139.2711,34.77737,59173.1675648,549.5,502
True,146.3478,34.7542,59173.1992064,565.5,502
True,155.3615,34.52845,59173.232064,580,502
True,162.5264,35.95446,59173.2637568,549,502
True,168.9764,36.91563,59173.2957184,565,502
True,175.3145,38.77427,59173.327232,585.5,502
True,180.8586,39.98267,59173.3593216,548,502
True,185.131,40.88477,59173.3913472,539.5,502
True,188.4372,41.25653,59173.4241408,542.5,502
True,191.7932,41.49153,59173.4725376,521.5,502
True,195.1168,43.0188,59173.504192,496.5,502
True,198.4025,45.21698,59173.5356416,540,502
True,203.0587,47.15012,59173.5674624,574,502
True,209.6669,49.07573,59173.5992448,603,502
True,216.4086,50.24333,59173.631616,600,502
True,223.7085,50.94408,59173.6640896,614,502
True,230.5394,51.35067,59173.6953984,596,502
True,237.5251,52.88278,59173.7281536,554.5,502
True,244.8631,53.62288,59173.7596544,540.5,502
False,251.5406,53.38575,59173.7912448,566,502
False,258.3573,52.41331,59173.8233088,583.5,502
False,266.6031,51.99944,59173.8717696,593,502
False,274.9561,52.11487,59173.9042688,561.5,502
False,284.0812,53.80611,59173.9379584,529.5,502
False,291.7791,55.53273,59173.9681536,557.5,502
False,298.5013,56.06606,59173.9993088,552.5,502
False,305.682,56.29044,59174.031424,575,502
False,312.7163,58.5777,59174.0633984,584.5,502
False,319.3419,61.59358,59174.09536,561,502
False,324.8936,65.02008,59174.1279872,581,502
False,330.449,68.33475,59174.1597568,585,502
False,335.9856,70.29019,59174.191616,579.5,502
False,341.4945,71.76355,59174.2234752,578,502
False,346.6128,73.16006,59174.2719872,593.5,502
False,351.0651,75.25904,59174.30432,599,502
False,354.6827,78.2705,59174.3368832,591.5,502
False,357.7037,81.27362,59174.3679488,594.5,502
False,359.5076,84.3537,59174.3994368,605.5,502
False,362.2475,86.5657,59174.4315264,607.5,502
False,364.548,87.39281,59174.4634624,580,502
False,366.2822,87.67273,59174.4961536,577,502
False,367.6958,87.62585,59174.5278592,584,502
False,368.9989,87.11215,59174.5594752,587,502
False,370.5781,87.52023,59174.591424,593,502
False,372.2208,88.62988,59174.6233984,611.5,502
False,373.5009,89.99044,59174.6725632,593,502
False,374.5659,91.61445,59174.7048192,590.5,502
False,375.9055,93.39718,59174.7357696,603,502
False,377.8318,95.50642,59174.7673984,609.5,502
False,380.7898,97.68768,59174.7994624,618.5,502
False,383.1929,98.91229,59174.832192,648,502
False,385.8217,100.2383,59174.863936,624.5,502
False,387.9141,100.9222,59174.8954496,621,502
False,391.0739,101.544,59174.9274624,615.5,502
False,393.9557,102.4612,59174.9593472,614,502
False,396.4694,103.9401,59174.9915264,606.5,502
False,398.2779,105.8789,59175.0244864,607,502
False,400.1195,107.8854,59175.0718464,609.5,502
False,401.2593,109.7831,59175.1049216,612.5,502
False,402.8827,112.4342,59175.1357824,608,502
False,404.7517,115.0414,59175.167872,611.5,502
False,406.6531,116.9984,59175.199488,626,502
False,408.3524,118.2643,59175.2316416,645,502
False,409.8666,119.1784,59175.264064,637,502
False,411.1553,119.6858,59175.2959616,635.5,502
False,412.1067,120.2503,59175.3275648,634.5,502
False,413.5646,121.5153,59175.3596416,609,502
False,414.7971,123.1405,59175.3917184,576.5,502
False,415.1081,124.5615,59175.4236032,566,502
False,413.7503,126.207,59175.4726656,562,502
False,412.2408,127.8945,59175.5051264,580,502
False,411.8934,129.2624,59175.5360384,589.5,502
False,412.4398,130.1697,59175.5678464,582.5,502
False,413.1984,130.7094,59175.5995648,580.5,502
False,414.5216,131.5806,59175.6323712,571,502
False,415.1787,132.3185,59175.663616,552,502
False,415.9276,132.7032,59175.6960128,539,502
False,417.6211,132.3719,59175.728256,544.5,502
False,419.2647,132.3778,59175.759616,536.5,502
False,420.7687,132.6667,59175.791616,535.5,502
False,421.7695,133.4125,59175.8240896,543,502
False,422.5956,133.9247,59175.87264,558,502
False,423.1334,133.7403,59175.9046912,563.5,502
False,423.7472,133.1993,59175.9359232,557,502
False,424.5217,132.0286,59175.9679488,571.5,502
False,425.2313,130.9641,59176.0002816,599.5,502
False,426.0056,129.9191,59176.0317056,597.5,502
False,426.2845,128.8867,59176.064256,607.5,502
False,426.4091,128.2066,59176.0956544,607.5,502
False,426.4385,127.3831,59176.1276416,616.5,502
False,426.8801,127.5537,59176.1601408,600.5,502
False,427.6917,127.4886,59176.1920896,605.5,502
False,428.2102,126.7703,59176.2236672,598.5,502
False,428.5135,126.0541,59176.2722048,607,502
False,428.9354,124.7628,59176.304832,591,502
False,428.9306,123.0974,59176.3359488,583.5,502
False,428.684,121.4574,59176.3688576,567,502
False,428.929,120.1089,59176.3999488,563,502
False,429.1907,119.43,59176.4317184,576,502
False,429.0879,119.6088,59176.4642304,578.5,502
False,429.4997,119.8692,59176.4957056,549,502
False,429.4662,120.1005,59176.5280512,545.5,502
False,429.5908,120.3357,59176.559808,566.5,502
False,429.8754,120.4526,59176.5922048,563,502
False,430.3212,120.5467,59176.6237184,575,502
False,430.4533,120.4335,59176.672704,590.5,502
False,430.4639,120.948,59176.7051648,560.5,502
False,429.9991,120.6432,59176.7360896,562,502
False,430.0625,120.7202,59176.7677056,557.5,502
False,430.0641,120.7661,59176.8003712,571.5,502
False,430.1859,120.6876,59176.8324864,566.5,502
False,430.0875,120.8164,59176.8642944,546.5,502
False,430.1914,120.8805,59176.8957824,542.5,502
False,430.3651,120.4838,59176.9277952,551.5,502
False,430.2222,119.8228,59176.96064,567,502
False,430.276,119.4182,59176.9920768,575.5,502
False,430.4131,119.1137,59177.0236928,570,502
False,430.1584,118.7491,59177.0722048,574.5,502
False,430.3879,118.3742,59177.1047936,574.5,502
False,430.3072,118.0113,59177.1360384,573.5,502
False,430.0503,116.8697,59177.16832,589.5,502
False,429.9328,115.5095,59177.1997568,595,502
False,430.0541,113.917,59177.231936,600.5,502
False,430.2768,111.2748,59177.263936,592.5,502
False,430.5604,109.0209,59177.2958464,622.5,502
False,430.8353,106.9142,59177.3283072,623.5,502
False,430.8471,104.6277,59177.3601792,607,502
False,430.5441,102.1161,59177.3918336,584.5,502
False,429.8777,99.79357,59177.4238208,580.5,502
False,429.0147,97.47138,59177.4722816,579.5,502
False,428.7783,94.65762,59177.5047168,607.5,502
False,428.7858,91.40747,59177.5367296,611.5,502
False,428.7249,88.64838,59177.568128,629,502
False,429.0197,85.79556,59177.6002688,653,502
False,429.2845,82.22947,59177.6323584,651.5,502
False,430.0754,78.62161,59177.6639104,658.5,502
False,430.3878,75.40775,59177.695744,658.5,502
False,430.2324,71.90457,59177.727936,637.5,502
False,430.1414,68.49866,59177.7605504,619,502
False,429.7941,66.55756,59177.7922816,608,502
False,429.3958,64.82453,59177.8239104,634.5,502
False,429.4563,62.70143,59177.8723968,642.5,502
False,429.9332,61.19438,59177.9048704,658.5,502
False,430.6064,60.07887,59177.937408,653,502
False,430.7145,58.65286,59177.9685632,652,502
False,430.5345,57.30616,59177.9999104,638,502
False,430.8681,56.34652,59178.032,632,502
False,431.4676,55.39838,59178.0639104,638,502
False,431.8109,54.50921,59178.0959616,615,502
False,432.0605,53.52565,59178.1284096,581.5,502
False,431.3096,53.48089,59178.1603328,562.5,502
False,430.5445,53.51249,59178.1918592,547,502
False,430.2354,53.33549,59178.2238976,541.5,502
False,429.8666,52.87801,59178.2731008,526,502
False,429.5969,51.84553,59178.304832,533,502
False,429.4399,51.1012,59178.337216,527,502
False,429.8467,50.37005,59178.367936,522,502
False,430.3107,49.78255,59178.3998976,500.5,502
False,431.071,48.67655,59178.4323968,472,502
False,432.1044,48.16845,59178.4638464,466,502
False,431.4378,47.42704,59178.4960384,450,502
False,431.0316,46.99961,59178.5280128,432,502
False,430.9343,47.08654,59178.559936,416,502
False,430.6366,46.6101,59178.5924608,383,502
False,430.6892,46.55353,59178.6243328,384.5,502
False,430.6842,46.57143,59178.6723328,371,502
False,430.5611,46.90585,59178.704896,350.5,502
False,430.7542,47.29705,59178.7380864,344.5,502
False,430.6249,47.5852,59178.7682048,335.5,502
False,430.5281,47.76233,59178.800576,334.5,502
False,430.1894,47.92374,59178.8325248,330,502
False,429.9226,47.85929,59178.864064,321,502
False,429.7021,47.53073,59178.8959616,320,502
False,429.6174,47.0359,59178.9279232,325,502
False,429.5363,47.13366,59178.959936,305.5,502
False,429.487,46.67264,59178.992384,307,502
False,429.8986,47.21066,59179.0243456,322,502
False,430.3426,47.68008,59179.0726272,323,502
False,430.7162,47.66976,59179.1050368,323,502
False,431.1618,47.75731,59179.1371648,342,502
False,431.4966,46.99063,59179.16896,338,502
False,431.5697,46.94501,59179.1999616,345.5,502
False,431.423,47.03682,59179.232192,344,502
False,431.3303,46.68216,59179.2640896,333.5,502
False,431.6063,47.05985,59179.2960256,342.5,502
False,431.2737,47.11681,59179.3284736,341,502
False,431.3264,46.97559,59179.3603968,334.5,502
False,431.2549,47.3231,59179.3920896,342,502
False,431.274,47.05936,59179.4240768,328.5,502
False,430.7362,46.90995,59179.4722304,316.5,502
False,431.0904,47.00209,59179.5056768,319,502
False,430.7669,47.39389,59179.5378816,327.5,502
False,431.0756,47.38881,59179.5681152,339.5,502
False,431.1165,47.49486,59179.6002432,340.5,502
False,430.9199,47.34334,59179.6320256,333,502
False,431.2289,47.02304,59179.6639488,325.5,502
False,430.6999,47.45972,59179.6970752,331,502
False,430.7117,47.43388,59179.7280128,336.5,502
False,430.8907,47.45653,59179.7604224,335.5,502
False,430.6455,47.9115,59179.7920512,314.5,502
False,430.2882,47.84247,59179.824256,310,502
False,430.8925,46.81594,59179.8724736,311.5,502
False,430.864,46.55748,59179.9058432,317.5,502
False,431.476,46.01128,59179.9364736,340,502
False,431.5755,46.06805,59179.96832,360,502
False,431.1331,46.1414,59180.0003968,343,502
False,430.927,46.20365,59180.0322688,338,502
False,430.7491,46.58421,59180.06464,331.5,502
False,429.9303,47.60557,59180.0964096,311,502
False,429.6423,48.23825,59180.1280768,301.5,502
False,429.2246,48.77146,59180.1600256,299,502
False,429.3703,48.86443,59180.193088,297.5,502
False,428.9826,49.22166,59180.224192,297,502
False,428.5226,49.75042,59180.2728576,298.5,502
False,428.2692,49.30921,59180.3053056,262.5,502
False,427.7543,49.64555,59180.336576,260.5,502
False,427.834,49.29457,59180.3684096,258,502
False,428.6529,49.48053,59180.4007296,291,502
False,428.9279,50.00929,59180.4325632,305,502
False,429.7599,49.59302,59180.464256,305.5,502
False,435.3882,51.64317,59180.4961408,489.5,502
False,435.9213,51.55778,59180.5280896,474.5,502
False,430.8021,50.20451,59180.5604864,354.5,502
False,431.0019,50.29055,59180.5921536,354.5,502
False,430.8188,50.55678,59180.6241664,362.5,502
False,431.0849,50.35827,59180.6724352,347.5,502
False,431.1798,50.21907,59180.7055104,335.5,502
False,431.0249,50.40905,59180.7381504,328,502
False,430.7983,50.69399,59180.769152,335.5,502
False,430.7155,50.50374,59180.8003072,334.5,502
False,431.2283,50.1631,59180.8322432,327,502
False,431.1642,50.24487,59180.8642176,341,502
False,431.2298,50.39216,59180.8961408,331.5,502
False,431.4231,50.28268,59180.9285376,345.5,502
False,435.8502,53.21419,59180.9605632,484,502
False,430.4801,50.84726,59180.9922944,335,502
False,430.5878,50.17347,59181.0243968,306.5,502
False,430.4748,50.6374,59181.0725888,307.5,502
False,429.959,51.03728,59181.1065984,308.5,502
False,430.0308,50.76134,59181.1382016,297.5,502
False,428.9882,50.81068,59181.171648,268.5,502
False,428.2897,51.50192,59181.2004608,260,502
False,428.3093,52.04732,59181.23232,236,502
False,428.1224,52.50068,59181.2642304,245,502
False,428.1555,52.78889,59181.2965504,255,502
False,428.3018,53.46307,59181.328192,259.5,502
False,428.8091,53.43267,59181.3602176,278.5,502
False,429.5072,53.39258,59181.3924096,301,502
False,429.7618,53.39022,59181.4244096,313.5,502
False,435.1641,50.99236,59181.4731904,458,502
False,435.2152,50.82681,59181.5060864,460,502
False,435.4426,51.34231,59181.5366784,427,502
False,435.0666,51.0419,59181.5685504,445.5,502
False,435.1212,50.97348,59181.6004992,452.5,502
False,435.5422,51.16304,59181.6329984,436.5,502
False,435.4251,51.00219,59181.6646784,456,502
False,435.0483,50.97399,59181.696256,455,502
False,435.2335,51.00937,59181.7282944,462.5,502
False,435.7368,51.11618,59181.7603072,427.5,502
False,435.6129,50.98856,59181.792448,437,502
False,435.4502,51.04351,59181.824896,452,502
False,435.3925,50.97554,59181.8726272,456.5,502
False,435.5092,51.05549,59181.9051776,444.5,502
False,435.7163,51.09139,59181.936704,439.5,502
False,435.4888,50.96231,59181.96864,455.5,502
False,435.3464,51.02295,59182.0011648,457.5,502
False,435.4072,51.0167,59182.0326912,449,502
False,435.4914,51.05033,59182.0643584,447,502
False,434.5528,51.30752,59182.0962688,439,502
False,433.4988,51.72105,59182.1283328,426,502
False,432.4793,51.89828,59182.160384,426,502
False,431.4528,51.86272,59182.1928704,439.5,502
False,431.7347,51.43447,59182.2245248,468,502
False,432.2848,51.11453,59182.2726528,487.5,502
False,432.9803,50.85886,59182.3055744,499.5,502
False,433.3875,50.20781,59182.3369472,516.5,502
False,431.0901,51.86974,59182.3694336,444,502
False,434.0168,48.66516,59182.4007552,555,502
False,431.9661,50.52475,59182.4323712,481.5,502
False,432.4966,49.51783,59182.4643584,509.5,502
False,432.5222,49.54146,59182.4964352,500.5,502
False,432.609,49.61067,59182.5285248,503,502
False,432.4285,49.72171,59182.5608832,490.5,502
False,432.5694,50.09344,59182.5929472,478,502
False,432.7223,50.42812,59182.6246144,476.5,502
False,432.7542,50.51939,59182.6727296,468.5,502
False,432.6869,49.98756,59182.7055616,495.5,502
False,432.3907,50.03085,59182.7368704,502.5,502
False,432.3997,49.74695,59182.7691264,492,502
False,432.7565,49.58842,59182.800832,475,502
False,433.105,50.01685,59182.8324352,465,502
False,433.1355,49.90215,59182.864512,465,502
False,433.3112,49.49517,59182.8965504,483,502
False,433.0539,49.20651,59182.9289216,491.5,502
False,433.0908,49.05961,59182.960576,486.5,502
False,433.2333,48.86942,59182.9930496,485,502
False,433.0027,48.67839,59183.024896,497.5,502
False,432.372,48.31282,59183.0731648,487.5,502
False,432.1242,47.75891,59183.1056256,453.5,502
False,432.5686,46.66321,59183.1371392,433.5,502
False,433.0284,46.22818,59183.1687296,410.5,502
False,432.7939,46.13366,59183.2008448,414,502
False,433.2113,45.66586,59183.232832,412.5,502
False,433.4783,45.52898,59183.26464,414,502
False,433.7951,45.44485,59183.2965632,405,502
False,433.7726,45.45182,59183.329344,384,502
False,433.7138,44.99778,59183.3609728,375,502
False,434.0891,44.55525,59183.393408,366.5,502
False,433.9249,44.5277,59183.4246144,355,502
False,433.9375,44.25379,59183.4735232,362.5,502
False,433.9267,43.85733,59183.5056384,375,502
False,433.9014,43.27521,59183.5370368,378.5,502
False,433.9916,42.50796,59183.5695488,377,502
False,433.983,41.6604,59183.6005632,372.5,502
False,434.0023,41.01277,59183.6329088,352.5,502
False,434.0637,40.16592,59183.6644224,337.5,502
False,434.2035,40.15303,59183.6965632,330,502
False,434.1201,40.07127,59183.7291392,304,502
False,434.105,40.13572,59183.7613696,293.5,502
False,434.2238,40.2858,59183.7929344,277,502
False,434.3188,40.48058,59183.8246528,287.5,502
False,434.4954,40.54009,59183.8727168,291,502
False,434.6358,40.52298,59183.905856,286.5,502
False,434.5857,40.53205,59183.937024,286,502
False,434.5318,40.40107,59183.9694976,280.5,502
False,434.4184,40.57388,59184.0009728,282,502
False,434.6446,40.53391,59184.0325504,287.5,502
False,434.5254,40.4626,59184.0645376,278.5,502
False,434.2136,40.19889,59184.0965888,271.5,502
False,434.5288,40.35599,59184.129088,257.5,502
False,434.6442,40.70204,59184.1613056,245,502
False,434.7166,41.23427,59184.193152,230.5,502
False,435.248,42.18699,59184.2246656,205,502
False,436.3318,42.17217,59184.2737024,212,502
False,434.4809,37.13982,59184.3058688,344.5,502
False,434.442,37.61761,59184.33728,380.5,502
False,434.0779,38.16177,59184.3691392,391.5,502
False,432.5046,38.75039,59184.40064,434,502
False,432.1555,39.86567,59184.43296,433,502
False,429.6156,39.64401,59184.464704,463.5,502
False,426.8892,38.29528,59184.4967168,490.5,502
False,424.2731,36.71214,59184.5291392,509.5,502
False,422.3485,35.62726,59184.5611264,516,502
False,421.3138,34.53712,59184.5927808,536.5,502
False,420.7554,33.6936,59184.6248832,544.5,502
False,420.3504,33.2468,59184.6728448,547,502
False,420.4496,32.97343,59184.706048,552,502
False,420.3947,33.8802,59184.7391872,524.5,502
False,420.4949,33.97115,59184.769344,520,502
False,420.4328,33.86233,59184.8007552,514.5,502
False,420.3546,33.65195,59184.8326656,509.5,502
False,419.6426,33.76497,59184.8646784,512,502
False,418.1412,34.17934,59184.8966912,506.5,502
False,416.401,34.30303,59184.9291008,517,502
False,414.17,34.48003,59184.9607552,521.5,502
False,411.2366,34.11563,59184.992768,529,502
False,409.427,33.32874,59185.024768,544.5,502
False,408.2764,32.79144,59185.0733952,553,502
False,407.0958,32.5088,59185.1065216,558.5,502
False,405.7455,32.4846,59185.1389952,552,502
False,403.8642,33.07478,59185.1691264,521.5,502
False,401.6886,33.49814,59185.201088,493.5,502
False,399.0046,34.15843,59185.2327296,506,502
False,396.3831,34.16406,59185.2647168,512,502
False,394.6013,33.72334,59185.2967296,497,502
False,393.0522,33.0794,59185.3287808,497.5,502
False,391.6754,32.85019,59185.3612544,514,502
False,390.1294,33.01834,59185.3932032,536,502
False,388.5492,33.03105,59185.4249472,547.5,502
False,387.905,33.00817,59185.4733568,551,502
False,386.4648,33.20837,59185.505728,537.5,502
False,384.5607,33.49427,59185.537728,509.5,502
False,382.3944,33.96795,59185.5699712,494,502
False,379.6046,34.46292,59185.6007424,499,502
False,377.1752,34.36358,59185.6331392,534.5,502
False,375.0212,34.31342,59185.6648704,519,502
False,373.5569,33.71962,59185.696832,513,502
False,371.9714,33.20987,59185.7288576,530.5,502
False,370.4236,32.89311,59185.7610368,539.5,502
False,369.0383,32.74714,59185.7927168,553,502
False,367.5522,32.72554,59185.8251392,560.5,502
False,366.1317,32.75933,59185.8735232,563,502
False,364.2348,33.03405,59185.9060608,514,502
False,362.2205,33.66959,59185.9371008,512.5,502
False,359.9526,34.23489,59185.9690752,513,502
False,357.6355,34.53761,59186.0013696,529.5,502
False,355.9558,34.79187,59186.0333056,512.5,502
False,354.9372,34.73042,59186.0648576,515,502
False,354.334,34.11827,59186.0967808,504.5,502
False,353.8561,33.51073,59186.129152,497,502
False,353.3108,33.47432,59186.1611648,509.5,502
False,352.4268,33.34185,59186.1927936,508.5,502
False,351.4072,33.58366,59186.2249088,510,502
False,350.1092,33.6615,59186.2736128,516,502
False,348.7223,33.63886,59186.3066112,509.5,502
False,347.5805,33.86136,59186.3376,508.5,502
False,346.6988,34.02917,59186.3692416,508.5,502
False,345.6139,34.22514,59186.4013824,514.5,502
False,343.9152,34.4401,59186.433344,524.5,502
False,342.0123,34.5505,59186.4649088,516.5,502
False,339.2575,34.55758,59186.4970752,521,502
False,336.5058,33.52431,59186.5291264,576,502
False,333.7863,32.91885,59186.5608064,610,502
False,331.2289,32.5592,59186.5929728,609.5,502
False,328.6934,32.15763,59186.6249472,599.5,502
False,327.0037,32.65144,59186.6731264,580,502
False,324.3682,32.95105,59186.7067136,592.5,502
False,322.0131,32.64055,59186.7386496,625.5,502
False,320.4129,32.3941,59186.7691136,639,502
False,319.0045,32.36391,59186.8011136,659.5,502
False,317.0957,32.23063,59186.8329984,667,502
False,316.1379,32.20434,59186.8655488,652.5,502
False,315.3018,32.05144,59186.8972928,661,502
False,314.1171,31.84678,59186.9288832,682,502
False,313.5868,32.06662,59186.9609984,680.5,502
False,313.2209,32.1454,59186.9929984,682,502
False,313.3634,32.21147,59187.0250624,671.5,502
False,313.0299,32.35802,59187.0736,675,502
False,313.6448,32.35199,59187.1062528,670,502
False,313.4195,32.3082,59187.1373312,683,502
False,313.2041,32.26329,59187.1693824,690,502
False,313.5506,32.34194,59187.2010368,678,502
False,313.5344,32.35206,59187.2333312,676.5,502
False,313.5689,32.39302,59187.2649856,678.5,502
False,313.5875,32.46291,59187.2972928,674,502
False,313.4614,32.49897,59187.329344,644,502
False,313.4328,33.10278,59187.361024,606.5,502
False,312.5189,32.39983,59187.3930496,596.5,502
False,312.0772,31.93075,59187.4251776,568,502
False,311.6911,31.96452,59187.4739072,559,502
False,311.3621,32.27859,59187.5070976,545,502
False,311.394,32.91242,59187.5374848,500.5,502
False,310.675,33.18549,59187.570112,482.5,502
False,309.9046,32.8619,59187.6010112,496,502
False,309.5368,32.41445,59187.6329856,489,502
False,308.864,32.05219,59187.6649728,479,502
False,306.2989,32.02764,59187.6973056,512.5,502
False,305.7184,31.38022,59187.7290752,487,502
False,304.9809,31.40858,59187.7611136,489.5,502
False,305.0277,31.17658,59187.793088,445.5,502
False,303.6178,31.08361,59187.8250752,446.5,502
False,303.0766,31.9768,59187.8750464,452.5,502
False,302.426,31.98102,59187.9062272,439,502
False,301.4537,32.38741,59187.9390208,394.5,502
False,300.4178,32.32272,59187.9692416,377,502
False,300.5462,31.68419,59188.0011136,380.5,502
False,300.2448,31.15478,59188.0333312,357.5,502
False,300.0941,31.17683,59188.0649472,352.5,502
False,300.4803,31.19412,59188.0970752,385.5,502
False,300.5395,31.42925,59188.1291264,384,502
False,300.2976,31.59085,59188.1611648,382.5,502
False,300.2131,31.89162,59188.1940352,366,502
False,300.1662,32.28975,59188.2416128,390,502
False,299.9406,32.3446,59188.273792,384.5,502
False,300.0537,32.35138,59188.30624,388,502
False,299.9843,32.07199,59188.337856,382,502
False,300.1158,32.36944,59188.369088,378.5,502
False,300.0149,32.26247,59188.4014592,381,502
False,299.9254,32.12609,59188.4331392,382,502
False,299.8271,32.20536,59188.465152,385.5,502
False,299.6621,32.40574,59188.4971904,400.5,502
False,299.9633,32.10577,59188.5291904,395.5,502
False,300.192,32.16177,59188.5616512,391.5,502
False,299.8238,32.04024,59188.5938304,393.5,502
False,299.8472,32.05152,59188.6416896,378.5,502
False,300.079,32.11572,59188.6735616,386,502
False,299.6323,32.36254,59188.7051136,388,502
False,299.3209,32.8389,59188.7380992,374.5,502
False,299.253,32.99464,59188.7691008,404.5,502
False,298.5995,33.12032,59188.801472,392,502
False,298.7968,33.45044,59188.8334592,398.5,502
False,298.7821,33.46362,59188.8652416,394,502
False,298.9508,33.02542,59188.8972544,413,502
False,299.1306,32.88588,59188.9292672,425,502
False,299.1313,32.89349,59188.96128,422.5,502
False,298.8657,32.86982,59188.9940864,402,502
False,298.9746,33.2201,59189.0416384,419.5,502
False,299.1568,33.24429,59189.0737408,415.5,502
False,299.1175,33.43365,59189.1062016,417,502
False,299.1568,33.18681,59189.1374336,422,502
False,299.1374,33.16016,59189.169408,410,502
False,299.1187,33.14286,59189.201536,420,502
False,299.2357,33.13721,59189.2332032,421.5,502
False,299.3637,32.91535,59189.2653312,411.5,502
False,299.3103,32.88334,59189.2971776,420,502
False,299.26,33.0436,59189.3292544,420.5,502
False,299.4321,32.80522,59189.3616384,415,502
False,299.2042,33.01374,59189.3937536,424.5,502
False,299.3416,33.14467,59189.4413568,420.5,502
False,299.2474,33.3135,59189.4738432,428.5,502
False,299.1761,33.23578,59189.506304,422,502
False,299.1327,33.06758,59189.5375232,402,502
False,299.0694,33.24718,59189.570752,398.5,502
False,299.1514,33.21526,59189.6016384,415,502
False,299.3936,33.55593,59189.6333952,442.5,502
False,299.3765,33.51569,59189.6653568,451.5,502
False,299.5269,33.72817,59189.6974464,439,502
False,299.4695,33.78051,59189.7294208,448,502
False,299.4132,33.98548,59189.7616512,459,502
False,299.4525,34.12961,59189.7933568,465.5,502
False,299.2912,34.01018,59189.8413312,458.5,502
False,299.4623,33.8111,59189.8739456,453.5,502
False,299.268,34.01171,59189.90624,469.5,502
False,299.1796,34.09534,59189.938048,465,502
False,299.299,33.66631,59189.9699328,460.5,502
False,299.2191,33.75758,59190.0012928,456.5,502
False,299.1806,33.82519,59190.0334208,460.5,502
False,299.269,33.87495,59190.0653952,458.5,502
False,299.1944,33.90678,59190.0974848,459.5,502
False,299.1225,33.6972,59190.1298304,458.5,502
False,299.2956,33.71418,59190.1618304,459.5,502
False,298.6771,34.10151,59190.1934336,463,502
False,298.1163,34.77942,59190.241472,473,502
False,297.5115,35.60083,59190.2743424,483.5,502
False,298.5607,34.95777,59190.3068544,442,502
False,297.8326,35.92012,59190.3376384,459,502
False,296.6132,37.52104,59190.3693696,499,502
False,295.1962,39.61975,59190.4020352,511.5,502
False,294.6673,40.4846,59190.4335232,541,502
False,293.7223,40.70686,59190.4658816,551.5,502
False,292.0483,41.83033,59190.4978176,555,502
False,289.753,43.32208,59190.529792,577.5,502
False,286.9528,45.95569,59190.561408,575.5,502
False,284.4268,48.65847,59190.593408,549,502
False,281.7484,50.81163,59190.6416384,553,502
False,278.7716,52.61389,59190.6738688,540,502
False,276.334,53.83922,59190.7073536,538,502
False,274.5123,54.94865,59190.738304,529,502
False,271.9176,56.58933,59190.7695872,528,502
False,269.0198,57.87489,59190.801408,539.5,502
False,266.1106,58.92065,59190.8335232,554.5,502
False,262.8575,59.88144,59190.8654848,544,502
False,258.7904,60.75821,59190.8975744,548,502
False,254.722,60.82727,59190.9299072,563.5,502
True,250.9228,60.7071,59190.9615104,589.5,502
True,247.7836,61.03124,59190.9933824,581.5,502
True,244.5061,60.94933,59191.0415872,562.5,502
True,241.1009,61.2503,59191.0737664,560,502
True,240.1235,61.92473,59191.1074816,573.5,502
True,240.7359,62.6516,59191.138304,542,502
True,241.8887,62.79975,59191.1698048,528.5,502
True,243.7129,62.5896,59191.2014464,519,502
True,245.0436,62.4674,59191.2336384,501,502
True,246.3118,62.52795,59191.2655488,495,502
True,246.6316,62.04654,59191.2979584,508.5,502
True,246.5414,62.23302,59191.329536,540,502
True,245.6625,62.21228,59191.361472,564.5,502
True,244.5119,62.43971,59191.3934592,575,502
True,243.432,62.6333,59191.4416256,589.5,502
True,242.4071,63.1242,59191.474752,594.5,502
True,241.6215,63.95008,59191.5069184,601,502
True,240.9154,64.53262,59191.5377792,610.5,502
True,240.7699,64.99474,59191.5694592,602.5,502
True,240.1538,65.40962,59191.601472,568,502
True,239.3278,65.95159,59191.634112,540.5,502
True,240.2149,65.6948,59191.6662656,509.5,502
True,240.1181,65.93075,59191.6979584,515,502
True,239.4633,66.62057,59191.7294976,517,502
True,237.657,68.36555,59191.761472,553.5,502
True,235.2046,72.31203,59191.7934848,571,502
True,231.1482,79.34836,59191.8424448,588,502
True,226.7425,87.47054,59191.8739712,543,502
True,222.514,94.48542,59191.9069312,531.5,502
True,219.9244,100.1323,59191.9387648,555.5,502
True,218.4345,105.5886,59191.9698816,598,502
True,216.1226,111.9449,59192.0016,610.5,502
True,213.4819,117.4673,59192.033728,593.5,502
True,208.012,123.7604,59192.0663552,599,502
True,201.9764,129.116,59192.098112,586,502
True,197.9565,134.542,59192.1297024,613.5,502
True,193.0851,140.7401,59192.1618944,624.5,502
True,187.7369,144.7182,59192.1935872,634,502
True,181.616,147.4597,59192.2417792,605.5,502
True,174.2586,148.8824,59192.2738944,595.5,502
True,167.8302,149.6261,59192.3066496,607.5,502
True,163.4487,150.2562,59192.3398528,622.5,502
True,157.2067,150.195,59192.3707392,654,502
True,149.6953,149.5049,59192.4016384,664.5,502
True,141.1888,147.8022,59192.4338048,610,502
True,133.2379,145.4694,59192.4657152,574.5,502
True,127.2234,143.6201,59192.4977792,634,502
True,121.9644,143.0907,59192.5309056,660,502
True,115.3416,140.6844,59192.561664,703.5,502
True,108.0344,135.9657,59192.593984,669.5,502
True,101.554,130.8942,59192.6418176,630,502
True,95.97514,125.1208,59192.6736768,610,502
True,92.06203,120.9161,59192.7066368,647.5,502
True,88.2328,120.0414,59192.7380096,620,502
True,84.50298,119.0582,59192.7705856,475.5,502
True,80.71345,117.4474,59192.8022912,285,502
True,67.26336,97.37305,59192.834176,352.5,502
True,66.2131,97.1994,59192.8658432,560,502
True,64.98469,93.9464,59192.8978048,696.5,502
True,63.21593,90.59698,59192.9298176,751,502
True,61.68695,86.53302,59192.9620736,739.5,502
True,60.38487,78.80491,59192.9942912,753.5,502
True,59.13006,72.27216,59193.0422272,692,502
True,59.77024,64.97988,59193.0745472,671,502
True,60.40526,59.38017,59193.1067776,697.5,502
True,60.68811,54.76061,59193.1380736,754,502
True,60.7323,50.33451,59193.1707392,706,502
True,61.89506,45.29759,59193.2023424,657.5,502
True,65.06374,40.2224,59193.2343424,614.5,502
True,69.89925,35.90147,59193.2658176,600.5,502
True,73.66905,33.32486,59193.2977152,629.5,502
True,76.3111,32.08043,59193.3297536,644.5,502
True,81.66615,31.43477,59193.3617152,649,502
True,86.87089,30.85417,59193.3940992,648,502
True,93.16138,30.14643,59193.4422656,646.5,502
True,100.1195,30.31443,59193.4741888,652.5,502
True,108.2031,30.75585,59193.5066752,633.5,502
True,114.7532,30.20794,59193.5385984,630,502
True,123.483,30.14786,59193.5706624,651.5,502
True,133.1696,30.31287,59193.6018432,619,502
True,142.1326,31.28021,59193.6339072,640,502
True,152.2668,32.9969,59193.6658816,591,502
True,160.7651,33.61686,59193.6979072,589,502
True,168.8456,33.30848,59193.7303424,637,502
True,175.9087,33.41418,59193.7623168,604,502
True,182.1043,33.75521,59193.7939712,583.5,502
True,185.5204,35.17257,59193.8419456,550.5,502
True,187.742,36.49295,59193.8751232,555.5,502
True,189.5327,37.5451,59193.9068032,552.5,502
True,192.4267,38.65703,59193.9388288,553.5,502
True,194.5045,39.72895,59193.9703296,586,502
True,195.8277,40.87091,59194.0017792,605.5,502
True,199.2626,42.35161,59194.0343296,620,502
True,205.4778,45.18547,59194.0659328,642.5,502
True,211.476,47.70921,59194.0980224,619,502
True,218.0733,50.59506,59194.1297408,607.5,502
True,225.5075,51.80262,59194.162304,610.5,502
True,233.2981,51.2326,59194.1939072,615.5,502
True,243.307,50.19091,59194.2419072,601.5,502
False,251.6426,50.2795,59194.2743936,582,502
False,260.2646,51.13592,59194.3067776,580,502
False,269.419,52.11329,59194.3386752,560.5,502
False,278.5666,51.72413,59194.371072,539.5,502
False,288.4276,51.93754,59194.4019456,539,502
False,297.4036,52.7675,59194.4344064,540.5,502
False,306.1233,54.02192,59194.466368,547.5,502
False,313.8815,55.75089,59194.4979072,564,502
False,320.2792,56.93889,59194.52992,575.5,502
False,327.5102,58.19019,59194.5619456,574,502
False,333.5595,60.26727,59194.5938816,608,502
False,338.832,62.56601,59194.6429952,579.5,502
False,342.662,65.10468,59194.6751616,570,502
False,347.2213,68.33245,59194.7067776,568.5,502
False,351.7766,71.63013,59194.738176,584,502
False,356.2809,73.82525,59194.7700992,598,502
False,360.6472,75.44379,59194.8018944,600.5,502
False,364.9139,77.68445,59194.834048,600,502
False,368.5728,80.80965,59194.8666624,580.5,502
False,371.2185,83.90761,59194.8983424,593.5,502
False,374.3296,87.60492,59194.9299584,583,502
False,376.6948,90.56841,59194.9619584,592,502
False,378.9662,92.83459,59194.9939456,597.5,502
False,381.1937,94.38437,59195.0420992,620.5,502
False,383.781,95.38416,59195.075072,616.5,502
False,386.8689,96.35716,59195.1071488,615.5,502
False,390.2992,98.21701,59195.1383296,629,502
False,393.437,100.8046,59195.1700992,617.5,502
False,395.9494,103.8719,59195.20192,613,502
False,397.8746,106.9834,59195.234048,603.5,502
False,400.0992,110.7269,59195.2666368,594.5,502
False,402.3568,115.0162,59195.2985472,596,502
False,405.2396,117.9327,59195.3299968,606.5,502
False,407.75,120.4035,59195.362304,608,502
False,410.863,122.9139,59195.3939456,606,502
False,413.6354,125.3593,59195.4421632,591,502
False,415.3969,127.9652,59195.4742912,555.5,502
False,414.8272,130.1464,59195.5076864,544,502
False,414.0459,131.7454,59195.5384064,573.5,502
False,414.0136,133.8371,59195.5724288,575,502
False,414.8705,135.7412,59195.6021504,572.5,502
False,415.1629,137.5636,59195.6343296,535,502
False,415.2942,138.4846,59195.666624,520,502
False,415.8113,139.4884,59195.6987904,511.5,502
False,416.0083,140.719,59195.7299072,522.5,502
False,415.297,141.9126,59195.762496,509,502
False,414.6028,143.5996,59195.7945344,524.5,502
False,414.5288,144.7329,59195.8422656,523.5,502
False,414.7307,145.4121,59195.8743296,520.5,502
False,415.6996,146.2319,59195.9071488,540.5,502
False,416.6016,146.6811,59195.9399296,555.5,502
False,417.6501,147.0254,59195.9713152,571.5,502
False,419.3398,147.5926,59196.002176,569,502
False,420.5733,146.9605,59196.0340096,569.5,502
False,421.9051,145.8157,59196.066048,548,502
False,423.4584,145.0266,59196.0980224,565,502
False,424.4962,144.9002,59196.1305472,563,502
False,425.0391,145.225,59196.1624192,567.5,502
False,424.9991,145.7178,59196.1940736,548,502
False,425.1195,146.0442,59196.2423424,535.5,502
False,424.8451,146.6094,59196.2744832,524,502
False,425.183,147.0803,59196.307904,514.5,502
False,425.308,147.536,59196.3384704,479.5,502
False,425.2867,147.4341,59196.3710848,479.5,502
False,425.1228,147.376,59196.4027648,484.5,502
False,424.8437,147.4139,59196.4347008,492.5,502
False,424.9516,146.9748,59196.4663168,510,502
False,424.9388,146.3819,59196.4983168,528.5,502
False,424.7641,146.0796,59196.5302016,532,502
False,424.5107,146.0025,59196.5621632,540.5,502
False,424.7747,146.0525,59196.5944448,549.5,502
False,424.6033,146.3012,59196.6425088,549.5,502
False,424.8582,146.5658,59196.6744704,550,502
False,425.1082,146.7553,59196.70848,543.5,502
False,425.1603,146.8623,59196.7385216,552,502
False,425.3236,146.5061,59196.7700736,564.5,502
False,425.3264,146.3948,59196.804736,555.5,502
False,425.6072,146.2742,59196.8349184,560.5,502
False,425.7705,146.3934,59196.8669568,563.5,502
False,425.8164,146.4821,59196.8986624,555.5,502
False,425.8969,146.3831,59196.9306496,565.5,502
False,425.8427,146.2799,59196.963008,561.5,502
False,425.7155,146.3718,59196.9948672,559.5,502
False,425.86,146.1352,59197.0430848,559.5,502
False,425.7404,146.1745,59197.07552,572,502
False,425.7855,145.9777,59197.107584,583.5,502
False,425.7411,146.0764,59197.1391744,578,502
False,425.7836,146.1635,59197.170304,561.5,502
False,425.8943,146.1261,59197.2029568,563,502
False,425.6492,146.2839,59197.2348288,562.5,502
False,425.8065,146.2637,59197.2663552,560,502
False,425.7516,146.1949,59197.2983168,567,502
False,425.9339,146.067,59197.330368,562.5,502
False,425.9045,145.9828,59197.3626752,570.5,502
False,425.9023,146.142,59197.3952,564.5,502
False,425.9336,146.1205,59197.4427008,572.5,502
False,425.8783,146.0891,59197.475008,567,502
False,425.8454,146.0607,59197.5073152,566,502
False,425.8127,146.0823,59197.5388416,567,502
False,425.9691,146.0472,59197.5705344,561,502
False,425.9113,146.1392,59197.6029184,564,502
False,425.8219,146.1108,59197.6347904,567,502
False,425.8526,146.0977,59197.6664832,566.5,502
False,425.9342,146.0335,59197.6983936,562.5,502
False,425.8882,146.1484,59197.7307136,560.5,502
False,425.6933,146.1652,59197.762688,575,502
False,425.7603,146.3131,59197.7952256,559,502
False,425.8202,146.1878,59197.8429824,559,502
False,425.8053,146.2189,59197.8754304,556.5,502
False,425.8109,146.2352,59197.907456,560.5,502
False,426.0227,146.1091,59197.9385472,565.5,502
False,426.0272,145.9653,59197.9728128,557.5,502
False,425.9684,145.4561,59198.002368,569,502
False,425.7867,145.677,59198.0350848,566.5,502
False,425.8967,145.3909,59198.0667008,579,502
False,425.9443,145.3703,59198.0982272,572,502
False,425.9846,145.3604,59198.1304064,573.5,502
False,425.9537,145.3954,59198.1624064,583,502
False,426.1017,145.4471,59198.1945344,578.5,502
False,426.0979,145.3155,59198.2435328,580.5,502
False,425.991,145.3673,59198.2750592,573.5,502
False,425.9307,145.3212,59198.3079424,577,502
False,425.9615,145.4501,59198.339392,575,502
False,425.9312,145.3322,59198.3717376,566.5,502
False,425.8283,145.6524,59198.4026752,560,502
False,426.0026,145.4892,59198.4342784,572,502
False,426.0785,145.4764,59198.4664192,580,502
False,425.9441,145.5858,59198.498432,575,502
False,426.0126,145.3789,59198.5304576,570.5,502
False,425.9607,145.4108,59198.562944,572,502
False,425.9767,145.4106,59198.5948672,565.5,502
False,425.8525,145.4918,59198.642432,566,502
False,425.8746,145.5565,59198.674368,566,502
False,425.9191,145.4747,59198.707584,573,502
False,426.1053,145.2895,59198.7386496,577.5,502
False,426.0246,145.3717,59198.77216,582,502
False,426.0296,145.3873,59198.8027264,568.5,502
False,426.0288,145.4318,59198.8344064,579,502
False,426.0372,145.4274,59198.866496,574,502
False,426.0789,145.5095,59198.8985472,572.5,502
False,425.9983,145.3523,59198.9305088,571,502
False,425.8519,145.5367,59198.9629184,569.5,502
False,425.9156,145.6095,59198.9945216,563,502
False,425.9308,145.508,59199.042624,564,502
False,426.0926,145.4469,59199.0750208,579.5,502
False,426.049,145.1326,59199.1074432,568,502
False,425.9167,144.8592,59199.1403136,570.5,502
False,425.9581,144.9906,59199.170944,569,502
False,426.1969,144.9757,59199.2024064,576.5,502
False,426.3654,145.0569,59199.2344704,583,502
False,426.5007,145.5004,59199.2663808,582.5,502
False,426.5537,145.5905,59199.29856,584.5,502
False,426.7758,145.5859,59199.3312384,588,502
False,427.1278,145.5945,59199.36256,607.5,502
False,427.7354,145.9666,59199.3949568,608.5,502
False,427.9821,145.9893,59199.4427136,606,502
False,427.7993,145.8174,59199.4747776,610.5,502
False,427.8955,145.9515,59199.5078656,604.5,502
False,427.7302,146.0797,59199.5411072,598.5,502
False,427.7863,146.0334,59199.5708032,603.5,502
False,427.6729,145.9537,59199.6029312,611.5,502
False,427.6867,146.015,59199.6345472,599,502
False,427.6169,146.0229,59199.666496,596.5,502
False,427.7128,145.9544,59199.698432,607,502
False,427.6998,145.8497,59199.7304064,609,502
False,427.5839,146.0539,59199.7633024,600,502
False,427.7415,146.031,59199.7946112,601.5,502
False,427.7092,146.0149,59199.8432384,604,502
False,427.7465,146.031,59199.8747136,601.5,502
False,427.6065,146.0261,59199.9077376,593,502
False,427.6644,145.9925,59199.9389952,597,502
False,427.6932,145.9945,59199.9717248,609.5,502
False,427.7691,145.9711,59200.003072,605.5,502
False,427.7363,146.1087,59200.0349312,598,502
False,427.7246,146.0731,59200.0665344,604.5,502
False,427.7224,146.0546,59200.0985344,598.5,502
False,427.726,146.1071,59200.1305472,596,502
False,427.8081,146.0392,59200.1629312,611.5,502
False,427.8839,146.1189,59200.1951104,607,502
False,427.8258,145.9789,59200.2429184,608.5,502
False,427.873,146.2708,59200.2749184,602.5,502
False,427.8318,146.2693,59200.3077248,601.5,502
False,427.8492,146.2708,59200.3389056,604.5,502
False,427.8432,146.4328,59200.3723264,616.5,502
False,427.8189,146.3992,59200.403072,607.5,502
False,427.7312,146.2861,59200.434624,599.5,502
False,427.7823,146.3558,59200.4666752,608,502
False,427.7712,146.5318,59200.4985856,599.5,502
False,427.7545,146.3627,59200.5305728,596,502
False,427.7667,146.337,59200.5629184,596.5,502
False,427.7432,146.4633,59200.5947136,596.5,502
False,427.8279,146.4149,59200.642944,598.5,502
False,427.6974,146.401,59200.6748416,591,502
False,427.7209,146.316,59200.70784,596,502
False,427.7477,146.3264,59200.7395584,596.5,502
False,427.7711,146.3889,59200.7711616,600,502
False,427.7971,146.2397,59200.8032,598,502
False,427.7298,146.3114,59200.8346496,599.5,502
False,427.6686,146.423,59200.8665728,593,502
False,427.7691,146.3367,59200.898624,598.5,502
False,427.9315,146.4337,59200.9314816,603,502
False,427.6303,146.4592,59200.9630336,592,502
False,427.5442,146.3853,59200.994688,586.5,502
False,427.8758,146.4017,59201.0429824,594.5,502
False,427.7684,146.5278,59201.0750848,588,502
False,427.6904,146.5578,59201.1078272,583,502
False,427.9348,146.4264,59201.1407744,580,502
False,427.9172,146.3064,59201.1713152,582,502
False,427.9034,146.2287,59201.2027392,578,502
False,427.6959,145.6313,59201.2346624,593,502
False,427.867,144.6653,59201.2665984,596.5,502
False,427.5994,144.2213,59201.2987264,562.5,502
False,427.487,142.8464,59201.3311232,568.5,502
False,427.5321,141.6572,59201.3630976,562.5,502
False,427.5484,140.7246,59201.3948544,563.5,502
False,427.929,139.6854,59201.4429184,552,502
False,428.043,138.7628,59201.475456,554.5,502
False,428.6576,137.8181,59201.508416,535,502
False,429.3862,136.2493,59201.5391232,561,502
False,430.4849,134.7952,59201.5712384,550,502
False,430.9678,132.8981,59201.6028416,543,502
False,430.8743,130.7518,59201.6347008,538.5,502
False,430.4376,128.7449,59201.66784,532.5,502
False,430.1658,127.2773,59201.6986752,550,502
False,429.9658,125.2861,59201.7316224,536.5,502
False,429.9693,123.4488,59201.7627648,521,502
False,430.1333,122.0328,59201.7952128,524,502
False,430.2812,120.2605,59201.8429696,531,502
False,430.759,118.0724,59201.8754176,550.5,502
False,431.1031,116.2484,59201.9084928,530,502
False,430.9117,114.0557,59201.940736,515,502
False,430.1691,112.3337,59201.9711232,515.5,502
False,429.3482,110.3217,59202.002816,514,502
False,428.9389,107.896,59202.034752,535,502
False,428.4123,104.3085,59202.0667136,536,502
False,428.4345,100.9811,59202.099136,545.5,502
False,429.2038,98.73653,59202.13088,541.5,502
False,429.7149,96.96912,59202.1633536,529,502
False,430.0225,95.83739,59202.1952384,452,502
False,428.502,93.17647,59202.2429312,493,502
False,427.0111,92.3598,59202.2754304,466,502
False,426.762,91.25461,59202.3080576,461.5,502
False,426.9148,90.23206,59202.3393152,457.5,502
False,427.0749,89.40169,59202.3714432,434,502
False,427.3769,88.94508,59202.4032,440,502
False,427.785,88.22209,59202.4348288,424,502
False,428.2674,87.53356,59202.4668416,434.5,502
False,428.7085,87.22456,59202.49888,450.5,502
False,428.7485,87.0945,59202.5309312,448,502
False,428.4695,86.5096,59202.5633664,477.5,502
False,428.7142,85.62319,59202.5955968,494.5,502
False,429.0471,84.59832,59202.6429568,495,502
False,429.9359,83.91363,59202.675456,494,502
False,429.8949,82.25964,59202.7080192,493,502
False,429.0021,81.17522,59202.741184,468,502
False,428.2841,79.96649,59202.7713792,467.5,502
False,428.2208,79.02705,59202.8028928,462,502
False,428.9472,77.49947,59202.8350208,467.5,502
False,430.0918,76.57671,59202.866944,465,502
False,430.6194,75.80508,59202.8988672,472,502
False,430.4386,75.1621,59202.9314176,492.5,502
False,430.3381,74.4243,59202.9629696,491,502
False,430.1603,73.8504,59202.9949952,498,502
False,430.1787,73.30855,59203.0431744,511,502
False,429.9541,72.77641,59203.07552,530,502
False,429.817,71.81757,59203.1088256,539,502
False,429.7289,70.5064,59203.1392256,573,502
False,430.0687,68.52381,59203.1716608,584.5,502
False,430.3947,66.03226,59203.2028544,589,502
False,430.1533,63.50956,59203.2353536,575,502
False,429.6627,61.22461,59203.2669312,582.5,502
False,429.1425,58.96599,59203.3000064,593,502
False,428.8948,57.37052,59203.3314304,605,502
False,428.2134,55.60497,59203.362944,583.5,502
False,428.0548,54.60557,59203.3950592,556.5,502
False,427.6093,53.26877,59203.4431104,555,502
False,427.8653,51.9948,59203.4749696,544.5,502
False,428.4214,50.59872,59203.508544,522.5,502
False,429.0875,49.58676,59203.5394432,486,502
False,428.5933,49.79214,59203.5711488,479.5,502
False,428.9626,49.96846,59203.6030208,454.5,502
False,428.5788,50.52045,59203.6350464,440,502
False,428.3229,50.77458,59203.6677376,417,502
False,428.2556,50.39649,59203.6994944,398.5,502
False,427.9149,50.72971,59203.7309824,386,502
False,427.7293,50.71485,59203.763456,380.5,502
False,427.473,50.5148,59203.7951232,383,502
False,427.4779,50.53235,59203.8436224,373.5,502
False,427.4235,50.68015,59203.8755584,358.5,502
False,427.6917,51.02459,59203.9088128,352.5,502
False,427.746,51.26353,59203.939328,351,502
False,427.8518,51.30126,59203.9714432,343,502
False,428.0371,51.40312,59204.0034688,341.5,502
False,427.807,51.53919,59204.0358272,336,502
False,427.8376,51.50125,59204.0671872,333.5,502
False,427.5785,51.42885,59204.0996736,342,502
False,427.7233,51.51037,59204.1315968,329.5,502
False,427.6641,51.57836,59204.1631744,326.5,502
False,427.6208,51.46738,59204.1951104,327,502
False,427.8393,51.45324,59204.2432128,335,502
False,427.6133,51.59402,59204.2755712,312,502
False,427.4667,52.00587,59204.3084544,312.5,502
False,427.2553,52.03252,59204.3398784,307.5,502
False,427.4261,52.18726,59204.371392,303.5,502
False,427.1298,52.26493,59204.4030976,307,502
False,427.0881,52.42029,59204.435136,299,502
False,427.214,52.4437,59204.46752,296,502
False,427.1226,52.42316,59204.4991872,295,502
False,427.081,52.42041,59204.5312128,300.5,502
False,427.1186,52.32787,59204.5630848,305,502
False,427.1769,52.29574,59204.5950976,301.5,502
False,427.0402,52.26912,59204.6441344,298.5,502
False,427.1106,52.28222,59204.6758144,300,502
False,427.364,52.27824,59204.7085696,299.5,502
False,427.0205,52.26952,59204.739392,292.5,502
False,427.0572,52.28111,59204.7712512,300,502
False,427.1566,52.31313,59204.8031232,297,502
False,427.052,52.26007,59204.8351872,298,502
False,426.9949,52.33333,59204.867648,296.5,502
False,426.9559,52.30493,59204.8996608,287.5,502
False,427.2636,52.18351,59204.9311232,287,502
False,426.9643,52.10133,59204.9632128,289.5,502
False,426.7458,52.17843,59204.9952128,290.5,502
False,427.0073,52.28978,59205.0440704,298.5,502
False,427.0039,52.28333,59205.0760192,300,502
False,426.9548,52.13277,59205.1088512,295,502
False,427.0703,52.33223,59205.1395328,301,502
False,426.9487,52.15341,59205.1715584,295.5,502
False,427.0168,51.93797,59205.2033024,287.5,502
False,426.9569,52.24161,59205.2351616,298,502
False,426.9785,52.2415,59205.2674816,294,502
False,427.2289,51.9009,59205.2992,314.5,502
False,427.3141,51.74818,59205.3312128,321,502
False,428.0233,51.63462,59205.3632256,322.5,502
False,428.1563,50.57769,59205.3952512,361.5,502
False,428.0629,49.21466,59205.4439424,352.5,502
False,427.6944,48.44116,59205.4758656,372.5,502
False,427.7118,47.71267,59205.5084416,384,502
False,428.0284,47.17661,59205.5399808,369,502
False,427.8638,47.25713,59205.5714816,339,502
False,427.8936,46.7075,59205.6032896,351,502
False,427.8048,46.28859,59205.636288,339,502
False,427.863,46.32623,59205.6675456,328.5,502
False,427.9762,46.02731,59205.6992512,329.5,502
False,428.0715,46.22562,59205.7312512,326.5,502
False,428.0589,46.6258,59205.7632128,314,502
False,428.7034,46.85476,59205.795904,299.5,502
False,429.5204,46.67662,59205.8435584,318,502
False,428.7234,46.10635,59205.8759168,373,502
False,428.1387,46.45904,59205.9083904,384.5,502
False,427.734,45.90425,59205.9397888,416,502
False,427.036,45.57748,59205.972736,448.5,502
False,426.1152,45.16211,59206.0036736,476,502
False,425.499,44.84004,59206.0352384,497,502
False,425.2524,44.50426,59206.0672384,509,502
False,425.1364,44.0988,59206.0992768,514.5,502
False,424.9894,43.90687,59206.131264,519,502
False,425.0192,43.57887,59206.1637888,522,502
False,424.8946,43.13692,59206.1953664,529.5,502
False,424.7176,42.95683,59206.2434816,540.5,502
False,424.7993,42.73061,59206.2758912,526.5,502
False,424.6828,42.80935,59206.3085056,528,502
False,424.4273,42.57053,59206.3413376,530.5,502
False,423.8761,41.81824,59206.3718784,530,502
False,422.9163,40.72503,59206.403328,505.5,502
False,421.5569,39.70938,59206.4353024,519,502
False,420.4557,38.64143,59206.4674432,535,502
False,419.1273,37.57657,59206.499776,523.5,502
False,418.5585,36.46816,59206.5318144,513,502
False,418.3989,34.89777,59206.563456,531.5,502
False,419.0681,34.55372,59206.59552,546,502
False,419.4287,34.47928,59206.6434816,547,502
False,419.9645,34.31937,59206.6759424,549,502
False,420.0508,34.34204,59206.7097728,555,502
False,420.031,33.99373,59206.7402496,558.5,502
False,419.8846,34.1379,59206.7719168,562,502
False,419.7809,34.19493,59206.803328,566,502
False,419.3835,34.06382,59206.835392,574.5,502
False,419.4724,33.85495,59206.8674816,586,502
False,419.6415,33.85464,59206.8998784,590.5,502
False,419.5358,33.84229,59206.9315072,577,502
False,419.5747,33.88144,59206.9634688,582,502
False,419.6606,33.87873,59206.9955328,580,502
False,419.5002,33.76138,59207.0434944,589.5,502
False,419.6012,33.91536,59207.076736,573,502
False,419.525,33.83462,59207.1091584,582.5,502
False,419.7303,33.79355,59207.1401984,574,502
False,419.8417,34.08473,59207.1718912,566.5,502
False,419.6965,34.01998,59207.2037504,575.5,502
False,419.448,33.94797,59207.235456,583,502
False,419.5869,33.94594,59207.2674816,576.5,502
False,419.902,33.81472,59207.29952,559.5,502
False,420.2631,33.81094,59207.3319936,569.5,502
False,420.7124,33.82653,59207.3635968,575.5,502
False,420.9226,33.92908,59207.3956224,564,502
False,420.7864,33.86269,59207.4435712,570.5,502
False,420.9481,33.87091,59207.4760704,565.5,502
False,420.7087,33.80154,59207.5089664,563.5,502
False,420.3994,33.57785,59207.5402368,585.5,502
False,420.3427,33.62308,59207.5717632,585,502
False,420.7811,33.52613,59207.6034688,555,502
False,420.263,33.50146,59207.6368512,571,502
False,420.2696,33.60937,59207.6680192,573,502
False,420.3108,33.55556,59207.6996352,592.5,502
False,420.4005,33.67685,59207.7314816,605.5,502
False,420.5508,33.92998,59207.763648,626,502
False,420.4658,33.61773,59207.7956224,616.5,502
False,420.3501,33.61526,59207.8446336,616,502
False,420.4716,33.59835,59207.8767872,624.5,502
False,420.488,33.8678,59207.9086336,616.5,502
False,419.8791,34.53648,59207.9398016,594,502
False,420.0739,34.98754,59207.9716352,602,502
False,420.2593,34.59483,59208.00352,605.5,502
False,420.129,34.1076,59208.0361088,616.5,502
False,420.3228,33.73802,59208.0675712,633,502
False,420.2564,33.68917,59208.0996352,637,502
False,420.2063,34.41735,59208.1316736,605,502
False,419.8367,34.48031,59208.1636736,601,502
False,419.977,34.1188,59208.1963904,614.5,502
False,420.8698,33.79879,59208.243648,608,502
False,421.1164,33.65514,59208.2767232,593,502
False,420.991,33.61858,59208.3086464,610,502
False,421.7945,33.84031,59208.3398528,585.5,502
False,421.5372,33.80238,59208.3715712,589.5,502
False,421.9185,34.10659,59208.404032,577,502
False,421.8692,34.26132,59208.436352,567,502
False,421.8615,34.1552,59208.468032,559.5,502
False,422.2156,34.14465,59208.499648,556.5,502
False,422.2024,33.9517,59208.5316224,562.5,502
False,422.1674,33.75567,59208.5637504,565.5,502
False,421.8313,33.70143,59208.5956736,561,502
False,421.7866,33.68423,59208.6446976,550.5,502
False,421.116,33.73872,59208.6765696,550.5,502
False,420.0744,33.58115,59208.7090176,553.5,502
False,418.7846,33.38264,59208.7399296,551,502
False,417.196,33.38383,59208.77184,554.5,502
False,415.9643,33.38129,59208.8036224,559.5,502
False,414.9375,33.309,59208.836544,589,502
False,413.9634,33.16027,59208.8680832,560.5,502
False,413.602,32.8728,59208.8997248,559.5,502
False,413.0374,32.40337,59208.9317888,592.5,502
False,412.8369,32.56689,59208.9638144,603,502
False,412.9634,32.41533,59208.9957504,591.5,502
False,412.2436,32.22551,59209.044288,609,502
False,412.6528,32.44555,59209.076736,603,502
False,413.1925,32.32794,59209.1085312,587,502
False,412.8482,32.17774,59209.1399296,572,502
False,412.9855,32.41674,59209.1724032,551.5,502
False,413.1202,32.39851,59209.2040576,560,502
False,412.9135,32.34548,59209.2357504,549,502
False,412.1081,32.01027,59209.2677888,552,502
False,411.6724,31.62123,59209.2998144,524.5,502
False,410.9603,31.66699,59209.3316992,520,502
False,410.0925,31.90191,59209.3641088,533.5,502
False,409.3133,32.25326,59209.3959936,524.5,502
False,407.6844,31.94802,59209.4439296,535.5,502
False,405.8489,32.05718,59209.4762112,530.5,502
False,403.7927,31.95505,59209.5092224,508,502
False,401.6803,31.9824,59209.5407616,502,502
False,399.6903,31.83186,59209.5720192,507.5,502
False,397.5755,32.10553,59209.6044672,497.5,502
False,394.7701,32.76698,59209.6362496,478.5,502
False,391.7975,33.56738,59209.6681216,465,502
False,389.3452,34.41972,59209.7006976,478.5,502
False,386.8505,34.75909,59209.7322624,481.5,502
False,383.8069,34.98181,59209.76416,476.5,502
False,380.7619,35.01439,59209.7970304,486.5,502
False,378.3392,34.55742,59209.8439424,508,502
False,376.4104,34.98185,59209.8766464,523.5,502
False,373.8245,35.62646,59209.9097088,497.5,502
False,371.578,36.83281,59209.9411072,477.5,502
False,368.4048,37.49983,59209.9721984,480.5,502
False,365.8357,37.82498,59210.00384,499,502
False,363.0288,38.19906,59210.0359424,463,502
False,360.3667,38.08223,59210.067904,454,502
False,357.9972,37.78506,59210.1002496,473,502
False,356.0031,37.58523,59210.1321344,483,502
False,353.7265,37.92653,59210.1636992,465,502
False,351.485,38.84938,59210.1957632,472.5,502
False,349.6069,39.53165,59210.243904,474,502
False,347.3932,39.91555,59210.2761344,487.5,502
False,345.6333,39.9571,59210.3098112,505,502
False,344.1113,39.95786,59210.3411584,486.5,502
False,343.0442,39.79824,59210.3721728,475,502
False,341.8164,39.65587,59210.4044032,463,502
False,340.4655,39.61987,59210.4360064,463,502
False,338.6771,39.64223,59210.4686336,477.5,502
False,336.9489,39.88439,59210.5003264,457,502
False,335.3065,40.77313,59210.5318912,466.5,502
False,334.3362,41.45281,59210.5638784,471.5,502
False,333.2115,41.81606,59210.5958144,477.5,502
False,332.5836,41.98237,59210.6439808,491.5,502
False,331.7247,42.11645,59210.6767104,499.5,502
False,330.8269,42.36208,59210.7090176,504.5,502
False,330.3857,42.72373,59210.7402368,496.5,502
False,329.9883,43.02935,59210.7719424,511,502
False,329.6406,43.18482,59210.80384,505,502
False,329.2678,42.77305,59210.8369664,493.5,502
False,328.7311,42.44981,59210.8688128,496.5,502
False,328.6245,42.40956,59210.9000832,498.5,502
False,328.6111,42.43147,59210.9323648,501,502
False,328.7989,42.45745,59210.964032,495.5,502
False,328.8835,42.34765,59210.9961856,500.5,502
False,328.7903,42.43471,59211.0441088,508,502
False,328.3434,42.49838,59211.076928,515,502
False,328.3954,42.45744,59211.1090432,513,502
False,328.4331,42.42629,59211.14016,511,502
False,328.3763,42.49821,59211.17216,512.5,502
False,328.3046,42.51615,59211.2038656,516,502
False,328.2961,42.42121,59211.2364672,514,502
False,328.3375,42.4507,59211.2685952,515.5,502
False,328.3919,42.46461,59211.299968,504,502
False,328.6194,42.52022,59211.3320448,511,502
False,328.351,42.52426,59211.3651072,529,502
False,328.6507,42.27285,59211.3960832,512.5,502
False,328.6758,42.12947,59211.4444928,508.5,502
False,328.6972,42.13869,59211.4765184,491.5,502
False,329.1936,42.11022,59211.5091968,497.5,502
False,329.131,42.15421,59211.5403136,501.5,502
False,328.8114,42.25834,59211.5724288,504.5,502
False,328.8754,42.13408,59211.6039552,493.5,502
False,328.5321,42.28792,59211.6361344,506.5,502
False,328.817,42.32467,59211.6680448,500,502
False,329.1316,42.21424,59211.700096,508,502
False,328.8365,42.41969,59211.7330304,523,502
False,328.7249,42.5327,59211.7647488,530,502
False,329.3116,42.42268,59211.7964032,513,502
False,329.304,42.38361,59211.8440832,510.5,502
False,329.0412,42.59004,59211.8764416,522,502
False,329.2759,42.32198,59211.9098624,514,502
False,329.2435,42.33923,59211.941568,508.5,502
False,329.1447,42.38862,59211.9721088,512.5,502
False,329.1609,42.33725,59212.0040576,510.5,502
False,328.9759,42.44098,59212.036096,512.5,502
False,329.8769,42.27111,59212.0681856,495.5,502
False,330.424,42.33995,59212.1005184,503.5,502
False,330.4191,42.41749,59212.1321472,507,502
False,330.6257,42.20948,59212.164096,492.5,502
False,330.6221,42.06639,59212.1959936,489.5,502
False,330.3169,42.30611,59212.2443392,496,502
False,330.1675,42.19072,59212.276928,488.5,502
False,329.4881,42.45478,59212.3097216,505,502
False,328.7165,42.72477,59212.3409536,502,502
False,327.5652,43.11578,59212.3724288,499.5,502
False,325.5516,44.02428,59212.4041856,501,502
False,323.9062,44.45279,59212.436864,526,502
False,322.2631,44.72285,59212.4685696,534,502
False,321.3246,44.76921,59212.5002112,518.5,502
False,320.4813,44.89585,59212.5321216,502.5,502
False,320.5732,45.01002,59212.5641216,499,502
False,320.4376,45.09566,59212.5960704,503.5,502
False,320.412,45.02141,59212.6447872,506,502
False,320.0807,45.00871,59212.6764928,516.5,502
False,320.0649,45.03467,59212.708928,524,502
False,320.1079,45.08317,59212.7404544,519,502
False,320.7384,44.85485,59212.7721728,499.5,502
False,320.8742,44.75483,59212.8046976,491.5,502
False,320.3614,44.93801,59212.837184,505.5,502
False,320.1035,44.95158,59212.8683392,502.5,502
False,320.0342,45.02205,59212.9006464,506.5,502
False,319.5668,45.12972,59212.9325184,507.5,502
False,318.0995,45.72338,59212.9641216,526,502
False,315.6614,46.64125,59212.996096,505,502
False,313.2832,46.94793,59213.0442752,518.5,502
False,310.7654,46.96686,59213.077568,513,502
False,309.1833,46.93678,59213.1099136,522,502
False,308.3568,47.06224,59213.1406336,511.5,502
False,307.8923,47.055,59213.1724672,500,502
False,307.7076,47.89301,59213.2042752,512.5,502
False,307.6458,48.86201,59213.2363136,494,502
False,307.0158,49.69223,59213.2687104,495.5,502
False,305.8883,50.3791,59213.3002496,513.5,502
False,304.7318,50.80818,59213.3321472,530,502
False,303.0331,51.34794,59213.3642112,513.5,502
False,301.3905,52.4085,59213.396096,510,502
False,299.7647,52.98277,59213.4448512,532,502
False,297.7729,53.20693,59213.4768512,563,502
False,296.1613,53.32447,59213.5086592,564,502
False,294.2654,53.50312,59213.5405824,561.5,502
False,292.134,53.83047,59213.572544,553.5,502
False,290.507,54.07699,59213.604416,558.5,502
False,288.3413,54.58473,59213.6366976,567.5,502
False,285.9952,54.96107,59213.668672,586.5,502
False,284.3478,54.99943,59213.7001984,585.5,502
False,282.5131,55.14524,59213.7321344,579.5,502
False,279.9136,55.41476,59213.7641984,567,502
False,277.136,55.39211,59213.7962112,578.5,502
False,274.3311,55.05889,59213.8457088,600,502
False,271.4023,54.65436,59213.876672,609.5,502
False,268.608,54.33502,59213.9101824,593.5,502
False,266.3561,53.84558,59213.9405824,585,502
False,264.1161,53.39578,59213.9722112,584.5,502
False,261.735,54.05502,59214.0048384,575.5,502
False,260.0194,54.35329,59214.0364288,584.5,502
False,258.0214,54.39498,59214.068416,584,502
False,255.6687,54.18323,59214.1003776,578.5,502
False,253.4468,54.34639,59214.132352,574.5,502
False,251.3314,54.2714,59214.1647488,592,502
True,249.1012,54.13184,59214.2126976,603,502
True,247.0835,53.8294,59214.24448,614.5,502
True,244.5771,53.37154,59214.2766336,619.5,502
True,241.9004,52.81466,59214.3084032,602.5,502
True,241.4659,53.47083,59214.340736,577,502
True,242.9323,54.5515,59214.3731584,534,502
True,244.9475,55.12664,59214.4053248,508,502
True,246.489,54.56505,59214.436736,515,502
True,247.6271,54.64154,59214.4682752,517.5,502
True,248.4572,54.66215,59214.5004672,516.5,502
True,248.8231,53.95713,59214.5324544,521,502
True,250.3183,53.84657,59214.5645056,522.5,502
False,251.7372,55.19057,59214.6132608,491.5,502
False,253.001,56.46528,59214.6448896,504,502
False,253.0753,57.4387,59214.6769024,522,502
False,252.9073,57.94646,59214.7093504,523,502
False,251.8336,58.55925,59214.7407104,526,502
True,249.6347,60.12584,59214.7724416,547,502
True,247.4002,61.89943,59214.8047744,558.5,502
True,244.8362,64.09589,59214.8364928,584,502
True,242.2211,67.05903,59214.8685056,567.5,502
True,240.047,69.6897,59214.900416,571.5,502
True,238.6535,71.08677,59214.9324928,582,502
True,238.3074,71.32528,59214.9656448,579.5,502
True,239.0097,70.65207,59215.0128512,548,502
True,240.0329,69.75626,59215.0447616,532,502
True,241.3167,69.51773,59215.0766848,540.5,502
True,241.3932,69.95518,59215.1098368,543,502
True,241.3531,71.34798,59215.1407872,557.5,502
True,242.1523,73.10135,59215.1735424,569,502
True,242.8126,75.1278,59215.2050816,596,502
True,243.3214,75.82501,59215.2367872,601,502
True,243.5752,76.17038,59215.2684544,583,502
True,243.3827,76.88454,59215.3004032,550,502
True,244.2138,76.22992,59215.3323904,527,502
True,245.7427,75.40166,59215.3648256,522,502
True,247.2776,75.22888,59215.4134144,550.5,502
True,248.846,75.67767,59215.4452736,560.5,502
True,250.6377,76.7527,59215.4767616,587,502
False,253.2822,79.54469,59215.5097216,593,502
False,258.0905,83.89944,59215.5431168,563.5,502
False,262.1231,87.48203,59215.573184,579.5,502
False,266.4694,90.19168,59215.6045824,593,502
False,272.4193,93.03396,59215.6365312,589,502
False,279.6257,94.67751,59215.6684288,569,502
False,287.5489,95.57206,59215.7004672,569,502
False,295.3637,96.8728,59215.7328896,566,502
False,302.8942,98.56087,59215.7644032,554.5,502
False,310.0431,100.5321,59215.8126592,561,502
False,316.5188,102.5399,59215.8448,593,502
False,323.1823,104.0857,59215.8767872,566,502
False,329.3444,106.0962,59215.9110528,573.5,502
False,335.2528,108.069,59215.9409536,606.5,502
False,341.1642,111.1218,59215.9737344,585.5,502
False,347.2987,114.6221,59216.0071936,572.5,502
False,353.7048,117.4673,59216.0376832,568.5,502
False,360.4326,119.9062,59216.0689664,574,502
False,367.5094,121.6038,59216.1006464,567,502
False,374.4958,123.8042,59216.132672,590,502
False,380.6812,126.4555,59216.1646976,586.5,502
False,386.3221,129.8326,59216.2127232,578.5,502
False,391.3979,133.1876,59216.2450816,578.5,502
False,395.4532,135.1829,59216.2772224,606,502
False,399.5644,136.547,59216.3095936,604.5,502
False,403.1462,137.0532,59216.3410048,586,502
False,405.1732,137.2981,59216.3727744,572.5,502
False,406.1716,138.0597,59216.4049408,561.5,502
False,405.0792,139.3474,59216.4368896,568,502
False,404.0901,140.1906,59216.4685696,573.5,502
False,403.9802,140.5607,59216.5005568,572.5,502
False,404.0954,140.7337,59216.5326336,576.5,502
False,405.3595,141.3108,59216.5645184,592,502
False,407.3931,142.4546,59216.613504,585.5,502
False,409.9051,143.6794,59216.6451456,574,502
False,412.8773,144.8371,59216.6770432,559.5,502
False,414.3663,145.5045,59216.7095296,535.5,502
False,414.28,145.9784,59216.740864,531.5,502
False,412.7061,146.7079,59216.7728768,549,502
False,412.3716,147.2917,59216.8049536,544.5,502
False,412.7711,147.1947,59216.8366208,536,502
False,413.6382,147.3306,59216.8685952,551,502
False,415.0666,147.0733,59216.9005952,546,502
False,416.3856,146.0806,59216.9326848,558.5,502
False,417.8755,145.5281,59216.965376,554.5,502
False,419.3221,144.4862,59217.0131072,592,502
False,420.4964,143.7522,59217.0451328,574.5,502
False,421.8396,143.6375,59217.0769408,589,502
False,423.5244,143.0933,59217.1098624,609,502
False,425.2864,142.4585,59217.14112,596.5,502
False,426.4243,141.9104,59217.1742208,580.5,502
False,426.5468,141.1057,59217.2050944,574,502
False,426.5,140.4017,59217.2366848,578,502
False,426.6942,140.0496,59217.2686208,568,502
False,426.5905,139.9379,59217.3008256,566.5,502
False,426.5369,139.6396,59217.3326592,567.5,502
False,426.3918,139.8366,59217.3655936,559,502
False,426.267,139.7948,59217.413376,553,502
False,426.5288,139.7683,59217.4448,552.5,502
False,426.2633,139.6881,59217.4769536,559.5,502
False,426.3557,139.4409,59217.5100416,575,502
False,426.6103,139.4031,59217.5410048,573.5,502
False,427.2794,139.5906,59217.5731456,565.5,502
False,427.6074,139.7943,59217.6048896,568,502
False,427.68,139.9685,59217.6368,576,502
False,427.5986,139.7603,59217.6687488,573,502
False,427.4861,139.6864,59217.7006208,575,502
False,427.4529,139.6523,59217.7333632,570,502
False,427.3436,139.6248,59217.7650688,553,502
False,427.2423,140.0022,59217.8132992,540,502
False,427.0941,140.0518,59217.844992,540.5,502
False,427.2534,139.6739,59217.876928,555,502
False,427.4211,139.1947,59217.9099008,556.5,502
False,427.4908,138.7424,59217.9427328,559,502
False,427.7451,138.1885,59217.973568,569.5,502
False,428.1469,137.0565,59218.0048768,587.5,502
False,428.4614,135.9627,59218.0367744,598.5,502
False,428.5912,134.974,59218.0687872,590,502
False,428.6332,134.2798,59218.100736,598,502
False,428.6185,133.8768,59218.1330816,609,502
False,428.7567,133.6497,59218.1650944,599.5,502
False,428.7292,133.5861,59218.2130048,602,502
False,428.615,133.3965,59218.2449664,606.5,502
False,428.6297,133.2357,59218.27712,608,502
False,428.6818,133.258,59218.3108736,606,502
False,428.7007,133.0556,59218.3423616,593.5,502
False,428.6011,133.1725,59218.3732096,572,502
False,428.6934,132.5706,59218.4049792,581,502
False,429.0768,131.4974,59218.4369408,586,502
False,429.5848,130.3497,59218.4688256,580.5,502
False,430.0784,128.654,59218.5017728,578,502
False,430.2961,127.1509,59218.5327616,550,502
False,429.9286,125.4213,59218.5651968,553,502
False,430.1309,123.6738,59218.6130176,563,502
False,430.3392,122.0065,59218.645952,592.5,502
False,430.4077,121.079,59218.677504,582.5,502
False,430.6156,120.6511,59218.7099648,577.5,502
False,430.6982,120.7737,59218.7411456,570,502
False,430.6646,120.6483,59218.7731328,571,502
False,430.4294,120.1746,59218.8049536,577.5,502
False,430.3333,119.4398,59218.8373504,591.5,502
False,430.1569,118.3143,59218.8689024,604.5,502
False,429.9598,116.934,59218.9008128,609,502
False,429.8828,115.5249,59218.9328256,625.5,502
False,429.8813,113.8039,59218.9648384,619.5,502
False,429.964,112.5758,59219.0134784,610.5,502
False,430.2327,111.9501,59219.0455808,571.5,502
False,430.469,110.9929,59219.077056,566.5,502
False,429.9683,110.1427,59219.1099136,567.5,502
False,428.9842,109.5854,59219.1411968,547.5,502
False,428.8199,108.2032,59219.1736832,563.5,502
False,429.088,106.3734,59219.2053632,570,502
False,429.1968,104.707,59219.2373248,587,502
False,429.2374,103.3635,59219.2689408,608,502
False,429.3419,102.0116,59219.3008896,605,502
False,429.397,101.0979,59219.332864,589,502
False,429.285,101.404,59219.3654784,582.5,502
False,429.3118,101.4149,59219.4135296,580.5,502
False,429.3139,101.4884,59219.4452608,583.5,502
False,429.4539,101.2896,59219.4772096,590.5,502
False,429.533,101.2806,59219.5101184,591,502
False,429.498,101.0911,59219.5414656,598,502
False,429.5916,100.5613,59219.574144,604,502
False,429.8378,100.4226,59219.605376,614.5,502
False,430.1517,99.93506,59219.636992,618.5,502
False,430.0451,99.74262,59219.6689408,621,502
False,430.174,99.73209,59219.700928,614,502
False,429.936,99.85722,59219.732864,617.5,502
False,429.8563,100.0641,59219.7654784,616,502
False,430.1116,100.0704,59219.8132096,622.5,502
False,429.69,100.1716,59219.8457856,607,502
False,429.6664,100.0239,59219.8777088,607,502
False,429.6774,99.70033,59219.909504,619,502
False,429.9251,99.1816,59219.9413888,625,502
False,430.3276,97.98274,59219.972992,637.5,502
False,430.4778,96.51093,59220.0057856,648.5,502
False,430.8125,94.69074,59220.0371072,623,502
False,430.7701,92.87619,59220.069056,612.5,502
False,430.3789,91.69421,59220.101376,611,502
False,430.1366,90.94827,59220.1330176,609,502
False,430.3043,89.27603,59220.164928,619.5,502
False,430.2545,87.19707,59220.2130688,649.5,502
False,430.0097,85.09013,59220.2457088,638,502
False,429.983,81.93959,59220.2778624,629,502
False,430.7988,78.70359,59220.310656,654.5,502
False,431.4651,75.99052,59220.3414912,632.5,502
False,431.8517,72.945,59220.3734016,597,502
False,431.2867,70.39119,59220.4052096,579,502
False,430.4179,68.93622,59220.4376832,577.5,502
False,430.1231,67.44786,59220.4701568,585,502
False,429.7916,65.42746,59220.5010688,579,502
False,429.9983,63.90088,59220.5333376,570,502
False,430.2754,62.51654,59220.5650176,589.5,502
False,430.484,61.5601,59220.613248,574,502
False,430.6329,60.19983,59220.6452864,568,502
False,431.0796,59.07137,59220.6778496,567.5,502
False,431.6071,57.94489,59220.7101184,556.5,502
False,431.4352,57.41375,59220.7416064,543,502
False,430.3407,57.91394,59220.7731328,519,502
False,429.9177,58.65086,59220.805248,516.5,502
False,429.743,58.88483,59220.8375552,506.5,502
False,429.7743,58.89886,59220.8695552,512.5,502
False,429.7083,59.12818,59220.9011328,504.5,502
False,430.8187,57.33061,59220.9330688,551.5,502
False,430.8148,57.35078,59220.965824,563.5,502
False,431.3972,57.01901,59221.013312,561,502
False,432.0177,56.797,59221.045312,555,502
False,432.8448,56.45524,59221.0780032,545.5,502
False,433.1181,56.01544,59221.110208,550.5,502
False,430.3333,59.39812,59221.14144,442.5,502
False,430.2044,59.48756,59221.1736576,435.5,502
False,432.6319,56.73844,59221.2056064,522.5,502
False,432.729,56.30624,59221.2376832,510.5,502
False,432.9229,55.61634,59221.2694912,536.5,502
False,433.0685,55.33015,59221.3010944,523.5,502
False,430.744,57.73193,59221.3331456,429,502
False,431.4173,57.48671,59221.3651584,432.5,502
False,431.6276,57.21684,59221.4133504,443.5,502
False,431.4413,57.55952,59221.4458496,420,502
False,431.313,58.02711,59221.4776064,393.5,502
False,430.968,57.98162,59221.5102208,390,502
False,431.0099,57.9593,59221.5416192,389,502
False,430.6985,58.0537,59221.5732224,403.5,502
False,430.9567,58.22351,59221.6057472,388.5,502
False,430.9026,58.44896,59221.6377344,393.5,502
False,430.8902,58.39103,59221.6692608,390,502
False,430.7606,58.26823,59221.7011968,404.5,502
False,430.6675,58.50634,59221.7335552,381.5,502
False,430.5112,58.24544,59221.765504,402,502
False,434.0456,55.08882,59221.8133888,501,502
False,430.386,58.06936,59221.8454144,408.5,502
False,430.5176,58.51461,59221.877504,388,502
False,432.9073,55.84962,59221.910336,465.5,502
False,429.8731,59.77401,59221.9434752,383.5,502
False,431.2616,57.65784,59221.9736576,453,502
False,431.0556,57.62648,59222.0057216,464.5,502
False,429.6678,60.46211,59222.0374016,424.5,502
False,430.0901,60.61341,59222.0692608,447.5,502
False,430.0361,60.70907,59222.1021824,452,502
False,430.1636,60.71398,59222.133696,468.5,502
False,430.2428,60.86368,59222.1652352,480.5,502
False,430.4071,61.07922,59222.2133376,486,502
False,430.5495,60.91059,59222.2455168,486.5,502
False,430.5878,60.91906,59222.2776448,488,502
False,430.5624,60.95679,59222.3109888,486,502
False,430.4792,60.88225,59222.3416064,485.5,502
False,430.6514,60.63988,59222.373376,491.5,502
False,430.5335,60.56504,59222.4054912,492,502
False,430.676,60.21224,59222.4375168,501,502
False,430.7021,59.96621,59222.469824,508,502
False,430.8251,59.92556,59222.502208,506,502
False,430.9918,59.91446,59222.5335296,508.5,502
False,431.0511,59.75671,59222.5653376,509,502
False,431.0754,59.77581,59222.6138112,508.5,502
False,431.1701,59.70927,59222.6461056,512.5,502
False,431.1245,59.61414,59222.677824,514,502
False,431.2792,59.63751,59222.7103104,514.5,502
False,431.0861,59.66275,59222.7417728,511,502
False,431.2107,59.57929,59222.7745408,515,502
False,431.2018,59.55697,59222.8060416,510.5,502
False,430.8116,59.45452,59222.837952,518.5,502
False,430.7822,59.51873,59222.8694528,525,502
False,430.8063,59.46501,59222.9014272,524,502
False,430.5551,59.32674,59222.9333504,530.5,502
False,430.6102,58.96551,59222.965376,546,502
False,430.7256,58.68186,59223.0142592,559.5,502
False,430.7355,58.60202,59223.0455424,559.5,502
False,430.9852,58.44504,59223.0776064,562.5,502
False,431.092,58.34877,59223.1112704,561.5,502
False,431.2777,57.75952,59223.1430016,569,502
False,431.6181,56.25179,59223.1737856,607,502
False,431.7535,55.7023,59223.2062848,622,502
False,431.6717,55.32309,59223.2375808,634.5,502
False,431.6581,54.90902,59223.2703488,643,502
False,431.6023,54.57884,59223.3017984,639.5,502
False,431.0265,55.73796,59223.3333632,598.5,502
False,431.0222,55.31337,59223.3653632,609.5,502
False,430.9616,55.57658,59223.4134784,586.5,502
False,430.9614,55.94094,59223.4457472,587,502
False,431.0189,56.06157,59223.4782464,582,502
False,431.0463,55.92271,59223.5113088,586.5,502
False,430.9675,55.96778,59223.541824,584.5,502
False,430.763,55.91594,59223.5736448,571,502
False,430.7788,56.68208,59223.6056064,551.5,502
False,430.808,57.40751,59223.6377088,546,502
False,430.8755,57.58295,59223.6703232,547.5,502
False,430.8305,57.49471,59223.7017856,551.5,502
False,431.1813,57.60765,59223.73344,553.5,502
False,430.9108,57.57772,59223.7654272,579,502
False,430.757,57.45682,59223.81376,579,502
False,430.839,57.11528,59223.8454528,572.5,502
False,430.9342,56.91833,59223.8782336,577.5,502
False,431.0514,56.18273,59223.911168,581,502
False,431.0527,55.42216,59223.942016,576,502
False,430.6847,54.92431,59223.973952,583.5,502
False,430.3188,54.30322,59224.0060416,575.5,502
False,430.1337,53.88168,59224.0379008,586,502
False,430.3289,53.59737,59224.0694912,596.5,502
False,430.7518,53.50997,59224.1014784,593.5,502
False,431.1328,53.36166,59224.133504,606,502
False,431.1581,53.40022,59224.1655168,603,502
False,431.1352,53.17733,59224.2146432,601.5,502
False,431.0415,52.67205,59224.2461056,618.5,502
False,431.0161,52.18076,59224.2778624,632.5,502
False,431.0205,52.49699,59224.3107712,609,502
False,431.0158,52.3497,59224.34208,611,502
False,431.1069,52.05238,59224.3751296,620.5,502
False,431.0717,52.0281,59224.405888,611,502
False,431.0966,52.07829,59224.4375424,611,502
False,431.1929,51.65361,59224.469504,625.5,502
False,431.1471,51.61852,59224.5014912,630,502
False,431.1669,51.59516,59224.5334784,627,502
False,431.1993,51.53933,59224.566784,623,502
False,431.1556,51.69606,59224.6141568,618,502
False,430.9232,51.69953,59224.6458368,603.5,502
False,430.8839,51.74129,59224.6783104,607.5,502
False,431.0068,51.50926,59224.7107072,612,502
False,430.9846,51.32176,59224.7420032,605,502
False,431.024,51.25307,59224.7743488,610.5,502
False,430.9995,50.93425,59224.8061184,621,502
False,430.9134,51.10877,59224.837952,617.5,502
False,430.9928,50.92147,59224.8696448,624,502
False,430.8956,50.901,59224.9016064,619.5,502
False,430.9118,50.89255,59224.9336576,622,502
False,430.9218,50.94709,59224.9657216,620.5,502
False,430.5721,50.86215,59225.014592,613,502
False,430.4214,50.43924,59225.0458112,609,502
False,430.3323,49.86699,59225.0783488,621.5,502
False,430.1857,49.41746,59225.1114368,630,502
False,429.9813,48.81105,59225.14208,624.5,502
False,429.9011,48.11085,59225.1737344,628.5,502
False,429.7921,47.01299,59225.2056832,628.5,502
False,429.8953,46.22859,59225.238016,611,502
False,429.6549,44.85422,59225.269632,594.5,502
False,428.5288,44.12683,59225.3023232,604.5,502
False,426.1479,42.08276,59225.334208,654.5,502
False,427.0587,43.12754,59225.3656448,581.5,502
False,426.7114,42.7952,59225.4141312,577,502
False,426.0437,42.39389,59225.4457728,572.5,502
False,425.6152,41.2489,59225.4783488,566.5,502
False,425.0898,40.29137,59225.5114368,572,502
False,424.0559,38.85062,59225.541952,602.5,502
False,424.8523,39.44664,59225.5737856,557.5,502
False,424.5428,39.43121,59225.605696,558.5,502
False,424.1127,39.3375,59225.6376576,560.5,502
False,423.47,38.82462,59225.670144,555,502
False,421.7457,36.49578,59225.7021312,573.5,502
False,419.7385,34.37864,59225.733824,577.5,502
False,417.8785,33.89381,59225.7657856,576,502
False,416.6025,33.84753,59225.814144,587,502
False,416.1953,33.51004,59225.8462976,581,502
False,415.7973,33.19351,59225.8783872,565,502
False,415.7101,32.91592,59225.91072,557,502
False,415.3247,33.18255,59225.9424512,540.5,502
False,414.2786,33.14366,59225.9738496,532.5,502
False,412.3515,33.16097,59226.0057856,541.5,502
False,409.275,33.10505,59226.0377088,531.5,502
False,406.6439,32.60557,59226.070016,556.5,502
False,404.2996,32.46722,59226.1026688,544,502
False,399.8356,31.85004,59226.1343616,553.5,502
False,396.331,32.10009,59226.165888,574.5,502
False,396.3127,33.54364,59226.2143744,508,502
False,393.7472,33.21058,59226.2459776,501,502
False,389.9066,32.88192,59226.278976,494,502
False,383.9153,32.09997,59226.3108608,588.5,502
False,380.5318,31.19229,59226.3428096,592,502
False,376.9034,31.5025,59226.3745152,567.5,502
False,375.5851,32.82331,59226.4061824,482,502
False,372.3684,34.43252,59226.4377472,470.5,502
False,368.4414,34.51062,59226.4698624,455,502
False,364.5719,34.11169,59226.501824,482,502
False,360.8745,33.59642,59226.5337472,512.5,502
False,357.1341,33.3764,59226.5666176,549.5,502
False,353.4002,33.52234,59226.6143104,533.5,502
False,350.2002,34.11856,59226.645952,537,502
False,347.6235,34.7733,59226.6783488,533,502
False,346.2298,34.8845,59226.7108352,544,502
False,344.9761,34.92714,59226.7420928,517,502
False,344.1089,34.1913,59226.7745664,517.5,502
False,343.049,33.68019,59226.8062592,517.5,502
False,341.3929,33.464,59226.8379776,525.5,502
False,339.4948,33.13278,59226.8698624,546,502
False,337.5728,33.37264,59226.901824,547,502
False,335.3029,33.20716,59226.934336,553.5,502
False,332.9706,33.02757,59226.9663232,532,502
False,330.5482,33.26937,59227.0140544,529,502
False,328.3414,33.61013,59227.0460416,539.5,502
False,327.0526,34.06411,59227.0785664,535.5,502
False,325.8794,34.3215,59227.1112064,507,502
False,325.9678,33.92797,59227.1442304,497.5,502
False,325.8867,33.56471,59227.1744,485.5,502
False,325.7672,33.3797,59227.2059648,492.5,502
False,325.7298,33.34191,59227.2380672,486,502
False,325.8584,33.46193,59227.2699136,486,502
False,325.7484,33.46619,59227.3019264,485.5,502
False,325.4642,33.4094,59227.3343872,493,502
False,325.8208,33.49399,59227.3663872,485.5,502
False,325.5197,33.42548,59227.41408,492,502
False,325.7942,33.52211,59227.4461312,490,502
False,325.6185,33.43517,59227.478656,491,502
False,325.5066,33.40074,59227.5115392,494.5,502
False,325.4721,33.38703,59227.5441536,493.5,502
False,325.7924,33.54827,59227.5742208,473,502
False,326.0638,33.45594,59227.6063744,478.5,502
False,326.515,33.64928,59227.6383104,489,502
False,326.4929,33.52642,59227.6699136,501.5,502
False,326.786,33.61787,59227.7019904,505.5,502
False,326.9053,33.45231,59227.734016,494.5,502
False,327.221,33.39095,59227.7660288,512,502
False,327.3621,33.53172,59227.8148864,515,502
False,327.6299,33.41683,59227.846528,513,502
False,327.6712,33.24541,59227.8786816,517.5,502
False,327.9666,32.97805,59227.9100928,524,502
False,327.9037,32.9847,59227.9422464,512,502
False,327.9737,33.01743,59227.9742976,526,502
False,327.8649,32.88836,59228.0066048,525.5,502
False,327.8224,32.9952,59228.0383488,521,502
False,327.76,32.92097,59228.0700416,523,502
False,327.7447,32.93091,59228.1025408,523.5,502
False,327.7708,32.90751,59228.1340928,528,502
False,327.7461,32.95088,59228.1670784,522.5,502
False,327.6061,32.91832,59228.2146304,528.5,502
False,327.5634,33.08733,59228.2465152,521,502
False,327.6106,33.25066,59228.2786304,502,502
False,327.3757,33.37508,59228.31104,511,502
False,327.4088,33.44244,59228.3422976,499.5,502
False,327.4463,33.21511,59228.3752832,507.5,502
False,327.6022,32.96631,59228.4066944,509.5,502
False,327.9144,32.80077,59228.4380928,522,502
False,328.312,32.48808,59228.4707584,524.5,502
False,328.4091,32.65324,59228.5024896,521.5,502
False,328.0929,32.45998,59228.5341184,533,502
False,328.4061,32.48128,59228.5661184,543,502
False,328.6046,32.42123,59228.6141312,529,502
False,328.4627,32.35579,59228.6461568,534.5,502
False,328.5294,32.42369,59228.6794112,522,502
False,328.5749,32.54364,59228.7117184,517.5,502
False,328.4881,32.45299,59228.7423744,526.5,502
False,328.4037,32.45581,59228.7742592,528,502
False,328.4815,32.55428,59228.80608,522,502
False,328.245,32.34675,59228.8385792,534,502
False,328.2378,32.54016,59228.8704256,527,502
False,328.2723,32.3044,59228.9025792,530,502
False,328.4797,32.42392,59228.9341184,522.5,502
False,328.3667,32.50158,59228.9662208,529,502
False,328.3371,32.47881,59229.0141824,527,502
False,328.0758,32.44952,59229.0461824,536.5,502
False,328.3333,32.42318,59229.0795136,525,502
False,327.9473,32.77702,59229.1114496,512,502
False,327.3811,33.10136,59229.1424128,513,502
False,327.1155,32.86525,59229.1744384,519.5,502
False,327.0425,32.60473,59229.206144,514,502
False,327.2373,32.84005,59229.238208,508.5,502
False,327.071,32.54805,59229.270656,518.5,502
False,327.2613,32.69376,59229.3021824,504.5,502
False,327.2974,32.80275,59229.3342208,509.5,502
False,327.3963,32.49326,59229.3661184,519,502
False,327.4936,32.60843,59229.4142208,518,502
False,327.2595,32.54094,59229.4467968,517,502
False,327.2282,32.57634,59229.4792576,518.5,502
False,326.3739,32.97122,59229.5116928,538.5,502
False,324.8024,33.31559,59229.5425024,535.5,502
False,323.0561,33.22936,59229.574336,529,502
False,320.9135,32.67885,59229.606144,533.5,502
False,319.0019,32.25274,59229.6387328,531.5,502
False,317.7849,32.71298,59229.670656,547,502
False,317.4154,32.82528,59229.7022848,548.5,502
False,316.404,32.82924,59229.7342976,589.5,502
False,316.1358,32.84547,59229.7665536,577,502
False,314.9893,32.98661,59229.8146816,610,502
False,313.5762,33.41809,59229.8464,613.5,502
False,312.1506,33.48339,59229.8785792,602,502
False,312.1693,33.46884,59229.911168,583,502
False,310.9811,33.22658,59229.9425792,599.5,502
False,311.1935,33.25179,59229.9766016,560,502
False,311.1934,32.77868,59230.0067456,555,502
False,310.9283,32.40346,59230.0387968,549,502
False,310.3649,32.35419,59230.0703488,543.5,502
False,309.5695,32.32923,59230.1027968,528,502
False,308.3592,32.24657,59230.1343872,522.5,502
False,307.1247,32.9044,59230.1662592,526.5,502
False,306.697,33.66824,59230.2148736,528,502
False,306.4506,34.19835,59230.2464384,526,502
False,306.1616,34.69847,59230.2792192,513.5,502
False,305.7958,35.11881,59230.3111552,498,502
False,305.2848,35.694,59230.3427072,494,502
False,304.7294,35.94209,59230.3761792,518,502
False,303.797,36.37146,59230.4064256,511.5,502
False,303.1485,36.31858,59230.4386944,519.5,502
False,302.9738,36.45833,59230.4703104,516,502
False,303.1443,36.41276,59230.5024512,491,502
False,303.2811,36.34866,59230.5342848,478.5,502
False,303.2892,36.43401,59230.5667328,468.5,502
False,303.2839,36.58895,59230.6146048,482.5,502
False,303.2473,36.5465,59230.6464896,478.5,502
False,303.5046,36.35719,59230.6789888,468,502
False,303.1982,36.28546,59230.7114496,470,502
False,303.2129,36.30451,59230.7434496,480,502
False,302.9838,36.35953,59230.7755136,483.5,502
False,303.0819,36.34397,59230.806336,470,502
False,303.0819,36.3546,59230.8386944,478,502
False,303.1058,36.35288,59230.8704512,477.5,502
False,302.9346,36.57724,59230.9024768,492,502
False,301.8582,37.26604,59230.9348992,483,502
False,299.9235,37.62629,59230.9664,470.5,502
False,298.5667,38.53462,59231.0144896,493.5,502
False,300.9529,38.76657,59231.0464512,357,502
False,300.6917,40.56536,59231.0790656,345.5,502
False,299.9939,41.92395,59231.1119744,383.5,502
False,298.9227,42.81359,59231.1433344,409.5,502
False,297.3864,43.52264,59231.1744256,427,502
False,295.5259,44.20567,59231.2063872,446.5,502
False,293.0574,45.26747,59231.2384128,455.5,502
False,290.4861,46.89722,59231.270784,473.5,502
False,288.5688,47.89219,59231.3025152,488.5,502
False,286.4658,49.11834,59231.3345408,507,502
False,284.2944,50.19009,59231.3663616,487.5,502
False,282.1929,52.02198,59231.4144768,470,502
False,280.7107,53.55381,59231.4472064,477,502
False,278.9453,54.98175,59231.4790528,484,502
False,276.9941,55.97266,59231.511808,481.5,502
False,274.3371,57.05447,59231.5432704,486.5,502
False,271.7186,57.58131,59231.5744,513.5,502
False,269.1457,57.97675,59231.6066048,537.5,502
False,266.2963,58.507,59231.6384512,571,502
False,264.3898,58.90691,59231.67104,564,502
False,261.8176,59.68598,59231.703168,561,502
False,258.8411,60.06447,59231.7348864,545.5,502
False,256.4394,60.9496,59231.7665664,539,502
False,254.1464,61.77799,59231.8146304,531.5,502
False,251.6704,62.73478,59231.846528,531,502
True,249.0557,63.73207,59231.8790528,530,502
True,246.3795,64.79317,59231.9123328,527,502
True,244.9295,64.97363,59231.9428352,524.5,502
True,244.1944,64.7432,59231.975936,496.5,502
True,245.0667,64.64406,59232.0071296,464.5,502
True,247.2054,64.65895,59232.0386304,453.5,502
True,248.6262,64.62044,59232.0704128,461.5,502
True,248.7328,64.69598,59232.1025152,489,502
True,247.7404,65.09926,59232.1348864,515.5,502
True,246.4988,66.04753,59232.166848,540,502
True,245.3474,66.95532,59232.2152192,567,502
True,244.6171,67.5099,59232.2468224,572,502
True,243.8099,68.3008,59232.2788864,584,502
True,243.2312,68.90423,59232.311616,579.5,502
True,243.1809,69.33508,59232.3441792,575,502
True,244.3379,68.52276,59232.3762688,545.5,502
True,246.3605,66.92632,59232.4066688,509,502
True,247.5174,66.55456,59232.4388864,502.5,502
True,248.5616,65.79765,59232.4704896,495,502
True,249.6431,65.62087,59232.5025408,495,502
True,250.3831,66.01637,59232.5345024,509,502
True,250.8195,66.65538,59232.5668736,517,502
True,250.9802,67.42953,59232.6147584,521.5,502
True,250.9431,68.87799,59232.646848,530,502
True,250.7399,70.21276,59232.6787456,546,502
True,250.9613,71.14955,59232.7116672,555,502
False,251.4227,71.44574,59232.7450496,556,502
False,252.3546,71.52142,59232.7758464,556.5,502
False,253.3933,71.64154,59232.8069888,550.5,502
False,254.6777,71.72212,59232.8389376,544,502
False,255.9766,72.06371,59232.8705152,541.5,502
False,257.0352,72.68186,59232.9025536,548.5,502
False,258.5992,73.77636,59232.934592,548.5,502
False,261.2673,75.92977,59232.96736,515,502
False,264.7458,78.67834,59233.0153088,514,502
False,267.4677,81.59738,59233.0467712,522,502
False,270.8329,85.49918,59233.0793216,512.5,502
False,273.8702,88.831,59233.1118336,535.5,502
False,276.8456,91.4887,59233.143168,538.5,502
False,280.8356,94.28104,59233.176,554.5,502
False,286.0598,97.38528,59233.2070528,577.5,502
False,291.3912,100.3677,59233.2386048,596.5,502
False,296.596,104.0485,59233.270656,564,502
False,301.8828,108.0069,59233.3026048,559,502
False,307.4689,111.3017,59233.3346304,579,502
False,313.5227,113.5491,59233.3674368,568.5,502
False,319.9193,115.6507,59233.4161792,563.5,502
False,325.9756,118.9637,59233.4469248,559.5,502
False,331.0923,123.1324,59233.4789248,545,502
False,336.203,127.8956,59233.5117696,552.5,502
False,340.656,131.7297,59233.542976,560.5,502
False,345.2629,134.5623,59233.575808,563.5,502
False,349.9469,135.8398,59233.606848,552.5,502
False,354.3631,136.6432,59233.6388352,554.5,502
False,358.6842,138.6238,59233.6707072,559.5,502
False,361.5455,140.4977,59233.7026432,554.5,502
False,364.2972,142.5664,59233.73504,553.5,502
False,368.1995,144.4761,59233.7672704,561.5,502
False,372.7066,144.9389,59233.8153088,567,502
False,376.9146,144.7245,59233.8469376,556,502
False,381.054,143.7502,59233.8789888,553,502
False,384.7065,143.9023,59233.9118464,561,502
False,388.2598,145.0308,59233.9448704,569,502
False,390.4495,147.0106,59233.9751552,581,502
False,393.5028,147.8797,59234.0068992,623.5,502
False,396.5061,147.9873,59234.0388352,632,502
False,399.1604,147.5577,59234.0707712,602.5,502
False,401.3659,146.4409,59234.1034112,598,502
False,403.4496,145.5971,59234.1350528,603.5,502
False,405.9628,145.7102,59234.1667968,582,502
False,407.6506,146.4527,59234.2149504,582,502
False,407.636,147.4265,59234.2469632,570.5,502
False,408.0224,147.5859,59234.2789376,542.5,502
False,408.9279,148.3659,59234.3128192,578,502
False,409.0257,148.4123,59234.3432704,551,502
False,409.6729,148.5866,59234.3755136,564,502
False,410.1339,148.9622,59234.4069504,551.5,502
False,410.8749,148.5829,59234.4387584,565,502
False,412.6764,148.7147,59234.4716032,548.5,502
False,414.4641,148.6685,59234.5030784,541.5,502
False,415.6317,147.9424,59234.5347456,538.5,502
False,416.6654,147.2711,59234.5668352,538,502
False,417.7598,146.5147,59234.6149632,544,502
False,419.0812,145.5754,59234.6468608,531.5,502
False,420.0798,144.7527,59234.6800896,534.5,502
False,420.8347,144.3737,59234.7120256,548.5,502
False,421.5499,143.8783,59234.7434496,564,502
False,421.9458,143.8426,59234.7748352,557,502
False,422.648,143.7601,59234.8068864,554.5,502
False,423.22,143.1824,59234.839744,550,502
False,423.7192,142.2972,59234.8708864,558.5,502
False,423.8572,141.7577,59234.9029376,551,502
False,423.99,141.4381,59234.9353088,547,502
False,424.7307,140.3649,59234.966912,549.5,502
False,425.6801,138.8915,59235.0150144,557.5,502
False,427.0447,137.0444,59235.0471552,544.5,502
False,427.511,134.5806,59235.0795136,548,502
False,427.8451,132.7832,59235.1129728,552,502
False,428.2464,131.7017,59235.1451648,546.5,502
False,428.6873,131.6355,59235.1752192,540,502
False,429.1274,131.5988,59235.2068736,532.5,502
False,429.0212,131.5316,59235.2388224,527,502
False,429.2326,131.2377,59235.2708224,521,502
False,429.3607,130.7311,59235.3033344,530.5,502
False,429.4266,129.5636,59235.3356032,545,502
False,429.524,128.5632,59235.367808,543,502
False,429.9899,127.2188,59235.4154752,545.5,502
False,429.9837,126.1032,59235.4470144,542.5,502
False,430.2927,124.9016,59235.4796672,545.5,502
False,430.419,123.8467,59235.5120128,554.5,502
False,431.4404,122.4317,59235.5435776,554,502
False,431.6138,120.6449,59235.575296,552,502
False,431.139,118.2656,59235.606976,554,502
False,430.7545,116.152,59235.6389248,579,502
False,430.8613,114.057,59235.6709376,608,502
False,431.0128,111.7964,59235.7029888,611.5,502
False,431.0578,109.9419,59235.7354752,623,502
False,430.9393,108.9663,59235.7679616,618,502
False,430.874,108.3565,59235.8155392,625.5,502
False,430.7363,107.8088,59235.847104,615.5,502
False,430.492,107.8161,59235.879552,614.5,502
False,430.5987,107.8216,59235.9119616,603.5,502
False,430.5745,107.9855,59235.9432704,611,502
False,430.5357,107.9976,59235.9754752,613.5,502
False,430.5632,108.0136,59236.0070016,612,502
False,430.5626,107.9739,59236.0389504,613.5,502
False,430.5907,108.2762,59236.0710272,603.5,502
False,430.5379,108.2842,59236.1030528,600.5,502
False,430.5602,108.1624,59236.1355008,610.5,502
False,430.5104,108.1768,59236.167424,608,502
False,430.5232,108.0923,59236.2150912,612,502
False,430.5587,108.1349,59236.247104,608,502
False,430.5255,108.1867,59236.2796416,611.5,502
False,430.5527,108.1922,59236.3120896,607,502
False,430.6115,108.2479,59236.3445376,601,502
False,430.5871,108.1755,59236.3753856,605,502
False,430.5512,108.2061,59236.4070016,605,502
False,430.622,108.086,59236.4393728,608.5,502
False,430.5566,108.0095,59236.4709888,613.5,502
False,430.5833,108.0654,59236.5031296,609.5,502
False,430.5492,108.0431,59236.5350272,611.5,502
False,430.5125,107.9344,59236.5675776,612,502
False,430.6651,106.6951,59236.6157696,622,502
False,431.106,103.9713,59236.6476544,614.5,502
False,431.3451,100.6736,59236.6796928,579,502
False,430.774,98.15847,59236.7121152,579.5,502
False,430.2565,96.55688,59236.7433088,586,502
False,430.2047,95.18835,59236.7768704,592,502
False,430.1832,93.54873,59236.8075264,610.5,502
False,430.3588,92.26543,59236.8394368,596.5,502
False,430.7523,92.03078,59236.871104,595.5,502
False,431.0307,91.8015,59236.9031424,602,502
False,431.3584,91.6067,59236.9351168,597.5,502
False,431.1064,91.41408,59236.9672832,611,502
False,431.1629,91.80386,59237.0157696,596.5,502
False,431.2737,91.77527,59237.0479488,598.5,502
False,431.293,91.62299,59237.0801536,603,502
False,431.2758,91.56124,59237.112128,605.5,502
False,431.2831,91.58472,59237.1435008,604,502
False,431.2657,91.57049,59237.1751552,606.5,502
False,431.2715,91.56986,59237.2070656,609.5,502
False,431.2658,91.60678,59237.2394624,609.5,502
False,431.2681,91.65401,59237.271168,605.5,502
False,431.2279,91.51967,59237.3032064,610,502
False,431.3046,91.51741,59237.3352192,603,502
False,431.2672,91.51248,59237.367232,607.5,502
False,431.229,91.59464,59237.4159104,608.5,502
False,431.2672,91.53954,59237.4476672,607,502
False,431.2366,91.50661,59237.4797568,605,502
False,431.2301,91.59912,59237.5124352,607,502
False,431.2285,91.46129,59237.5454208,607,502
False,431.2484,91.50921,59237.5758592,606.5,502
False,431.2094,91.50745,59237.607296,604,502
False,431.113,91.58533,59237.6391808,604.5,502
False,431.0341,91.4721,59237.6719104,582.5,502
False,431.2556,91.41474,59237.703168,585.5,502
False,431.3127,91.20186,59237.7360768,573,502
False,431.3107,91.01044,59237.768064,575,502
False,431.2877,91.27532,59237.8154368,577.5,502
False,431.3075,91.39433,59237.8478976,587.5,502
False,431.3154,91.37582,59237.8793728,584.5,502
False,431.1109,91.23161,59237.9125504,580,502
False,430.9879,90.51597,59237.945792,595,502
False,431.0308,90.00308,59237.9761408,595.5,502
False,431.151,89.15592,59238.0076928,612.5,502
False,431.6003,87.61597,59238.0393216,618,502
False,431.7167,85.47483,59238.0711936,596,502
False,431.007,82.74168,59238.103936,575.5,502
False,430.3219,80.68166,59238.1356032,567,502
False,429.69,78.47816,59238.1672448,606.5,502
False,429.5322,76.61024,59238.2159488,602.5,502
False,429.5523,75.49459,59238.2473728,600.5,502
False,429.9038,75.0033,59238.2795136,606.5,502
False,430.2971,74.20768,59238.3125376,607.5,502
False,430.4213,73.84223,59238.3437184,608.5,502
False,430.4846,73.61534,59238.3766784,604,502
False,430.3446,72.99506,59238.4077056,606.5,502
False,430.4953,72.444,59238.4392704,620.5,502
False,430.6765,72.31053,59238.471232,614,502
False,430.7298,72.55235,59238.5032448,605,502
False,430.6419,72.41766,59238.5353344,626.5,502
False,430.6174,72.60623,59238.5684224,609.5,502
False,430.5518,72.61828,59238.6156672,616.5,502
False,430.5836,72.58414,59238.6479872,616,502
False,430.5746,72.66284,59238.679744,610,502
False,430.5968,72.63721,59238.7136128,611,502
False,430.6694,72.60278,59238.74496,610.5,502
False,430.6092,72.60189,59238.7756032,617.5,502
False,430.5557,72.42614,59238.8073984,616,502
False,430.5305,72.60143,59238.839296,585,502
False,430.9029,71.8047,59238.8712704,602.5,502
False,430.994,70.18479,59238.9040384,616,502
False,431.14,68.25829,59238.9357696,608.5,502
False,431.1743,66.17433,59238.9674624,609,502
False,430.7173,63.66862,59239.0156416,598.5,502
False,430.4712,61.71005,59239.0473088,607,502
False,430.3771,59.7379,59239.0801536,606,502
False,430.3657,58.1575,59239.1130624,618,502
False,430.1537,56.61186,59239.1439616,593,502
False,429.8447,55.93513,59239.1753856,573,502
False,430.0155,55.037,59239.2074368,558.5,502
False,430.5782,53.89499,59239.2397568,546,502
False,430.636,51.57178,59239.2713856,548,502
False,430.0404,49.68688,59239.3038848,536,502
False,428.7952,48.07306,59239.3364224,531.5,502
False,427.3482,46.39431,59239.3834624,527.5,502
False,426.9874,44.86795,59239.4155648,544,502
False,426.5917,43.70022,59239.447552,531.5,502
False,426.6237,43.24825,59239.480192,523,502
False,426.7351,42.49903,59239.5133184,516,502
False,426.5137,41.71419,59239.5442048,515.5,502
False,426.06,40.42188,59239.5766272,519.5,502
False,425.391,39.02539,59239.607744,512,502
False,423.6604,37.60934,59239.6395264,503,502
False,421.9689,36.79258,59239.671424,476.5,502
False,420.4647,36.14189,59239.7034624,491,502
False,418.8264,34.53675,59239.7355648,526,502
False,418.3262,33.59807,59239.7840256,534.5,502
False,418.4959,33.40254,59239.815744,525,502
False,418.7236,33.19529,59239.8475904,509.5,502
False,418.5945,33.2456,59239.8801408,492,502
False,418.3217,33.38243,59239.9125504,499,502
False,417.2737,33.05056,59239.944128,517.5,502
False,415.6104,33.01304,59239.9767168,524,502
False,414.4423,33.21895,59240.0074368,526,502
False,413.6108,32.82876,59240.0401408,528.5,502
False,412.7268,32.37839,59240.0719616,529,502
False,411.5747,32.20103,59240.1036032,516.5,502
False,411.1069,32.21417,59240.1355648,503.5,502
False,410.9341,32.07265,59240.1836416,518.5,502
False,410.9573,32.26614,59240.2157568,511,502
False,410.988,32.0801,59240.2481024,516,502
False,410.709,32.12308,59240.280576,520,502
False,410.6238,32.21947,59240.3126144,525.5,502
False,410.9653,32.36995,59240.3442688,528,502
False,410.7744,32.25211,59240.3755264,533.5,502
False,410.8615,32.22871,59240.4075904,530.5,502
False,410.5949,32.19968,59240.4401536,527.5,502
False,410.5781,32.14191,59240.4717056,528.5,502
False,410.6072,32.22581,59240.503744,527,502
False,410.6899,32.24072,59240.5361536,516.5,502
False,410.6454,32.50916,59240.5835776,518.5,502
False,410.1546,32.45579,59240.615552,524,502
False,409.7057,32.29866,59240.6477312,533.5,502
False,409.1425,32.33954,59240.6806272,537,502
False,409.1599,32.39592,59240.713664,514,502
False,408.5914,32.03714,59240.7442944,520.5,502
False,407.779,32.4129,59240.7759104,519.5,502
False,406.8912,32.53899,59240.8075264,513,502
False,405.7322,32.75746,59240.8397696,508.5,502
False,404.0273,32.5812,59240.8716032,487.5,502
False,402.1801,32.66946,59240.9041408,477.5,502
False,400.243,32.911,59240.936064,492.5,502
False,398.4245,33.37211,59240.9837312,490,502
False,396.4186,33.60028,59241.015744,484.5,502
False,394.1098,33.68271,59241.0483584,457,502
False,391.9259,34.22343,59241.0813312,461,502
False,389.9066,34.97912,59241.11264,455,502
False,388.2693,34.95637,59241.1439488,466,502
False,386.2636,35.81681,59241.1755776,454,502
False,383.875,35.9313,59241.2077184,458.5,502
False,381.9848,35.86815,59241.2403584,450,502
False,380.4426,35.65469,59241.2721408,459,502
False,379.0435,35.17421,59241.3037824,464,502
False,377.2644,35.15145,59241.3357568,476.5,502
False,375.565,35.35367,59241.384064,483.5,502
False,373.9718,35.78294,59241.4156544,484.5,502
False,372.8379,36.44757,59241.4484608,480,502
False,371.8297,36.44433,59241.4810112,483.5,502
False,371.3181,36.43272,59241.5127168,493,502
False,371.3233,36.5493,59241.5445888,497,502
False,371.3668,36.49375,59241.5759104,493.5,502
False,371.4367,36.47902,59241.6084096,496.5,502
False,371.2787,36.58011,59241.6403712,491,502
False,371.1431,36.66735,59241.6718208,487,502
False,370.1222,37.09624,59241.7037312,500.5,502
False,368.4835,37.37508,59241.7358336,495,502
False,366.6175,37.45214,59241.7842816,491,502
False,364.3263,37.2803,59241.816128,496.5,502
False,361.2682,37.8847,59241.8478592,504.5,502
False,358.5774,39.05222,59241.8802688,517,502
False,356.055,40.14709,59241.9128448,506.5,502
False,353.9964,41.83398,59241.9440896,513,502
False,351.3846,43.95234,59241.9796352,507,502
False,348.461,45.77466,59242.008,534,502
False,345.3123,47.53196,59242.0405632,508.5,502
False,342.8407,48.73514,59242.0722816,499,502
False,339.9947,49.663,59242.1041792,500,502
False,337.3191,50.39111,59242.1361024,525,502
False,335.2912,51.13184,59242.184832,514.5,502
False,333.4116,52.30426,59242.216192,504.5,502
False,332.0581,53.68939,59242.2479104,513.5,502
False,330.6533,55.2793,59242.2806016,512,502
False,329.2584,56.50016,59242.3131264,518.5,502
False,327.4858,57.63485,59242.3446272,529,502
False,326.3135,58.54449,59242.3774976,487,502
False,326.1246,58.45623,59242.4086016,485.5,502
False,326.1836,58.00881,59242.4398336,492,502
False,326.4232,57.90771,59242.47232,484,502
False,326.309,57.96112,59242.5043072,493,502
False,326.5519,58.05506,59242.5359872,502.5,502
False,326.383,58.15433,59242.583872,506.5,502
False,326.2456,58.03291,59242.6158592,516.5,502
False,326.2081,57.9754,59242.6480384,515,502
False,326.228,57.94959,59242.680768,512.5,502
False,326.2014,57.90826,59242.7131904,510.5,502
False,326.3768,57.9396,59242.7441792,510.5,502
False,326.3229,57.92593,59242.775808,513,502
False,326.2607,58.02214,59242.808064,512,502
False,326.3262,57.95866,59242.8401024,512,502
False,326.3625,57.9079,59242.872832,508.5,502
False,326.3728,57.98989,59242.9039488,511,502
False,326.3376,57.98175,59242.9363712,511.5,502
False,326.2794,58.02732,59242.9843456,512.5,502
False,326.3078,57.95294,59243.0159488,510,502
False,326.3229,57.96184,59243.0479616,511,502
False,326.6564,57.58985,59243.0803968,486,502
False,326.9933,57.35419,59243.1128576,471.5,502
False,327.4554,56.88501,59243.1446656,472.5,502
False,327.4809,56.85695,59243.1765888,480,502
False,327.4104,56.58018,59243.2082048,476,502
False,327.2455,56.55011,59243.2399104,469,502
False,327.2669,56.61845,59243.2718336,477,502
False,327.2498,56.80138,59243.3039232,482.5,502
False,327.3802,56.54988,59243.3359232,469.5,502
False,327.1529,56.75846,59243.38464,477.5,502
False,326.8829,56.88502,59243.4164352,474,502
False,326.5939,57.10617,59243.4480128,483.5,502
False,325.8742,57.62978,59243.4804608,506,502
False,324.4982,58.26371,59243.5130368,519.5,502
False,324.2467,58.10197,59243.544192,498.5,502
False,324.2381,58.1315,59243.5770624,509.5,502
False,324.4267,58.075,59243.608256,500,502
False,324.8848,57.73347,59243.6399616,479,502
False,324.757,57.70443,59243.6719744,485.5,502
False,324.0992,58.00274,59243.7039744,487.5,502
False,322.9313,58.90718,59243.7360256,483,502
False,321.6224,60.29841,59243.78464,482,502
False,319.8207,62.25344,59243.8166784,496.5,502
False,317.6863,64.4679,59243.8484864,516.5,502
False,315.9002,66.14427,59243.8808832,521,502
False,313.7327,68.05602,59243.9129088,482,502
False,311.224,69.40156,59243.9442432,491,502
False,308.9776,71.11256,59243.9759232,497.5,502
False,307.1135,72.84308,59244.008,521.5,502
False,305.578,74.95191,59244.0404736,509.5,502
False,303.9955,76.51098,59244.0724608,516,502
False,301.9284,78.42174,59244.1039616,526,502
False,300.2793,80.07904,59244.136064,533.5,502
False,298.7763,81.57246,59244.184896,552,502
False,297.228,82.82028,59244.2161536,549,502
False,295.8507,84.14644,59244.248896,519,502
False,295.511,84.38789,59244.2812544,498,502
False,295.5831,83.84947,59244.3129984,490.5,502
False,295.79,83.55267,59244.3446528,481,502
False,296.2915,83.16039,59244.3767808,478,502
False,296.4895,82.89015,59244.4079616,482.5,502
False,296.4359,83.07487,59244.4401408,487.5,502
False,296.2458,83.19946,59244.4721024,493,502
False,295.9993,83.4397,59244.5047808,492,502
False,295.5615,83.81351,59244.5364608,483.5,502
False,295.1009,84.22354,59244.5841408,504,502
False,294.3819,84.76279,59244.6160384,515,502
False,293.3508,85.56708,59244.6482048,525.5,502
False,292.0649,86.42047,59244.6805376,526,502
False,290.4696,87.73511,59244.7139456,526,502
False,288.7411,88.4903,59244.746112,541.5,502
False,287.0339,89.18221,59244.7765888,536,502
False,285.424,90.11976,59244.8081024,533,502
False,283.3854,91.39426,59244.8401024,528,502
False,281.2964,92.79052,59244.8721024,527.5,502
False,279.7206,94.23959,59244.9049216,540.5,502
False,277.7355,96.03103,59244.9364864,564,502
False,275.4811,97.63122,59244.984128,583,502
False,273.5012,99.03509,59245.0163072,570,502
False,270.7332,101.1127,59245.0485632,556,502
False,268.1297,102.7379,59245.0811904,570.5,502
False,265.0393,103.9554,59245.1137536,594,502
False,261.8268,105.2605,59245.1445376,604.5,502
False,259.1587,106.7291,59245.1762304,606,502
False,255.8639,108.4606,59245.208448,585.5,502
False,252.8663,110.2931,59245.2403328,576,502
True,250.1802,112.2714,59245.2728832,597.5,502
True,247.8298,113.6456,59245.3048192,592.5,502
True,245.8341,114.8157,59245.336128,570.5,502
True,245.4463,115.2147,59245.3847296,560.5,502
True,245.2013,115.1314,59245.4168064,550.5,502
True,246.4636,114.2317,59245.4484352,518,502
True,247.0413,113.9133,59245.4808832,513,502
True,248.2945,112.8688,59245.5133312,498,502
True,249.4234,112.1069,59245.5447552,485,502
True,250.7727,111.1618,59245.5771136,478,502
False,252.3686,109.8913,59245.6082176,467.5,502
False,253.3064,109.1061,59245.6401664,458.5,502
False,253.5139,108.6398,59245.6721536,466,502
False,253.4793,107.8824,59245.7043072,446.5,502
False,253.3936,107.3991,59245.7364992,451,502
False,253.8718,107.3976,59245.7845504,446,502
False,254.3552,107.2076,59245.8163584,449.5,502
False,254.738,107.6649,59245.8484736,460.5,502
False,255.0795,108.3912,59245.8805888,455,502
False,255.1465,109.2941,59245.912832,467.5,502
False,255.2752,110.041,59245.945344,467.5,502
False,255.8038,110.7955,59245.9777024,480,502
False,256.5512,111.4419,59246.0087808,485,502
False,257.8826,112.8164,59246.0404096,515.5,502
False,259.1212,114.3543,59246.0722816,540.5,502
False,260.6786,115.9192,59246.10432,544.5,502
False,262.0181,117.2546,59246.1362944,533.5,502
False,263.3836,119.26,59246.1849728,550,502
False,265.1723,120.8209,59246.2166272,565,502
False,266.5731,121.8616,59246.2483584,580.5,502
False,267.429,121.9209,59246.2807424,583.5,502
False,267.4291,121.4875,59246.3131904,565.5,502
False,267.6737,121.7008,59246.344576,590,502
False,267.5067,121.7135,59246.3773568,587.5,502
False,267.4358,122.0527,59246.4087296,572.5,502
False,268.078,122.5087,59246.4403328,566.5,502
False,268.654,122.0269,59246.4724096,564,502
False,268.8589,121.6876,59246.504384,566,502
False,268.7938,121.6819,59246.5364096,570.5,502
False,268.6957,121.7491,59246.584832,574,502
False,268.6846,121.6643,59246.6163584,568,502
False,268.5573,121.4997,59246.648448,561,502
False,268.7825,121.8441,59246.680768,571,502
False,268.6757,121.8383,59246.713216,570,502
False,268.7308,121.8873,59246.7463296,574,502
False,268.6591,121.8281,59246.7766528,569,502
False,268.6301,121.7038,59246.808704,565.5,502
False,268.646,121.839,59246.8404608,572.5,502
False,268.8124,121.8316,59246.8731776,573,502
False,268.7156,121.8209,59246.9047936,568.5,502
False,268.6191,121.7642,59246.93632,571,502
False,268.7161,121.8845,59246.9844608,577,502
False,268.8151,121.5508,59247.0163328,577,502
False,268.6941,120.9608,59247.048576,565.5,502
False,268.7095,120.7236,59247.0812288,568,502
False,268.5124,120.8855,59247.1132672,565,502
False,267.2779,118.9144,59247.1446272,481,502
False,267.1995,119.1123,59247.1765888,472,502
False,267.3283,119.6703,59247.2084224,499.5,502
False,266.8353,119.0886,59247.2414336,470.5,502
False,269.1113,121.1308,59247.272832,513.5,502
False,268.4355,120.9974,59247.3044352,518.5,502
False,269.8123,121.3061,59247.3364736,539,502
False,272.3296,122.5466,59247.3846016,533,502
False,274.2657,124.0866,59247.4168192,554.5,502
False,275.372,125.8023,59247.4490752,564,502
False,276.7824,127.6657,59247.4815872,541.5,502
False,278.5267,129.2066,59247.5133312,540.5,502
False,282.1801,132.2126,59247.5449344,466.5,502
False,287.8452,135.9599,59247.5767424,324,502
False,289.1842,136.238,59247.6085376,362,502
False,290.7101,135.8284,59247.6409216,437,502
False,292.3378,135.4901,59247.6724352,519,502
False,296.2241,137.1893,59247.7048448,546,502
False,300.4997,138.9071,59247.7364736,558,502
False,304.2465,139.3534,59247.7848704,541,502
False,309.299,139.9427,59247.8171136,529.5,502
False,313.5137,140.5525,59247.8485248,455.5,502
False,314.9247,138.609,59247.8813696,341,502
False,324.2207,147.49,59247.9141504,257.5,502
False,326.8315,144.4698,59247.9447936,411.5,502
False,329.8383,139.6042,59247.9766784,232,502
False,333.5531,140.2211,59248.0084608,249.5,502
False,337.4054,141.4825,59248.0410624,333,502
False,341.1649,141.0792,59248.0729728,332.5,502
False,345.1745,140.7428,59248.1049856,276,502
False,349.5464,145.7338,59248.1364864,539,502
False,352.7811,148.5475,59248.184896,422.5,502
False,356.692,149.7758,59248.2165248,427.5,502
False,360.1948,150.1991,59248.2486912,350,502
False,365.3691,151.2643,59248.281984,256,502
False,371.2473,150.6397,59248.314048,265.5,502
False,375.5412,149.9212,59248.3460864,285.5,502
False,379.5894,149.8244,59248.3770112,300,502
False,381.4332,146.7078,59248.4086656,522.5,502
False,383.9416,151.7873,59248.4406272,302.5,502
False,387.4016,152.2162,59248.4729728,368.5,502
False,390.6242,152.5452,59248.5049216,361,502
False,393.8086,148.622,59248.5368704,596.5,502
False,396.8679,147.8354,59248.58464,574,502
False,399.5924,146.2068,59248.6166016,520.5,502
False,402.1177,145.9273,59248.648704,529.5,502
False,404.0353,145.7427,59248.6811264,500,502
False,405.8958,147.8973,59248.7138688,576,502
False,405.2555,144.4153,59248.7453952,327.5,502
False,405.81,143.9108,59248.7769472,271,502
False,407.4113,153.8601,59248.8086144,239.5,502
False,407.8045,148.7193,59248.8406144,573,502
False,409.6569,151.4496,59248.8725888,391.5,502
False,411.4018,148.8995,59248.9051776,530.5,502
False,412.3804,148.9692,59248.9370624,552.5,502
False,413.4425,148.8787,59248.984768,552.5,502
False,413.8876,148.3382,59249.017088,548.5,502
False,414.8701,147.8392,59249.0487936,550.5,502
False,415.7634,147.0946,59249.0811648,551.5,502
False,416.1591,146.8291,59249.114176,537.5,502
False,416.0093,147.3436,59249.1457664,538.5,502
False,416.0261,147.7389,59249.1765888,542,502
False,416.7756,147.7066,59249.2088192,538.5,502
False,417.5161,147.048,59249.2416896,538,502
False,418.2691,146.406,59249.272768,552.5,502
False,418.3008,146.0221,59249.3051264,542.5,502
False,418.2108,145.9364,59249.3367552,540,502
False,418.4897,145.816,59249.3846912,548,502
False,418.3697,145.9233,59249.4166656,549.5,502
False,418.4982,145.843,59249.44896,549,502
False,418.5206,145.8024,59249.4810368,550,502
False,418.4391,145.8799,59249.5135104,547,502
False,418.3756,145.9623,59249.5450112,543.5,502
False,418.4189,145.9298,59249.57664,543.5,502
False,418.2863,145.881,59249.6092288,539,502
False,418.2997,146.0346,59249.641408,544.5,502
False,418.3637,145.8468,59249.6726656,544,502
False,418.1778,145.931,59249.7051776,539,502
False,418.3793,145.8864,59249.7370624,540,502
False,418.4483,145.9223,59249.7847552,545,502
False,418.3257,145.8964,59249.816768,542,502
False,418.1983,145.9789,59249.8488832,545.5,502
False,418.4534,145.8624,59249.8820096,548.5,502
False,418.2769,145.8696,59249.9144832,540.5,502
False,418.3699,145.8495,59249.9450752,542.5,502
False,418.3361,145.825,59249.9771904,542,502
False,418.6679,145.6575,59250.0089472,547,502
False,419.5207,144.8281,59250.0409472,560.5,502
False,420.416,143.8179,59250.0736,556.5,502
False,421.5082,142.7688,59250.1053696,568,502
False,422.157,141.9079,59250.1371264,583,502
False,423.2169,140.9382,59250.1847808,569.5,502
False,423.605,140.6743,59250.2167168,570.5,502
False,424.3464,140.2992,59250.24928,561.5,502
False,425.9894,139.5041,59250.2818176,552.5,502
False,426.8237,138.2118,59250.3144576,535,502
False,426.3921,136.9305,59250.3451008,527.5,502
False,426.1033,135.7594,59250.3771264,519.5,502
False,426.4104,134.4355,59250.408896,519,502
False,426.4908,133.7112,59250.4408064,524,502
False,427.7075,132.0522,59250.4735872,571.5,502
False,426.964,133.1372,59250.505472,523.5,502
False,427.2787,132.599,59250.5368448,539.5,502
False,427.7278,131.6328,59250.5853696,537,502
False,427.9114,130.0126,59250.617216,540,502
False,428.2574,127.6366,59250.648896,538,502
False,428.6006,125.1212,59250.6815232,570.5,502
False,429.4653,122.7441,59250.7130752,568.5,502
False,429.9512,121.022,59250.7451392,567,502
False,430.9896,118.9847,59250.7779072,576.5,502
False,431.5906,116.6642,59250.8094208,539,502
False,430.3701,114.5463,59250.8409216,512.5,502
False,428.8784,112.7973,59250.8728576,501.5,502
False,428.6108,112.0736,59250.905536,489,502
False,428.7715,111.7205,59250.936896,480,502
False,429.2948,111.6331,59250.9852928,467,502
False,429.6004,111.6297,59251.0168448,450.5,502
False,429.6607,111.513,59251.0491136,448,502
False,429.6023,111.3969,59251.0820224,445.5,502
False,431.4398,109.0717,59251.114368,509,502
False,431.3941,108.862,59251.1451776,518,502
False,429.5181,111.5739,59251.1773184,436.5,502
False,431.3909,108.9466,59251.2090368,521.5,502
False,429.6448,111.573,59251.2407936,443,502
False,429.7481,111.5696,59251.27328,450,502
False,429.6814,111.6708,59251.3053184,441.5,502
False,431.5848,109.1087,59251.3368064,523,502
False,431.2911,109.4551,59251.3850496,505,502
False,429.7206,112.181,59251.4169472,430,502
False,430.8484,110.4551,59251.4491136,502.5,502
False,431.0584,110.3126,59251.48192,522,502
False,431.1484,109.9575,59251.5137536,533.5,502
False,431.482,109.6794,59251.5463296,550.5,502
False,431.9001,109.005,59251.5774976,569,502
False,432.1278,108.0967,59251.6095104,563.5,502
False,432.1784,107.1971,59251.6409728,581,502
False,432.3602,106.5776,59251.6729728,584,502
False,432.8748,105.7995,59251.70496,593.5,502
False,432.7317,105.6126,59251.7371264,594.5,502
False,433.5023,105.0414,59251.785728,599.5,502
False,435.0195,103.8562,59251.8174848,590,502
False,434.9816,101.7847,59251.8492032,562,502
False,433.8981,100.7421,59251.8811776,548,502
False,434.0541,100.3708,59251.9138432,542,502
False,430.9238,102.656,59251.9453184,435.5,502
False,431.8612,101.9988,59251.9782912,433.5,502
False,432.6487,101.0004,59252.0094848,446,502
False,433.3037,100.4453,59252.0410496,455.5,502
False,433.7065,99.94493,59252.073024,460,502
False,433.5005,100.2967,59252.1049344,450.5,502
False,433.8279,100.2635,59252.1373312,441.5,502
False,433.9527,100.6097,59252.1857536,415.5,502
False,434.0341,100.5232,59252.2176128,420.5,502
False,433.518,100.3958,59252.2492032,435,502
False,433.6907,100.7159,59252.2812928,402.5,502
False,434.1923,100.5109,59252.3140608,406.5,502
False,435.1053,99.82846,59252.345344,427.5,502
False,435.8004,99.21836,59252.3777024,417.5,502
False,436.1246,99.32696,59252.4091264,392,502
False,437.1234,98.77518,59252.4411008,448.5,502
False,438.0389,98.19556,59252.4730496,458.5,502
False,439.0948,97.13013,59252.5049472,467.5,502
False,438.9612,96.78493,59252.537344,442.5,502
False,439.6535,96.01202,59252.5854592,430,502
False,438.7014,96.17056,59252.6171904,407.5,502
False,438.0068,96.81971,59252.6492544,367,502
False,436.4527,98.04485,59252.6818048,405,502
False,433.7643,99.98367,59252.7147008,439,502
False,431.5064,101.9879,59252.7454976,400.5,502
False,433.7154,100.5592,59252.777088,493,502
False,432.519,102.0191,59252.8091904,490,502
False,432.1089,102.6615,59252.8411392,486.5,502
False,431.8046,103.4663,59252.8739456,475,502
False,431.3715,104.0259,59252.9052544,476.5,502
False,431.2048,104.6015,59252.9376384,463,502
False,431.3495,104.4599,59252.9854464,475.5,502
False,431.3344,104.3665,59253.017216,473,502
False,431.2501,104.2794,59253.0493824,472.5,502
False,431.6278,104.0266,59253.0813184,488.5,502
False,431.5062,103.9253,59253.1141504,484,502
False,431.5269,103.9592,59253.1464832,485.5,502
False,431.4926,103.9883,59253.1774592,484.5,502
False,431.5416,104.0404,59253.2096256,482.5,502
False,431.6277,103.9676,59253.2420864,483.5,502
False,431.6615,104.0259,59253.273408,483,502
False,431.5807,103.9168,59253.305024,488.5,502
False,431.5535,103.8817,59253.3370624,484.5,502
False,431.4627,103.8913,59253.3852544,484.5,502
False,431.3259,103.898,59253.41728,492,502
False,431.4748,103.7463,59253.449792,490,502
False,431.3588,103.7199,59253.4812928,485,502
False,431.4768,103.7161,59253.514368,489,502
False,431.5206,103.6252,59253.5456384,494,502
False,431.6774,103.5852,59253.5774976,495,502
False,431.9299,103.3413,59253.6098048,501.5,502
False,432.1584,102.8299,59253.6415744,513.5,502
False,428.8632,105.1154,59253.6730752,413,502
False,431.8426,102.9691,59253.705088,512.5,502
False,429.4328,105.0838,59253.7372672,437.5,502
False,432.1259,102.8439,59253.7853568,513.5,502
False,429.4037,104.9728,59253.81728,435.5,502
False,431.8235,102.9354,59253.8497152,511,502
False,431.9182,102.9975,59253.8824064,526,502
False,431.819,102.8844,59253.9145728,517.5,502
False,431.8113,102.9259,59253.94592,510.5,502
False,431.8567,102.7425,59253.9776512,521,502
False,431.6031,102.8161,59254.0098688,508.5,502
False,431.5992,102.8465,59254.041536,511.5,502
False,431.4523,103.1067,59254.0731904,504.5,502
False,431.5348,102.6728,59254.105088,513,502
False,431.6757,102.1915,59254.1372288,500.5,502
False,428.6501,104.695,59254.1851904,412,502
False,431.2122,102.7811,59254.2177408,496.5,502
False,430.9202,102.7822,59254.2494848,518,502
False,431.0074,102.8825,59254.2819968,522,502
False,430.6973,103.0853,59254.3144064,517.5,502
False,430.1994,103.1801,59254.34592,516.5,502
False,430.4013,103.0016,59254.3789568,525,502
False,428.4174,104.7137,59254.4095616,464,502
False,430.5681,103.3062,59254.4412032,522.5,502
False,430.7326,103.1388,59254.4731648,523.5,502
False,430.5074,103.255,59254.5052672,519,502
False,430.5564,103.1863,59254.5373312,517,502
False,430.7625,102.8142,59254.5857664,532,502
False,430.8616,102.6293,59254.6174336,539.5,502
False,431.2758,102.4135,59254.649408,559,502
False,431.4516,102.3007,59254.6814336,562.5,502
False,430.9315,102.5538,59254.7143424,549.5,502
False,430.9383,102.5379,59254.746048,554,502
False,431.219,102.4063,59254.7776384,564,502
False,431.1313,102.5205,59254.8092672,560,502
False,431.0995,102.5079,59254.8412416,557.5,502
False,431.1542,102.5684,59254.8733696,554.5,502
False,431.1555,102.5574,59254.905984,558.5,502
False,431.1625,102.6389,59254.9380096,558,502
False,431.1492,102.5668,59254.9857536,554,502
False,431.1714,102.543,59255.017472,558,502
False,431.0412,102.5473,59255.0494336,550,502
False,430.8413,102.6983,59255.0819328,543,502
False,429.334,103.8222,59255.114368,501.5,502
False,429.1029,103.6581,59255.1459712,503.5,502
False,428.7886,103.2725,59255.1773824,518,502
False,428.9524,102.5813,59255.2093824,543,502
False,428.8934,101.6014,59255.241344,564.5,502
False,428.9368,100.2311,59255.273408,572.5,502
False,429.5925,97.99079,59255.3060992,615.5,502
False,430.1984,94.80486,59255.3380992,617.5,502
False,430.5895,90.89046,59255.3853568,639,502
False,430.614,87.21614,59255.4179072,630,502
False,430.644,84.24363,59255.4495744,641,502
False,431.3912,81.52868,59255.4819328,630.5,502
False,431.6637,79.44098,59255.5145472,625.5,502
False,431.7995,77.3854,59255.545728,621,502
False,431.4588,75.78407,59255.5787904,617.5,502
False,430.1963,74.39609,59255.6097792,605.5,502
False,429.3657,73.87682,59255.6414336,607.5,502
False,429.111,73.3044,59255.6734464,599,502
False,429.1004,72.68748,59255.7054336,592.5,502
False,429.3554,72.10823,59255.7373696,597.5,502
False,429.71,71.95238,59255.785984,588,502
False,430.1296,72.22343,59255.8181376,600.5,502
False,430.4908,72.15437,59255.8495616,596,502
False,430.5085,71.41558,59255.8825984,612,502
False,430.6413,70.53149,59255.9143296,616.5,502
False,430.5788,69.15765,59255.9458048,628,502
False,430.7458,67.63857,59255.9777792,640.5,502
False,430.7968,65.93478,59256.0098688,646.5,502
False,431.0231,63.55252,59256.0420352,641,502
False,431.2524,61.08346,59256.0739328,649,502
False,431.4801,58.34827,59256.1056,636,502
False,431.3945,56.11481,59256.1375488,615.5,502
False,430.7597,54.16524,59256.185728,584,502
False,429.8734,53.3008,59256.2175232,563.5,502
False,429.1339,53.36827,59256.2500096,539,502
False,428.63,52.97305,59256.2820608,550.5,502
False,428.5965,52.1126,59256.3144192,522.5,502
False,428.605,51.57986,59256.3458176,516.5,502
False,428.7872,51.27701,59256.3779328,506,502
False,428.9279,50.75736,59256.4101248,492.5,502
False,429.2036,50.32405,59256.4420864,484.5,502
False,428.5768,48.86844,59256.4735616,508,502
False,428.5096,48.06804,59256.5056128,485,502
False,427.7538,46.97755,59256.5375104,490,502
False,426.8635,45.99318,59256.5857152,488.5,502
False,426.031,45.28176,59256.618048,494.5,502
False,425.4745,44.1502,59256.6499712,496,502
False,424.8383,43.02343,59256.6821248,498,502
False,423.6808,41.12574,59256.7144192,505,502
False,422.8571,40.12687,59256.7458304,490,502
False,421.4692,40.06828,59256.778368,476,502
False,420.6678,40.54157,59256.8099968,449,502
False,419.9871,40.49829,59256.8417024,437.5,502
False,419.9019,40.20422,59256.8743808,450.5,502
False,420.0572,40.60832,59256.9060864,448.5,502
False,420.0037,40.52051,59256.9376896,447,502
False,419.6356,39.99107,59256.9856256,466.5,502
False,419.2581,40.343,59257.0176,465.5,502
False,418.738,39.75516,59257.0497024,476.5,502
False,417.8537,39.6206,59257.082688,492,502
False,416.5276,39.19139,59257.1152384,519,502
False,415.1099,37.87335,59257.1458816,518.5,502
False,413.1665,37.21715,59257.1781248,536.5,502
False,411.2406,36.38522,59257.2097152,530,502
False,409.5314,35.98407,59257.2417152,533.5,502
False,405.0395,34.10801,59257.27456,608,502
False,404.1016,33.63426,59257.3057536,612,502
False,403.4351,33.18632,59257.3380224,619,502
False,402.4079,32.78374,59257.385664,568,502
False,402.1846,33.07071,59257.4176896,544.5,502
False,402.1249,33.13213,59257.4497792,555,502
False,402.2011,33.37563,59257.482816,559.5,502
False,402.1888,33.39283,59257.51424,549,502
False,402.1545,33.61003,59257.54592,541.5,502
False,401.8586,33.96192,59257.5777152,534,502
False,401.7353,33.78683,59257.6096768,534,502
False,401.536,33.79981,59257.642432,534.5,502
False,401.3292,33.37887,59257.6744064,560,502
False,401.6585,33.42416,59257.7057408,550.5,502
False,401.6166,33.25689,59257.7380864,556,502
False,401.67,33.46978,59257.786432,557,502
False,401.8969,33.53797,59257.8176512,546.5,502
False,401.7613,33.5528,59257.8503936,544.5,502
False,401.5369,33.46582,59257.8819456,551,502
False,401.8259,33.44768,59257.9143936,549.5,502
False,401.8112,33.40938,59257.9460352,554.5,502
False,401.6652,33.42675,59257.978048,549.5,502
False,401.9164,33.86766,59258.0101888,536.5,502
False,401.7613,34.42065,59258.0422528,523,502
False,401.8012,34.09139,59258.0737152,532.5,502
False,401.4205,33.58827,59258.1058176,548.5,502
False,400.9537,32.97823,59258.1378048,543.5,502
False,399.8936,32.72532,59258.1860224,565.5,502
False,398.704,32.59253,59258.21824,571,502
False,397.3547,32.7603,59258.2505856,562.5,502
False,395.4618,32.8636,59258.2828416,564.5,502
False,393.5239,32.74957,59258.3152384,573,502
False,391.5526,32.21027,59258.3460992,571.5,502
False,390.4055,32.12373,59258.3777792,572.5,502
False,388.5017,31.9513,59258.4098304,575,502
False,385.9773,31.81018,59258.4418304,543.5,502
False,383.5638,32.43113,59258.4742272,530,502
False,381.5887,32.70787,59258.5058688,534,502
False,379.5566,33.09362,59258.5378176,486,502
False,377.1564,33.43037,59258.5858048,477.5,502
False,373.9431,33.52292,59258.6177664,483.5,502
False,370.9637,33.381,59258.6507776,496.5,502
False,368.2672,33.76999,59258.68288,506.5,502
False,365.1675,33.82766,59258.7143552,484.5,502
False,362.6537,34.48734,59258.7460608,474,502
False,359.8837,35.76081,59258.7782272,458.5,502
False,357.8072,36.20179,59258.810304,484,502
False,355.838,36.433,59258.8418944,451.5,502
False,353.7401,36.44505,59258.8738688,456.5,502
False,351.5088,36.47388,59258.9058944,453,502
False,349.0906,36.45558,59258.9381888,469,502
False,347.315,36.39061,59258.9862784,483,502
False,345.579,36.28374,59259.017792,507.5,502
False,343.8693,36.12899,59259.0500352,491,502
False,342.2621,36.48907,59259.0820992,503,502
False,341.4037,36.85925,59259.1145856,485.5,502
False,341.5203,36.93368,59259.1479936,485,502
False,341.943,36.96368,59259.1779072,468,502
False,342.1398,37.10085,59259.2105856,471,502
False,342.064,37.12478,59259.242368,471.5,502
False,342.0828,36.99147,59259.2739584,469,502
False,341.9577,36.99929,59259.3058432,468.5,502
False,341.9047,36.96954,59259.3378304,470.5,502
False,341.9208,37.05231,59259.3862016,471.5,502
False,342.0605,36.96368,59259.4188416,468,502
False,342.0046,37.05674,59259.4505216,470,502
False,341.9331,36.99395,59259.4822784,468.5,502
False,341.8633,36.97533,59259.5148928,473,502
False,341.9639,36.96284,59259.5463168,466.5,502
False,341.9139,36.99182,59259.5783296,468.5,502
False,341.9311,36.97373,59259.6107264,469.5,502
False,341.9652,37.01207,59259.6425344,469.5,502
False,341.9107,36.93312,59259.6740864,468.5,502
False,341.9351,36.94153,59259.7060992,467.5,502
False,341.909,37.04995,59259.7379712,470.5,502
False,341.8611,36.9621,59259.787008,470.5,502
False,341.9834,37.00106,59259.8183552,473,502
False,341.8843,36.94178,59259.8500096,469.5,502
False,341.9665,36.98517,59259.882304,472,502
False,341.3163,37.11692,59259.9145088,487.5,502
False,340.2591,37.42125,59259.9475072,500.5,502
False,339.1056,37.57434,59259.9789952,491,502
False,338.5043,37.33539,59260.0101504,486.5,502
False,338.7524,36.94307,59260.042176,486,502
False,339.0423,36.58204,59260.074112,484.5,502
False,339.2434,36.32559,59260.1060352,495,502
False,339.1531,36.28371,59260.1388288,510.5,502
False,339.0441,36.42322,59260.1864448,502.5,502
False,339.167,36.37775,59260.218048,499,502
False,339.0146,36.5453,59260.2502272,504,502
False,339.1085,36.56956,59260.2823808,496,502
False,339.193,36.48631,59260.315328,487,502
False,339.44,36.42957,59260.3478912,478,502
False,339.3973,36.15145,59260.3790976,482,502
False,338.4247,36.45979,59260.4102144,499.5,502
False,337.4091,36.58604,59260.4421632,477.5,502
False,336.4629,36.71487,59260.4746112,487.5,502
False,334.031,37.41537,59260.506688,483.5,502
False,331.5633,37.67946,59260.5380096,495,502
False,328.9931,38.00657,59260.586496,507.5,502
False,327.114,38.30167,59260.6186752,500,502
False,324.5653,39.16905,59260.6507264,490,502
False,322.3485,40.66313,59260.6822912,471,502
False,319.866,42.02814,59260.7152768,497.5,502
False,317.4793,42.93731,59260.7465216,494.5,502
False,315.8418,43.61966,59260.7784064,464.5,502
False,313.7386,44.20959,59260.8106624,479.5,502
False,311.9024,45.12589,59260.84256,466,502
False,309.6371,46.07037,59260.8739968,485.5,502
False,307.9723,47.14783,59260.9060736,469,502
False,306.0363,48.37338,59260.9385984,449.5,502
False,304.8306,49.84515,59260.9860992,458.5,502
False,303.8976,51.35175,59261.0186624,452.5,502
False,301.9613,52.74308,59261.0502528,482,502
False,300.0415,54.0471,59261.0823168,506,502
False,297.7223,55.19322,59261.1161728,521,502
False,295.1967,56.74533,59261.1476864,508.5,502
False,292.2372,58.12148,59261.1782912,520,502
False,289.3398,58.65047,59261.2103808,545.5,502
False,286.8304,59.0724,59261.242176,564,502
False,285.1083,59.78832,59261.2740608,548,502
False,283.8972,60.15566,59261.3064448,545,502
False,282.5649,60.91286,59261.3380608,547,502
False,281.5796,61.3,59261.3861248,540,502
False,280.5129,61.5036,59261.418304,555,502
False,279.2668,61.70707,59261.4504064,561,502
False,278.3627,61.85541,59261.4829056,562.5,502
False,277.1088,62.0712,59261.5159936,580.5,502
False,275.6581,62.69692,59261.546944,600.5,502
False,273.9147,63.26999,59261.578496,592,502
False,271.6532,63.74498,59261.6103808,606.5,502
False,269.9041,63.35441,59261.6422656,601,502
False,268.1877,62.98841,59261.6747648,604,502
False,266.1789,62.63417,59261.7062144,600,502
False,263.9145,62.41142,59261.7385344,604,502
False,260.9292,62.32591,59261.7866112,583.5,502
False,257.5825,62.28241,59261.8184192,576,502
False,254.8711,62.41632,59261.8504064,598.5,502
False,252.0825,62.65194,59261.8825856,600,502
True,249.3435,62.95272,59261.9163136,620.5,502
True,246.6975,62.80504,59261.946624,621.5,502
True,243.387,62.67967,59261.979776,602.5,502
True,240.9587,62.41178,59262.0105856,597,502
True,240.0845,62.0859,59262.042368,584,502
True,241.7319,62.04942,59262.0743424,556.5,502
True,244.0742,62.32033,59262.10624,525.5,502
True,247.1263,62.16954,59262.138176,493.5,502
True,248.6667,62.6048,59262.18656,479.5,502
True,250.1183,62.67969,59262.2184064,473.5,502
True,250.2168,62.61077,59262.250368,495,502
True,250.1877,62.68766,59262.2827264,508,502
True,249.9581,63.00928,59262.31552,520.5,502
True,249.3462,63.27427,59262.347776,530.5,502
True,248.7999,63.58782,59262.3795968,539,502
True,248.5857,63.87975,59262.4105344,535,502
True,248.5025,64.8402,59262.4424192,534,502
True,248.7387,65.40697,59262.4746752,516,502
True,249.5523,65.31367,59262.5064192,500,502
True,249.7418,65.47447,59262.5383936,512.5,502
True,250.2592,65.32579,59262.5864832,508,502
True,250.852,65.08693,59262.618304,510,502
True,250.9897,65.79922,59262.650944,518,502
False,251.0245,67.04155,59262.6835072,537.5,502
False,251.0614,68.58868,59262.7158528,553.5,502
False,251.7111,70.29129,59262.7465472,555,502
False,252.8516,72.5251,59262.7787008,534.5,502
False,254.9355,75.24694,59262.8105344,517,502
False,256.8674,77.74448,59262.842496,514,502
False,259.0759,80.78378,59262.8749312,509.5,502
False,262.6407,85.19803,59262.9063808,507.5,502
False,267.0865,89.60326,59262.9386624,491.5,502
False,271.7658,92.83478,59262.9867904,519.5,502
False,275.759,94.69949,59263.0188416,548.5,502
False,281.4513,96.69985,59263.0505984,562.5,502
False,288.6476,98.89047,59263.0826496,560,502
False,295.5837,100.2418,59263.1150976,546.5,502
False,302.8719,101.4584,59263.146688,555.5,502
False,310.1985,103.6749,59263.1797248,568.5,502
False,315.0838,106.9802,59263.2109312,565,502
False,320.6063,110.712,59263.2424704,588,502
False,327.2389,113.2528,59263.2744576,573.5,502
False,333.7498,115.0528,59263.3064064,559,502
False,340.4152,116.1015,59263.3382528,553.5,502
False,346.2506,117.4088,59263.3863808,572,502
False,351.6341,119.83,59263.4190208,572.5,502
False,356.2388,122.8513,59263.4505216,562.5,502
False,360.8552,126.1891,59263.482752,571,502
False,365.8123,129.1834,59263.5156736,587,502
False,370.481,131.1509,59263.5467008,565.5,502
False,375.6899,132.7718,59263.5792512,574,502
False,379.9243,134.37,59263.6113024,586,502
False,383.1221,136.1794,59263.6428288,591,502
False,386.4089,138.1312,59263.6744448,582,502
False,389.8197,139.908,59263.7064064,581.5,502
False,392.9679,141.7499,59263.7383808,607,502
False,395.8573,142.3474,59263.7865216,605,502
False,398.8028,142.4579,59263.818816,603.5,502
False,401.6111,142.1182,59263.8507264,600.5,502
False,404.6883,142.1845,59263.882816,594.5,502
False,406.0048,142.6709,59263.915456,596,502
False,406.0432,143.6973,59263.9467136,593.5,502
False,406.347,144.6325,59263.9794432,585,502
False,407.1284,145.1681,59264.0109568,593,502
False,408.1688,145.6678,59264.0426112,595.5,502
False,409.7158,145.7186,59264.0744576,584,502
False,412.3591,145.8774,59264.1067776,569.5,502
False,414.7507,145.4328,59264.1387776,563,502
False,416.6536,144.6752,59264.186624,548.5,502
False,417.9915,144.0486,59264.2185856,569.5,502
False,418.6184,143.7264,59264.2511616,566,502
False,418.8079,144.4571,59264.2832128,573.5,502
False,418.9819,144.9615,59264.3155968,580,502
False,418.9024,145.0467,59264.3475584,567,502
False,418.6475,144.9386,59264.3789056,556.5,502
False,418.6582,144.9358,59264.4109184,553,502
False,419.1818,144.7378,59264.4435584,557.5,502
False,419.8481,144.6817,59264.4745088,544,502
False,420.1689,144.3886,59264.507072,545.5,502
False,421.0051,144.1156,59264.5388288,555,502
False,422.0588,143.966,59264.5865856,569.5,502
False,422.6157,144.0565,59264.6187008,569,502
False,424.0666,144.0267,59264.6505728,573.5,502
False,425.3751,143.6175,59264.6826112,562.5,502
False,426.303,142.6128,59264.7166848,566.5,502
False,426.9921,142.0333,59264.7481984,570.5,502
False,427.5472,141.6785,59264.7789312,577.5,502
False,428.1435,142.2935,59264.8106752,572.5,502
False,428.98,143.0944,59264.8425728,566.5,502
False,429.2036,143.7809,59264.8744832,550,502
False,429.4657,143.8156,59264.9076736,541.5,502
False,429.1894,143.913,59264.9388544,532.5,502
False,428.6773,143.0464,59264.986624,549,502
False,428.04,142.6038,59265.0187776,554,502
False,427.502,142.4117,59265.050816,576,502
False,427.4681,142.5663,59265.0828928,609.5,502
False,427.5683,142.4736,59265.1163264,586,502
False,427.5479,142.7342,59265.1482368,570,502
False,427.5846,142.6759,59265.1790208,575,502
False,427.5713,142.2576,59265.2107904,585.5,502
False,427.5656,142.2938,59265.2427904,569,502
False,427.7018,142.3062,59265.274816,564.5,502
False,427.7554,142.0937,59265.3070208,565.5,502
False,427.6649,142.0886,59265.3386112,566.5,502
False,427.6932,142.3279,59265.3867264,552,502
False,427.5474,142.4702,59265.4187392,531,502
False,427.2137,142.6978,59265.4508416,524,502
False,427.0503,142.559,59265.4838784,520,502
False,427.3224,142.4054,59265.5159552,518,502
False,427.4115,141.8738,59265.5476352,531,502
False,427.5671,141.1618,59265.5795456,535.5,502
False,427.6865,141.041,59265.610816,528.5,502
False,427.6835,140.4667,59265.6428544,545,502
False,427.903,140.5922,59265.674688,539.5,502
False,427.7549,140.1804,59265.7066496,540.5,502
False,427.7554,140.2863,59265.7554432,535.5,502
False,427.8794,140.2513,59265.787328,530.5,502
False,427.9394,139.8998,59265.8188928,539,502
False,428.0482,139.1037,59265.850752,543.5,502
False,428.1367,138.0074,59265.8830464,540,502
False,428.269,136.4583,59265.9153792,541.5,502
False,428.6058,135.3755,59265.9492864,561,502
False,428.8514,134.5299,59265.9803776,563,502
False,429.0536,133.8404,59266.010944,553.5,502
False,429.2889,132.8004,59266.0433792,544.5,502
False,429.3478,131.2652,59266.07488,562.5,502
False,429.4108,129.5153,59266.1067264,572.5,502
False,429.8557,127.4141,59266.154688,545,502
False,429.6282,125.0621,59266.1871104,528.5,502
False,428.8691,123.2585,59266.2187008,514.5,502
False,428.2025,121.493,59266.2509952,513.5,502
False,428.2352,120.0233,59266.2830848,536.5,502
False,428.0027,118.257,59266.3159808,550,502
False,427.8931,117.1335,59266.34848,558,502
False,427.8041,116.2978,59266.3790464,562.5,502
False,427.9684,115.7516,59266.4109568,575,502
False,428.167,115.6404,59266.4435072,577,502
False,428.3159,115.6206,59266.4752768,582.5,502
False,428.3206,115.5555,59266.5067392,578.5,502
False,428.1537,115.4879,59266.5547392,572.5,502
False,428.1823,115.4762,59266.5870336,570.5,502
False,428.1616,115.5528,59266.61888,569.5,502
False,428.258,115.4066,59266.6515968,573,502
False,428.1185,115.3659,59266.683584,572.5,502
False,428.0252,115.236,59266.7160064,575.5,502
False,428.0904,115.3487,59266.7472896,573.5,502
False,428.0782,115.3995,59266.7790976,567,502
False,428.0892,115.5135,59266.811072,566,502
False,428.0428,115.4157,59266.8436608,572.5,502
False,428.0543,115.5979,59266.8752128,565,502
False,428.2007,115.4887,59266.907456,565.5,502
False,428.1764,115.5981,59266.9551616,556.5,502
False,428.1714,115.613,59266.9869184,556,502
False,428.5956,115.7634,59267.019008,558,502
False,429.162,116.1723,59267.0512256,565,502
False,429.5851,116.5198,59267.0837376,556,502
False,429.4478,116.894,59267.1159424,555,502
False,429.3141,117.3174,59267.1476224,554.5,502
False,429.1009,117.7531,59267.1791616,565,502
False,429.0625,118.0073,59267.211008,549,502
False,429.1074,118.1022,59267.2439424,543,502
False,429.1816,117.6535,59267.275264,558,502
False,429.1264,117.4514,59267.3068032,560.5,502
False,429.1395,117.2279,59267.3549824,558,502
False,429.2385,117.0549,59267.388032,567.5,502
False,429.2453,116.6012,59267.4189952,570,502
False,429.4102,115.6324,59267.4513536,588,502
False,429.484,114.5583,59267.4830464,595,502
False,429.4158,113.2756,59267.5160832,592,502
False,429.7758,112.512,59267.5493632,575.5,502
False,430.0422,112.2619,59267.5795712,576.5,502
False,430.0051,112.1491,59267.6109824,583.5,502
False,429.9815,112.1251,59267.6428544,569,502
False,430.2904,111.3831,59267.6748544,586.5,502
False,430.2913,110.0455,59267.707008,571,502
False,430.2779,108.8467,59267.7552384,559,502
False,430.0243,107.5818,59267.7870848,563.5,502
False,429.3018,106.4035,59267.8191744,565,502
False,429.1822,105.6101,59267.851136,548,502
False,429.053,104.7685,59267.883584,553,502
False,428.816,103.8886,59267.9165312,553.5,502
False,428.7154,102.4446,59267.9490432,551,502
False,428.7852,100.7909,59267.9789952,559.5,502
False,429.0815,99.11263,59268.0109568,550.5,502
False,429.1102,97.10499,59268.0429696,544.5,502
False,428.8455,94.87204,59268.0749184,527.5,502
False,428.0971,92.62,59268.1073664,525,502
False,427.6516,90.19487,59268.1556096,520,502
False,426.9362,86.90822,59268.187008,572,502
False,427.0444,84.84524,59268.2192128,574,502
False,427.8806,82.78043,59268.251584,587.5,502
False,428.1073,80.47827,59268.2836992,606,502
False,428.0373,78.32027,59268.3161344,625.5,502
False,428.5113,76.48712,59268.3473408,640.5,502
False,428.62,75.04939,59268.3790976,621,502
False,428.1071,73.96635,59268.4113024,624,502
False,427.6155,72.5903,59268.4433792,622,502
False,427.3433,71.20403,59268.475264,620,502
False,427.2495,69.40998,59268.5069952,604.5,502
False,426.9698,66.41203,59268.5550976,584.5,502
False,426.5651,63.56319,59268.5870208,604,502
False,426.1958,61.30517,59268.6192512,615.5,502
False,426.4218,60.00824,59268.651712,607,502
False,427.3041,59.82892,59268.6837632,604,502
False,428.1007,59.72026,59268.7167104,594,502
False,428.2417,59.54366,59268.7490176,584,502
False,428.2615,59.67184,59268.7793792,580,502
False,428.4279,59.56169,59268.8110208,579.5,502
False,427.9774,59.66639,59268.8430336,598.5,502
False,427.9991,59.55613,59268.8753152,586.5,502
False,428.1496,59.42775,59268.9073408,582.5,502
False,427.8709,59.44714,59268.9550976,599,502
False,427.932,59.52782,59268.9872,593,502
False,428.1117,59.42279,59269.0189952,585,502
False,427.9578,59.4481,59269.0512128,592.5,502
False,427.833,59.60304,59269.0838784,592,502
False,428.0855,59.42484,59269.11648,581,502
False,428.0211,59.42266,59269.147328,584,502
False,428.1164,59.45343,59269.1791232,581.5,502
False,427.9972,59.41965,59269.2110208,587,502
False,427.8451,59.56086,59269.2434688,597,502
False,427.8596,59.55291,59269.2751872,587.5,502
False,427.988,59.499,59269.3071872,585.5,502
False,427.8178,59.67948,59269.3553536,585.5,502
False,427.9557,59.54837,59269.3876608,587.5,502
False,428.0416,59.53442,59269.4191104,581,502
False,428.0032,59.50747,59269.4512768,580,502
False,427.838,59.5344,59269.483584,593.5,502
False,427.949,59.42051,59269.5160064,585,502
False,428.0545,59.35347,59269.548096,587.5,502
False,427.8625,59.55442,59269.5798656,588,502
False,427.8325,59.58305,59269.6117632,590,502
False,427.9724,59.451,59269.6432768,585,502
False,427.9934,59.41105,59269.6753408,585.5,502
False,427.8377,59.58981,59269.7074432,585.5,502
False,427.9643,59.42934,59269.7558784,588.5,502
False,428.0131,59.42987,59269.7873536,587,502
False,427.9477,59.50327,59269.8197504,586.5,502
False,428.0975,59.33908,59269.8513792,579.5,502
False,427.9379,59.46582,59269.8836224,587.5,502
False,427.9263,59.46127,59269.91616,581,502
False,427.9518,59.46547,59269.9479424,584,502
False,427.9184,58.91264,59269.9800448,580,502
False,427.8661,57.90265,59270.011712,597.5,502
False,427.7657,56.90435,59270.0433664,582,502
False,427.2904,55.66497,59270.075264,590,502
False,427.3785,54.91843,59270.1071488,590.5,502
False,427.6189,53.66808,59270.1558016,590,502
False,428.4791,52.31418,59270.1879936,557,502
False,428.4051,50.85274,59270.2197376,541,502
False,428.0896,50.4041,59270.2516096,504,502
False,427.522,49.565,59270.2838272,500,502
False,426.8895,48.43977,59270.3167232,487,502
False,426.1439,47.43032,59270.3479936,476,502
False,426.51,46.59673,59270.3796352,448,502
False,426.7553,45.99849,59270.4112512,440,502
False,426.9403,45.17393,59270.4433536,424.5,502
False,426.8031,44.32018,59270.4753152,405.5,502
False,426.61,43.82779,59270.507712,405.5,502
False,426.8348,43.88154,59270.5557376,385.5,502
False,426.4485,44.16927,59270.5873152,385,502
False,425.9458,44.54409,59270.6192,387.5,502
False,423.3476,40.66168,59270.6525184,501.5,502
False,422.6544,39.24823,59270.6845056,517,502
False,423.0651,42.84686,59270.715776,363.5,502
False,421.321,43.17381,59270.7481984,338.5,502
False,421.173,42.68696,59270.7794688,328.5,502
False,420.6626,42.64348,59270.8114432,287.5,502
False,420.6981,42.52208,59270.8438144,275.5,502
False,420.7481,42.26368,59270.875392,268,502
False,420.8333,41.96802,59270.9075072,271,502
False,420.9438,41.61174,59270.9554688,267,502
False,420.9937,41.71926,59270.9872768,263,502
False,420.9164,41.58913,59271.019776,273,502
False,420.8158,41.38848,59271.0519424,275,502
False,420.6252,41.15708,59271.083712,269.5,502
False,420.4654,40.95975,59271.1161088,265,502
False,420.4434,40.46082,59271.1477888,268,502
False,419.4138,40.64829,59271.1798656,263,502
False,419.3123,40.48682,59271.2114688,253,502
False,419.1966,40.39125,59271.2434944,247.5,502
False,419.2138,40.43161,59271.2754176,251,502
False,419.8439,40.59737,59271.3073792,228.5,502
False,419.6375,40.38863,59271.3559552,217,502
False,419.1709,40.33411,59271.3878144,214.5,502
False,418.6024,40.35447,59271.4197376,205,502
False,418.2081,40.6078,59271.4514944,201,502
False,418.6009,40.85812,59271.4839296,195,502
False,418.5816,41.17188,59271.5172608,192,502
False,418.6516,41.20513,59271.5477248,188.5,502
False,419.5639,41.13704,59271.5799424,180,502
False,419.0898,41.15993,59271.6114048,185.5,502
False,418.9991,41.07224,59271.6435456,191.5,502
False,419.6897,41.19116,59271.6758912,173.5,502
False,419.2686,41.31981,59271.707904,172.5,502
False,419.5469,41.27246,59271.7555712,172.5,502
False,419.4282,41.30364,59271.7877632,174,502
False,419.411,41.33628,59271.8194688,169.5,502
False,419.4511,41.24617,59271.8515712,174,502
False,418.7697,41.26405,59271.8843648,178,502
False,419.5838,41.23892,59271.9167232,173,502
False,418.8008,41.26164,59271.9478272,179,502
False,419.5,41.13123,59271.9795072,174,502
False,419.4745,41.18828,59272.0116864,173.5,502
False,419.0374,41.18995,59272.0434688,182.5,502
False,418.8,41.34476,59272.0760832,175,502
False,418.1431,41.26993,59272.1078784,173.5,502
False,418.4355,40.78225,59272.1555072,199,502
False,418.4531,39.80118,59272.1875968,225.5,502
False,418.4671,38.51309,59272.220608,235.5,502
False,419.5771,38.30681,59272.2515456,232.5,502
False,419.4763,38.42743,59272.28448,228.5,502
False,420.0769,38.33621,59272.3164672,232,502
False,420.0844,38.49782,59272.3478656,229,502
False,420.1907,38.90388,59272.3805568,215,502
False,419.996,38.96675,59272.4118656,210.5,502
False,419.8163,39.11974,59272.4435072,206,502
False,419.432,39.00243,59272.4755584,206,502
False,419.2856,38.93764,59272.508032,216.5,502
False,419.3688,38.91883,59272.5556736,211.5,502
False,419.4777,38.8904,59272.5881216,220.5,502
False,419.9047,38.74574,59272.6195328,215,502
False,419.7488,38.70046,59272.651712,217,502
False,419.6371,38.68034,59272.6838016,219.5,502
False,419.6966,38.81413,59272.7164928,217,502
False,418.8795,38.99009,59272.750144,218.5,502
False,418.7744,39.11778,59272.779584,216.5,502
False,422.5462,32.84069,59272.811904,373.5,502
False,419.0665,38.89423,59272.8436096,208,502
False,423.2157,33.05818,59272.8755456,381,502
False,423.1694,33.28982,59272.9079296,394.5,502
False,423.3453,33.24755,59272.9556992,390.5,502
False,423.1183,33.39941,59272.9877376,396,502
False,423.028,33.33459,59273.0195328,398,502
False,423.0275,33.51022,59273.0516736,399.5,502
False,423.1955,33.47408,59273.0847488,405,502
False,423.647,33.93229,59273.1170176,416,502
False,424.1443,33.7373,59273.1478912,436.5,502
False,420.9808,36.2726,59273.1795968,365,502
False,422.0284,36.18296,59273.2116736,399,502
False,423.4572,36.20197,59273.2441344,422.5,502
False,424.8723,36.64464,59273.2760192,454,502
False,430.2638,33.79033,59273.307776,606.5,502
False,431.8369,33.03831,59273.3558272,639.5,502
False,428.6184,34.82072,59273.38784,542,502
False,428.5242,34.85666,59273.4196096,546.5,502
False,428.1587,34.68041,59273.4520704,533.5,502
False,428.0766,34.94317,59273.484608,522,502
False,427.7281,35.4676,59273.5170048,499,502
False,427.2981,35.83091,59273.54848,482,502
False,426.7599,36.08575,59273.5810048,464.5,502
False,426.6747,36.4487,59273.6121984,456.5,502
False,426.6785,36.35546,59273.64416,452,502
False,431.6988,34.54963,59273.6758528,581,502
False,431.8748,34.51249,59273.7078144,587,502
False,427.1631,36.32581,59273.7558656,465,502
False,427.0659,36.56388,59273.7878912,460.5,502
False,426.8635,37.12495,59273.8201216,433.5,502
False,427.4564,37.03886,59273.8525312,437.5,502
False,427.7064,36.58118,59273.884736,444.5,502
False,428.3392,36.09967,59273.9165824,451.5,502
False,429.0497,35.47461,59273.9479936,466,502
False,430.0271,34.63649,59273.982528,486,502
False,431.148,33.47285,59274.0121856,512.5,502
False,432.4793,32.62235,59274.0440704,526.5,502
False,434.1528,32.30134,59274.0757376,510.5,502
False,434.0734,32.56301,59274.1078272,506.5,502
False,434.166,32.66203,59274.1559808,503,502
False,434.1995,32.57597,59274.187904,498,502
False,433.9107,32.71686,59274.2202752,481.5,502
False,433.2784,33.02675,59274.2518656,461,502
False,432.5676,33.30453,59274.2843392,434,502
False,431.5417,33.70591,59274.3167488,412,502
False,430.5266,34.95092,59274.348224,373.5,502
False,430.0529,35.56601,59274.381824,356,502
False,429.5965,35.70779,59274.4121472,344.5,502
False,429.7213,35.59557,59274.4437504,354,502
False,429.3253,35.29202,59274.475904,355,502
False,429.0581,35.15377,59274.5079424,355.5,502
False,428.5436,35.33081,59274.5558528,330.5,502
False,427.994,35.62139,59274.5883008,305.5,502
False,427.6132,36.03772,59274.6202624,296,502
False,427.4475,36.17532,59274.6518528,289,502
False,427.0282,36.36576,59274.6842496,277.5,502
False,426.7782,37.36766,59274.7166464,252.5,502
False,427.0931,38.95974,59274.7489152,252.5,502
False,427.7537,40.34191,59274.7801344,272,502
False,428.8164,35.33543,59274.811776,398.5,502
False,428.9777,35.62696,59274.84384,403,502
False,429.6848,42.44667,59274.876032,275,502
False,428.7376,39.09666,59274.908544,369,502
False,429.0762,39.66623,59274.9563648,380.5,502
False,428.956,40.52547,59274.988288,386,502
False,427.9942,40.61538,59275.0198016,403,502
False,428.1925,41.19712,59275.0519424,394,502
False,427.603,41.46154,59275.084288,390,502
False,427.3617,41.25123,59275.1174784,406,502
False,427.4285,41.49398,59275.1485312,415,502
False,427.0012,41.39486,59275.1798656,428,502
False,426.898,41.26328,59275.2118528,433,502
False,427.0125,41.29115,59275.2439168,438.5,502
False,427.0923,40.98549,59275.2758272,448,502
False,427.2053,40.99154,59275.3082624,453,502
False,427.2789,40.95918,59275.3563136,441,502
False,427.2859,41,59275.3880064,446,502
False,427.2625,40.98146,59275.4197888,449.5,502
False,427.2256,40.84318,59275.4519168,448.5,502
False,427.3499,40.86621,59275.4844544,443.5,502
False,427.3809,40.82799,59275.5177344,452.5,502
False,427.3996,41.25524,59275.5485824,437.5,502
False,427.128,40.61561,59275.5803008,450.5,502
False,427.1481,40.62872,59275.6120192,448,502
False,427.1235,40.6726,59275.6440064,449.5,502
False,427.1541,40.69185,59275.6757888,450,502
False,427.5034,40.58764,59275.7083264,445,502
False,427.5451,40.82731,59275.7560192,443,502
False,427.438,40.69666,59275.7882112,444.5,502
False,427.4662,40.81682,59275.8198784,444,502
False,427.3718,40.604,59275.8519936,441.5,502
False,427.4094,40.89595,59275.8850432,440.5,502
False,426.982,40.59151,59275.9172608,463.5,502
False,426.1837,39.84211,59275.948224,465.5,502
False,425.3897,39.1875,59275.9803648,488,502
False,424.1494,38.80074,59276.0120448,498.5,502
False,422.7582,38.47727,59276.0444032,528,502
False,421.9088,38.23049,59276.076352,544.5,502
False,421.3744,37.68922,59276.1079808,532,502
False,421.0696,37.023,59276.1560448,514.5,502
False,421.626,36.72018,59276.1886976,504.5,502
False,421.6492,36.22491,59276.2204032,516.5,502
False,421.7383,36.21094,59276.2520448,512,502
False,421.6925,36.2281,59276.2842624,510,502
False,421.6053,36.14086,59276.3165824,513.5,502
False,420.4612,35.61176,59276.3489536,516,502
False,418.8506,34.87586,59276.3808,507.5,502
False,416.8608,33.04094,59276.41216,570,502
False,415.4317,32.6317,59276.4440832,562.5,502
False,413.8672,32.3781,59276.476032,551,502
False,411.6289,31.8379,59276.508096,547,502
False,409.277,31.87892,59276.557056,568.5,502
False,407.0181,32.22118,59276.5884288,533.5,502
False,404.9538,33.02013,59276.6199936,505,502
False,403.3996,33.62466,59276.6525056,488,502
False,400.7433,33.77733,59276.6843904,494,502
False,398.5388,33.96345,59276.716736,492.5,502
False,396.2242,34.14748,59276.7483136,473.5,502
False,392.7716,33.93558,59276.7804928,460.5,502
False,389.8778,33.6047,59276.8129152,468,502
False,387.2654,33.64144,59276.84448,495.5,502
False,384.6774,34.11062,59276.876096,452,502
False,382.0693,35.31116,59276.908096,421,502
False,379.2499,36.28181,59276.9561472,433.5,502
False,376.4893,36.81739,59276.9880832,481,502
False,373.756,36.92251,59277.0208512,477.5,502
False,371.0339,36.76107,59277.0522112,482,502
False,368.82,36.61739,59277.0850304,487,502
False,366.2515,36.42545,59277.1176576,503,502
False,363.4739,36.30931,59277.1484416,513.5,502
False,359.8179,36.61053,59277.1804672,522.5,502
False,356.2916,37.06963,59277.212288,495.5,502
False,352.6408,37.57626,59277.24416,477.5,502
False,349.2876,38.42274,59277.2765312,473.5,502
False,346.5765,39.17491,59277.3080832,495.5,502
False,344.069,39.49035,59277.3560704,466,502
False,341.1938,39.68169,59277.388096,466,502
False,338.7178,39.91616,59277.4200448,489,502
False,336.7896,39.98542,59277.4534272,503,502
False,335.193,40.34016,59277.4851968,513,502
False,334.1841,40.29686,59277.5162624,489,502
False,333.9731,40.60489,59277.55008,477.5,502
False,333.9962,40.80698,59277.580928,477.5,502
False,333.9005,41.11828,59277.6123008,480.5,502
False,333.9037,41.05309,59277.644224,474,502
False,333.8536,40.9289,59277.6761088,473.5,502
False,333.8821,40.96022,59277.7081216,473.5,502
False,333.8862,40.97871,59277.7565824,477.5,502
False,333.8914,41.01051,59277.7887104,476,502
False,333.8839,40.98025,59277.8202752,472.5,502
False,333.8208,41.05718,59277.8523776,478,502
False,333.7563,40.96674,59277.884416,476,502
False,333.8965,40.91256,59277.9174272,476.5,502
False,333.8849,40.96339,59277.9508736,478,502
False,333.829,41.0101,59277.9807104,478.5,502
False,333.9102,40.98421,59278.0123008,475,502
False,333.7732,40.97834,59278.044224,477,502
False,333.8862,40.99337,59278.07616,477.5,502
False,333.8333,41.02301,59278.1081344,478,502
False,333.9114,41.01575,59278.1565312,476,502
False,333.8673,40.94678,59278.1894912,476,502
False,333.6395,40.92797,59278.2203392,479,502
False,333.1814,41.26721,59278.2523648,491.5,502
False,331.3928,41.5679,59278.2843904,513,502
False,329.8875,41.60241,59278.3180288,511,502
False,328.5856,41.53623,59278.3499904,506,502
False,327.7098,41.83709,59278.3802752,509.5,502
False,326.8436,42.51567,59278.4123776,494.5,502
False,325.9611,43.12038,59278.444288,509.5,502
False,325.097,43.40549,59278.4761216,503.5,502
False,324.5945,43.30267,59278.5087872,505.5,502
False,324.7912,42.57683,59278.5563136,480.5,502
False,326.0054,41.86045,59278.588736,461,502
False,327.1,41.71014,59278.6208,448.5,502
False,328.2747,41.3776,59278.6524416,440.5,502
False,328.6718,41.54678,59278.6849664,456,502
False,328.3025,41.41649,59278.7172992,465,502
False,329.0133,40.90699,59278.75008,426.5,502
False,330.2316,40.01999,59278.7809024,383.5,502
False,330.2766,39.92199,59278.8127232,376,502
False,329.8383,40.24531,59278.8443008,373,502
False,329.3848,40.48206,59278.8761984,385.5,502
False,328.5902,40.81553,59278.9081856,412,502
False,328.1858,40.89431,59278.9562624,410,502
False,327.182,41.13751,59278.9888384,423,502
False,324.9026,41.60384,59279.0204672,443,502
False,322.4017,42.00621,59279.0531328,456,502
False,319.6015,42.9249,59279.0855424,470.5,502
False,316.4561,44.22025,59279.1174656,479,502
False,313.4457,44.94298,59279.1489408,494,502
False,310.4199,45.86847,59279.1806848,481.5,502
False,308.3674,46.61295,59279.2123392,484,502
False,306.7317,47.51863,59279.244672,474,502
False,305.5588,48.84573,59279.2766336,477.5,502
False,304.5138,49.68679,59279.3084032,472,502
False,303.5536,50.14105,59279.3565312,488,502
False,302.69,50.34148,59279.3883392,470.5,502
False,301.3691,50.68013,59279.42048,470.5,502
False,300.7123,50.92596,59279.4528896,475,502
False,299.7258,51.1596,59279.4860928,459.5,502
False,299.153,51.03437,59279.517824,451,502
False,298.4161,51.29065,59279.5490688,449,502
False,298.0995,51.4199,59279.5805568,425.5,502
False,297.2953,51.60944,59279.6123904,416.5,502
False,295.8772,51.86737,59279.6449536,426,502
False,294.903,52.55801,59279.6766976,431,502
False,294.7341,53.51847,59279.7083904,437.5,502
False,294.2673,54.28074,59279.756544,459.5,502
False,294.3112,54.61098,59279.7883264,437,502
False,294.3872,54.39462,59279.8204672,427,502
False,294.1105,54.35728,59279.8528768,431.5,502
False,294.3349,54.27758,59279.8856192,427.5,502
False,294.3874,54.27258,59279.917504,422.5,502
False,294.3023,54.33372,59279.9488,430,502
False,294.3005,54.23631,59279.9808128,426,502
False,294.2559,54.1521,59280.0124928,417.5,502
False,293.6326,54.32644,59280.045312,411,502
False,292.2162,54.79057,59280.0768128,417,502
False,291.801,54.62611,59280.10848,394.5,502
False,291.3276,53.72429,59280.1565568,350,502
False,289.8678,53.5602,59280.1885568,394.5,502
False,289.4038,53.75694,59280.2206592,378.5,502
False,289.0597,54.46865,59280.2530048,385.5,502
False,289.4948,54.63501,59280.285568,368.5,502
False,288.8222,54.80771,59280.3175168,380.5,502
False,288.6847,55.00484,59280.3487872,379,502
False,288.1466,55.04743,59280.3804416,383,502
False,288.158,54.59609,59280.4124928,375.5,502
False,288.6761,53.61629,59280.4448256,337.5,502
False,287.7862,53.60471,59280.4770816,382,502
False,287.7751,53.6888,59280.5085056,376.5,502
False,288.0876,53.47599,59280.557248,357.5,502
False,288.648,53.64338,59280.588992,322,502
False,288.8808,53.76264,59280.6206976,323,502
False,288.5289,53.9817,59280.6525824,346,502
False,288.4711,54.10694,59280.6852352,346,502
False,288.1781,54.4052,59280.7175552,378,502
False,288.3649,54.30088,59280.749184,380,502
False,288.1391,54.18229,59280.780864,389.5,502
False,288.2487,54.12027,59280.81248,370,502
False,287.4613,53.80133,59280.8445952,375,502
False,287.498,53.37888,59280.8764672,344,502
False,287.8048,53.3792,59280.9089792,327,502
False,287.0783,52.72897,59280.9572864,313,502
False,286.8477,53.81092,59280.9886848,290,502
False,287.1588,54.3758,59281.0205824,286.5,502
False,286.8492,54.75284,59281.0530944,278.5,502
False,286.886,55.0386,59281.0855552,272,502
False,286.5646,55.18145,59281.1175168,287.5,502
False,286.4886,55.1763,59281.1493632,285.5,502
False,286.5847,55.16577,59281.1811072,278.5,502
False,286.5368,55.15739,59281.2126976,278.5,502
False,286.7666,55.32154,59281.2449408,268.5,502
False,286.4586,55.47141,59281.2764288,274,502
False,286.5683,55.50649,59281.3085568,269.5,502
False,286.7631,55.23052,59281.3567104,261,502
False,286.7275,55.33664,59281.3887488,252,502
False,285.9651,55.55392,59281.4211584,272,502
False,286.0143,55.44984,59281.4537984,267.5,502
False,286.1373,55.31786,59281.4852736,258.5,502
False,286.5962,55.31301,59281.5181952,262.5,502
False,286.9422,55.27553,59281.5506944,259.5,502
False,286.6273,55.52762,59281.5812224,262.5,502
False,286.7131,54.91476,59281.612672,240.5,502
False,286.9675,55.43637,59281.644608,241,502
False,287.084,55.39901,59281.6770176,236,502
False,288.0883,55.2427,59281.7088512,217,502
False,287.7447,55.59645,59281.7566464,235,502
False,287.9261,55.71739,59281.7887744,230,502
False,288.0429,55.3702,59281.8209024,221.5,502
False,288.1925,55.43074,59281.8527488,219,502
False,287.8756,55.55821,59281.8860288,230.5,502
False,288.2149,55.39146,59281.918208,226.5,502
False,288.0571,55.39194,59281.9489664,227.5,502
False,288.1601,55.55947,59281.9810432,227,502
False,287.3235,55.7907,59282.0126464,236.5,502
False,287.086,55.1828,59282.0456064,232.5,502
False,287.3284,55.07943,59282.076672,235,502
False,287.0984,55.41772,59282.10912,237,502
False,286.9265,55.52921,59282.1568128,242.5,502
False,286.9562,55.56285,59282.1891584,236,502
False,281.1408,54.7904,59282.2208,361,502
False,287.208,55.39401,59282.2534656,211.5,502
False,287.5857,55.51349,59282.2855168,210,502
False,281.8349,53.99841,59282.3178368,315,502
False,287.8585,55.48219,59282.3492224,182.5,502
False,288.4178,55.49596,59282.380928,185.5,502
False,288.658,55.73816,59282.4132352,172.5,502
False,288.9425,55.346,59282.4452224,171,502
False,288.9577,55.55908,59282.4768256,173.5,502
False,288.8273,55.4986,59282.5086976,178.5,502
False,288.4987,55.59964,59282.5579648,186.5,502
False,289.278,55.39898,59282.589184,162.5,502
False,289.1006,55.73471,59282.6215552,169,502
False,289.0618,55.85507,59282.6530944,172.5,502
False,289.4318,55.38986,59282.6851328,171,502
False,289.8078,55.33734,59282.71744,166.5,502
False,289.5546,55.65388,59282.7505152,169.5,502
False,289.2523,55.77414,59282.780864,183,502
False,289.3645,55.423,59282.8129408,171,502
False,289.2726,55.82484,59282.8448,186.5,502
False,289.5798,55.48603,59282.8767232,167,502
False,289.2157,55.90756,59282.9091456,178.5,502
False,289.4387,55.88213,59282.957248,172.5,502
False,289.2375,55.24713,59282.9889408,174,502
False,288.0689,55.2635,59283.0209792,179,502
False,287.6728,55.18985,59283.0535424,190.5,502
False,287.64,55.32873,59283.0851072,181,502
False,287.251,55.57683,59283.1186816,198.5,502
False,287.421,55.62117,59283.1508608,201.5,502
False,287.6131,55.80988,59283.1809664,199,502
False,287.8168,55.68969,59283.2129408,181,502
False,288.2054,55.31151,59283.2447872,168,502
False,288.4265,55.27052,59283.2767744,164.5,502
False,288.4169,55.17647,59283.3091456,161.5,502
False,288.636,55.08834,59283.3571712,141.5,502
False,288.2144,55.41586,59283.3889536,155.5,502
False,288.3257,55.31031,59283.4210176,152,502
False,288.6678,55.12969,59283.4530304,146.5,502
False,288.4759,55.38608,59283.4860928,148.5,502
False,288.5851,55.59907,59283.518016,143,502
False,288.5748,55.57126,59283.5494528,141.5,502
False,288.8605,55.2,59283.5808768,135,502
False,288.6336,55.20956,59283.6129664,136,502
False,287.8994,55.48136,59283.6454272,147.5,502
False,288.1917,55.20426,59283.6768128,133,502
False,287.613,55.46317,59283.7092864,133.5,502
False,274.4785,50.92128,59283.7568256,135.5,502
False,274.6834,50.96163,59283.7897344,139,502
False,280.9375,53.1823,59283.8209024,282.5,502
False,280.8718,53.00618,59283.8530304,296.5,502
False,280.5569,53.06508,59283.886272,294.5,502
False,287.0297,54.66271,59283.9183232,168.5,502
False,286.9677,55.06464,59283.9492992,180.5,502
False,280.6559,53.31983,59283.9812864,308.5,502
False,280.3354,52.88412,59284.0129152,326.5,502
False,280.23,52.89147,59284.0450432,322.5,502
False,280.4422,52.79539,59284.0776576,318.5,502
False,286.6656,54.27879,59284.1090688,165,502
False,286.8148,54.66975,59284.1571968,162,502
False,287.0186,54.7807,59284.189184,152,502
False,274.3392,49.23826,59284.222208,142,502
False,274.2769,49.32108,59284.253504,136,502
False,275.4233,48.93283,59284.2859776,131.5,502
False,275.5674,48.60941,59284.3179264,131,502
False,275.9604,48.42146,59284.3492736,130.5,502
False,276.6643,48.27797,59284.380992,141.5,502
False,277.3198,48.42222,59284.4131072,135,502
False,277.8582,48.6143,59284.4458624,130.5,502
False,278.356,49.00567,59284.477568,147,502
False,279.2417,49.25659,59284.5090688,145.5,502
False,279.6714,49.53477,59284.5573632,139,502
False,280.5521,49.05671,59284.5890688,144,502
False,281.0372,47.66899,59284.6210176,143.5,502
False,281.0186,45.96393,59284.6531072,134,502
False,281.5759,43.93906,59284.6854272,134,502
False,282.1242,42.44896,59284.718848,135.5,502
False,282.4611,41.48353,59284.749248,126.5,502
False,282.6236,41.65526,59284.7811584,131.5,502
False,283.0187,41.90512,59284.813184,133.5,502
False,283.2943,41.48596,59284.8450688,136.5,502
False,283.8803,41.44601,59284.8775168,142,502
False,284.3943,41.90847,59284.9098496,147.5,502
False,285.288,42.44715,59284.9573632,143.5,502
False,284.8224,43.09689,59284.989184,144.5,502
False,284.9989,43.4471,59285.0210688,146.5,502
False,285.3018,43.87725,59285.053568,148,502
False,284.951,43.91639,59285.0860544,149.5,502
False,285.0906,43.65621,59285.118016,143.5,502
False,285.5351,43.51282,59285.1493632,149.5,502
False,285.9576,43.79487,59285.1822464,149.5,502
False,287.4803,43.90022,59285.2133888,152,502
False,289.2125,43.7226,59285.245632,149,502
False,290.0408,43.73923,59285.2776192,147,502
False,290.6458,43.8125,59285.3092096,128,502
False,291.5817,43.18991,59285.3571584,125.5,502
False,288.8181,58.10515,59285.3892096,158.5,502
False,289.3683,57.69833,59285.421952,200,502
False,291.1918,51.57594,59285.4536192,338,502
False,291.0738,54.30117,59285.4853888,300.5,502
False,292.7551,49.29316,59285.5178368,431.5,502
False,292.9153,47.82661,59285.5493504,496,502
False,293.6055,46.03945,59285.5815296,553.5,502
False,294.1292,44.78207,59285.6137344,582,502
False,294.822,44.37721,59285.6458624,604,502
False,295.1796,44.27293,59285.6772224,607,502
False,295.4815,44.72567,59285.709824,613,502
False,296.2319,44.3803,59285.7575296,621,502
False,296.7757,44.32706,59285.7892608,637.5,502
False,297.4979,43.73519,59285.8211456,647,502
False,297.4355,44.15033,59285.8532864,612,502
False,299.0233,43.34593,59285.8856832,608.5,502
False,301.5991,42.51987,59285.9188736,604,502
False,304.4346,41.39929,59285.9502464,609,502
False,307.3057,40.13065,59285.9813504,597,502
False,310.317,39.022,59286.0133504,583.5,502
False,313.1735,38.44624,59286.0451712,589,502
False,316.1403,37.96619,59286.0772736,562,502
False,317.3318,37.80504,59286.1096448,542,502
False,317.9178,37.8876,59286.1571584,562,502
False,318.0594,37.5381,59286.1896832,566.5,502
False,320.1045,40.5741,59286.2226816,320.5,502
False,318.2639,37.11618,59286.2534144,559.5,502
False,318.7397,37.03391,59286.286272,580,502
False,318.9928,37.10825,59286.3189888,582,502
False,319.3153,37.20103,59286.3504384,582,502
False,320.8324,37.2072,59286.3816832,606.5,502
False,323.3084,37.17652,59286.4131712,609,502
False,325.9426,36.9942,59286.445376,603.5,502
False,329.3063,36.83347,59286.4776832,591.5,502
False,332.7575,36.30476,59286.5099648,612.5,502
False,336.0019,35.70599,59286.5573376,614.5,502
False,338.6919,35.52828,59286.58976,607,502
False,341.4696,35.60701,59286.6211456,589.5,502
False,343.6918,35.99294,59286.6540416,590,502
False,346.5562,36.55285,59286.6861952,594.5,502
False,349.725,36.30375,59286.7175424,608.5,502
False,353.2444,35.84095,59286.7497088,601.5,502
False,357.3589,35.72765,59286.78144,598.5,502
False,361.8602,35.23837,59286.8135808,609,502
False,366.1294,34.63136,59286.8457728,632.5,502
False,370.4178,35.589,59286.8775424,618,502
False,374.2747,36.88223,59286.9094016,608.5,502
False,378.3938,38.25327,59286.9572992,587,502
False,382.857,40.36094,59286.9893376,634,502
False,386.8828,41.55284,59287.0223744,634,502
False,390.8766,41.99896,59287.0537856,641.5,502
False,394.6239,41.55715,59287.0857728,627,502
False,398.582,40.8869,59287.117888,586.5,502
False,402.733,43.01432,59287.1496576,663.5,502
False,404.8969,44.51846,59287.18176,632,502
False,406.3889,46.05632,59287.2141056,618.5,502
False,407.3712,48.07201,59287.2458112,629.5,502
False,408.6106,50.09505,59287.27744,633,502
False,411.1006,53.23817,59287.3094144,648,502
False,412.6745,55.36318,59287.3573504,659,502
False,413.9105,56.21323,59287.389504,642.5,502
False,415.4897,58.61111,59287.4226048,648,502
False,416.929,61.40692,59287.4537472,650,502
False,418.1508,62.16074,59287.4865536,619,502
False,419.3795,62.02596,59287.5191552,610,502
False,419.9365,61.13711,59287.550912,609,502
False,420.5794,59.79945,59287.5822592,600,502
False,420.5965,59.14063,59287.614336,608,502
False,420.5251,58.88074,59287.6459136,606.5,502
False,420.491,58.86639,59287.6777728,610,502
False,420.4068,58.98951,59287.7097856,603.5,502
False,420.1932,59.11388,59287.7580672,603,502
False,420.6008,59.75455,59287.7901696,605,502
False,421.0869,61.79799,59287.8223104,629.5,502
False,422.022,63.47615,59287.8538112,622,502
False,422.14,65.66666,59287.885888,616.5,502
False,422.2526,68.23817,59287.9187456,613,502
False,422.3836,69.47767,59287.9510272,563.5,502
False,422.6765,72.11671,59287.9819264,575.5,502
False,422.7012,76.35339,59288.0152832,631.5,502
False,423.2575,78.86028,59288.0458752,646.5,502
False,423.9825,81.7925,59288.0774656,649,502
False,425.523,84.07092,59288.109504,627.5,502
False,426.6986,87.41573,59288.1581952,667.5,502
False,427.1977,91.56231,59288.189824,666,502
False,427.2943,96.04858,59288.2221952,648.5,502
False,427.5228,98.50516,59288.2546432,614,502
False,425.5747,102.7205,59288.2859264,659.5,502
False,425.0832,103.8402,59288.3179776,631,502
False,424.8931,106.1269,59288.3500928,633,502
False,424.3203,110.2569,59288.381824,665,502
False,425.0336,111.5801,59288.4141952,625.5,502
False,425.511,114.9757,59288.446144,624,502
False,425.908,118.4057,59288.4779648,635.5,502
False,425.9959,120.9775,59288.5094912,606.5,502
False,425.65,122.6529,59288.5575168,580,502
False,424.7742,123.0608,59288.5895424,567.5,502
False,424.3265,123.1526,59288.621888,562.5,502
False,424.2563,123.1146,59288.6536576,560,502
False,424.2997,123.2349,59288.6859904,569,502
False,424.3985,123.1077,59288.718208,568,502
False,424.3219,123.137,59288.7498752,569.5,502
False,424.4715,123.2332,59288.7824384,564.5,502
False,424.4155,123.1502,59288.8142464,568,502
False,424.2998,123.1856,59288.8455936,576.5,502
False,424.3544,123.1188,59288.8775808,569.5,502
False,424.3842,123.2508,59288.9095424,569.5,502
False,424.4013,123.1346,59288.957632,568.5,502
False,424.4165,123.1734,59288.9903872,569,502
False,424.3778,123.2098,59289.0219008,573.5,502
False,424.3513,123.1981,59289.053632,574.5,502
False,424.4223,123.1503,59289.0858112,565.5,502
False,424.3774,123.1929,59289.1185152,571,502
False,424.3908,123.077,59289.1508096,571.5,502
False,424.4069,123.0994,59289.1821952,568.5,502
False,424.434,123.1438,59289.2140288,568,502
False,424.444,123.2069,59289.2455424,571,502
False,424.3622,123.1752,59289.277568,576.5,502
False,424.3853,123.0896,59289.3095424,571,502
False,424.425,123.1971,59289.3575424,569,502
False,423.9871,123.4356,59289.3899392,542.5,502
False,422.665,125.9015,59289.4216832,589,502
False,421.835,127.2976,59289.45376,602,502
False,421.4026,128.8486,59289.4858368,582.5,502
False,422.1974,129.3833,59289.517504,560.5,502
False,421.4774,130.4873,59289.5519232,556.5,502
False,420.7684,131.9116,59289.5822592,539,502
False,420.406,133.3243,59289.6144,536.5,502
False,419.7333,134.2573,59289.646016,528,502
False,418.4151,134.7212,59289.6776704,532,502
False,417.6096,135.4208,59289.7095424,531.5,502
False,417.0801,135.8023,59289.7575168,516,502
False,416.8739,136.2482,59289.789632,513,502
False,416.2715,136.8914,59289.822016,531,502
False,415.8877,137.5295,59289.8543488,516.5,502
False,415.5144,137.4827,59289.8860416,514.5,502
False,415.2906,137.4628,59289.9187456,503.5,502
False,415.2383,137.4821,59289.950016,499.5,502
False,414.4418,137.6725,59289.9828736,482.5,502
False,413.4796,138.7111,59290.01376,476.5,502
False,412.2106,140.3001,59290.0461056,467,502
False,410.3162,142.0637,59290.0779904,447.5,502
False,407.5864,143.0056,59290.1096832,446.5,502
False,404.9827,143.2118,59290.1577216,463.5,502
False,402.5974,143.4816,59290.190016,493.5,502
False,400.1283,144.1634,59290.2222336,480.5,502
False,397.0547,144.8316,59290.254336,484,502
False,393.8276,145.2181,59290.2858496,507.5,502
False,390.8996,145.9108,59290.3188352,506.5,502
False,388.6467,146.6093,59290.3501824,517.5,502
False,386.5118,146.874,59290.3821184,514.5,502
False,383.7142,146.8598,59290.4142208,498,502
False,381.9138,146.6306,59290.446144,489.5,502
False,380.7352,146.3804,59290.4776704,481.5,502
False,380.067,146.1777,59290.509696,483,502
False,379.4337,146.0207,59290.5578112,483,502
False,378.955,145.7727,59290.5905408,478,502
False,378.1978,145.3428,59290.6222848,473.5,502
False,378.1225,145.4078,59290.6539648,472,502
False,378.6317,146.0211,59290.686528,458,502
False,379.0514,146.456,59290.7177216,460.5,502
False,379.2191,146.8508,59290.7501696,458,502
False,379.0826,146.8348,59290.7822208,462,502
False,379.0808,146.6434,59290.8138496,458,502
False,379.2616,146.7285,59290.846208,455.5,502
False,380.1518,147.0982,59290.8780032,460,502
False,380.3348,147.1898,59290.9096704,461,502
False,380.2753,146.9438,59290.9577856,456.5,502
False,380.2398,146.8249,59290.989824,456,502
False,380.0607,146.8284,59291.0219392,455.5,502
False,379.1688,146.7899,59291.0542976,461,502
False,377.7579,146.5597,59291.08736,467.5,502
False,375.7489,145.9693,59291.1195264,472,502
False,372.7902,145.3682,59291.1501568,492.5,502
False,369.0675,144.6667,59291.181888,499,502
False,366.4933,144.3123,59291.2138112,524,502
False,364.2756,143.6811,59291.2461824,531.5,502
False,361.9667,142.8357,59291.2780928,495,502
False,360.9859,142.1452,59291.309696,485.5,502
False,360.2421,141.5724,59291.3578624,491.5,502
False,359.0411,140.7644,59291.3898112,503,502
False,357.8749,140.3964,59291.4219392,513,502
False,355.7295,140.003,59291.4544,501.5,502
False,353.1096,139.4132,59291.4865408,492.5,502
False,350.041,138.8551,59291.5189888,508.5,502
False,347.4038,138.1705,59291.5503872,518,502
False,344.8201,137.1591,59291.581888,530,502
False,342.459,136.1751,59291.614208,522.5,502
False,340.4251,135.0065,59291.646464,510.5,502
False,338.6453,133.7353,59291.678016,507.5,502
False,337.6876,132.465,59291.7102208,510,502
False,336.8861,131.2825,59291.7579776,512,502
False,335.8358,130.4494,59291.7898752,512.5,502
False,334.3477,129.6025,59291.8219264,498.5,502
False,331.97,128.6626,59291.8546816,494.5,502
False,331.027,128.3285,59291.8870912,481.5,502
False,330.9713,128.7963,59291.9192704,481,502
False,331.3051,129.1015,59291.9501568,473,502
False,331.8863,129.863,59291.982272,478,502
False,332.2652,130.2595,59292.0138496,462.5,502
False,332.614,130.4344,59292.0462336,475,502
False,332.8772,130.3896,59292.0782336,471,502
False,332.9093,130.1404,59292.1259648,476,502
False,333.1679,130.1345,59292.1581056,468.5,502
False,332.968,129.9069,59292.189888,469,502
False,333.0197,130.0661,59292.2220544,466.5,502
False,333.2692,130.3053,59292.2544128,481,502
False,333.5696,130.4283,59292.2871296,477.5,502
False,333.8397,130.6723,59292.318976,474,502
False,334.0066,130.8356,59292.350272,478.5,502
False,333.9328,130.895,59292.3822336,471.5,502
False,334.0493,130.9682,59292.4138752,477,502
False,333.9905,130.9257,59292.4462592,473,502
False,333.8866,130.8714,59292.4784128,469,502
False,333.8071,130.9236,59292.5260672,473.5,502
False,333.8041,130.8622,59292.5579392,474,502
False,333.7031,130.736,59292.59008,480.5,502
False,333.6271,130.7915,59292.6220928,480.5,502
False,333.5046,130.6615,59292.6544896,484.5,502
False,333.5117,130.4638,59292.6865536,484,502
False,333.4524,130.3108,59292.7195136,488.5,502
False,333.4891,130.2572,59292.7502464,483.5,502
False,333.5309,130.2003,59292.782144,488.5,502
False,333.8165,130.4641,59292.8148352,471.5,502
False,333.9559,130.8403,59292.846464,464.5,502
False,333.8529,130.8568,59292.8780288,472.5,502
False,333.9093,130.9691,59292.9260672,468.5,502
False,333.8431,130.802,59292.9580928,470.5,502
False,333.8558,130.8724,59292.9905152,474,502
False,333.9085,130.9081,59293.0225536,464.5,502
False,333.9044,130.9697,59293.0541056,467,502
False,333.8958,130.99,59293.0866304,468.5,502
False,333.9478,130.9574,59293.1189376,469.5,502
False,333.8897,130.8887,59293.15072,471.5,502
False,334.0072,131.0097,59293.1824128,465,502
False,333.9612,130.9622,59293.214656,467.5,502
False,333.5552,130.6358,59293.2465024,475.5,502
False,333.5507,130.2042,59293.2780672,481.5,502
False,333.5288,129.9634,59293.3260672,482.5,502
False,333.5047,129.7326,59293.3581952,477.5,502
False,333.5925,129.5811,59293.390912,467.5,502
False,333.601,129.4064,59293.4225536,477,502
False,333.3473,129.3405,59293.4541696,490,502
False,333.0874,129.162,59293.4865792,496,502
False,332.985,128.9498,59293.5190272,501.5,502
False,332.9891,129.093,59293.5513984,491,502
False,332.8091,129.1522,59293.5824896,494,502
False,332.5652,129.3372,59293.6141184,476.5,502
False,332.6136,129.5518,59293.646208,480.5,502
False,332.4915,129.3787,59293.6781696,477.5,502
False,332.5558,128.923,59293.7263104,482.5,502
False,332.7381,129.0676,59293.7581568,476,502
False,332.6304,128.9464,59293.790976,482,502
False,332.6355,129.0007,59293.8225536,481.5,502
False,332.6642,129.1537,59293.8542336,482.5,502
False,332.4832,128.9496,59293.8866688,489.5,502
False,332.4384,128.9516,59293.91904,488.5,502
False,332.3547,128.9416,59293.9505024,490.5,502
False,332.4535,128.8875,59293.9834368,498,502
False,332.8022,129.2399,59294.0141056,487,502
False,332.4915,129.0892,59294.0467072,500.5,502
False,332.6601,129.4255,59294.0788608,483,502
False,333.1547,129.7374,59294.1266944,478.5,502
False,333.1314,129.6528,59294.1583232,482,502
False,333.1583,129.659,59294.1905792,476,502
False,333.1129,129.6935,59294.2227328,478.5,502
False,332.9176,129.532,59294.2546944,481.5,502
False,332.7451,129.1833,59294.2866688,480,502
False,332.6331,129.2283,59294.3186688,476,502
False,332.6504,129.3832,59294.3504384,481,502
False,332.6825,129.2006,59294.3826304,483.5,502
False,332.8489,129.3534,59294.4146176,491,502
False,332.6632,129.1306,59294.4463616,483.5,502
False,332.5726,129.1174,59294.478272,491,502
False,332.5999,129.3319,59294.5263872,479,502
False,332.5702,129.3972,59294.558272,475,502
False,332.7426,129.6115,59294.590784,483,502
False,332.4371,129.3243,59294.6226688,478.5,502
False,332.4799,129.3134,59294.6550016,477.5,502
False,332.6348,129.3996,59294.6872448,480.5,502
False,332.5581,129.2133,59294.7187968,493,502
False,332.6111,129.3872,59294.7505536,479.5,502
False,332.6539,129.3167,59294.7825536,470,502
False,332.485,129.2855,59294.8143232,473.5,502
False,332.3055,129.2011,59294.846912,484,502
False,332.3897,129.2276,59294.8788224,473,502
False,332.3459,129.1714,59294.9263104,477.5,502
False,332.2726,129.0062,59294.9583616,486,502
False,332.4008,129.2115,59294.990528,474.5,502
False,332.8174,129.6487,59295.0222592,481,502
False,332.7994,129.4357,59295.0543488,483.5,502
False,332.6966,129.3224,59295.0871808,489.5,502
False,332.6971,129.3878,59295.1196928,493,502
False,332.7939,129.4882,59295.150592,494,502
False,332.9536,129.6404,59295.18272,481.5,502
False,332.9983,129.821,59295.2143744,486,502
False,333.0726,129.7605,59295.2467584,486.5,502
False,332.9871,129.6877,59295.2787712,492,502
False,333.1491,129.7567,59295.3268096,483,502
False,332.9164,129.4725,59295.3584512,488.5,502
False,332.7249,129.3929,59295.3904896,489.5,502
False,332.7526,129.3771,59295.4223104,487,502
False,332.7454,129.3271,59295.4544896,485,502
False,332.6472,129.2129,59295.4876544,487,502
False,332.493,129.1723,59295.5200256,504,502
False,332.3509,128.797,59295.5511296,511.5,502
False,332.448,128.9551,59295.5826688,501.5,502
False,332.352,129.1302,59295.6143232,500.5,502
False,332.5211,129.6971,59295.6464128,492.5,502
False,332.7204,129.9694,59295.678464,496,502
False,332.6663,130.1882,59295.726976,502,502
False,332.698,130.3887,59295.758976,494,502
False,332.6012,130.358,59295.790848,494,502
False,332.4869,130.4333,59295.8223872,497,502
False,332.588,130.3974,59295.8545152,494,502
False,332.5595,130.4301,59295.8868864,496,502
False,332.5604,130.3636,59295.9193856,495.5,502
False,332.5119,130.2959,59295.9513472,498.5,502
False,332.4473,130.2612,59295.9825536,501.5,502
False,332.4403,130.2837,59296.0144,500,502
False,332.4799,130.2842,59296.0464896,499,502
False,332.4477,130.1816,59296.0784768,503,502
False,332.5018,130.2832,59296.1274624,498.5,502
False,332.436,130.1461,59296.1590784,506.5,502
False,332.1431,130.184,59296.1911552,505.5,502
False,332.1625,130.1564,59296.222464,518,502
False,332.4464,130.4309,59296.2546432,497,502
False,332.7465,130.5916,59296.286976,490.5,502
False,332.9242,130.5301,59296.3198592,512.5,502
False,332.8513,130.5039,59296.3507072,511,502
False,332.7811,130.1783,59296.3826688,508.5,502
False,333.0961,129.9104,59296.4144768,511.5,502
False,333.3267,129.2104,59296.4464896,524.5,502
False,333.5637,129.1133,59296.4791808,518,502
False,333.561,128.6686,59296.5270016,519,502
False,333.7941,128.0331,59296.5586304,533.5,502
False,333.9577,127.653,59296.591104,535.5,502
False,334.059,126.8316,59296.6224896,536.5,502
False,333.8391,126.2186,59296.6546048,540.5,502
False,333.6593,125.4773,59296.6870144,543,502
False,333.5288,124.8075,59296.7194752,552.5,502
False,333.799,124.0741,59296.751168,555.5,502
False,333.773,123.62,59296.782848,539,502
False,333.9126,123.4014,59296.814464,543.5,502
False,334.0797,123.0922,59296.8465152,544,502
False,334.4106,122.1134,59296.8785408,552.5,502
False,334.5336,120.7001,59296.9265792,552.5,502
False,335.1816,118.1816,59296.9590656,546,502
False,335.6173,115.4478,59296.9913088,547.5,502
False,335.9227,113.1098,59297.02304,558.5,502
False,336.3871,111.6147,59297.055104,558.5,502
False,336.6533,110.2074,59297.0871424,560,502
False,337.6503,109.1646,59297.1200128,561,502
False,338.6216,108.3727,59297.1513472,562.5,502
False,339.0041,107.7626,59297.18304,571.5,502
False,339.0749,107.3071,59297.2145792,565.5,502
False,339.046,106.7107,59297.246592,579.5,502
False,339.1497,105.8271,59297.2785792,576.5,502
False,339.207,104.9483,59297.3266048,583,502
False,339.6154,104.0567,59297.3593984,585,502
False,339.9908,103.1902,59297.3918976,580,502
False,340.7224,102.1283,59297.42304,565,502
False,341.4561,101.3321,59297.4546304,551,502
False,341.5434,100.9124,59297.4870784,542,502
False,341.2402,100.544,59297.5195776,547.5,502
False,341.166,100.6358,59297.5514496,546,502
False,341.2636,100.3186,59297.5831168,552.5,502
False,341.2266,100.2731,59297.6147072,551,502
False,341.4987,99.77699,59297.6465792,560.5,502
False,342.0824,98.07368,59297.6786688,574.5,502
False,342.7756,96.73759,59297.7274112,587.5,502
False,343.4472,95.5247,59297.7590912,587,502
False,343.8326,94.49249,59297.7907584,565.5,502
False,344.5681,94.41108,59297.8225792,559.5,502
False,345.1342,94.82613,59297.8547328,566.5,502
False,345.5272,95.2057,59297.8870656,561.5,502
False,345.7779,94.97162,59297.9202432,575.5,502
False,346.0833,94.35542,59297.9509632,588.5,502
False,346.8289,93.47367,59297.9829248,595,502
False,348.0047,92.16125,59298.0150784,599.5,502
False,349.4573,90.60722,59298.0467072,591.5,502
False,350.8008,89.37794,59298.0786816,568,502
False,351.6118,88.3105,59298.1265408,562,502
False,352.5021,87.40421,59298.1586944,585.5,502
False,353.3246,86.47647,59298.1917184,595,502
False,354.1401,85.7802,59298.223104,596,502
False,354.2725,85.39983,59298.254784,586.5,502
False,354.3886,85.11512,59298.287104,582,502
False,354.4287,84.50708,59298.3196032,576.5,502
False,354.5959,84.28986,59298.3509632,575,502
False,354.7353,84.17801,59298.383168,580.5,502
False,355.6605,83.80981,59298.4147968,591.5,502
False,356.9992,82.95187,59298.4467584,609.5,502
False,358.9274,81.33864,59298.4786688,597,502
False,360.5651,80.17487,59298.5267712,589,502
False,361.6268,79.91978,59298.5597568,602.5,502
False,363.498,79.27332,59298.5912576,616.5,502
False,365.485,78.24779,59298.622784,602,502
False,367.0504,77.2589,59298.65504,618,502
False,368.5767,75.77579,59298.6868736,617,502
False,369.434,74.72401,59298.719936,607.5,502
False,369.732,73.93909,59298.7532544,607.5,502
False,370.5257,73.33975,59298.7831424,597,502
False,371.1588,72.76575,59298.8148608,600.5,502
False,372.3245,71.89128,59298.84672,604,502
False,373.674,71.12728,59298.8786816,611.5,502
False,375.2218,70.32152,59298.9266816,606.5,502
False,376.2852,69.74034,59298.9590144,599.5,502
False,377.2007,69.54504,59298.9907456,592,502
False,377.938,69.53885,59299.0229376,592,502
False,378.9762,69.35966,59299.0550784,601.5,502
False,380.1823,68.98129,59299.0876416,597,502
False,381.337,68.62923,59299.1210624,596.5,502
False,382.1569,68.1217,59299.1513216,587.5,502
False,382.8147,67.91946,59299.1837824,598,502
False,383.2895,67.60011,59299.2148864,586,502
False,383.3766,67.03185,59299.2469632,581,502
False,383.3062,66.55171,59299.2794112,578.5,502
False,383.6664,66.31448,59299.3267584,583.5,502
False,383.9334,66.18117,59299.3593344,580.5,502
False,384.2556,66.12163,59299.3911168,581,502
False,384.5631,66.09875,59299.4228864,589,502
False,384.8304,65.9907,59299.4559616,591.5,502
False,386.0129,66.64641,59299.4877056,543,502
False,388.2839,67.51926,59299.520256,428.5,502
False,389.8018,67.51181,59299.5512832,381,502
False,389.89,64.82347,59299.5829504,524,502
False,391.191,63.69678,59299.6148736,564.5,502
False,391.0774,66.60632,59299.6477952,342.5,502
False,390.6569,66.815,59299.6793472,291,502
False,391.0851,66.77499,59299.7270016,258.5,502
False,388.9749,57.44771,59299.7588736,272.5,502
False,390.029,58.05326,59299.7910912,350.5,502
False,391.041,58.95901,59299.8228608,427,502
False,391.0417,59.30478,59299.8553984,432,502
False,391.3421,59.24654,59299.8875264,397.5,502
False,391.0712,58.51408,59299.9197952,325.5,502
False,391.4783,62.15064,59299.9511936,556.5,502
False,391.3636,62.06061,59299.9833088,561,502
False,391.3535,62.10568,59300.01536,563,502
False,391.4984,62.15546,59300.04736,572.5,502
False,391.6215,61.9799,59300.0788736,572,502
False,391.6597,61.98466,59300.1269248,576,502
False,391.7164,61.86892,59300.1597568,576,502
False,391.6629,61.91434,59300.1915648,574,502
False,391.6467,61.91645,59300.2228608,576.5,502
False,391.7535,61.71824,59300.2555392,572,502
False,391.6548,61.88368,59300.2872192,576,502
False,391.7552,61.82504,59300.3199616,572.5,502
False,391.704,61.84835,59300.351232,571.5,502
False,391.7326,61.70604,59300.3832704,571.5,502
False,391.6713,61.88831,59300.4152448,576,502
False,391.7477,61.85851,59300.4468864,576,502
False,391.5705,61.91345,59300.4793984,570,502
False,391.0477,61.87288,59300.5270912,569,502
False,390.2587,62.05812,59300.559104,553.5,502
False,390.5917,62.15671,59300.5921408,569,502
False,390.6684,62.22358,59300.6236928,571,502
False,390.8689,62.2787,59300.6550784,573.5,502
False,391.1645,62.16739,59300.6875392,576.5,502
False,391.282,62.29148,59300.7201792,577.5,502
False,391.6334,62.36061,59300.7512448,580.5,502
False,391.6408,62.60154,59300.7833856,586,502
False,391.7333,62.6032,59300.8153216,583,502
False,391.7384,62.46934,59300.8471168,573.5,502
False,391.7392,62.43988,59300.87904,572.5,502
False,391.6617,62.45786,59300.9272064,571.5,502
False,391.6075,62.43007,59300.9591168,572,502
False,391.571,62.39474,59300.9917824,570,502
False,391.6285,62.44011,59301.0234752,576,502
False,391.4668,62.42903,59301.0550272,569.5,502
False,391.4861,62.42234,59301.088064,573,502
False,391.455,62.42853,59301.1198976,572.5,502
False,391.5051,62.47715,59301.1513344,572.5,502
False,391.3814,62.39149,59301.183424,576,502
False,391.4133,62.45815,59301.21504,575.5,502
False,391.4239,62.39583,59301.2477184,576,502
False,391.453,62.41455,59301.2793856,572.5,502
False,391.3969,62.47727,59301.3271936,572,502
False,391.4854,62.46852,59301.358976,574.5,502
False,391.3284,62.46025,59301.3912576,576.5,502
False,391.4191,62.42028,59301.4230784,577,502
False,391.4687,62.35025,59301.4562688,571.5,502
False,391.4212,62.40702,59301.4875904,574.5,502
False,391.5469,62.43937,59301.5206912,569,502
False,391.3126,62.59663,59301.5513856,554.5,502
False,391.5988,62.63583,59301.5835776,567.5,502
False,392.029,62.59058,59301.6151552,580.5,502
False,393.1422,62.64896,59301.6470528,583.5,502
False,395.1921,62.34534,59301.6795776,583,502
False,398.7119,61.97277,59301.7276288,581.5,502
False,402.3719,62.16933,59301.7594624,595.5,502
False,405.422,62.6175,59301.7913728,569.5,502
False,407.9526,62.9294,59301.823104,559.5,502
False,409.6872,62.71553,59301.8552192,552.5,502
False,410.8418,61.48138,59301.8880512,541.5,502
False,412.418,60.1452,59301.9200256,539.5,502
False,413.7682,59.71184,59301.9520512,505.5,502
False,415.1647,60.05167,59301.9835648,500,502
False,414.7279,60.91072,59302.015232,511.5,502
False,414.155,61.66802,59302.0478464,493.5,502
False,414.0994,61.7138,59302.0796928,491.5,502
False,414.2925,61.83367,59302.1279104,498,502
False,414.8986,62.32329,59302.159168,498,502
False,415.1184,62.78009,59302.191488,504,502
False,415.429,62.97837,59302.2235904,508.5,502
False,416.3055,63.07526,59302.2556032,485,502
False,418.254,63.81094,59302.2876288,487.5,502
False,419.8981,63.66702,59302.319936,471,502
False,420.6081,63.0563,59302.3515264,447,502
False,420.9213,63.51114,59302.3834496,449,502
False,421.1763,64.68259,59302.4159744,450,502
False,423.0122,64.7117,59302.4476416,396,502
False,424.1463,65.2014,59302.4791808,405.5,502
False,424.8634,65.32268,59302.5273472,438,502
False,426.5905,65.50675,59302.559232,481.5,502
False,427.588,65.44718,59302.5915008,487.5,502
False,429.5468,65.25858,59302.6236672,466,502
False,430.3947,65.25948,59302.6558592,492,502
False,430.966,65.17719,59302.688192,475,502
False,432.425,64.99787,59302.7197312,469,502
False,432.207,65.2186,59302.7515136,475,502
False,431.6251,65.25257,59302.7834112,421,502
False,432.7454,66.23859,59302.8153984,478.5,502
False,432.4584,66.35727,59302.8483712,466.5,502
False,432.8008,66.66778,59302.8793344,448.5,502
False,432.3269,66.51111,59302.9276544,390,502
False,432.1827,66.47901,59302.959232,405,502
False,432.4716,66.84913,59302.9914496,422,502
False,431.3961,66.50497,59303.0232576,419.5,502
False,431.1401,65.95878,59303.0557312,376,502
False,431.0343,66.01117,59303.0881024,403,502
False,429.4316,65.27193,59303.1202944,380,502
False,429.5186,63.45932,59303.151616,317.5,502
False,427.8646,63.86014,59303.1833984,373,502
False,426.7216,63.35806,59303.216064,364,502
False,425.4604,63.16036,59303.2479488,370,502
False,424.6909,63.27734,59303.2793216,378,502
False,424.9788,63.55943,59303.327424,401,502
False,425.3956,65.06644,59303.3601408,436.5,502
False,425.5695,67.07708,59303.3913856,480,502
False,425.7572,69.35888,59303.4235648,528.5,502
False,425.8009,72.17746,59303.4555648,563.5,502
False,426.0365,75.82711,59303.4889344,589,502
False,426.6161,79.57757,59303.52096,593,502
False,427.5468,82.50608,59303.5517824,589.5,502
False,428.0596,85.36283,59303.5833984,582,502
False,428.298,88.15741,59303.615424,576,502
False,427.9641,90.17843,59303.6474496,581,502
False,427.8707,91.15078,59303.6796544,598,502
False,427.822,92.62175,59303.727744,616,502
False,427.7564,94.78492,59303.7594752,614.5,502
False,427.6635,97.23381,59303.7913088,628,502
False,427.778,100.083,59303.8234752,624.5,502
False,427.8056,103.6605,59303.855616,621.5,502
False,428.5565,107.4159,59303.8885376,617.5,502
False,428.7637,110.3907,59303.9211008,604.5,502
False,428.5911,113.2652,59303.9519488,562.5,502
False,427.7364,115.7534,59303.9837824,547.5,502
False,426.6537,117.3954,59304.015744,526.5,502
False,426.0359,119.2477,59304.0477312,510,502
False,425.8518,121.0443,59304.0793344,478,502
False,426.0417,122.897,59304.1273344,479,502
False,425.9904,124.9184,59304.1593344,486,502
False,425.7923,126.897,59304.19136,477.5,502
False,425.8214,128.5534,59304.2243456,466.5,502
False,426.0689,130.9214,59304.2555264,462,502
False,425.5278,132.6358,59304.2886144,416.5,502
False,423.2322,132.4921,59304.3205632,402,502
False,422.2979,132.5833,59304.3518208,376,502
False,422.2873,132.8633,59304.3838592,373,502
False,422.1582,133.4887,59304.4157696,362.5,502
False,422.5438,134.1529,59304.4478592,339,502
False,423.3711,134.4527,59304.4797312,322.5,502
False,423.9411,134.6977,59304.527488,317,502
False,424.0714,134.3969,59304.5594496,317.5,502
False,424.1905,134.5286,59304.5915008,311.5,502
False,424.2378,134.3577,59304.6236288,321,502
False,424.2477,134.5073,59304.6562816,321,502
False,424.2226,134.3249,59304.6881536,314.5,502
False,424.211,134.4021,59304.7206656,317.5,502
False,424.1003,134.3569,59304.7518976,317.5,502
False,424.1532,134.4918,59304.7907328,314.5,502
False,424.0438,134.3396,59304.8156544,320,502
False,424.1477,134.3497,59304.8480768,316,502
False,424.132,134.2212,59304.8796416,312,502
False,424.2003,134.4202,59304.92768,307,502
False,424.1963,134.2891,59304.9596032,312.5,502
False,424.1417,134.3827,59304.9921408,314,502
False,424.1411,134.3965,59305.024064,319,502
False,424.3875,134.6135,59305.0561536,310.5,502
False,424.4213,134.4437,59305.0880512,312.5,502
False,424.3624,134.386,59305.120064,304,502
False,424.0932,134.5234,59305.1518592,313,502
False,424.1414,134.3402,59305.1857408,316,502
False,424.2021,134.624,59305.2160256,308.5,502
False,424.1764,134.3418,59305.248,316.5,502
False,424.2,134.4477,59305.2795648,307.5,502
False,424.1822,134.3801,59305.3276672,317.5,502
False,424.1619,134.3834,59305.3600256,313,502
False,424.218,134.405,59305.3916416,316.5,502
False,424.2,134.2937,59305.4245632,315,502
False,424.2611,134.2702,59305.4561792,311.5,502
False,424.1881,134.4526,59305.488256,307.5,502
False,424.0816,134.366,59305.5206144,306.5,502
False,424.2897,134.12,59305.5519232,305.5,502
False,424.207,134.3248,59305.584768,314,502
False,424.2977,134.2621,59305.6158976,313.5,502
False,424.2474,134.2184,59305.6476032,316,502
False,424.1871,134.3462,59305.6796032,310,502
False,424.2534,134.3934,59305.7275648,310.5,502
False,424.1717,134.3148,59305.7596928,315.5,502
False,424.174,134.3639,59305.7921152,316,502
False,424.3496,134.4198,59305.8238592,306.5,502
False,424.1969,134.4147,59305.8557824,311.5,502
False,424.2872,134.371,59305.8882688,314.5,502
False,424.2188,134.3986,59305.9209216,311.5,502
False,424.1812,134.3465,59305.952512,316.5,502
False,424.475,134.6234,59305.9842048,323.5,502
False,424.6945,134.7363,59306.0156544,311,502
False,424.9712,134.9261,59306.0475904,318,502
False,425.3841,135.2686,59306.0795648,322,502
False,424.9756,135.7917,59306.1281536,348,502
False,424.2757,136.2115,59306.1602432,358.5,502
False,423.313,137.0242,59306.1919232,393,502
False,421.7655,138.2562,59306.223808,415,502
False,419.7318,139.0893,59306.2559872,435,502
False,416.3581,140.6064,59306.2882816,465,502
False,413.0561,142.0663,59306.3216384,505,502
False,410.6644,142.9885,59306.3520768,505.5,502
False,406.8585,143.6311,59306.3841664,516,502
False,403.9906,144.1667,59306.4157824,514,502
False,402.0334,145.1398,59306.4476544,523.5,502
False,400.7064,145.6987,59306.4797952,520.5,502
False,398.537,145.9394,59306.528448,495,502
False,396.4168,145.4671,59306.5602944,487,502
False,393.2758,144.8428,59306.5917312,493,502
False,389.699,144.0056,59306.6239488,505.5,502
False,385.6881,143.6862,59306.6558592,528.5,502
False,383.2613,143.7704,59306.6889344,511,502
False,381.5818,143.5832,59306.7217792,499,502
False,381.2642,144.0507,59306.75232,477,502
False,381.3984,144.743,59306.7844096,471.5,502
False,381.9286,145.2201,59306.8161152,474,502
False,381.8987,145.3407,59306.8477568,475.5,502
False,381.9224,145.3085,59306.8797824,477,502
False,382.0287,145.2392,59306.9277696,476,502
False,381.3546,145.052,59306.9597696,477.5,502
False,381.0498,144.8129,59306.9925504,468.5,502
False,380.1491,144.7445,59307.0245376,479.5,502
False,377.9673,144.4646,59307.0559488,509,502
False,375.6917,143.8863,59307.0884864,507,502
False,372.6143,142.807,59307.1208448,490.5,502
False,369.1591,141.5569,59307.1525504,499.5,502
False,366.0243,140.2169,59307.184128,514,502
False,362.366,138.9053,59307.2157824,510.5,502
False,358.5077,138.0583,59307.2477184,497,502
False,354.4888,137.158,59307.279744,511.5,502
False,350.2382,136.2461,59307.327872,527.5,502
False,347.1836,135.0453,59307.3606528,522,502
False,344.2874,134.2474,59307.3924864,504,502
False,341.0837,132.5969,59307.4240384,490,502
False,338.7422,130.9448,59307.4561536,507.5,502
False,336.5511,129.0671,59307.4883584,512,502
False,334.1526,127.5492,59307.5213952,479.5,502
False,331.5211,126.2691,59307.552192,467,502
False,328.8347,125.1824,59307.584192,476,502
False,326.0472,124.541,59307.6161536,473.5,502
False,323.7179,123.4532,59307.6479872,478.5,502
False,321.6343,121.9124,59307.679872,458.5,502
False,319.948,120.7135,59307.7279744,455.5,502
False,319.506,119.7663,59307.7606016,461.5,502
False,319.4278,118.8462,59307.7924736,466,502
False,319.1593,118.1399,59307.8245504,488.5,502
False,318.8203,117.7231,59307.8559744,499,502
False,318.228,117.477,59307.8884352,508,502
False,318.0572,117.2153,59307.9209728,504,502
False,317.8655,116.5163,59307.9526144,523,502
False,317.4737,115.6233,59307.984064,522.5,502
False,316.7427,114.4468,59308.0159232,526,502
False,315.9285,113.0302,59308.0479232,524.5,502
False,314.9617,111.4028,59308.08,535,502
False,314.02,110.1265,59308.1283968,525.5,502
False,313.179,108.5778,59308.1604736,540,502
False,312.2895,106.9725,59308.1921152,539.5,502
False,311.6573,105.397,59308.2239616,549.5,502
False,310.2909,103.1797,59308.2571264,518.5,502
False,308.915,100.6216,59308.289024,517.5,502
False,308.3026,97.67895,59308.3210112,543,502
False,307.1027,94.67369,59308.3522816,545.5,502
False,305.6446,91.95737,59308.3842176,520,502
False,303.7074,89.48159,59308.4163072,511.5,502
False,301.2076,86.93519,59308.4483456,522,502
False,299.5385,84.03237,59308.4800384,520,502
False,298.32,81.834,59308.5284608,501,502
False,297.6493,80.11811,59308.5601024,508,502
False,296.9375,78.30306,59308.5927424,512,502
False,296.4391,76.24487,59308.6240256,520,502
False,295.7047,74.53243,59308.6560768,516.5,502
False,295.1479,73.07721,59308.6885632,490,502
False,294.253,71.40983,59308.721024,475,502
False,293.0808,70.70451,59308.752768,458,502
False,291.9941,70.48602,59308.78528,453,502
False,291.4909,70.35312,59308.8159872,438,502
False,290.9959,70.03667,59308.8486912,404.5,502
False,291.1964,69.16521,59308.8804352,400.5,502
False,292.1851,68.41521,59308.928128,344,502
False,292.5138,68.23373,59308.9601664,338,502
False,292.6039,67.75118,59308.9922944,353,502
False,292.288,67.94608,59309.0240896,389.5,502
False,292.3692,67.22653,59309.0566656,399.5,502
False,292.4702,67.44222,59309.0889856,399.5,502
False,292.4662,67.40342,59309.1211264,390,502
False,292.3223,67.60202,59309.1523456,363.5,502
False,292.2597,67.92151,59309.1841024,344,502
False,292.7438,67.26381,59309.2164352,350,502
False,292.9687,66.95376,59309.2481408,346,502
False,293.171,66.16666,59309.2800896,347,502
False,293.5953,64.7469,59309.3281152,336.5,502
False,292.4843,64.42999,59309.3602176,319,502
False,291.2072,64.07489,59309.393344,296,502
False,291.0661,63.48506,59309.4244864,290,502
False,290.6593,62.95764,59309.456192,271.5,502
False,289.6149,62.93177,59309.4887552,212.5,502
False,290.079,62.01811,59309.5211392,202.5,502
False,291.7688,61.10948,59309.5523712,272.5,502
False,291.8421,60.6911,59309.5851904,266,502
False,291.7174,60.26933,59309.6166656,276,502
False,292.4798,59.69957,59309.6482304,314,502
False,292.322,59.32684,59309.6801664,308,502
False,291.7212,59.09724,59309.7280896,296.5,502
False,291.5871,58.82415,59309.7601664,299.5,502
False,291.6104,58.72414,59309.7928192,290,502
False,291.6972,58.50374,59309.825088,289.5,502
False,291.7403,58.62271,59309.8562432,292,502
False,291.7283,58.99543,59309.889152,292,502
False,291.3444,59.27675,59309.9220096,271,502
False,291.1991,59.43009,59309.9529472,267,502
False,290.7192,60.15076,59309.984256,241,502
False,291.523,59.58412,59310.0162432,264.5,502
False,290.8578,59.44357,59310.0482304,255.5,502
False,290.6235,59.63586,59310.0802304,243.5,502
False,291.4699,59.11439,59310.1286272,271,502
False,290.885,59.29955,59310.1602944,256.5,502
False,291.3414,59.14877,59310.192512,270,502
False,291.649,59,59310.2242944,274,502
False,290.8978,59.24983,59310.25632,249.5,502
False,291.4514,59.02147,59310.2892544,264,502
False,290.6896,59.33603,59310.3216128,247,502
False,291.496,59.08072,59310.3524736,270.5,502
False,291.6548,59.19618,59310.3845376,279.5,502
False,291.2718,59.20716,59310.4161792,265.5,502
False,290.9738,59,59310.4483072,260.5,502
False,291.1111,58.65657,59310.480704,264,502
False,291.3346,58.55904,59310.528704,271,502
False,291.258,58.71667,59310.5603456,270,502
False,291.5584,58.76384,59310.592384,271,502
False,291.5255,58.95273,59310.6242432,271.5,502
False,292.0086,59.10212,59310.6567424,290.5,502
False,291.8534,59.07525,59310.689088,299,502
False,295.9301,55.0424,59310.7212032,424.5,502
False,296.0859,55.57522,59310.752832,421,502
False,296.6028,55.28378,59310.7846016,444,502
False,296.3662,55.10415,59310.8163712,446.5,502
False,296.7477,54.8836,59310.8487552,462.5,502
False,296.4063,54.60357,59310.8803456,457,502
False,296.467,54.48072,59310.9285888,462.5,502
False,296.4328,54.40356,59310.9603584,467.5,502
False,296.1427,54.44921,59310.992384,466,502
False,296.0767,54.62123,59311.024768,458.5,502
False,296.1681,54.60385,59311.056768,459,502
False,296.1155,54.5708,59311.0886272,459,502
False,292.5874,58.28164,59311.1208064,345,502
False,292.472,58.55471,59311.1526144,330.5,502
False,292.7006,58.15845,59311.1844352,334.5,502
False,292.5943,58.13438,59311.2167936,320,502
False,292.7683,57.81184,59311.2488064,318,502
False,292.9742,57.65719,59311.2804224,316.5,502
False,293.0303,57.50523,59311.3282816,319,502
False,292.9611,57.44356,59311.36032,313,502
False,292.9674,57.37575,59311.3923968,306.5,502
False,292.8619,57.38095,59311.4247936,315,502
False,292.2799,57.20882,59311.4573568,302.5,502
False,292.226,57.00328,59311.48928,304.5,502
False,292.0908,57.06525,59311.52128,306.5,502
False,292.0515,57.06342,59311.5526528,307.5,502
False,291.7967,57.13334,59311.5853952,300,502
False,291.7452,57.07256,59311.6168448,305.5,502
False,291.5279,57.17485,59311.6484096,295.5,502
False,291.2805,57.00341,59311.6805504,293.5,502
False,291.4465,57.01008,59311.7285504,297.5,502
False,290.9988,57.33741,59311.7608064,286.5,502
False,290.8419,57.37684,59311.7928832,283.5,502
False,291.0484,57.27847,59311.8248064,282.5,502
False,290.6346,57.39091,59311.8565888,275,502
False,291.4487,57.19565,59311.889024,299,502
False,291.418,57.01737,59311.9218688,307,502
False,291.0684,57.23621,59311.9526912,290,502
False,291.3552,57.17255,59311.9847424,297.5,502
False,290.9797,57.0925,59312.01632,295.5,502
False,291.4651,56.84946,59312.0484608,310,502
False,290.9525,57.16609,59312.0808192,288,502
False,290.9063,57.37963,59312.1284352,288,502
False,291.273,56.97314,59312.1602944,304,502
False,290.9926,56.9744,59312.1925376,293,502
False,290.7329,56.91463,59312.2244224,287,502
False,290.7393,56.70755,59312.2569472,293.5,502
False,290.8589,56.70125,59312.2894336,294,502
False,291.4211,56.85745,59312.3214208,307.5,502
False,290.6213,57.27251,59312.3528192,279.5,502
False,290.7194,57.3061,59312.3856768,281.5,502
False,290.6455,57.30565,59312.4168576,283,502
False,290.9135,57.36884,59312.4488448,291,502
False,291.1803,57.1074,59312.4804864,299.5,502
False,291.1902,57.20939,59312.5283584,294.5,502
False,291.0651,57.06565,59312.5606912,297,502
False,291.1065,56.91583,59312.5926784,299,502
False,291.213,56.97128,59312.6248192,307.5,502
False,291.4057,56.94587,59312.6571264,311,502
False,291.2878,56.78482,59312.6887424,307.5,502
False,291.1185,57.04786,59312.7206272,299.5,502
False,291.4263,56.91183,59312.7527552,310,502
False,291.0965,57.01316,59312.7849088,304,502
False,290.9972,57.02482,59312.8166016,295.5,502
False,291.0837,57.03217,59312.8485888,300.5,502
False,291.1537,56.90709,59312.8805888,296,502
False,291.117,56.83251,59312.9286144,303.5,502
False,291.384,57.03938,59312.9613696,309,502
False,291.0045,57.19295,59312.9931008,298,502
False,291.0661,57.11722,59313.0248448,300,502
False,291.3371,57.05537,59313.0566912,307,502
False,290.7062,57.25771,59313.0889856,286.5,502
False,291.0528,57.23046,59313.12128,296.5,502
False,291.0337,57.14109,59313.1528064,296.5,502
False,291.3917,57.18985,59313.1855488,305.5,502
False,291.1357,57.04503,59313.2171392,303.5,502
False,290.7517,57.13021,59313.2486528,288,502
False,291.1548,56.95618,59313.2805504,300.5,502
False,291.0548,57.20973,59313.3286528,298,502
False,291.058,57.01697,59313.3611264,304.5,502
False,291.1017,57.26949,59313.3931776,295,502
False,291.2972,56.98058,59313.4249472,309,502
False,291.476,57.31372,59313.4567552,306,502
False,290.9933,58.52133,59313.4891008,250,502
False,291.9828,58.66277,59313.5210752,299.5,502
False,292.4548,58.06716,59313.553344,337.5,502
False,292.7877,56.59633,59313.5851904,391,502
False,293.4917,55.27346,59313.6167808,431.5,502
False,294.1423,53.60865,59313.6486144,462.5,502
False,296.2335,49.71862,59313.680704,571,502
False,295.8844,49.87871,59313.7291264,556.5,502
False,296.7077,47.08396,59313.7606912,601.5,502
False,295.5497,47.25665,59313.7929472,545.5,502
False,296.0799,45.14123,59313.8246144,586.5,502
False,295.6157,44.9922,59313.8567424,555.5,502
False,296.2666,43.97992,59313.8898432,564.5,502
False,298.5028,42.16184,59313.9222528,587,502
False,300.8835,41.19259,59313.9529728,585,502
False,303.7587,40.40117,59313.9847936,599.5,502
False,307.2021,39.81063,59314.0183168,602,502
False,310.7779,39.23048,59314.0488576,619,502
False,313.7188,38.73087,59314.081088,607.5,502
False,315.6606,38.33195,59314.1286528,603.5,502
False,318.9227,38.06103,59314.1605888,603.5,502
False,323.0144,37.7661,59314.1926016,590,502
False,327.0017,36.9419,59314.2250752,579.5,502
False,330.4605,36.04123,59314.2568192,578,502
False,333.3339,35.89893,59314.2889856,575.5,502
False,335.196,37.08789,59314.3217664,576.5,502
False,337.9969,37.75007,59314.353024,593.5,502
False,341.8513,36.66533,59314.3854464,624.5,502
False,344.8555,35.57702,59314.4172544,613.5,502
False,347.6621,34.28924,59314.44928,627.5,502
False,351.205,32.94301,59314.4807424,640.5,502
False,354.0005,32.13354,59314.5293824,646.5,502
False,356.9187,32.95092,59314.561024,604.5,502
False,358.1166,34.13083,59314.592704,611.5,502
False,358.2042,35.28304,59314.6247808,613,502
False,358.5432,35.42724,59314.6568448,626.5,502
False,359.0163,35.21818,59314.6890496,632.5,502
False,360.3739,34.8195,59314.7224704,632.5,502
False,358.2235,36.11299,59314.7531008,532.5,502
False,362.173,33.86129,59314.7853056,608,502
False,362.363,33.34686,59314.8175872,579,502
False,362.2154,32.94238,59314.8492416,564,502
False,362.468,32.27738,59314.8807936,563,502
False,362.1164,32.23014,59314.9286016,554,502
False,362.554,32.39435,59314.9611264,549,502
False,363.8011,32.06719,59314.9931136,573,502
False,364.8867,32.03001,59315.0253056,572,502
False,366.1565,31.39841,59315.0569856,589,502
False,366.9131,31.00508,59315.0891264,591,502
False,367.9837,30.5644,59315.1218816,603,502
False,368.8177,29.96309,59315.1530752,591.5,502
False,369.3975,29.80468,59315.185344,584.5,502
False,365.6128,32.13334,59315.2169216,455,502
False,370.3842,29.68419,59315.248896,570.5,502
False,370.2183,29.91239,59315.2808576,565,502
False,370.3147,30.21287,59315.3288448,564.5,502
False,369.8839,30.66023,59315.361536,570,502
False,368.9291,31.20784,59315.3931904,552.5,502
False,364.0232,33.01881,59315.4247168,452,502
False,362.8873,33.64684,59315.4569088,454,502
False,362.4164,34.41965,59315.489152,461.5,502
False,361.8266,35.05082,59315.5225856,469,502
False,361.4633,35.36167,59315.5536768,470.5,502
False,361.2646,35.5299,59315.585344,485,502
False,361.4519,35.51482,59315.616768,506,502
False,361.8723,35.67525,59315.6488576,524.5,502
False,362.3761,35.71728,59315.6808576,533.5,502
False,363.2074,35.61745,59315.7291264,552,502
False,364.8882,35.52398,59315.761216,566.5,502
False,367.0893,35.69556,59315.7934976,582.5,502
False,369.396,35.21759,59315.8249728,587.5,502
False,371.3297,34.95242,59315.8570112,602.5,502
False,372.4628,34.41384,59315.8894592,619,502
False,373.3116,33.51948,59315.92192,637.5,502
False,373.8457,33.34478,59315.9539712,640.5,502
False,374.0092,33.42307,59315.9852544,631.5,502
False,374.4216,33.5771,59316.0168704,634.5,502
False,375.2416,33.96085,59316.0490112,621.5,502
False,376.7305,34.09749,59316.0818304,624,502
False,378.4624,33.65759,59316.1288576,605.5,502
False,379.3388,33.04462,59316.1616384,612.5,502
False,379.2111,33.40324,59316.1934848,608,502
False,378.1343,34.88258,59316.2248704,590.5,502
False,376.7139,35.60984,59316.2570368,610,502
False,375.5278,35.77295,59316.2894464,599,502
False,375.4859,34.89532,59316.3224064,595.5,502
False,376.5871,34.63872,59316.3537792,584.5,502
False,379.0154,35.30605,59316.3857664,586.5,502
False,382.0373,35.50296,59316.4168704,590.5,502
False,385.7807,35.56997,59316.4489472,586,502
False,389.2299,36.28471,59316.48096,569,502
False,391.7789,37.64281,59316.5292416,566,502
False,394.039,38.99056,59316.561536,547.5,502
False,395.2802,39.06457,59316.5935488,539.5,502
False,396.6022,38.25391,59316.6249984,512,502
False,397.6284,37.91302,59316.6571008,536.5,502
False,397.8044,37.77105,59316.6906624,520.5,502
False,398.7421,38.01237,59316.722496,539,502
False,399.6089,37.80717,59316.7532928,525.5,502
False,399.6097,38.41626,59316.7855616,512.5,502
False,398.2209,39.2568,59316.8170368,496.5,502
False,397.4716,39.16842,59316.8490624,475,502
False,397.2479,39.29395,59316.8814592,474,502
False,397.3158,40.1164,59316.9294976,494,502
False,397.1721,40.54622,59316.9612544,494,502
False,397.5424,41.55478,59316.9932416,497.5,502
False,397.9271,42.89911,59317.0249984,505.5,502
False,398.9093,44.85006,59317.0581888,518,502
False,400.0555,46.54588,59317.0900096,534,502
False,401.252,48.59867,59317.1215872,527,502
False,402.8924,50.85363,59317.153344,529.5,502
False,404.4165,52.7,59317.1852544,535,502
False,406.1451,54.23791,59317.217024,520.5,502
False,407.5646,55.72201,59317.2495232,524,502
False,408.3401,56.81174,59317.2811136,494,502
False,407.2132,57.29531,59317.3291648,469,502
False,405.7051,54.36027,59317.3611264,346.5,502
False,407.3518,57.54516,59317.3935616,459.5,502
False,406.9107,57.43306,59317.425856,478,502
False,406.7227,57.08369,59317.4576768,470,502
False,406.9121,57.13094,59317.4896256,445.5,502
False,407.1019,57.18064,59317.5216128,423.5,502
False,406.7343,56.62553,59317.5535616,433.5,502
False,406.6455,56.64887,59317.5854464,449.5,502
False,406.6888,56.73536,59317.6176128,444,502
False,406.5202,56.73198,59317.6496,441.5,502
False,406.4811,56.64312,59317.6811776,410.5,502
False,406.6448,56.67384,59317.7291648,418.5,502
False,406.6797,56.70344,59317.7618048,421.5,502
False,406.7779,56.60233,59317.7936384,430,502
False,407.0953,56.60603,59317.8254976,442.5,502
False,406.9554,56.52428,59317.85728,456.5,502
False,407.0708,56.42607,59317.889408,447.5,502
False,407.06,56.26123,59317.9220352,441.5,502
False,406.9989,56.22022,59317.9543936,443.5,502
False,407.055,56.66343,59317.9856512,463.5,502
False,407.0327,56.81217,59318.017344,468.5,502
False,407.2518,56.67474,59318.0492928,474.5,502
False,407.4795,57.09852,59318.081216,507.5,502
False,407.5704,58.23327,59318.129472,523,502
False,407.674,59.57174,59318.1611648,542.5,502
False,407.8841,61.26649,59318.1931904,561,502
False,408.1575,62.89847,59318.2251008,556.5,502
False,408.263,64.81475,59318.257408,578.5,502
False,408.3877,66.62135,59318.29056,588.5,502
False,408.4861,68.4517,59318.3228416,590,502
False,408.5126,70.64973,59318.3535488,590.5,502
False,409.0741,73.25606,59318.3853056,578,502
False,410.1778,76.17434,59318.4174208,575.5,502
False,410.7714,78.46123,59318.4502784,539.5,502
False,410.5995,80.94998,59318.4975616,506.5,502
False,410.1116,83.52267,59318.5290624,525.5,502
False,409.5197,85.95744,59318.5612416,509,502
False,409.3733,88.13399,59318.5931776,512.5,502
False,409.0405,92.96899,59318.6253568,580.5,502
False,410.0635,92.31905,59318.6580224,501.5,502
False,410.7058,93.82276,59318.6900608,473,502
False,410.7981,94.74303,59318.7221632,454,502
False,411.7963,97.15826,59318.7535744,465.5,502
False,412.0817,98.30202,59318.7853568,447,502
False,411.5365,99.47479,59318.8173312,426.5,502
False,410.3475,99.88364,59318.8499584,424,502
False,409.882,99.98817,59318.8975744,422.5,502
False,409.7541,99.56201,59318.929216,387,502
False,409.7618,99.58931,59318.9615488,383.5,502
False,409.9429,99.14581,59318.9932544,379.5,502
False,409.859,99.03103,59319.0253824,376,502
False,410.0947,98.63602,59319.0578304,359,502
False,410.3625,98.36389,59319.0894464,354.5,502
False,410.058,98.12758,59319.1223168,347.5,502
False,410.1309,98.60169,59319.1536512,354,502
False,409.7225,98.70296,59319.186176,349,502
False,409.7773,99.13829,59319.217856,349.5,502
False,410.4487,98.99728,59319.2497152,368.5,502
False,410.4859,99.2977,59319.2972672,383.5,502
False,410.6753,99.72963,59319.32928,405,502
False,410.8331,99.39532,59319.3612416,384.5,502
False,410.8783,100.151,59319.3932672,393,502
False,410.1375,100.1121,59319.4261376,394,502
False,409.6056,100.9606,59319.4578944,406.5,502
False,408.917,101.3186,59319.4908288,385.5,502
False,408.9518,101.9599,59319.5219328,349.5,502
False,408.9972,101.8596,59319.5537664,358.5,502
False,408.6043,102.131,59319.5854464,390.5,502
False,408.7681,102.1462,59319.6180224,402.5,502
False,409.0532,101.2651,59319.6498176,366.5,502
False,408.7476,102.0474,59319.6973056,397.5,502
False,409.1399,101.8418,59319.7293312,373,502
False,408.8527,102.1142,59319.7613568,413,502
False,409.1013,101.323,59319.7933184,386.5,502
False,409.1455,101.6158,59319.8258944,393,502
False,409.2841,101.9542,59319.857984,389.5,502
False,408.9943,101.9976,59319.8896384,409,502
False,409.3395,102.0172,59319.9223424,379,502
False,409.517,102.0438,59319.9537408,373,502
False,409.5965,101.734,59319.9856896,351.5,502
False,409.6028,101.7643,59320.018112,350,502
False,409.4273,101.721,59320.049856,353,502
False,409.3447,101.9528,59320.097344,367.5,502
False,409.3616,101.8353,59320.1292928,389.5,502
False,409.6471,101.4626,59320.1613312,374,502
False,409.4859,101.3369,59320.1933952,373.5,502
False,409.2101,101.2411,59320.2259712,377.5,502
False,409.5628,101.0231,59320.258112,361,502
False,409.245,101.4831,59320.2896384,388.5,502
False,409.2198,101.6036,59320.3227008,393.5,502
False,409.1445,102.0775,59320.3537664,410.5,502
False,408.9987,102.4515,59320.386048,403.5,502
False,408.9766,102.8056,59320.4180096,391,502
False,408.8135,103.5696,59320.4494208,395,502
False,408.0467,104.6392,59320.498048,431.5,502
False,407.0437,106.4204,59320.5293952,434.5,502
False,406.1763,108.3437,59320.5617792,433,502
False,405.1642,110.6109,59320.5934592,445.5,502
False,403.7604,112.9202,59320.625536,453.5,502
False,402.6352,114.8013,59320.657472,423.5,502
False,401.1216,116.6489,59320.689664,403,502
False,398.5127,117.8321,59320.7231488,408,502
False,397.0683,118.2992,59320.754752,424.5,502
False,395.6987,119.3183,59320.7856512,421.5,502
False,394.2012,120.8,59320.8176896,417.5,502
False,391.9835,123.0489,59320.8496,423,502
False,390.8028,125.1651,59320.8980352,415,502
False,389.4107,127.6911,59320.9303296,450,502
False,387.5655,130.2047,59320.9618304,486,502
False,384.4601,132.4188,59320.9935232,509,502
False,381.8267,134.1528,59321.0255232,529,502
False,380.1107,135.8924,59321.0575616,492.5,502
False,379.141,136.0328,59321.0905728,502.5,502
False,378.7173,135.6282,59321.122816,480.5,502
False,378.5752,135.4174,59321.15424,477.5,502
False,377.8525,135.4138,59321.1858688,474.5,502
False,376.9131,135.5237,59321.217472,475.5,502
False,375.4325,136.1173,59321.2497664,477.5,502
False,373.2836,136.8797,59321.2976384,472.5,502
False,370.6151,137.9671,59321.3301632,465.5,502
False,368.9761,139.058,59321.3618304,474.5,502
False,367.5175,139.8323,59321.3937408,468,502
False,365.6491,140.4214,59321.4256256,456,502
False,363.6793,140.5218,59321.457664,435,502
False,361.7351,140.3291,59321.4909568,436,502
False,359.8049,140.5918,59321.52256,445,502
False,357.9209,140.8787,59321.5542784,446.5,502
False,355.8079,141.493,59321.5858048,442.5,502
False,354.2134,142.2383,59321.6182144,443.5,502
False,352.4149,142.9767,59321.6501888,466,502
False,350.5028,143.2121,59321.6976896,473,502
False,348.2576,143.1553,59321.7294592,490.5,502
False,346.3654,143.3557,59321.761728,514.5,502
False,344.4703,143.5696,59321.7942144,510,502
False,342.5099,143.2608,59321.8265216,508,502
False,341.048,142.87,59321.8584192,500,502
False,340.1098,142.7272,59321.8905472,501,502
False,338.6802,142.3675,59321.922048,516.5,502
False,337.4772,142.156,59321.9539584,522.5,502
False,336.0182,142.2422,59321.986304,530.5,502
False,333.8595,142.3131,59322.0176896,518.5,502
False,332.5694,142.5407,59322.0500992,505.5,502
False,332.1511,143.0668,59322.0976,504,502
False,331.7444,143.3271,59322.1297536,506,502
False,331.098,143.6135,59322.1626624,517,502
False,330.0045,144.0025,59322.1942528,525,502
False,328.4259,144.0128,59322.2255744,533,502
False,326.3575,143.9207,59322.2576768,523.5,502
False,324.6487,143.5065,59322.2901376,529.5,502
False,322.9088,142.9898,59322.3226624,522.5,502
False,321.6409,142.7062,59322.3544704,531,502
False,319.7607,142.316,59322.3857024,556.5,502
False,317.7675,142.0674,59322.4178304,568.5,502
False,315.7492,142.1729,59322.4497408,573.5,502
False,314.1644,142.3419,59322.4976512,560.5,502
False,312.9922,142.5735,59322.530176,552.5,502
False,312.4482,142.9249,59322.5624192,539.5,502
False,312.0083,142.8217,59322.5942016,543,502
False,312.1121,142.7545,59322.6256768,542.5,502
False,312.2231,142.5895,59322.6578304,538,502
False,312.1324,142.6706,59322.6902016,545,502
False,312.0444,142.6989,59322.7222272,548,502
False,312.1568,142.6351,59322.7553536,539,502
False,312.0758,142.7456,59322.7862656,525.5,502
False,311.3072,142.6305,59322.817792,515.5,502
False,310.5886,142.2765,59322.8501888,501.5,502
False,310.1871,141.6541,59322.8987392,476.5,502
False,310.0507,140.6888,59322.9298944,460.5,502
False,309.3425,140.0285,59322.9617536,456,502
False,308.8409,139.6629,59322.9943808,441,502
False,308.7364,139.3215,59323.0259456,437.5,502
False,308.5095,139.1398,59323.0579712,431.5,502
False,308.0189,138.8043,59323.090432,422.5,502
False,307.2456,138.2912,59323.122752,423.5,502
False,305.9765,137.5811,59323.1545472,432.5,502
False,300.5553,137.4506,59323.1862144,504.5,502
False,302.4409,136.9423,59323.2177152,401.5,502
False,301.1171,137.0129,59323.2497536,400,502
False,300.0353,137.1824,59323.2990464,396.5,502
False,298.5029,137.1111,59323.3297408,405,502
False,297.5288,137.079,59323.3624192,413.5,502
False,296.0199,136.7098,59323.3948928,410,502
False,296.0947,135.8598,59323.4258048,403,502
False,295.9537,134.8876,59323.4576896,403.5,502
False,295.986,134.9212,59323.4905216,391.5,502
False,295.7514,134.9,59323.5245824,393.5,502
False,295.3221,134.7928,59323.5545984,399,502
False,294.9805,134.9068,59323.586368,384.5,502
False,294.5941,134.6145,59323.6177536,393,502
False,294.2717,134.8046,59323.6498048,397.5,502
False,294.2977,135.3867,59323.69792,374.5,502
False,294.0392,134.8632,59323.7297792,404.5,502
False,294.0638,135.7689,59323.7623168,368.5,502
False,293.7872,136.4958,59323.7939584,337.5,502
False,294.301,136.2867,59323.8260736,361,502
False,294.7382,136.3848,59323.858176,356.5,502
False,294.4101,135.7022,59323.89056,380,502
False,294.2934,135.5526,59323.9234944,388.5,502
False,294.6178,135.8761,59323.954624,368.5,502
False,294.6039,135.6377,59323.9860736,379.5,502
False,294.4673,135.6815,59324.0180352,382,502
False,294.3172,135.5113,59324.0503808,391.5,502
False,294.6481,135.8817,59324.0982016,377.5,502
False,294.1822,135.8408,59324.1299072,392.5,502
False,294.1517,135.7318,59324.1619712,396.5,502
False,293.9951,135.6415,59324.1950208,403.5,502
False,294.3325,135.8623,59324.2260224,386,502
False,294.5103,135.9865,59324.258176,382.5,502
False,294.3557,135.8786,59324.290048,388.5,502
False,294.3942,135.7142,59324.3232512,389,502
False,294.8327,135.9485,59324.3565568,372.5,502
False,294.8059,135.8487,59324.3860736,373.5,502
False,294.9092,135.858,59324.4184064,378,502
False,294.8521,135.8842,59324.450368,378.5,502
False,294.7689,136.0013,59324.4980096,375,502
False,294.8896,135.8808,59324.5299072,377.5,502
False,294.6544,135.9807,59324.5619072,380.5,502
False,294.783,136.0653,59324.59424,372.5,502
False,294.5059,135.7711,59324.62656,381.5,502
False,293.5415,135.6811,59324.6584832,391.5,502
False,292.8667,135.1771,59324.6902784,400,502
False,291.9836,134.6405,59324.7226752,376,502
False,292.2221,133.387,59324.7543168,379,502
False,292.5855,133.408,59324.7863168,359.5,502
False,292.402,133.915,59324.8189696,327.5,502
False,292.4517,133.7592,59324.8500224,329.5,502
False,292.6459,133.8773,59324.8984064,320.5,502
False,292.9355,134.5048,59324.9302144,310,502
False,292.7677,135.1207,59324.961984,297,502
False,292.8527,135.0624,59324.9940352,302,502
False,292.3552,134.61,59325.0261248,335,502
False,292.2719,134.8818,59325.0582144,328.5,502
False,292.0196,134.6843,59325.0905728,331,502
False,292.1422,134.4308,59325.1236864,309.5,502
False,291.53,133.1173,59325.1543552,352.5,502
False,290.6931,133.4399,59325.1863552,353.5,502
False,290.4044,134.1508,59325.218112,321.5,502
False,289.9088,134.4739,59325.2503168,287,502
False,289.9332,134.4531,59325.2979712,289.5,502
False,290.5293,135.5273,59325.3299584,253.5,502
False,289.5064,134.8424,59325.3619328,248.5,502
False,290.1171,135.1152,59325.393984,270.5,502
False,289.9908,134.6748,59325.4266112,288.5,502
False,289.866,135.1827,59325.4589056,260,502
False,289.8323,135.344,59325.4899584,234.5,502
False,289.5849,135.2459,59325.5242112,234.5,502
False,289.8549,135.5774,59325.5554432,224,502
False,289.8711,135.9915,59325.586176,196.5,502
False,290.4048,135.4658,59325.6182144,224,502
False,290.5425,135.5224,59325.6500992,208,502
False,290.6597,136.245,59325.6984064,190.5,502
False,290.6526,136.744,59325.7302912,166,502
False,290.8263,136.5277,59325.7620992,177.5,502
False,290.9793,136.5089,59325.794176,177.5,502
False,291.0874,136.449,59325.8261632,183,502
False,291.055,136.6986,59325.8581632,188,502
False,291.1517,136.5635,59325.89152,189,502
False,291.0461,137.0424,59325.9242496,181,502
False,290.9895,137.0936,59325.954624,174.5,502
False,290.6376,137.9215,59325.987264,155,502
False,291.2975,137.3173,59326.018624,176.5,502
False,290.9226,136.9763,59326.0500608,183,502
False,290.7304,138.0103,59326.0980608,162,502
False,290.7669,136.6192,59326.129984,189.5,502
False,290.7897,136.7513,59326.1626752,195,502
False,290.7006,136.7939,59326.1941888,196.5,502
False,290.697,136.6642,59326.2267136,203.5,502
False,290.1349,137.921,59326.258368,173,502
False,290.6021,137.176,59326.2909056,196,502
False,290.9489,137.319,59326.3237632,186,502
False,290.6962,138.3397,59326.3565824,158,502
False,290.5332,136.8174,59326.3866368,193.5,502
False,290.5891,136.8033,59326.4186112,189,502
False,290.0991,136.8556,59326.4504832,180,502
False,290.4138,136.0615,59326.4981888,192.5,502
False,290.0779,136.7944,59326.5301632,167,502
False,289.7689,138.0833,59326.5621888,150,502
False,290.7445,137.3134,59326.5950976,175.5,502
False,290.8991,136.9534,59326.6267648,196.5,502
False,290.8306,137.4015,59326.6583808,181,502
False,290.3157,137.0035,59326.6909056,189.5,502
False,290.2514,136.3956,59326.723328,211.5,502
False,289.9825,136.4762,59326.7544832,210,502
False,290.0414,136.9274,59326.7872896,197.5,502
False,289.8417,136.9565,59326.8185984,199,502
False,290.2886,136.3265,59326.8503552,220,502
False,290.0639,136.9328,59326.898304,203.5,502
False,290.0565,136.4487,59326.9301248,206.5,502
False,289.2931,135.8823,59326.9629184,219.5,502
False,289.7184,135.433,59326.9944576,229,502
False,288.7932,135.8813,59327.026816,212,502
False,288.7961,135.6651,59327.058816,206,502
False,288.5635,135.4761,59327.09088,223,502
False,288.4761,135.2361,59327.1233664,219.5,502
False,288.6925,135.0662,59327.1544704,206.5,502
False,288.6998,134.5521,59327.1878656,211,502
False,288.7216,135.0026,59327.2185856,194,502
False,289.0169,134.3664,59327.2501632,217,502
False,289.0381,133.9595,59327.2983808,201.5,502
False,288.4548,135.0198,59327.3307904,177,502
False,288.7119,135.1301,59327.3623552,173,502
False,288.1231,135.7707,59327.3946368,157,502
False,287.838,135.9641,59327.4264064,144,502
False,287.8578,136.0128,59327.4583936,143,502
False,287.5815,136.4296,59327.4915072,135,502
False,287.7503,136.5031,59327.5227136,133.5,502
False,287.5958,136.5547,59327.5548288,134,502
False,287.7856,136.1725,59327.5867264,143,502
False,287.4148,136.1335,59327.6183168,153.5,502
False,287.6032,135.2261,59327.6502528,186.5,502
False,287.1769,134.7204,59327.6990592,211,502
False,286.7008,134.0795,59327.7306368,239,502
False,286.7046,133.2396,59327.7631616,259.5,502
False,286.4688,132.3594,59327.7948288,288,502
False,286.0988,131.4451,59327.8267264,322,502
False,285.8847,130.8379,59327.8589824,345.5,502
False,286.037,130.5317,59327.8909184,360.5,502
False,286.4178,129.7091,59327.9234944,373,502
False,286.5108,129.5499,59327.954624,371,502
False,286.6952,128.9457,59327.98752,374.5,502
False,286.2809,128.6325,59328.0183424,356,502
False,286.0743,128.1733,59328.0506496,363.5,502
False,285.8358,128.041,59328.0983808,369.5,502
False,285.4345,128.0865,59328.1304192,374,502
False,285.2492,128.2982,59328.162368,370.5,502
False,285.1855,128.0838,59328.1949056,372,502
False,284.8296,128.4309,59328.2270464,357,502
False,284.669,128.5233,59328.2588416,354.5,502
False,284.2962,128.9663,59328.2908928,341.5,502
False,283.9513,129.1218,59328.323456,301,502
False,283.7565,129.2363,59328.3548416,300.5,502
False,283.7079,129.1725,59328.3868544,287,502
False,283.9318,129.5902,59328.4190592,261.5,502
False,284.1071,129.7206,59328.4502912,250.5,502
False,284.3434,129.7876,59328.49888,248,502
False,284.4095,130.2342,59328.5308032,232,502
False,284.7175,129.9221,59328.5623296,239.5,502
False,284.7917,129.7993,59328.5945728,242.5,502
False,284.6435,129.8691,59328.6265856,244.5,502
False,285.0224,130.4387,59328.6587008,231,502
False,284.7963,130.5954,59328.69152,234,502
False,284.9154,130.8635,59328.7239296,234.5,502
False,284.9287,130.8566,59328.7548672,236,502
False,284.9336,130.8558,59328.7869824,233.5,502
False,285.0587,130.4696,59328.818432,238.5,502
False,284.9764,129.9954,59328.8504704,254,502
False,284.9553,129.5624,59328.8990336,268.5,502
False,284.8102,129.0199,59328.9307904,284.5,502
False,284.813,128.4362,59328.9624448,291.5,502
False,284.6794,127.5578,59328.9948288,300,502
False,284.5618,127.471,59329.0266112,295.5,502
False,284.3395,127.0096,59329.0593792,296,502
False,284.3599,126.895,59329.0910336,282.5,502
False,284.6897,126.7151,59329.1239552,275,502
False,285.0295,126.209,59329.155392,265.5,502
False,285.1773,125.9132,59329.1869952,267,502
False,285.2395,125.4785,59329.218432,263,502
False,284.8974,125.2358,59329.2509824,261.5,502
False,285.0343,125.0205,59329.2990464,277,502
False,284.6486,125.0686,59329.3304832,277,502
False,284.541,125.2409,59329.3625088,270.5,502
False,284.3864,125.5778,59329.3947392,279.5,502
False,284.2757,125.6469,59329.4274816,277.5,502
False,284.3109,125.4735,59329.4586496,289,502
False,284.3537,125.0431,59329.4913792,294,502
False,284.2999,124.5976,59329.523968,309,502
False,284.2303,124.3778,59329.5548928,322,502
False,284.1303,123.8629,59329.5870336,316,502
False,284.0248,123.2062,59329.6185088,329,502
False,284.1686,123.1027,59329.6512,336,502
False,283.5303,123.0524,59329.6988928,321.5,502
False,282.8709,122.8666,59329.7305472,303.5,502
False,283.0576,122.1389,59329.7627136,309.5,502
False,282.9069,122.0628,59329.7949696,302.5,502
False,283.147,121.6706,59329.8267136,335.5,502
False,282.7517,121.9876,59329.8591744,335,502
False,282.5608,121.682,59329.8916224,348,502
False,282.2699,122.2494,59329.9236224,341.5,502
False,282.2317,122.236,59329.95488,346,502
False,282.1989,122.2752,59329.9870208,349.5,502
False,282.3762,122.1777,59330.0185472,362,502
False,282.1337,122.0131,59330.0513664,369,502
False,282.0502,122.0278,59330.0987904,372,502
False,282.1693,121.7024,59330.131136,382,502
False,282.2945,121.3549,59330.1631488,386,502
False,282.3929,120.9289,59330.194816,389,502
False,282.6252,120.717,59330.2267264,397.5,502
False,282.9768,120.6455,59330.2588544,417.5,502
False,283.1416,120.6819,59330.2919552,415.5,502
False,283.5248,120.4277,59330.3241728,432.5,502
False,283.45,120.1026,59330.3549696,435.5,502
False,283.2722,119.9825,59330.386816,447.5,502
False,283.2691,119.6563,59330.4188288,449,502
False,283.3012,119.4451,59330.4511488,456.5,502
False,283.3369,119.1588,59330.499392,465,502
False,283.3291,119.1418,59330.5307648,475,502
False,280.8621,124.5754,59330.5632896,272,502
False,285.2905,112.1111,59330.595072,276,502
False,283.5666,115.6883,59330.6266496,423,502
False,283.1403,117.3894,59330.6588032,505,502
False,283.3835,116.4337,59330.6911744,511.5,502
False,283.8122,114.8971,59330.7243776,528,502
False,284.1146,114.1323,59330.7555584,538,502
False,284.6442,112.7953,59330.7867392,541.5,502
False,290.7428,100.3102,59330.8189056,151,502
False,290.8773,100.8879,59330.8508672,221.5,502
False,287.0555,108.4473,59330.8987136,553,502
False,288.1279,106.7934,59330.9314944,567,502
False,289.2485,104.6568,59330.9631616,538.5,502
False,290.3356,102.102,59330.995392,516.5,502
False,291.6334,99.67051,59331.0267008,520.5,502
False,292.8152,98.01995,59331.0593152,509.5,502
False,293.8482,97.48672,59331.0914432,508.5,502
False,294.6087,97.37327,59331.1232128,517.5,502
False,295.6534,96.42808,59331.1550848,529.5,502
False,297.2481,94.62682,59331.1875712,539.5,502
False,298.5523,92.7542,59331.218816,565.5,502
False,300.0598,90.66221,59331.2513152,560.5,502
False,301.8224,88.43546,59331.2992896,581,502
False,304.1811,86.1573,59331.3308288,560.5,502
False,306.4372,83.45227,59331.362816,553.5,502
False,307.8875,80.88531,59331.3947008,543.5,502
False,309.5791,78.74729,59331.426752,554,502
False,311.2789,77.27015,59331.4594432,535.5,502
False,312.7275,76.4073,59331.4910848,520.5,502
False,313.932,76.46712,59331.5233408,522,502
False,315.1462,76.24643,59331.5551104,525.5,502
False,315.9799,75.95348,59331.5868416,523,502
False,316.5767,75.33689,59331.619264,515,502
False,317.2535,74.3774,59331.651264,503,502
False,317.2494,73.33814,59331.6989056,520,502
False,317.3586,72.57274,59331.73088,527,502
False,317.6773,72.23662,59331.7633152,532.5,502
False,318.105,72.11556,59331.7952768,536.5,502
False,318.9765,71.83379,59331.8268416,553.5,502
False,319.4487,71.63019,59331.8589312,562,502
False,319.6444,71.61121,59331.8919296,562,502
False,320.735,70.8791,59331.9260672,568,502
False,321.7527,70.0602,59331.956736,562,502
False,323.1248,69.05701,59331.9873536,555.5,502
False,325.0094,68.2533,59332.0194304,568.5,502
False,326.972,67.50781,59332.0513024,565.5,502
False,328.5577,67.44347,59332.0994176,573.5,502
False,329.8103,67.1778,59332.130944,561.5,502
False,331.0105,66.6262,59332.1631232,556,502
False,332.6041,65.75031,59332.195392,546,502
False,334.4068,64.67677,59332.2272768,544.5,502
False,335.9963,63.60706,59332.260096,548,502
False,337.7729,62.21875,59332.29184,560,502
False,340.0991,60.86755,59332.3235072,565,502
False,342.514,59.80952,59332.3552768,563.5,502
False,344.8816,59.28083,59332.387328,546,502
False,347.2475,58.73544,59332.4193408,538,502
False,349.3617,58.74115,59332.4516096,541.5,502
False,351.0853,58.57354,59332.499712,553,502
False,352.7483,58.29282,59332.53088,559.5,502
False,353.9526,57.92755,59332.5628672,559,502
False,355.2893,57.42633,59332.5949952,530.5,502
False,356.6803,56.49223,59332.6277504,525.5,502
False,357.5363,55.64003,59332.6595712,525.5,502
False,357.5421,55.34654,59332.691328,530,502
False,357.3568,55.23773,59332.7234944,519.5,502
False,357.429,55.35434,59332.7552896,531.5,502
False,357.6423,55.50664,59332.7871488,539.5,502
False,357.6255,55.47383,59332.8195584,535,502
False,357.6425,55.49303,59332.8511104,538.5,502
False,357.6439,55.40956,59332.8992896,533.5,502
False,357.5487,55.35919,59332.9311232,528.5,502
False,357.5021,55.31145,59332.9631488,525.5,502
False,357.6111,55.32323,59332.9957248,528,502
False,357.6343,55.28652,59333.027904,530.5,502
False,357.6403,55.42489,59333.0591744,537,502
False,357.5973,55.40432,59333.0918912,533,502
False,357.6307,55.29044,59333.1246592,528.5,502
False,357.4843,55.26215,59333.155328,524.5,502
False,357.433,55.22127,59333.1872,526.5,502
False,357.4536,55.1673,59333.219072,525,502
False,357.4917,55.2535,59333.2510976,524,502
False,357.5352,55.29683,59333.2995456,525,502
False,357.6932,55.31523,59333.3310336,534,502
False,357.9797,55.0111,59333.3629312,525.5,502
False,358.3453,54.74839,59333.3954176,516,502
False,359.7978,54.32019,59333.4271488,532.5,502
False,361.095,54.4916,59333.4596736,516,502
False,361.9388,55.47309,59333.4921088,498.5,502
False,362.5078,56.1237,59333.5248256,498.5,502
False,362.7675,56.01451,59333.5558656,494,502
False,362.7248,55.8183,59333.5874816,499,502
False,362.6713,55.45804,59333.6192256,502.5,502
False,362.5702,55.40059,59333.651136,508,502
False,362.7001,55.44737,59333.6993664,513,502
False,362.8805,55.35822,59333.731392,509,502
False,362.8424,55.35181,59333.7630208,514,502
False,362.8502,55.30782,59333.7956224,503,502
False,362.7756,55.26654,59333.8270464,506.5,502
False,362.8145,55.19928,59333.8592256,506,502
False,362.7621,55.24803,59333.8921472,508,502
False,362.7228,55.25156,59333.9244544,507.5,502
False,362.664,55.1973,59333.9554944,506,502
False,362.7344,55.12417,59333.9876992,502,502
False,362.7329,55.16882,59334.0197888,503.5,502
False,362.8075,55.04226,59334.0511872,497,502
False,362.6831,55.17838,59334.099648,498,502
False,362.3289,55.08829,59334.1312384,487,502
False,361.6481,54.86052,59334.1634944,493.5,502
False,361.1393,55.00529,59334.1954816,503.5,502
False,361.152,54.97419,59334.2270976,523,502
False,362.148,55.38466,59334.2592896,526,502
False,364.1041,55.75372,59334.2916736,538,502
False,366.8028,56.25268,59334.3247488,543.5,502
False,369.2455,56.54081,59334.3558912,561.5,502
False,371.8756,56.51607,59334.3875968,560,502
False,374.7538,57.10093,59334.4192512,556.5,502
False,377.6141,57.25919,59334.4512384,548.5,502
False,380.611,56.78516,59334.4996864,557,502
False,382.1714,56.88264,59334.5317632,542.5,502
False,382.6898,57.22013,59334.5631744,505,502
False,383.0656,57.94856,59334.5952512,492.5,502
False,383.2859,58.45113,59334.627904,506.5,502
False,383.1172,58.45092,59334.6597632,497.5,502
False,383.2159,58.58894,59334.6915456,512.5,502
False,383.1229,58.512,59334.7247488,514,502
False,383.5852,58.8956,59334.755456,530,502
False,383.7933,59.60586,59334.78784,534.5,502
False,383.9584,60.28434,59334.8191872,537.5,502
False,384.4431,60.85087,59334.8517248,546.5,502
False,385.2298,61.65859,59334.8992896,557,502
False,386.2641,62.69814,59334.931456,582.5,502
False,387.7377,63.97308,59334.9635328,582,502
False,389.405,66.11641,59334.9958528,577,502
False,390.9659,67.76943,59335.0271872,572.5,502
False,393.2899,69.40829,59335.059392,582.5,502
False,394.8413,70.88744,59335.0920192,574.5,502
False,396.6842,72.99049,59335.1251712,560.5,502
False,398.2361,75.55933,59335.1559168,545,502
False,399.174,78.43597,59335.1883776,544,502
False,399.9554,81.03998,59335.2196736,542,502
False,401.6307,83.48936,59335.2519296,533,502
False,403.6364,85.72722,59335.2998528,539.5,502
False,407.1949,89.22916,59335.3317248,584,502
False,409.2158,89.54056,59335.3635072,581.5,502
False,411.0271,92.1552,59335.395584,596,502
False,411.6596,95.19591,59335.4275968,570,502
False,412.0269,98.6451,59335.4596864,564,502
False,411.9456,101.4883,59335.4925312,576.5,502
False,412.3599,104.2788,59335.52512,589.5,502
False,413.2405,107.0626,59335.555776,612.5,502
False,414.3027,109.5086,59335.5878656,626.5,502
False,415.3127,111.5682,59335.6196992,612.5,502
False,416.62,114.0287,59335.6516352,621.5,502
False,417.9454,115.9745,59335.700352,601.5,502
False,419.3994,118.0497,59335.7317504,590,502
False,420.0024,120.1033,59335.7634688,553.5,502
False,419.8344,121.7813,59335.7955328,546.5,502
False,419.108,123.467,59335.8275968,532.5,502
False,419.3317,125.2426,59335.8598528,521.5,502
False,421.3412,131.1585,59335.8925952,614,502
False,422.5211,133.0396,59335.9251712,577,502
False,424.2361,135.2539,59335.9556864,583,502
False,424.3566,133.2871,59335.9876992,465.5,502
False,424.053,134.621,59336.01984,431,502
False,423.5892,135.3807,59336.0517376,404.5,502
False,423.4108,135.7178,59336.099392,391.5,502
False,426.3353,140.4447,59336.1314176,504.5,502
False,424.0494,136.2247,59336.163456,354.5,502
False,423.9398,136.357,59336.1955968,337.5,502
False,424.1521,136.316,59336.2278144,326.5,502
False,424.2416,136.2548,59336.2600832,327,502
False,424.4271,136.3804,59336.2918528,332.5,502
False,424.7372,136.8235,59336.3244672,347.5,502
False,425.6103,137.3912,59336.3564032,337,502
False,427.9951,142.3382,59336.3879808,482,502
False,425.7616,137.8616,59336.4198528,330,502
False,426.0073,137.8605,59336.451456,319,502
False,425.9368,137.8412,59336.4993792,319,502
False,425.56,137.9062,59336.5314688,298.5,502
False,425.4662,137.5939,59336.5635072,288.5,502
False,425.6752,137.4295,59336.5957888,272,502
False,425.4725,137.0421,59336.6273792,269.5,502
False,427.2294,141.9061,59336.65952,412,502
False,426.6414,141.4757,59336.6918784,401.5,502
False,426.2957,141.1937,59336.7234816,403.5,502
False,425.6256,140.5419,59336.75648,402,502
False,424.5824,139.6296,59336.7877632,395.5,502
False,424.3198,139.4221,59336.8195072,370,502
False,422.41,139.5435,59336.85152,402,502
False,423.1265,137.5323,59336.8995712,358.5,502
False,420.795,138.854,59336.9315072,404,502
False,417.8239,140.3193,59336.9641728,452.5,502
False,414.7099,141.4413,59336.9958144,481.5,502
False,412.1835,142.3881,59337.0274304,496,502
False,410.1523,143.1403,59337.0594944,486,502
False,408.8473,143.2195,59337.0919296,484.5,502
False,408.0405,142.8297,59337.1240576,485.5,502
False,408.3384,142.6772,59337.1563776,459.5,502
False,409.0058,142.3611,59337.1881216,457,502
False,409.3159,142.2978,59337.2200064,459.5,502
False,409.2291,142.5973,59337.2515584,463.5,502
False,409.4766,142.7172,59337.2996864,458.5,502
False,409.3064,142.9387,59337.33152,470,502
False,409.6012,142.7958,59337.363456,463.5,502
False,409.6207,142.9373,59337.396224,457,502
False,409.2475,143.1403,59337.4274944,462,502
False,408.7409,143.2996,59337.4601344,465,502
False,407.6465,143.392,59337.4923776,472,502
False,406.4598,143.5419,59337.5242496,469,502
False,405.2175,143.7601,59337.55584,490.5,502
False,403.9731,143.7445,59337.587776,477.5,502
False,402.8053,143.9396,59337.6202752,466.5,502
False,401.6577,144.4287,59337.6519808,447.5,502
False,401.08,144.7578,59337.6994816,435.5,502
False,400.5466,144.697,59337.7315456,440,502
False,399.473,144.6935,59337.7636096,422.5,502
False,398.4161,144.7275,59337.7955072,433,502
False,397.0771,144.6745,59337.8279936,428,502
False,395.1811,144.0169,59337.86016,405,502
False,393.5479,142.7436,59337.8918016,390,502
False,391.1896,141.7423,59337.9244544,418.5,502
False,388.0995,140.827,59337.9583232,444,502
False,385.1791,139.9517,59337.9877376,428,502
False,382.0333,139.8075,59338.020032,435.5,502
False,379.2075,139.8023,59338.0516224,441,502
False,377.5474,139.7342,59338.099584,451.5,502
False,376.9619,139.5912,59338.1315584,446,502
False,377.0544,139.4722,59338.1639552,444,502
False,377.1187,139.4376,59338.1955968,436.5,502
False,377.3446,139.6505,59338.2277248,443,502
False,377.2891,139.6476,59338.2604928,445,502
False,377.2025,139.5587,59338.2918144,437,502
False,377.3186,139.7222,59338.3254528,441,502
False,377.1499,139.7006,59338.3569408,437,502
False,377.2673,139.8163,59338.3879936,444.5,502
False,376.9781,139.6384,59338.419904,442.5,502
False,377.03,139.612,59338.45248,439,502
False,377.0063,139.693,59338.4996992,450,502
False,377.058,139.6936,59338.5319296,445.5,502
False,377.0988,139.8113,59338.5635968,447,502
False,377.1656,139.8129,59338.595584,448,502
False,377.0554,139.8317,59338.6278656,451.5,502
False,376.908,139.7519,59338.6603136,444,502
False,376.879,139.6994,59338.6923648,447.5,502
False,376.912,139.7066,59338.7252736,447,502
False,376.8873,139.6707,59338.7560192,449.5,502
False,376.9757,139.7541,59338.7882112,453.5,502
False,377.0365,139.7834,59338.8197888,452.5,502
False,376.776,139.6358,59338.8525952,448,502
False,376.8986,139.6992,59338.8998016,450.5,502
False,376.8561,139.6554,59338.932096,442.5,502
False,376.9601,139.7464,59338.9636736,451.5,502
False,376.7924,139.6581,59338.995712,445.5,502
False,376.7556,139.631,59339.0278912,448,502
False,376.7572,139.6629,59339.0602496,449,502
False,376.6919,139.6221,59339.0931456,448.5,502
False,376.8068,139.736,59339.1254016,452,502
False,376.8089,139.664,59339.1564928,443,502
False,376.5403,139.5841,59339.18816,442,502
False,375.4888,139.4777,59339.2198144,448,502
False,373.4309,138.9097,59339.2519808,487,502
False,372.1749,137.3799,59339.3000448,497.5,502
False,371.1838,135.9054,59339.3320064,495,502
False,370.3992,135.0581,59339.3638528,493.5,502
False,369.8875,134.571,59339.3957248,496.5,502
False,369.1523,134.2992,59339.428224,488,502
False,367.9128,133.0936,59339.4599552,497,502
False,365.9657,131.834,59339.4932352,481,502
False,362.7388,130.2027,59339.5256576,473.5,502
False,359.959,129.0463,59339.5562624,475.5,502
False,357.4584,127.4783,59339.5881216,477,502
False,354.4673,125.8178,59339.61984,446.5,502
False,350.9868,123.6469,59339.6521216,455.5,502
False,348.25,121.584,59339.6997376,468,502
False,345.0014,119.9863,59339.7317248,462.5,502
False,340.8102,118.2509,59339.7637504,436.5,502
False,337.0233,116.8822,59339.7962624,450,502
False,333.1155,114.7914,59339.8292608,489,502
False,329.2444,112.1756,59339.8600192,494.5,502
False,326.2887,109.5603,59339.8921344,507.5,502
False,324.4185,107.3534,59339.9257472,530.5,502
False,323.0253,105.3602,59339.957888,540.5,502
False,321.4333,103.6017,59339.988288,528.5,502
False,319.6689,101.924,59340.0199296,515,502
False,317.6359,100.033,59340.0518272,519.5,502
False,315.1327,97.87632,59340.1001856,552.5,502
False,313.2567,95.40041,59340.1321216,574,502
False,311.3724,92.91813,59340.1637632,541.5,502
False,309.9827,90.60401,59340.1959552,548,502
False,308.6754,87.71231,59340.2278912,555,502
False,307.3435,84.90864,59340.2606848,571,502
False,305.6236,82.32398,59340.2931968,588,502
False,304.1225,80.11555,59340.3259008,575.5,502
False,302.7578,78.13445,59340.3562752,569,502
False,301.0316,75.59988,59340.3890048,564,502
False,299.4746,73.02668,59340.420352,568.5,502
False,298.1549,71.36638,59340.4518656,580,502
False,297.4019,69.97409,59340.4998144,527.5,502
False,297.6848,69.21445,59340.5318784,514.5,502
False,297.6599,68.82898,59340.563776,516.5,502
False,297.7523,68.56028,59340.5962112,506,502
False,297.5188,68.5201,59340.6284544,514,502
False,297.3375,68.58325,59340.659904,515.5,502
False,297.4124,68.67907,59340.6925696,510.5,502
False,297.4042,68.69514,59340.724992,515,502
False,297.3262,68.69591,59340.7578368,513,502
False,297.2735,68.69901,59340.7890688,520.5,502
False,297.2986,68.70363,59340.8199296,514,502
False,297.4095,68.76074,59340.851904,512,502
False,297.4186,68.67353,59340.900224,510,502
False,297.3084,68.73768,59340.9318656,514,502
False,297.3427,68.71586,59340.964032,515,502
False,297.2849,68.73626,59340.9959168,512.5,502
False,297.3221,68.75951,59341.0279424,517,502
False,297.2626,68.68224,59341.060544,513.5,502
False,297.2467,68.67589,59341.0932736,506,502
False,297.311,68.73267,59341.1256192,507.5,502
False,297.148,68.68553,59341.1565056,512.5,502
False,296.7946,67.98692,59341.188416,509.5,502
False,296.0003,67.12657,59341.2199808,517.5,502
False,295.5833,66.38554,59341.251904,498,502
False,295.3213,65.88995,59341.3002624,471,502
False,294.9466,66.33758,59341.3323136,471,502
False,294.4475,66.36179,59341.3639424,451,502
False,294.0818,66.52928,59341.3960064,444,502
False,294.1809,66.61425,59341.4281856,451.5,502
False,294.1344,66.36758,59341.4601088,452.5,502
False,294.1081,66.56347,59341.493248,442.5,502
False,294.4164,66.69447,59341.5255936,437.5,502
False,294.3635,66.83507,59341.5563904,431.5,502
False,294.6236,67.08292,59341.5883264,410,502
False,294.6818,67.37252,59341.6200576,395.5,502
False,295.5206,67.55701,59341.6524416,343.5,502
False,293.5103,66.06328,59341.7004928,374,502
False,292.1588,65.34011,59341.7320832,393.5,502
False,290.5236,64.18777,59341.7639936,395,502
False,289.457,62.61565,59341.7962112,385.5,502
False,288.0576,60.55326,59341.8282112,388,502
False,286.1818,58.92641,59341.8608256,380.5,502
False,283.3232,58.41326,59341.8932096,379.5,502
False,281.5585,58.71626,59341.9256832,373,502
False,277.2053,56.58107,59341.9564416,479,502
False,275.6484,55.84599,59341.9885824,474,502
False,275.1601,55.51101,59342.0200576,446.5,502
False,274.1255,54.71852,59342.0519808,450,502
False,273.9706,54.48437,59342.1008128,442.5,502
False,272.713,53.8399,59342.1325568,482,502
False,274.5226,54.83313,59342.1640064,416.5,502
False,272.1134,53.65491,59342.1962496,482,502
False,268.5249,52.58856,59342.22816,542,502
False,267.0598,52.17614,59342.2602496,563,502
False,264.3423,52.05471,59342.2931456,560.5,502
False,262.3789,53.98917,59342.3251968,508,502
False,260.3515,54.4,59342.3565568,532.5,502
False,258.9612,54.79126,59342.3886208,519,502
False,257.1994,54.66933,59342.4200448,501.5,502
False,255.5078,54.44815,59342.4531328,495,502
False,254.0339,53.78617,59342.50016,496.5,502
False,252.0719,53.41117,59342.5326848,507.5,502
True,249.7214,53.17949,59342.5640704,526.5,502
True,245.5879,52.04685,59342.5963904,590.5,502
True,242.6888,51.71919,59342.6282752,558.5,502
True,243.5731,53.08178,59342.6606592,481,502
True,243.858,54.62772,59342.6927744,445,502
True,245.031,55.18745,59342.7251584,441,502
True,246.7861,56.1266,59342.756544,416,502
True,248.9323,55.82881,59342.7886464,423.5,502
True,249.6921,55.71638,59342.8206464,432.5,502
True,250.2695,55.2774,59342.8527232,444,502
True,250.5882,55.2885,59342.9001728,461,502
True,250.3351,55.52107,59342.9326592,478.5,502
True,249.7209,56.70254,59342.9645952,525,502
True,248.5695,56.96477,59342.9967488,544,502
True,248.1632,56.78723,59343.0283264,535,502
True,248.1201,56.76704,59343.0620672,533,502
True,248.6251,56.53524,59343.0925184,525,502
True,248.6837,56.60901,59343.1260544,529,502
True,248.8991,56.54531,59343.1565824,537,502
True,248.5434,56.98338,59343.1886848,551.5,502
True,247.6861,57.30501,59343.2210304,559,502
True,247.0033,58.04163,59343.2526464,552.5,502
True,244.8676,59.09238,59343.3003392,566.5,502
True,242.4612,60.79652,59343.3322112,575,502
True,239.6798,63.11101,59343.364224,545,502
True,237.6908,65.30286,59343.3969024,525,502
True,236.3569,66.98017,59343.4286208,538,502
True,235.7165,68.38282,59343.4603392,535.5,502
True,235.5328,69.84921,59343.4927488,540.5,502
True,235.1424,71.94057,59343.5248256,566.5,502
True,235.8054,75.63409,59343.5567104,588.5,502
True,237.0356,79.55415,59343.5897088,594,502
True,239.6436,84.78128,59343.6214656,555.5,502
True,240.8911,90.3745,59343.652416,538.5,502
True,243.0667,95.90845,59343.701184,522.5,502
True,248.1204,100.1496,59343.7321728,548,502
False,256.5045,105.082,59343.764672,542.5,502
False,264.8682,110.5141,59343.796672,537.5,502
False,272.1925,117.0206,59343.828288,551.5,502
False,279.9145,122.7313,59343.8604416,544,502
False,287.7367,125.275,59343.892736,568.5,502
False,296.2416,128.9411,59343.9260928,569,502
False,303.1269,133.5548,59343.9571712,566,502
False,310.2736,138.152,59343.9887488,547,502
False,317.2841,141.171,59344.0204288,561.5,502
False,323.5324,141.9421,59344.0523648,561,502
False,329.3033,142.4278,59344.1003008,566.5,502
False,334.4798,143.4662,59344.1327616,552,502
False,338.963,144.0264,59344.1646592,460,502
False,344.9723,147.9677,59344.19648,505.5,502
False,350.764,149.883,59344.2283648,508.5,502
False,354.6094,149.0718,59344.260544,492,502
False,359.8424,148.1782,59344.2934656,550,502
False,364.3266,147.2702,59344.3261696,570.5,502
False,369.0201,146.9596,59344.3572352,573,502
False,372.5143,147.395,59344.3889152,573,502
False,376.4184,148.6094,59344.420352,599.5,502
False,380.2336,149.0651,59344.4683648,591.5,502
False,383.7975,148.7192,59344.5004416,574.5,502
False,386.9775,148.1505,59344.533056,570.5,502
False,390.1102,146.337,59344.5647872,549,502
False,393.1074,145.3108,59344.5967488,518.5,502
False,395.5968,148.5184,59344.6283648,353,502
False,397.9795,146.2769,59344.6605568,561,502
False,399.5068,147.7274,59344.6931456,585,502
False,401.9207,148.2499,59344.7266816,607,502
False,404.687,148.403,59344.756736,598.5,502
False,406.7916,148.3058,59344.7888384,599,502
False,408.7639,148.6102,59344.8203776,596.5,502
False,409.9348,148.7859,59344.8684288,580,502
False,410.2066,148.4984,59344.9005312,561.5,502
False,410.768,148.0713,59344.9329024,554,502
False,412.188,147.6243,59344.964416,542.5,502
False,413.2454,146.9518,59344.9971584,529,502
False,414.6481,146.1486,59345.0285184,503.5,502
False,412.8544,141.9345,59345.0605184,249.5,502
False,416.4592,146.4369,59345.0935552,508.5,502
False,417.8021,146.6389,59345.1262464,467.5,502
False,418.4572,146.8585,59345.156736,512.5,502
False,419.7493,147.1652,59345.1888384,468,502
False,420.2806,146.3379,59345.2208256,474,502
False,419.6143,145.8503,59345.2684672,433,502
False,422.853,145.6102,59345.30048,454.5,502
False,422.3301,146.2208,59345.3326336,471,502
False,421.1769,146.6994,59345.364928,478.5,502
False,417.2409,148.7793,59345.397056,321,502
False,419.537,148.3661,59345.4286336,392,502
False,415.9664,148.7515,59345.4606336,332,502
False,419.3214,148.1538,59345.493056,420.5,502
False,416.6436,148.801,59345.5256064,368.5,502
False,417.6168,148.6719,59345.5583616,417.5,502
False,417.903,148.6601,59345.5896448,429.5,502
False,418.1648,148.387,59345.6204544,441,502
False,418.5744,147.8712,59345.668992,451.5,502
False,419.2877,147.5018,59345.7005824,467,502
False,419.4469,147.4855,59345.73888,471,502
False,420.7291,147.0033,59345.7644672,504.5,502
False,421.2965,146.6706,59345.7971968,507.5,502
False,422.4292,146.1206,59345.8285568,525,502
False,423.0778,145.404,59345.8607232,516.5,502
False,423.4526,144.938,59345.893696,518.5,502
False,424.3362,144.4911,59345.9263872,524,502
False,424.8072,144.0196,59345.9587712,526.5,502
False,425.1805,143.4737,59345.9890048,523.5,502
False,425.8068,142.9007,59346.0205696,527,502
False,426.0617,141.9915,59346.0685952,513,502
False,426.4895,141.4898,59346.100608,500.5,502
False,426.5674,141.8577,59346.1337088,495.5,502
False,426.8021,142.2788,59346.1650304,498.5,502
False,426.8958,142.7291,59346.1966592,494,502
False,427.3995,142.5768,59346.2287104,499,502
False,427.4893,142.6537,59346.2607744,488.5,502
False,427.9485,142.5732,59346.2930304,504.5,502
False,428.2355,142.8873,59346.3259264,494,502
False,428.4489,142.7728,59346.3569792,509,502
False,428.5418,142.4306,59346.3889408,524.5,502
False,428.5122,142.4258,59346.4206976,519,502
False,428.4021,142.262,59346.468672,518.5,502
False,428.4142,142.4865,59346.5014144,517,502
False,428.2945,142.4191,59346.5327744,511,502
False,428.3834,142.3956,59346.5647872,506,502
False,428.5426,142.2897,59346.5971456,520,502
False,428.4031,142.1726,59346.6286208,518.5,502
False,428.3324,142.3171,59346.660736,513.5,502
False,428.3847,142.1391,59346.6931584,519,502
False,428.2401,142.3839,59346.7264,508,502
False,428.333,142.2717,59346.7577728,511.5,502
False,428.3611,142.2994,59346.7892352,510.5,502
False,428.2897,142.28,59346.8206592,516,502
False,428.575,142.2543,59346.8688256,516.5,502
False,428.4438,142.2388,59346.9006848,522,502
False,428.6152,142.1331,59346.932736,518.5,502
False,428.4651,142.2103,59346.9650176,517.5,502
False,428.4572,142.0741,59346.9971328,519.5,502
False,428.5912,142.1634,59347.0286976,517,502
False,428.6171,142.1147,59347.0607872,517.5,502
False,428.4643,142.1891,59347.093056,513,502
False,428.6515,142.109,59347.125248,517,502
False,428.7366,141.9046,59347.1584768,517,502
False,428.8336,142.0229,59347.1892096,523,502
False,428.973,141.6789,59347.2208128,543.5,502
False,429.2657,141.4573,59347.2688256,544.5,502
False,429.153,141.2269,59347.3006208,554.5,502
False,429.4147,141.0721,59347.3327744,557,502
False,429.3878,141.0015,59347.365184,553.5,502
False,429.3766,140.858,59347.3970304,555,502
False,429.5512,140.6837,59347.4287616,566,502
False,429.5033,140.4251,59347.4609152,554,502
False,429.6687,140.0376,59347.4930432,572.5,502
False,429.6612,140.2086,59347.5255168,574.5,502
False,429.6924,140.0776,59347.5592448,575.5,502
False,429.6041,140.0608,59347.5891712,572.5,502
False,429.8052,140.0333,59347.6210688,575,502
False,429.6091,139.864,59347.66912,565,502
False,429.4767,139.7284,59347.7008128,561.5,502
False,429.6111,139.8074,59347.7328,563.5,502
False,429.7593,139.1136,59347.7647488,566.5,502
False,429.8293,138.5331,59347.7970048,556.5,502
False,429.9119,138.1821,59347.8294144,562,502
False,430.1093,137.4886,59347.8614272,579.5,502
False,430.2164,136.7497,59347.8930816,590,502
False,430.1344,135.9451,59347.9257984,601.5,502
False,430.1706,135.4296,59347.9571712,601,502
False,429.8235,134.9854,59347.9904,593,502
False,429.8015,134.6561,59348.0213376,584.5,502
False,429.6572,134.4123,59348.0688896,580.5,502
False,429.6706,133.9057,59348.1009664,590,502
False,429.7722,133.9579,59348.1332608,586,502
False,430.1608,133.3086,59348.1653376,599,502
False,430.5856,133.3541,59348.1975808,594.5,502
False,430.7166,132.8838,59348.2292352,601,502
False,430.7941,132.9805,59348.2608896,597.5,502
False,430.8474,132.972,59348.2933376,602,502
False,430.9145,132.9709,59348.3249152,590.5,502
False,430.8989,132.9386,59348.357184,592,502
False,430.9385,132.9377,59348.389312,593.5,502
False,430.9203,132.9992,59348.4216832,598.5,502
False,430.9542,133.0211,59348.4689408,593,502
False,430.971,132.9978,59348.5012992,597.5,502
False,430.9351,132.9674,59348.533376,593.5,502
False,430.906,133.0516,59348.5649792,597.5,502
False,431.0214,132.8943,59348.5971712,599,502
False,430.9693,132.9322,59348.6288256,592.5,502
False,430.9308,132.9426,59348.6614016,595,502
False,430.9958,132.9114,59348.6940544,594.5,502
False,430.9865,132.9064,59348.7251456,594.5,502
False,430.9586,132.9525,59348.7572352,592.5,502
False,430.9753,132.9689,59348.7892224,594,502
False,430.9582,133.0382,59348.8210816,597.5,502
False,430.9361,132.9064,59348.8693888,594.5,502
False,430.9575,132.873,59348.901312,596,502
False,430.9386,133.0254,59348.9338496,597,502
False,430.9099,132.9141,59348.9649664,599.5,502
False,430.9359,132.9697,59348.9971584,598.5,502
False,430.8225,132.8548,59349.0293376,562.5,502
False,431.126,132.9809,59349.0610816,557,502
False,431.1916,132.8946,59349.0929408,572.5,502
False,431.2048,131.9553,59349.1256576,574.5,502
False,431.0225,131.333,59349.1577472,571,502
False,431.2706,129.8504,59349.1892096,587,502
False,431.7371,127.7318,59349.2211968,568,502
False,431.4388,125.3207,59349.2690432,554.5,502
False,430.7371,122.9455,59349.3011456,556.5,502
False,430.2461,120.9362,59349.333504,569.5,502
False,430.0221,118.8951,59349.3653504,550,502
False,429.4704,116.5021,59349.3979136,558,502
False,429.034,113.2106,59349.4291328,554,502
False,429.0876,110.3862,59349.46112,561.5,502
False,429.0771,107.4558,59349.4944256,547,502
False,428.598,104.587,59349.5270016,514.5,502
False,427.7606,101.6477,59349.5590272,518,502
False,426.2262,99.61362,59349.5897088,499.5,502
False,425.5663,97.15505,59349.6212224,488,502
False,425.2438,95.28269,59349.6691328,480.5,502
False,425.7607,93.63174,59349.7012864,482,502
False,426.5548,91.94778,59349.7335296,491.5,502
False,426.722,89.60091,59349.7653248,514.5,502
False,426.5893,87.08994,59349.7973504,517,502
False,425.7593,85.16846,59349.8291072,512.5,502
False,424.249,83.65978,59349.8611072,484,502
False,422.682,82.26175,59349.8932224,468,502
False,422.2222,81.45068,59349.9267456,454.5,502
False,421.6296,79.68575,59349.9573504,463,502
False,421.782,78.06581,59349.9895296,430.5,502
False,422.5808,76.21513,59350.0211968,407.5,502
False,423.03,73.46408,59350.0690944,438.5,502
False,423.2119,71.84759,59350.101696,473.5,502
False,423.2039,70.51784,59350.1330304,490.5,502
False,422.401,69.35397,59350.1656832,492.5,502
False,420.9627,69.39064,59350.1971712,491.5,502
False,420.2287,69.14425,59350.2296576,479.5,502
False,419.7244,68.79166,59350.2613376,488,502
False,419.3872,68.50858,59350.29344,486,502
False,419.1452,68.26295,59350.3263232,492.5,502
False,419.0641,67.82179,59350.3586944,491,502
False,418.8601,67.55476,59350.390912,488.5,502
False,418.8387,67.55742,59350.4212608,477.5,502
False,418.9052,67.52789,59350.4690176,478,502
False,418.9478,67.51902,59350.5013248,482,502
False,418.9479,67.52552,59350.5337216,486.5,502
False,419.047,67.6344,59350.5656832,485.5,502
False,418.9095,67.51598,59350.5972224,490,502
False,418.8901,67.50068,59350.6293376,490,502
False,418.9577,67.65359,59350.6617088,484.5,502
False,419.0406,67.658,59350.6936064,480.5,502
False,418.97,67.57842,59350.7257088,483.5,502
False,418.9068,67.72997,59350.7575296,484.5,502
False,419.0359,67.76915,59350.789952,483,502
False,418.9765,67.61693,59350.8213504,482.5,502
False,418.951,67.58463,59350.8699136,483.5,502
False,418.9638,67.60212,59350.9016832,488,502
False,419.0246,67.58515,59350.9332864,480.5,502
False,418.8788,67.51913,59350.9651456,488,502
False,418.9405,67.48721,59350.9972224,482,502
False,418.9092,67.52337,59351.0292352,488.5,502
False,418.9241,67.55282,59351.0614784,487.5,502
False,418.9855,67.51952,59351.0936192,482.5,502
False,418.911,67.57182,59351.1262848,485,502
False,418.8506,67.59097,59351.1576704,491,502
False,418.7821,67.4508,59351.1894528,489.5,502
False,418.8655,67.44764,59351.2217984,487,502
False,418.9449,67.51643,59351.2697088,487,502
False,418.9103,67.62594,59351.3012992,487,502
False,418.8032,67.5447,59351.333312,481,502
False,418.7963,67.66077,59351.3655936,481,502
False,418.6799,67.61024,59351.397632,478.5,502
False,418.7261,67.6915,59351.4294272,476.5,502
False,418.7007,67.5756,59351.4614656,485,502
False,418.8282,67.40698,59351.494016,482,502
False,418.9103,67.55579,59351.5264512,479.5,502
False,418.7046,67.50993,59351.5576832,478.5,502
False,418.717,67.79043,59351.5895296,470,502
False,418.7667,67.5507,59351.6217216,480,502
False,418.7844,67.64797,59351.6705152,481.5,502
False,418.6479,67.57056,59351.7016448,470,502
False,418.0681,66.98103,59351.7337472,474.5,502
False,417.1646,65.48782,59351.7652224,479,502
False,416.5227,63.28092,59351.7972992,477,502
False,415.6863,60.14831,59351.8297856,467.5,502
False,415.362,56.45458,59351.8620928,477,502
False,413.9263,53.50526,59351.89408,427.5,502
False,410.9143,50.43108,59351.9265152,428,502
False,407.9655,48.05873,59351.9582208,420,502
False,405.9221,46.6021,59351.9908608,413,502
False,404.159,44.45383,59352.0214912,402.5,502
False,402.1451,42.54442,59352.0703488,424,502
False,400.2857,40.69472,59352.101376,451.5,502
False,398.3819,38.5727,59352.133696,470,502
False,395.558,37.19986,59352.1655552,464.5,502
False,392.3041,37.23824,59352.1974784,478.5,502
False,389.0162,36.6716,59352.2292864,472.5,502
False,386.3772,35.92408,59352.2619136,483,502
False,384.5425,35.06952,59352.2937856,503.5,502
False,382.7091,34.3529,59352.326144,502.5,502
False,380.3632,34.08268,59352.3576448,508,502
False,377.2299,33.48473,59352.3898752,535,502
False,373.8235,33.12121,59352.4218752,533.5,502
False,370.5669,33.18031,59352.4701184,501,502
False,366.3415,33.79006,59352.5013888,493,502
False,363.9665,34.17641,59352.53376,513,502
False,361.1953,34.57994,59352.5652992,503.5,502
False,359.4564,34.60928,59352.597376,485,502
False,359.0608,34.47408,59352.6299008,485.5,502
False,359.9633,33.86864,59352.6616448,472,502
False,360.8055,33.4631,59352.69376,458.5,502
False,361.1844,33.3012,59352.7261184,456.5,502
False,360.7365,33.18996,59352.7577472,458,502
False,360.1761,33.26716,59352.7908096,476,502
False,360.056,33.24931,59352.8218624,482,502
False,359.6368,32.88677,59352.8694016,497.5,502
False,359.4867,32.84269,59352.9014656,507.5,502
False,359.1075,33.08758,59352.933696,500.5,502
False,358.9997,33.07284,59352.9654016,496.5,502
False,358.6667,33.23613,59352.9978112,495.5,502
False,358.5802,33.43953,59353.030144,497.5,502
False,358.648,33.56745,59353.0616064,490.5,502
False,358.8678,33.39187,59353.0942208,484,502
False,359.1558,33.17825,59353.1265792,489,502
False,359.119,33.26022,59353.1578752,501.5,502
False,359.1791,33.18784,59353.1899136,496,502
False,359.2432,33.15617,59353.2215808,492,502
False,359.1534,33.31762,59353.270272,488,502
False,358.9558,33.46762,59353.30176,486.5,502
False,358.4333,33.73916,59353.3334016,492,502
False,357.2472,34.04747,59353.3653632,491.5,502
False,355.8748,34.48473,59353.3974016,502,502
False,354.3048,34.7112,59353.4295168,509,502
False,352.1294,34.71519,59353.462208,525.5,502
False,350.2309,34.84681,59353.4935424,532,502
False,348.8501,35.1145,59353.5265664,508,502
False,347.5474,35.68808,59353.5579648,506,502
False,346.121,36.96105,59353.590016,483.5,502
False,345.3747,37.80352,59353.6224128,492,502
False,345.085,37.8259,59353.6701568,482.5,502
False,344.7032,37.28149,59353.701952,479,502
False,344.1651,36.99407,59353.733632,477.5,502
False,343.5751,36.8046,59353.76544,478.5,502
False,342.6764,37.4929,59353.7978624,481.5,502
False,341.339,38.58292,59353.830528,499.5,502
False,340.6623,39.05437,59353.8616704,490.5,502
False,339.841,39.5996,59353.893824,502,502
False,339.7124,39.46728,59353.9262336,491.5,502
False,339.2923,39.62297,59353.9579648,503.5,502
False,339.3289,39.52632,59353.9910784,494,502
False,339.3388,39.48352,59354.0223104,490.5,502
False,338.7461,39.87236,59354.0695168,497.5,502
False,337.0738,40.80045,59354.102144,522,502
False,335.2373,41.54253,59354.133888,533,502
False,332.3603,43.09468,59354.1654528,514,502
False,329.334,45.11861,59354.1974912,511.5,502
False,327.2426,46.70649,59354.2298112,544,502
False,325.4402,47.846,59354.2617216,513,502
False,324.0942,48.30072,59354.2944256,506,502
False,322.2404,48.31447,59354.3273984,486,502
False,320.6497,48.1631,59354.3579776,490.5,502
False,318.8219,48.51874,59354.390208,502.5,502
False,317.1984,49.20557,59354.421696,490.5,502
False,315.7943,49.9412,59354.4701312,496,502
False,314.2794,50.94735,59354.5015936,506.5,502
False,312.5083,51.79261,59354.533568,509.5,502
False,310.8643,52.58231,59354.565568,529.5,502
False,309.2134,53.58271,59354.5975552,538,502
False,307.5753,54.37586,59354.6303232,533,502
False,305.828,55.54922,59354.6621184,535,502
False,304.9211,55.86469,59354.6945024,523.5,502
False,304.3058,55.80985,59354.7268608,514.5,502
False,303.7157,55.69391,59354.7581568,520,502
False,302.9689,55.6607,59354.7899776,530.5,502
False,302.04,55.86198,59354.8224128,541,502
False,301.4063,56.02911,59354.87008,532.5,502
False,301.4261,55.9672,59354.9017216,528.5,502
False,301.4337,55.86522,59354.9335936,528,502
False,301.3277,56.01542,59354.965568,529.5,502
False,299.9615,56.66728,59354.997824,540.5,502
False,298.6788,57.1876,59355.0302336,521.5,502
False,297.2242,58.00983,59355.0619264,525.5,502
False,295.1302,58.61649,59355.0942336,548,502
False,293.0967,58.83019,59355.1270016,556.5,502
False,291.5683,59.22163,59355.1580288,561,502
False,290.1898,59.46083,59355.190976,559.5,502
False,288.7044,59.7693,59355.2222208,570,502
False,286.5907,60.34283,59355.2696064,544,502
False,284.5388,60.67186,59355.3017344,546,502
False,282.7782,60.83318,59355.333824,551.5,502
False,281.0753,60.66908,59355.365632,551.5,502
False,279.4153,60.51282,59355.3981952,559,502
False,278.3109,60.58226,59355.4298368,541,502
False,276.7606,60.69492,59355.4619136,525,502
False,275.5876,61.31225,59355.4939776,506,502
False,274.9678,61.78797,59355.5271808,507,502
False,274.2876,61.9951,59355.5596928,510,502
False,273.8594,61.89379,59355.5904896,499,502
False,273.4846,61.83416,59355.6218368,504.5,502
False,272.7693,61.70533,59355.669888,513,502
False,271.793,61.568,59355.7019904,549,502
False,270.6361,61.2956,59355.733696,561,502
False,269.2772,61.28355,59355.7660928,572.5,502
False,268.047,61.16366,59355.7978112,581.5,502
False,266.2717,61.19936,59355.8301696,576,502
False,264.256,61.02723,59355.8625408,581.5,502
False,262.8513,60.58589,59355.8951552,586,502
False,261.7462,60.24584,59355.926976,590.5,502
False,260.2298,59.96491,59355.9581568,589,502
False,258.9639,59.86226,59355.9902592,582,502
False,257.2242,59.63039,59356.0228608,583.5,502
False,255.4206,59.47293,59356.0698368,548,502
False,253.7506,59.51698,59356.1021056,540,502
False,252.4048,59.95225,59356.13376,541,502
True,250.9066,60.40404,59356.1663232,544.5,502
True,249.3849,60.56894,59356.1980672,556,502
True,247.674,60.58857,59356.2302464,565.5,502
True,246.4607,60.96441,59356.2620032,510.5,502
True,246.5641,61.1866,59356.2941696,497.5,502
True,248.364,60.82734,59356.3276032,473,502
True,249.6046,60.63139,59356.3592576,472.5,502
False,251.1485,59.95584,59356.3899904,468,502
False,251.6308,59.91878,59356.4219136,474,502
False,252.1024,59.63801,59356.4702976,488.5,502
False,251.8241,59.25717,59356.5023872,488,502
False,251.3233,59.50503,59356.5338112,497,502
True,250.5928,60.30764,59356.5657472,512.5,502
True,250.232,61.17335,59356.5978752,511.5,502
True,249.7795,62.23064,59356.6299008,508,502
True,249.3946,63.56817,59356.6624384,533,502
True,249.1504,64.95938,59356.6942976,537.5,502
True,249.261,66.0183,59356.7276672,555.5,502
True,249.7782,66.73454,59356.7592832,550,502
True,250.4357,67.36254,59356.7904128,553.5,502
False,251.1527,68.633,59356.8220928,544.5,502
False,251.6095,69.85047,59356.8700032,510.5,502
False,251.2601,70.09124,59356.9023488,500.5,502
False,251.0378,70.4604,59356.934208,515.5,502
True,250.9293,71.57018,59356.9658752,516.5,502
True,250.8229,73.04095,59356.9983872,529,502
False,251.3932,74.94016,59357.0300672,551.5,502
False,253.2392,78.19672,59357.0621952,538,502
False,254.9099,81.44092,59357.095296,551.5,502
False,256.4116,85.33218,59357.12768,579.5,502
False,259.8735,90.18838,59357.1582208,568,502
False,264.2838,93.82948,59357.1904,562,502
False,269.8872,96.90042,59357.2221568,592.5,502
False,275.8904,100.5662,59357.2699776,584,502
False,281.6037,104.8807,59357.3023104,556,502
False,286.8566,109.7853,59357.3339648,572,502
False,292.4086,113.6426,59357.3659264,553.5,502
False,297.7287,115.6319,59357.3979648,550.5,502
False,303.3787,118.0488,59357.430144,591,502
False,307.6404,121.7069,59357.462592,559.5,502
False,311.6103,125.9746,59357.494784,544,502
False,314.6329,129.6024,59357.5274368,523.5,502
False,316.8742,132.0972,59357.5584128,524.5,502
False,318.3299,133.6935,59357.5904768,484.5,502
False,320.2694,134.3559,59357.622656,480,502
False,319.067,128.6571,59357.670464,209,502
False,321.788,128.1764,59357.70208,196.5,502
False,324.7953,133.9102,59357.734016,458.5,502
False,325.3904,135.0408,59357.766144,400.5,502
False,325.7055,135.1993,59357.798272,446.5,502
False,325.0515,136.2021,59357.8304768,405,502
False,325.9705,136.5543,59357.862528,457,502
False,327.4295,136.6298,59357.894528,483.5,502
False,328.8612,136.6445,59357.9272704,496,502
False,331.22,136.3683,59357.9589376,467.5,502
False,334.5677,137.7665,59357.9923584,534,502
False,339.7743,138.8193,59358.0220544,559,502
False,345.7657,139.9909,59358.0705792,548.5,502
False,351.7335,141.7574,59358.1021184,556.5,502
False,356.3618,142.9241,59358.1342464,569,502
False,361.0399,143.4884,59358.1660544,538.5,502
False,364.6603,142.3795,59358.198848,523.5,502
False,368.6286,142.3058,59358.2300288,526,502
False,372.9292,143.1344,59358.2622208,527,502
False,376.4456,144.6076,59358.2946688,516.5,502
False,380.7801,145.3434,59358.3261952,545,502
False,384.614,145.7318,59358.358912,506.5,502
False,387.7266,144.4176,59358.3909248,512,502
False,390.0851,143.307,59358.422144,513,502
False,391.6937,143.0506,59358.4700672,494,502
False,392.1455,143.668,59358.5033472,492.5,502
False,392.695,144.6559,59358.534592,494.5,502
False,393.1358,144.9774,59358.5662208,486,502
False,393.4176,145.0792,59358.5983232,494.5,502
False,393.1802,145.1532,59358.6308736,494,502
False,393.1272,144.9666,59358.6626176,483.5,502
False,393.2408,145.0158,59358.6946816,495.5,502
False,393.1013,144.9222,59358.7264,490.5,502
False,393.0278,144.8309,59358.7586048,485,502
False,393.8627,145.0769,59358.7904256,494,502
False,394.0788,145.2134,59358.8225408,486.5,502
False,393.7472,145.2004,59358.8701312,461.5,502
False,393.4207,145.1683,59358.9021568,450.5,502
False,393.1202,145.3337,59358.934336,434,502
False,397.9761,146.1217,59358.9662592,558.5,502
False,393.697,145.4922,59358.998912,439.5,502
False,398.1129,146.2859,59359.0305792,537.5,502
False,397.3124,146.0984,59359.062336,518,502
False,397.4573,145.8902,59359.0947584,517.5,502
False,397.5389,145.9774,59359.1271552,524.5,502
False,397.4867,145.7965,59359.1586048,518.5,502
False,397.4533,145.7952,59359.1916672,525,502
False,393.793,145.056,59359.2224896,440.5,502
False,393.6796,145.0881,59359.2702464,437,502
False,397.3038,145.8994,59359.3022464,513.5,502
False,393.3223,145.1534,59359.3347712,421.5,502
False,397.1812,146.0039,59359.3663104,516,502
False,393.299,145.0832,59359.398976,422.5,502
False,397.3182,145.9491,59359.4306688,517,502
False,393.4789,145.1027,59359.4623104,427,502
False,397.4515,145.9502,59359.4954752,519,502
False,393.6317,145.1843,59359.5272832,434,502
False,393.5935,145.1552,59359.5609216,435,502
False,393.8331,145.4269,59359.5907328,436.5,502
False,393.8972,145.4818,59359.6221952,426.5,502
False,398.0395,145.8268,59359.6703104,523.5,502
False,393.3057,145.2457,59359.7022976,416.5,502
False,393.1308,145.2394,59359.7344128,411.5,502
False,397.1102,145.8718,59359.7670144,511,502
False,393.7343,145.4083,59359.7992448,436,502
False,393.8406,145.2389,59359.8307072,434,502
False,394.2032,145.374,59359.8623744,447,502
False,397.3317,145.9958,59359.8946944,519.5,502
False,394.2509,145.4807,59359.9263488,444.5,502
False,394.4626,145.6433,59359.9587072,456.5,502
False,394.442,145.7293,59359.9908352,452.5,502
False,394.394,145.721,59360.0227072,451,502
False,394.1713,145.9369,59360.0703104,446.5,502
False,394.1094,145.8685,59360.1023232,445,502
False,393.8816,146.0226,59360.1343488,435,502
False,393.9595,145.6973,59360.1664128,440.5,502
False,394.1179,145.863,59360.1988352,444,502
False,393.8207,145.8842,59360.2303872,436,502
False,393.9775,145.8414,59360.2624128,445.5,502
False,397.3848,146.3775,59360.294976,521,502
False,397.324,146.3647,59360.3274368,520.5,502
False,397.4543,146.3095,59360.3602304,525,502
False,394.4832,145.7011,59360.3910528,455,502
False,397.506,146.3267,59360.422336,527,502
False,394.7032,145.8755,59360.4708224,466,502
False,394.791,145.7505,59360.5024768,465,502
False,394.8954,145.8423,59360.5348224,467,502
False,394.649,145.6338,59360.5665152,462,502
False,395.0419,145.8145,59360.5990528,469,502
False,394.8088,145.6684,59360.6321536,471.5,502
False,394.8991,145.6073,59360.6629376,485.5,502
False,395.0172,145.6306,59360.6948992,494.5,502
False,395.1118,145.729,59360.7275648,505.5,502
False,395.246,145.864,59360.7587584,521,502
False,395.9894,146.171,59360.7909888,536,502
False,397.7033,146.6122,59360.8225024,551,502
False,399.8492,147.1155,59360.8710272,581.5,502
False,402.9746,148.0131,59360.9029632,610.5,502
False,403.8918,146.7561,59360.934528,507,502
False,405.8661,146.4827,59360.9665536,475.5,502
False,410,146.6212,59360.9986432,535.5,502
False,411.7189,146.4637,59361.0304256,539.5,502
False,413.491,146.6682,59361.0630272,538,502
False,413.9597,147.4072,59361.0955008,541.5,502
False,414.6147,148.3105,59361.1267968,532,502
False,415.2972,148.806,59361.1588352,540.5,502
False,415.3671,148.5752,59361.1909376,514,502
False,418.9237,148.472,59361.2230656,577,502
False,419.5822,148.199,59361.2707712,592,502
False,420.3397,148.0094,59361.3023872,604.5,502
False,422.3123,147.6996,59361.3345536,603,502
False,424.7385,147.7023,59361.3663232,589,502
False,426.4351,147.8881,59361.398784,606,502
False,423.3769,147.5093,59361.4312064,467,502
False,425.1918,148.1548,59361.462528,490,502
False,425.5373,148.1129,59361.4955264,466.5,502
False,426.7106,148.4879,59361.5275264,482,502
False,427.6781,148.8948,59361.5590144,497.5,502
False,428.3658,148.9583,59361.5915648,507.5,502
False,429.2207,148.9124,59361.6227968,498.5,502
False,429.342,148.8417,59361.6703616,480,502
False,428.2677,148.7745,59361.7025536,454.5,502
False,428.7314,148.9449,59361.73472,453.5,502
False,428.4183,148.5604,59361.7664512,461,502
False,427.9185,148.4183,59361.799168,439.5,502
False,427.6959,148.5531,59361.8311168,433,502
False,427.1672,148.7665,59361.8626432,427.5,502
False,426.4577,148.6309,59361.8953344,433,502
False,425.0631,148.6961,59361.9283328,401.5,502
False,424.278,148.8314,59361.9593216,391.5,502
False,423.776,149.2349,59361.9908608,411.5,502
False,427.3083,148.7041,59362.0225408,526,502
False,426.534,148.5775,59362.0704384,525,502
False,423.1511,149.2898,59362.1025792,459,502
False,425.011,148.0446,59362.1351424,530.5,502
False,423.6197,147.7649,59362.1665536,539.5,502
False,421.5674,148.1118,59362.199104,507,502
False,421.3869,147.7758,59362.23104,513,502
False,421.0732,147.4213,59362.2627712,508,502
False,420.8168,147.2563,59362.2951552,513,502
False,420.83,147.1183,59362.327616,518.5,502
False,420.9338,147.1029,59362.3610112,518.5,502
False,421.0647,147.1246,59362.3910016,525.5,502
False,421.2998,147.2287,59362.4229376,532,502
False,421.2614,147.2639,59362.470592,526,502
False,421.2485,147.3778,59362.5027584,532.5,502
False,421.0974,147.6151,59362.53472,530.5,502
False,421.5176,147.5749,59362.56704,535.5,502
False,421.0153,147.6265,59362.5989376,523,502
False,420.817,147.782,59362.6319616,529,502
False,420.7036,147.8236,59362.6627712,533,502
False,420.8173,147.8161,59362.695232,540,502
False,420.7031,147.4745,59362.7282432,549,502
False,420.5396,147.3273,59362.7594112,555,502
False,420.4075,147.1698,59362.7910656,557.5,502
False,420.3056,146.9943,59362.8226304,559.5,502
False,420.1754,146.9922,59362.8707584,559.5,502
False,420.1551,146.6732,59362.9025664,563,502
False,420.3236,146.3806,59362.9350912,568,502
False,420.5568,146.0012,59362.967104,578,502
False,420.8549,145.9342,59362.9987712,580,502
False,420.8941,145.8822,59363.0307456,574.5,502
False,420.834,145.7949,59363.0627456,574.5,502
False,421.0195,145.6998,59363.0953984,573.5,502
False,420.9937,145.6548,59363.12832,578,502
False,421.1731,145.6261,59363.1590144,571,502
False,421.6343,145.3068,59363.1910016,571.5,502
False,422.4291,144.6473,59363.2226304,569,502
False,423.3457,143.619,59363.2707712,566,502
False,424.6116,142.404,59363.303104,587,502
False,425.5822,141.5738,59363.3351424,599.5,502
False,427.1261,140.249,59363.3668352,591,502
False,428.6808,138.9138,59363.3988224,611,502
False,429.9163,137.3727,59363.4315136,597.5,502
False,429.8258,135.6354,59363.463232,575,502
False,429.3973,133.9911,59363.4953088,560.5,502
False,428.831,132.1274,59363.527616,532.5,502
False,429.2573,129.8028,59363.559168,557,502
False,429.6565,126.8357,59363.591104,573,502
False,430.3255,124.2968,59363.623296,592.5,502
False,431.3268,121.9766,59363.6712064,606.5,502
False,431.9209,118.6704,59363.702784,617.5,502
False,432.2312,115.1315,59363.734912,620,502
False,431.9997,111.1739,59363.766976,601,502
False,431.548,106.9639,59363.7990016,591.5,502
False,430.6972,103.4088,59363.8311936,600.5,502
False,429.8552,100.2285,59363.8632832,617,502
False,430.0362,97.51026,59363.8955904,617,502
False,430.2602,94.99271,59363.926912,640,502
False,430.4807,91.92747,59363.9614592,636.5,502
False,430.6483,89.01447,59363.9915136,633.5,502
False,430.8433,86.11365,59364.023296,635,502
False,430.8919,83.10887,59364.0709248,620,502
False,430.9034,80.19144,59364.1029376,588.5,502
False,430.3313,78.03239,59364.1349248,581.5,502
False,429.5058,75.57472,59364.1674112,600,502
False,428.9073,72.58881,59364.1989376,593,502
False,429.2681,69.70686,59364.2308864,593,502
False,429.8543,67.18464,59364.2629632,612,502
False,430.2576,63.57073,59364.2953472,611.5,502
False,430.8057,60.07448,59364.3289728,588.5,502
False,431.214,57.22469,59364.3604864,563,502
False,431.0358,53.29407,59364.3920512,573,502
False,429.8332,52.69394,59364.4228096,519.5,502
False,429.3379,51.17954,59364.4713472,511.5,502
False,429.5363,45.95226,59364.5029504,583,502
False,430.0293,45.13398,59364.5351168,568.5,502
False,430.4646,48.97831,59364.5667968,461,502
False,432.3359,43.22348,59364.5993856,573.5,502
False,431.4566,46.97662,59364.631296,420.5,502
False,430.5734,46.43831,59364.6629504,398.5,502
False,430.5652,46.14882,59364.6954112,387.5,502
False,430.3697,46.45957,59364.7268992,371,502
False,430.3019,46.88572,59364.7592192,350,502
False,430.2248,47.09835,59364.7913344,344,502
False,430.2122,47.39265,59364.823744,340,502
False,430.1339,47.67791,59364.8712704,326,502
False,430.1807,47.6511,59364.902912,332,502
False,429.7379,47.63732,59364.9348992,318,502
False,430.1908,47.74391,59364.9668992,321.5,502
False,429.866,47.78284,59364.9993472,318.5,502
False,429.709,47.87138,59365.0308608,311,502
False,429.6486,47.89457,59365.0630656,313,502
False,429.6768,47.82456,59365.0953472,313.5,502
False,429.5309,47.76764,59365.1276928,307,502
False,429.5162,47.94179,59365.1602048,303.5,502
False,429.2481,47.97085,59365.1914624,303,502
False,429.2654,47.97423,59365.2229504,304,502
False,429.5011,47.99347,59365.2711552,306,502
False,429.2795,47.91429,59365.3035392,297.5,502
False,429.3699,47.86149,59365.3348608,296,502
False,429.5101,47.86243,59365.3677952,306.5,502
False,429.1955,47.83942,59365.3990528,301,502
False,429.2777,48.01267,59365.4314624,302.5,502
False,429.2747,47.90934,59365.4631552,301.5,502
False,429.4373,47.91254,59365.4953984,303,502
False,429.3842,48.00112,59365.5278976,298.5,502
False,429.2787,47.9459,59365.5605504,305,502
False,429.197,47.99551,59365.5919488,297,502
False,429.3277,47.83447,59365.6234624,295,502
False,429.207,47.91145,59365.6712192,295.5,502
False,429.2351,47.99498,59365.70304,298.5,502
False,429.2393,47.94482,59365.7348992,296,502
False,429.1251,47.85515,59365.767808,286.5,502
False,429.4307,47.74946,59365.7996672,308,502
False,429.9458,47.16059,59365.8312064,329,502
False,430.2564,46.67801,59365.8637824,338,502
False,430.2488,46.21178,59365.8952192,351,502
False,430.6785,45.12313,59365.9280384,379,502
False,431.1371,44.15263,59365.95968,409.5,502
False,431.4858,42.92515,59365.9915008,427.5,502
False,432.1122,41.42733,59366.0231808,422,502
False,432.4009,40.35587,59366.0709504,421.5,502
False,432.2046,39.64593,59366.1032064,418,502
False,432.0637,39.39284,59366.135168,400.5,502
False,431.4286,39.45774,59366.16736,388.5,502
False,431.6324,39.47807,59366.199488,380,502
False,431.4357,39.73654,59366.2310016,374.5,502
False,431.5655,39.55805,59366.2632832,379,502
False,431.6363,39.40104,59366.2961792,384,502
False,432.3307,38.66924,59366.3290112,388.5,502
False,432.8293,37.90361,59366.3595392,415,502
False,433.9274,36.83983,59366.391552,436,502
False,434.7408,35.76394,59366.423552,469.5,502
False,436.1373,34.95804,59366.4711296,496.5,502
False,436.9325,34.72205,59366.50304,493.5,502
False,440.9907,30.89377,59366.5350656,626,502
False,436.8369,35.29059,59366.5675136,464,502
False,436.7407,35.35024,59366.5995392,443.5,502
False,440.8072,30.75986,59366.6312064,595.5,502
False,436.3997,35.80114,59366.663296,409,502
False,435.6015,36.60326,59366.6958336,389,502
False,434.7469,38.26353,59366.7282688,351,502
False,434.4247,40.081,59366.7615232,321,502
False,434.3918,41.22308,59366.7915392,325,502
False,434.2193,41.54932,59366.8232704,356.5,502
False,434.8125,41.01969,59366.8710784,372.5,502
False,434.6322,40.92175,59366.9030272,377,502
False,434.8371,40.21124,59366.9350784,379.5,502
False,434.6621,39.69755,59366.9674496,367,502
False,434.5174,39.34366,59366.9990656,355,502
False,434.494,39.1445,59367.0313088,361,502
False,434.2916,38.96396,59367.0631808,351.5,502
False,434.2206,39.13062,59367.095936,344.5,502
False,434.2523,39.24153,59367.1289984,339.5,502
False,434.0898,39.39764,59367.1611904,339.5,502
False,434.2783,39.49213,59367.1914752,339,502
False,434.1636,39.95617,59367.2232576,327,502
False,434.184,40.54899,59367.2711168,321.5,502
False,433.9908,40.88709,59367.303488,308.5,502
False,433.8816,41.38694,59367.3355648,298.5,502
False,433.8872,41.43154,59367.3673344,297,502
False,433.8864,41.20461,59367.3998464,296.5,502
False,434.0544,40.91284,59367.432064,315.5,502
False,434.0089,40.53819,59367.463424,336,502
False,434.2436,40.35727,59367.4964096,362,502
False,434.7355,40.28609,59367.52832,377.5,502
False,434.9745,39.86684,59367.5596416,385.5,502
False,435.085,39.65922,59367.5917824,380.5,502
False,435.3758,39.38933,59367.6235264,381,502
False,435.6359,38.78516,59367.6712064,384,502
False,435.8997,38.20195,59367.7032448,392,502
False,436.0986,37.54848,59367.735296,400.5,502
False,436.285,36.86333,59367.767552,400,502
False,436.1572,36.73056,59367.7995904,396.5,502
False,436.0584,36.7873,59367.8312832,391,502
False,435.9496,37.2962,59367.8634496,363.5,502
False,435.5764,37.88605,59367.89568,352.5,502
False,435.5433,38.25755,59367.9289344,336.5,502
False,435.4468,38.44529,59367.95968,327.5,502
False,435.1132,38.57296,59367.9915008,325.5,502
False,435.0858,38.89942,59368.023424,316.5,502
False,434.9179,38.96859,59368.071168,302.5,502
False,434.8747,39.43441,59368.1039872,310,502
False,434.8983,39.70094,59368.1362944,301.5,502
False,434.7861,39.62576,59368.1671808,301.5,502
False,434.4711,39.66611,59368.1996416,300,502
False,434.4472,39.43747,59368.23136,326.5,502
False,434.5849,38.8564,59368.2642432,350.5,502
False,434.8686,38.33733,59368.2957696,375.5,502
False,434.9776,38.22062,59368.32896,380,502
False,440.3632,34.41501,59368.35968,553,502
False,436.4545,37.09481,59368.391872,443,502
False,436.8219,37.33221,59368.423232,444.5,502
False,436.7575,37.28454,59368.471296,447.5,502
False,437.1128,36.88683,59368.50368,459.5,502
False,437.2178,36.82912,59368.5361024,454.5,502
False,436.4519,37.31009,59368.5679616,423,502
False,436.4089,36.94934,59368.5993984,414.5,502
False,436.4978,36.75664,59368.6319872,420.5,502
False,436.4935,36.5978,59368.6635136,409,502
False,436.3325,36.57124,59368.6957312,382.5,502
False,436.5883,36.56483,59368.7284608,389.5,502
False,436.3597,36.87101,59368.7612416,391.5,502
False,436.0484,37.13787,59368.7921408,382,502
False,435.8089,37.114,59368.8235392,365.5,502
False,441.9098,36.50456,59368.8712576,512,502
False,441.7189,37.22514,59368.9032448,494.5,502
False,441.7381,38.07637,59368.9356416,508.5,502
False,436.2784,39.32614,59368.9677824,394,502
False,437.0004,39.99406,59368.9994752,421,502
False,436.9783,40.28566,59369.0315136,423,502
False,437.28,40.25,59369.0643584,428,502
False,436.8739,40.30069,59369.0966528,408.5,502
False,436.4648,40.63042,59369.1285632,395.5,502
False,436.5034,40.67926,59369.159872,370.5,502
False,435.5501,41.94637,59369.19168,376,502
False,434.9167,42.74294,59369.2235264,354,502
False,434.222,43.32191,59369.2717568,335.5,502
False,433.3723,43.90461,59369.3036544,325,502
False,432.7938,44.95245,59369.3357184,322.5,502
False,432.998,45.00945,59369.3674752,335,502
False,433.6589,44.97397,59369.3993472,365,502
False,434.1503,45.68509,59369.4322816,398,502
False,433.7651,46.82179,59369.463808,411.5,502
False,432.5481,47.77954,59369.49632,378,502
False,431.6088,48.74456,59369.5276672,383,502
False,434.6569,50.40371,59369.5607808,511.5,502
False,433.8722,51.32784,59369.5919616,546.5,502
False,430.8548,51.62282,59369.6238848,536,502
False,430.0557,52.71655,59369.6713984,548,502
False,429.8152,54.41955,59369.7037312,578,502
False,429.1725,56.09954,59369.7358336,614.5,502
False,428.7426,57.7187,59369.7675392,615,502
False,428.8228,59.34316,59369.7995776,627.5,502
False,428.9989,61.21624,59369.8316032,632,502
False,429.6493,63.20189,59369.8647296,634,502
False,430.6299,65.38013,59369.896256,634,502
False,431.107,69.21297,59369.9289984,673,502
False,431.7085,71.17323,59369.9598336,621.5,502
False,431.7185,74.40147,59369.9920896,614,502
False,431.7103,77.53333,59370.0235904,607.5,502
False,431.2108,80.49238,59370.0718464,579.5,502
False,430.5106,82.75593,59370.1035904,541.5,502
False,429.4844,83.35159,59370.1354368,529.5,502
False,428.6855,83.33118,59370.1675904,541.5,502
False,428.7404,83.1743,59370.1996416,524,502
False,428.8483,83.09961,59370.2321152,512,502
False,428.9698,82.99705,59370.2644352,508.5,502
False,428.8648,82.76258,59370.2963712,530,502
False,429.1318,82.75452,59370.3293312,535,502
False,429.0846,82.77323,59370.360448,538,502
False,429.2584,82.7069,59370.391808,538.5,502
False,429.0438,82.80698,59370.4235264,544,502
False,429.0939,83.02553,59370.4715392,548.5,502
False,429.1317,82.94675,59370.503872,541.5,502
False,428.9417,82.96619,59370.536192,552,502
False,428.973,83.00682,59370.5678848,537.5,502
False,428.8262,83.24825,59370.5998336,546.5,502
False,428.8411,83.71163,59370.6317824,556,502
False,429.4908,83.81779,59370.6637824,547,502
False,429.4097,84.03102,59370.696256,569.5,502
False,430.309,82.8716,59370.7290752,533.5,502
False,429.8644,83.03297,59370.760064,541,502
False,429.753,83.01905,59370.792256,542.5,502
False,429.7348,83.01611,59370.8235392,538,502
False,429.2683,83.43838,59370.8716544,558.5,502
False,429.2744,83.46407,59370.9042944,566,502
False,429.9086,82.99877,59370.9361024,541.5,502
False,430.153,82.93494,59370.96768,538,502
False,430.2545,82.81024,59370.999808,530.5,502
False,430.1321,82.68858,59371.0317312,540,502
False,429.9699,82.95965,59371.063744,553.5,502
False,429.9044,83.02998,59371.0968832,556,502
False,429.7894,83.36774,59371.128704,562,502
False,429.8979,83.18788,59371.160192,550,502
False,429.9055,83.24639,59371.1931008,554,502
False,430.0149,83.07732,59371.2237312,547.5,502
False,429.8866,82.92596,59371.272384,538,502
False,430.0498,82.6785,59371.3036288,535.5,502
False,430.3365,82.21925,59371.3360512,523,502
False,430.0455,82.58922,59371.3678208,538,502
False,429.5937,83.29623,59371.399872,561.5,502
False,429.3685,83.5125,59371.4324352,573,502
False,429.4215,83.47247,59371.4643712,569,502
False,429.9517,82.96964,59371.4961664,549,502
False,429.8342,83.04008,59371.529152,553,502
False,429.997,83.29208,59371.560128,553.5,502
False,430.2622,83.30656,59371.5919744,541.5,502
False,430.2766,83.64026,59371.6246016,549,502
False,430.1428,84.09814,59371.672192,548.5,502
False,429.9129,84.36227,59371.7038464,553,502
False,429.822,84.64133,59371.7359232,552.5,502
False,429.3339,85.10992,59371.7676928,561,502
False,429.7024,84.42817,59371.8008448,536,502
False,429.6516,84.05391,59371.8318848,541,502
False,429.9539,83.49668,59371.8644736,527.5,502
False,430.039,83.23628,59371.8961408,525.5,502
False,430.3449,82.93797,59371.9289472,518.5,502
False,430.5636,82.86717,59371.9602816,527,502
False,430.4041,82.85303,59371.9922048,520.5,502
False,430.2778,82.79617,59372.0239616,522.5,502
False,430.2014,83.14716,59372.0716928,525.5,502
False,430.0573,83.39746,59372.1039104,538,502
False,429.8921,83.55193,59372.1357952,536,502
False,429.9134,83.56417,59372.168064,535,502
False,429.9877,83.5915,59372.2001024,541,502
False,429.9283,83.78726,59372.2319616,562.5,502
False,429.7899,84.07245,59372.2640128,570.5,502
False,429.7416,84.20945,59372.2970368,578.5,502
False,429.8938,84.15968,59372.3295104,573,502
False,429.7635,84.18845,59372.3604736,562.5,502
False,430.0537,83.7701,59372.3924992,543,502
False,429.9474,83.83409,59372.4238336,548.5,502
False,429.1375,84.73155,59372.472384,580.5,502
False,429.6937,83.95047,59372.5038848,548.5,502
False,428.8911,85.10549,59372.5363456,583,502
False,429.4168,84.82881,59372.5677952,553,502
False,429.0112,85.62842,59372.6002432,536,502
False,428.1892,86.93433,59372.6323456,533,502
False,427.3006,88.43498,59372.6639488,534.5,502
False,426.2251,90.37026,59372.6960384,528,502
False,424.4649,92.55972,59372.7286144,520.5,502
False,422.9357,94.98956,59372.7620864,510.5,502
False,421.2528,96.67005,59372.792384,492.5,502
False,418.7719,98.60881,59372.8400256,446.5,502
False,416.2874,99.44765,59372.872,450.5,502
False,414.3116,100.084,59372.9040128,468,502
False,412.6051,101.2055,59372.9363072,498,502
False,411.5909,102.1068,59372.9678464,519.5,502
False,410.0597,103.1033,59373,505,502
False,408.6411,103.9973,59373.031936,501,502
False,407.3715,104.9605,59373.064192,510.5,502
False,405.9333,106.2719,59373.0967296,499.5,502
False,403.4213,107.6769,59373.1297536,519,502
False,400.1836,109.0577,59373.160256,523,502
False,397.5881,109.8725,59373.192192,500.5,502
False,395.0483,110.6369,59373.240704,476,502
False,394.0313,110.6058,59373.272128,479.5,502
False,393.6309,110.2095,59373.3038592,475,502
False,392.9661,109.9825,59373.3363072,476.5,502
False,392.429,109.9481,59373.3680128,484.5,502
False,391.9603,110.2885,59373.4003456,486.5,502
False,391.4852,110.9509,59373.4319232,485,502
False,391.2687,111.9146,59373.4642304,480,502
False,391.5598,112.0782,59373.496768,475.5,502
False,391.6847,111.9993,59373.529728,481.5,502
False,391.7714,111.7735,59373.5604352,477.5,502
False,391.504,111.7617,59373.5922432,475.5,502
False,390.7319,111.7077,59373.6400768,483,502
False,389.6479,111.8556,59373.672128,489.5,502
False,387.8433,112.0707,59373.7043328,502,502
False,385.8572,112.2963,59373.7362944,499.5,502
False,383.1988,112.3785,59373.7680256,505.5,502
False,380.3059,112.5356,59373.799936,511,502
False,377.5897,112.8564,59373.8330368,517.5,502
False,375.1249,113.079,59373.8642816,519,502
False,371.8818,113.25,59373.89728,492,502
False,368.5427,112.8871,59373.929088,497.5,502
False,365.551,112.488,59373.9605632,513,502
False,362.5872,112.341,59373.9922688,541.5,502
False,360.5171,112.4242,59374.0404096,517,502
False,358.6104,112.5879,59374.0723712,506,502
False,355.8144,112.7501,59374.1043968,497.5,502
False,353.5202,113.0442,59374.1359616,490.5,502
False,352.1615,113.8399,59374.1681408,484,502
False,351.7322,114.6014,59374.1999616,506,502
False,350.9267,114.996,59374.232704,500.5,502
False,350.1322,115.1956,59374.2646016,484,502
False,349.9195,114.9338,59374.297792,478.5,502
False,350.0133,114.7421,59374.3290624,464,502
False,349.9088,114.5976,59374.3603968,468,502
False,349.7094,114.6105,59374.392768,472,502
False,349.3282,114.4229,59374.4401408,485.5,502
False,348.5747,114.13,59374.47264,500,502
False,347.4761,113.8576,59374.504128,505.5,502
False,346.6462,113.4576,59374.5361024,504.5,502
False,345.5242,113.2159,59374.5689344,512.5,502
False,344.7422,113.0646,59374.6005504,505.5,502
False,344.0601,113.0235,59374.6321152,510.5,502
False,343.9058,113.1142,59374.66432,509.5,502
False,343.649,113.2957,59374.6964224,509.5,502
False,343.338,113.2919,59374.729216,495,502
False,342.7888,112.9393,59374.7616896,488.5,502
False,342.7697,112.8298,59374.7924352,491.5,502
False,342.9085,112.6013,59374.8402816,484.5,502
False,342.8468,112.6585,59374.8722048,488.5,502
False,342.4968,112.6633,59374.9042176,493.5,502
False,342.6206,112.6033,59374.9364224,481.5,502
False,342.1464,112.5789,59374.968384,497.5,502
False,341.9531,112.138,59375.0000768,497.5,502
False,341.4887,112.0342,59375.0322816,488,502
False,341.1969,112.6818,59375.0643584,485,502
False,341.334,113.1101,59375.09696,492,502
False,341.2083,113.2129,59375.1298688,497,502
False,340.8723,113.4711,59375.1622144,501,502
False,340.6194,113.5325,59375.1926912,500.5,502
False,340.8338,113.4981,59375.2401536,488.5,502
False,341.106,113.5239,59375.272512,481,502
False,341.5095,113.5881,59375.3046912,483.5,502
False,341.5314,113.7808,59375.3364992,490.5,502
False,341.7635,113.7103,59375.368256,489,502
False,341.8194,113.7011,59375.4002048,489,502
False,341.8701,113.6315,59375.4323456,483.5,502
False,341.9635,113.651,59375.4643712,479,502
False,341.9869,113.6887,59375.4980992,483.5,502
False,341.9749,113.5715,59375.5300224,478,502
False,341.8893,113.7127,59375.5604352,485,502
False,342.0177,113.842,59375.5921408,480,502
False,342.0406,113.8347,59375.6402048,476,502
False,341.7603,113.866,59375.6721408,484,502
False,341.9017,113.9865,59375.704768,481.5,502
False,342.0409,114.0704,59375.7369728,480.5,502
False,342.3532,114.1883,59375.7687168,477,502
False,342.3564,114.2398,59375.8004864,477.5,502
False,342.3799,114.1338,59375.8323072,476,502
False,342.1937,114.1156,59375.8644736,478.5,502
False,342.2219,114.0688,59375.8976768,477,502
False,342.6055,114.0608,59375.9297536,469,502
False,342.6089,114.0923,59375.96064,467.5,502
False,342.8593,114.1947,59375.992192,475,502
False,342.8689,114.0836,59376.040256,466.5,502
False,343.0164,114.0446,59376.0722432,467.5,502
False,343.0032,113.9795,59376.1047296,463,502
False,343.2142,114.0313,59376.136768,463,502
False,343.5318,114.1084,59376.1681536,466,502
False,344.1143,114.084,59376.2004864,456.5,502
False,344.7022,114.1808,59376.23232,464.5,502
False,345.3405,114.0215,59376.264448,465,502
False,345.464,113.9117,59376.2977024,460.5,502
False,346.012,113.9622,59376.329216,458,502
False,345.8505,113.9398,59376.3611904,465,502
False,345.3199,113.9121,59376.3928576,461,502
False,344.6774,113.8892,59376.44032,466.5,502
False,343.9025,113.787,59376.4723968,473.5,502
False,343.0252,113.4786,59376.5046528,483,502
False,342.6514,113.4257,59376.5368064,480,502
False,342.3423,113.5229,59376.568768,481,502
False,342.0004,113.684,59376.6005504,472,502
False,341.7258,113.7524,59376.6323072,476,502
False,341.1063,113.5253,59376.6645888,480,502
False,339.9109,113.2791,59376.6997376,492,502
False,338.9086,112.6939,59376.7299072,496,502
False,338.8325,112.2767,59376.7611008,476.5,502
False,339.2186,112.5133,59376.7926016,475,502
False,339.8023,112.9725,59376.8406144,473,502
False,340.0123,113.0638,59376.8730624,475.5,502
False,339.8756,113.0285,59376.9048576,473,502
False,339.8931,113.0021,59376.9369472,471,502
False,339.9639,113.0025,59376.968704,471,502
False,340.1654,113.0489,59377.0009856,470.5,502
False,339.9224,112.9593,59377.0329344,474.5,502
False,339.9454,113.0431,59377.06528,476,502
False,340.0714,113.0518,59377.0969344,476,502
False,340.0881,113.1618,59377.1294208,475,502
False,340.0931,113.1467,59377.1612032,476,502
False,340.2136,113.2009,59377.19232,472,502
False,340.3433,113.1699,59377.2408448,467,502
False,340.3083,113.2216,59377.2727936,473,502
False,340.3028,113.2544,59377.3044224,475,502
False,340.3298,113.2236,59377.3365376,471,502
False,340.3527,113.2495,59377.3683712,465.5,502
False,340.5569,113.3521,59377.4006784,463,502
False,340.6202,113.3573,59377.4329856,459.5,502
False,340.5427,113.3502,59377.4646016,465,502
False,340.5108,113.4246,59377.4969344,469.5,502
False,340.304,113.3411,59377.5295488,472.5,502
False,340.0575,113.4079,59377.5611392,478.5,502
False,339.8354,113.4203,59377.5938432,483,502
False,339.0157,113.3741,59377.6412672,487,502
False,338.3759,113.4089,59377.672384,494,502
False,337.7014,113.1787,59377.7049472,503.5,502
False,336.7332,113.0175,59377.736448,503.5,502
False,336.436,112.7202,59377.768384,498.5,502
False,335.8715,112.2681,59377.8006784,508.5,502
False,335.6823,111.9434,59377.8328448,500.5,502
False,335.86,111.9937,59377.8646272,506,502
False,335.9061,112.2158,59377.8970496,488,502
False,336.1436,112.9705,59377.9290624,480.5,502
False,336.6667,113.4464,59377.9609344,479,502
False,336.5984,113.3509,59377.9939328,483,502
False,336.6754,113.1159,59378.0405888,476,502
False,336.7462,113.075,59378.0728576,480,502
False,336.5627,112.8823,59378.1049728,485.5,502
False,336.5934,112.9415,59378.136576,487,502
False,336.376,112.8017,59378.1686144,484,502
False,335.8387,112.666,59378.2008064,495,502
False,334.9512,112.0588,59378.2334592,499,502
False,333.4201,111.3226,59378.2651648,514.5,502
False,331.8524,110.0961,59378.2971776,515,502
False,330.1016,108.656,59378.3295616,513.5,502
False,328.2379,107.7116,59378.36096,522.5,502
False,326.9313,107.1342,59378.3928832,531.5,502
False,326.1212,106.4189,59378.4409856,547.5,502
False,324.61,105.4111,59378.4728192,527,502
False,324.0081,104.9086,59378.5046656,510.5,502
False,323.836,104.4332,59378.5366144,504,502
False,323.8024,103.897,59378.5687808,509.5,502
False,323.3779,103.3054,59378.6011904,519.5,502
False,322.8667,102.5039,59378.6332544,519,502
False,321.3412,100.5638,59378.6651136,528,502
False,320.1773,99.10062,59378.6973312,508.5,502
False,319.9036,98.82407,59378.7298816,494.5,502
False,319.8287,99.16335,59378.7612416,503,502
False,319.8441,99.71053,59378.7929984,501.5,502
False,319.7294,99.57018,59378.8414336,494,502
False,319.8165,99.45322,59378.8731136,500.5,502
False,319.9638,99.486,59378.9046528,488,502
False,320.0909,99.60383,59378.936768,488,502
False,320.1878,99.65788,59378.9694336,493.5,502
False,320.2145,99.4335,59379.001408,492.5,502
False,320.2388,99.43166,59379.0331776,486.5,502
False,320.2146,99.39455,59379.0652288,490,502
False,320.4505,99.78175,59379.0972544,489.5,502
False,320.5174,99.89249,59379.1287296,479,502
False,320.3125,99.8562,59379.1609984,481,502
False,320.2379,99.62731,59379.1933312,487,502
False,320.3195,99.7802,59379.2411904,480,502
False,320.2939,99.84071,59379.2731648,485.5,502
False,320.3258,99.78751,59379.3046656,485.5,502
False,320.2055,99.84068,59379.336768,487.5,502
False,320.3029,99.74154,59379.3687552,487.5,502
False,320.2361,99.62082,59379.400896,483.5,502
False,320.1165,99.63643,59379.4338048,490.5,502
False,320.463,100.2092,59379.4649344,482,502
False,320.636,100.8003,59379.4983552,489,502
False,320.628,100.81,59379.5297792,478,502
False,320.7301,100.6377,59379.5619712,483.5,502
False,320.7874,100.4653,59379.59264,490,502
False,320.8494,100.3484,59379.6409984,487,502
False,320.8386,100.1902,59379.672576,492.5,502
False,320.838,100.1249,59379.7047296,488.5,502
False,320.5916,99.94963,59379.7370752,493,502
False,320.3002,99.34673,59379.7691904,497.5,502
False,320.2981,98.86519,59379.8009856,497,502
False,320.5678,99.06866,59379.832832,485.5,502
False,320.4295,98.89803,59379.8651776,492,502
False,320.2162,98.91024,59379.8981504,499.5,502
False,319.7061,98.29852,59379.9305088,507.5,502
False,318.2455,96.44627,59379.9611392,518,502
False,317.1873,94.31794,59379.9933184,530.5,502
False,316.2556,92.60786,59380.0414592,530,502
False,314.9042,91.40724,59380.0731392,548,502
False,313.8109,90.0268,59380.1048192,553.5,502
False,313.0105,88.39791,59380.1367552,557.5,502
False,312.2141,87.14849,59380.1687296,541,502
False,312.0469,86.27568,59380.2008192,543.5,502
False,311.8134,84.99906,59380.2334208,534,502
False,310.8898,83.18447,59380.2650112,543,502
False,310.3112,81.29945,59380.2975488,551,502
False,310.041,79.7086,59380.3300096,552.5,502
False,309.3642,77.78688,59380.3613056,561.5,502
False,309.0663,76.13847,59380.3934208,538,502
False,308.0379,74.297,59380.4414336,527.5,502
False,306.8795,72.33396,59380.4733056,530,502
False,305.8381,70.69972,59380.5051136,544.5,502
False,304.7114,68.54,59380.5367808,525,502
False,303.7522,66.64635,59380.5689728,508.5,502
False,303.1929,64.74602,59380.600896,491.5,502
False,303.3607,63.16433,59380.6330112,499,502
False,303.493,61.2188,59380.6655232,487.5,502
False,303.3517,58.87832,59380.6981376,489,502
False,303.0573,56.95118,59380.7301248,495,502
False,302.0746,56.10664,59380.7613952,509.5,502
False,301.4187,55.80156,59380.7932672,511.5,502
False,300.9821,55.13718,59380.8412544,511.5,502
False,300.8933,54.94799,59380.8729088,493.5,502
False,300.6876,54.57751,59380.9048064,493.5,502
False,300.3741,54.15331,59380.9367552,474,502
False,300.088,53.0789,59380.96896,460.5,502
False,299.702,51.70163,59381.001344,429,502
False,300.6124,50,59381.033728,414.5,502
False,301.42,48.36111,59381.0655616,402,502
False,300.9374,46.95811,59381.0976128,370,502
False,299.5689,46.48507,59381.130048,346,502
False,299.1872,45.43128,59381.1618176,325,502
False,298.7939,44.26224,59381.1935232,323.5,502
False,298.5835,43.25065,59381.2408576,318.5,502
False,297.8331,36.90128,59381.2731136,376.5,502
False,298.9265,41.52643,59381.3049472,299.5,502
False,299.0742,41.39116,59381.3368576,294,502
False,298.867,40.50698,59381.3695616,274.5,502
False,298.9973,39.61584,59381.4010368,252.5,502
False,299.0459,38.77871,59381.433024,239.5,502
False,299.0868,38.6927,59381.4655488,230.5,502
False,298.3692,39.35965,59381.497536,209,502
False,298.6565,39.43596,59381.530816,196.5,502
False,297.5943,39.48012,59381.5623936,163.5,502
False,298.2273,39.88826,59381.5931776,176,502
False,297.9128,40.49844,59381.6409856,160.5,502
False,298.2615,40.9507,59381.673024,155.5,502
False,298.0693,41.66557,59381.7049728,151.5,502
False,300.5899,27.14548,59381.7373696,145.5,502
False,298.2503,42.0303,59381.7688448,148.5,502
False,300.8674,27.82864,59381.8010496,142,502
False,300.7324,28.39229,59381.8330752,147,502
False,301.0999,28.68176,59381.8651136,143.5,502
False,301.1953,28.85614,59381.8980352,142.5,502
False,299.2869,43.94324,59381.9298304,161.5,502
False,300.2137,44.65957,59381.9626112,188,502
False,300.1011,44.74557,59381.9935744,188,502
False,299.714,44.60524,59382.0411264,165.5,502
False,299.5464,44.46591,59382.0730752,176,502
False,299.8022,44.20055,59382.105024,182,502
False,299.672,44.04332,59382.1375104,188.5,502
False,299.7689,43.96685,59382.1692928,181,502
False,299.5914,44.24242,59382.2011648,170.5,502
False,299.8663,44.15631,59382.2330112,177,502
False,299.5248,44.57039,59382.2651136,161,502
False,299.4667,44.94564,59382.2984448,162.5,502
False,299.7099,45.16564,59382.3307008,162,502
False,299.8542,45.08359,59382.3615232,163.5,502
False,299.1623,45.11688,59382.39296,154,502
False,298.8608,45.14347,59382.44096,154.5,502
False,299.8553,45.07429,59382.4729344,170.5,502
False,300.0219,44.9572,59382.5053312,183,502
False,300.0734,44.961,59382.5370752,179.5,502
False,300.2411,44.66758,59382.5693184,182.5,502
False,300.0291,44.64299,59382.6013568,183,502
False,299.3343,44.61111,59382.6330752,168,502
False,299.6628,44.66569,59382.6659584,171,502
False,300.2254,44.15026,59382.6984448,193,502
False,299.9,43.66364,59382.7306368,220,502
False,300.0339,42.70546,59382.7614976,275,502
False,300.912,35.07512,59382.7945472,426,502
False,299.2488,39.94876,59382.841152,270,502
False,299.3714,38.87968,59382.8745216,271.5,502
False,299.1875,38.59988,59382.905088,272,502
False,299.7356,38.75779,59382.9375616,278,502
False,299.7792,39.10884,59382.969088,269.5,502
False,300.3084,39.12899,59383.0012288,261,502
False,300.4396,39.33267,59383.0332288,251,502
False,300.7767,39.70356,59383.0657664,248.5,502
False,300.5343,39.92193,59383.0978048,245.5,502
False,300.4374,40.09583,59383.1303552,243.5,502
False,300.269,40.2245,59383.1615488,243.5,502
False,300.3383,40.41047,59383.1934976,235.5,502
False,300.4468,40.45958,59383.2415232,235,502
False,300.2316,40.4793,59383.2735104,237.5,502
False,300.2243,40.35695,59383.3051264,240,502
False,299.9687,40.4,59383.3372928,245,502
False,300.3306,40.03576,59383.3700224,247,502
False,300.1091,39.8459,59383.4017408,252,502
False,303.9183,34.52325,59383.4332032,426.5,502
False,304.8051,34.86569,59383.4657152,445.5,502
False,304.925,35.66887,59383.4977024,453,502
False,304.74,36.54113,59383.5299712,466,502
False,304.5078,37.20605,59383.5615872,484.5,502
False,304.0121,37.96061,59383.593856,495,502
False,302.2563,39.04737,59383.641664,471.5,502
False,302.3523,39.54518,59383.6736768,492.5,502
False,302.9541,39.31005,59383.7052672,522.5,502
False,304.2504,38.7277,59383.7373184,562.5,502
False,306.4884,38.13664,59383.7691136,605,502
False,309.6984,37.39371,59383.8014208,599,502
False,313.4973,36.58115,59383.8337536,590.5,502
False,317.4194,36.11783,59383.866112,587,502
False,320.3436,35.78206,59383.8976256,570.5,502
False,321.8563,35.68851,59383.9309056,580,502
False,322.8705,35.64532,59383.9616384,570,502
False,322.9592,36.32867,59383.9942912,572.5,502
False,323.5312,36.95287,59384.0413952,590.5,502
False,324.411,37.10529,59384.0738304,592,502
False,326.05,37.27629,59384.1057664,596,502
False,328.3598,37.62439,59384.1372672,611,502
False,330.0245,37.8464,59384.1692416,618.5,502
False,332.1655,38.19878,59384.201472,630.5,502
False,334.5815,38.48844,59384.2333568,641.5,502
False,337.7903,39.25048,59384.2660352,613.5,502
False,341.7547,40.44197,59384.298048,607.5,502
False,345.1515,40.68143,59384.3304704,598.5,502
False,348.0805,40.86706,59384.3618304,598,502
False,349.9031,41.60141,59384.3939968,590,502
False,351.3484,42.57285,59384.4417536,584.5,502
False,352.142,43.51231,59384.473408,582,502
False,353.3856,45.3062,59384.5053952,583.5,502
False,354.9105,47.27449,59384.537344,592,502
False,356.6024,48.94822,59384.5692672,611.5,502
False,358.7622,50.69521,59384.6017536,619,502
False,360.6589,52.15874,59384.6334208,620.5,502
False,363.0783,53.46661,59384.6668672,619,502
False,365.799,55.27782,59384.6986752,609.5,502
False,368.787,57.29139,59384.7305088,608,502
False,371.3159,59.68872,59384.7620096,612,502
False,372.9069,62.09225,59384.7935104,598,502
False,373.8993,64.16018,59384.84192,591,502
False,374.4437,65.49429,59384.8734208,569.5,502
False,374.6487,66.40858,59384.9057408,567,502
False,374.6888,66.6123,59384.93728,558,502
False,374.8743,66.83501,59384.9692928,547.5,502
False,374.9997,66.50228,59385.0013696,547.5,502
False,375.1344,65.94261,59385.0342784,560.5,502
False,375.4911,65.71018,59385.066048,574.5,502
False,375.5885,65.20139,59385.0982144,573.5,502
False,375.6087,65.30208,59385.1305216,586.5,502
False,375.5599,65.44578,59385.1618304,584,502
False,375.6179,65.52369,59385.1939072,587.5,502
False,375.61,65.49051,59385.2417664,588.5,502
False,375.5918,65.61325,59385.2733312,583.5,502
False,375.5593,65.43673,59385.305344,583.5,502
False,375.592,65.50772,59385.3373824,583,502
False,375.7195,65.47706,59385.3694336,577.5,502
False,375.5648,65.67231,59385.4022272,561,502
False,375.6964,65.69637,59385.4334592,561,502
False,376.0356,65.75237,59385.4660736,562,502
False,376.4645,66.06846,59385.4982016,577,502
False,377.377,67.0854,59385.5307008,583.5,502
False,378.5515,68.48228,59385.5621632,602,502
False,379.7985,70.49375,59385.5945728,600.5,502
False,381.1481,72.52766,59385.6417664,605.5,502
False,382.6602,74.36404,59385.6737536,597,502
False,384.5673,75.5706,59385.7054848,605.5,502
False,386.515,76.5428,59385.7375104,605.5,502
False,387.8494,77.48508,59385.7693952,597.5,502
False,388.8095,78.71343,59385.8020864,584.5,502
False,389.7339,80.20804,59385.8341376,568,502
False,389.9185,81.51053,59385.8657024,554,502
False,389.8038,82.19646,59385.8982528,556.5,502
False,390.1082,83.5494,59385.930432,568.5,502
False,391.3004,85.69505,59385.9618432,593,502
False,392.8304,88.26004,59385.994752,593.5,502
False,394.653,91.62545,59386.0418816,598.5,502
False,396.9964,94.63956,59386.0735488,602.5,502
False,398.9187,97.25723,59386.1055744,611,502
False,400.21,100.3211,59386.1374976,600,502
False,400.8817,102.9223,59386.1702784,587.5,502
False,401.3336,106.0671,59386.2018944,596.5,502
False,401.9512,109.1163,59386.2335104,567.5,502
False,402.8252,112.6147,59386.265664,583.5,502
False,404.5455,116.0805,59386.2979712,598.5,502
False,406.6488,119.5356,59386.3300864,605.5,502
False,408.8344,121.9104,59386.3630976,578.5,502
False,411.5205,124.517,59386.3940736,572.5,502
False,413.6716,129.2426,59386.4415872,604.5,502
False,414.4366,131.4629,59386.4736512,590.5,502
False,414.0605,132.6147,59386.5056256,568,502
False,413.9673,134.6836,59386.5381248,580,502
False,414.0923,136.2577,59386.5699072,568.5,502
False,414.8598,137.2733,59386.601984,561,502
False,416.03,137.6272,59386.6335232,545,502
False,417.2674,137.6623,59386.6657024,533.5,502
False,415.6696,133.0773,59386.6985472,401,502
False,416.3237,133.1096,59386.7316096,381.5,502
False,416.3382,133.1664,59386.7620608,374.5,502
False,416.3392,132.8976,59386.7940992,368,502
False,419.5252,137.241,59386.8419328,505.5,502
False,419.4024,136.9399,59386.8735744,499.5,502
False,419.6438,136.9575,59386.9058432,502,502
False,419.1843,136.7032,59386.937792,497.5,502
False,419.6064,136.728,59386.9702272,492,502
False,419.4543,136.4832,59387.002048,496,502
False,419.8425,136.4888,59387.0335616,493,502
False,419.9019,136.1059,59387.0657024,496,502
False,419.6252,135.9284,59387.0981248,498,502
False,420.2267,136.0249,59387.1301888,502,502
False,420.2471,136.0915,59387.162432,506.5,502
False,420.0534,136.096,59387.1940736,496.5,502
False,419.7947,136.1104,59387.2417024,492,502
False,419.977,136.1678,59387.2736128,492.5,502
False,420.0354,136.243,59387.3057792,494.5,502
False,420.1295,136.2474,59387.3384704,489,502
False,419.9167,135.7878,59387.369984,488.5,502
False,419.9014,135.7969,59387.402304,490,502
False,420.1952,135.8992,59387.4341248,496,502
False,419.8926,135.8724,59387.4658176,503,502
False,420.0061,135.9936,59387.4989952,493.5,502
False,419.9226,136.0719,59387.5312896,480,502
False,419.5875,135.998,59387.5620992,490.5,502
False,419.7761,135.9854,59387.5942784,490.5,502
False,419.8652,136.0349,59387.641728,492,502
False,419.6139,135.8345,59387.6738304,483.5,502
False,419.8992,136.0137,59387.7062784,476,502
False,419.8994,135.8026,59387.738368,482,502
False,419.9849,135.7975,59387.7695872,484,502
False,419.898,135.5932,59387.8024576,485.5,502
False,420.0299,135.7054,59387.834304,490,502
False,419.8551,136.3144,59387.8658944,493.5,502
False,417.3085,132.2354,59387.8979712,342,502
False,417.4911,133.2009,59387.9303296,348.5,502
False,417.5573,133.9551,59387.963712,341.5,502
False,417.2804,134.8023,59387.9942784,324.5,502
False,417.1752,135.3061,59388.0419328,331,502
False,417.1046,135.9569,59388.0739584,360,502
False,417.5929,136.8062,59388.1057792,352.5,502
False,417.6499,137.3961,59388.137664,358.5,502
False,417.3885,138.1853,59388.1701376,344.5,502
False,417.0403,137.9733,59388.202048,330.5,502
False,416.8143,137.7963,59388.2339072,324,502
False,416.9946,137.4514,59388.2659584,310.5,502
False,417.1858,136.8536,59388.2982528,292.5,502
False,417.1505,136.2767,59388.3309824,273.5,502
False,417.2765,135.3252,59388.3642112,267,502
False,417.8494,134.4853,59388.3943168,254.5,502
False,416.8055,138.3186,59388.4418816,374.5,502
False,420.16,134.6162,59388.4742784,251,502
False,418.9749,134.9971,59388.5057024,292.5,502
False,414.6675,137.5641,59388.5377024,403,502
False,415.0549,136.0531,59388.5702144,373.5,502
False,412.0978,137.1087,59388.6017792,414,502
False,409.2016,138.175,59388.6339072,458,502
False,405.6956,139.2065,59388.6660736,490,502
False,401.7916,140.634,59388.69856,535,502
False,397.8033,142.2529,59388.7314688,539,502
False,392.0122,143.2241,59388.7636608,503.5,502
False,386.1913,143.4285,59388.7942144,487,502
False,380.7721,143.87,59388.8418944,461.5,502
False,375.8428,143.5337,59388.874304,447.5,502
False,371.2299,142.8696,59388.9059712,469,502
False,367.1291,142.4221,59388.9383424,475,502
False,363.6132,141.909,59388.969984,470.5,502
False,360.0021,142.189,59389.0019712,466.5,502
False,356.3832,142.5636,59389.0343424,498,502
False,352.7408,142.6382,59389.0660096,492.5,502
False,349.1327,142.3778,59389.0987392,468.5,502
False,345.4352,141.3451,59389.1304448,455,502
False,342.6634,140.1045,59389.1621248,459.5,502
False,339.9845,139.4807,59389.1953152,452.5,502
False,337.7136,138.9617,59389.2423296,426,502
False,335.9534,138.9203,59389.273856,408,502
False,333.4504,138.9478,59389.306112,393,502
False,332.049,138.8724,59389.337792,394.5,502
False,331.0449,138.8218,59389.3699328,390,502
False,329.5121,138.3617,59389.4031488,399,502
False,329.0461,137.809,59389.4342784,386.5,502
False,329.1149,136.9561,59389.4660096,394.5,502
False,329.1733,136.5025,59389.498432,400,502
False,328.8456,136.2806,59389.5306112,388.5,502
False,328.2851,136.0557,59389.562304,404,502
False,327.2454,135.3199,59389.5945216,434,502
False,325.8273,134.4943,59389.642048,455.5,502
False,323.5044,133.1965,59389.6741248,472.5,502
False,321.1892,131.945,59389.7060992,484.5,502
False,319.7788,130.344,59389.7380864,483,502
False,318.5493,128.8531,59389.7702272,497,502
False,316.3525,126.9805,59389.8023808,460.5,502
False,314.0485,125.701,59389.833984,457,502
False,311.5935,124.4128,59389.8661248,446.5,502
False,309.6927,123.4693,59389.8990464,467,502
False,308.5915,122.4444,59389.9310848,450,502
False,308.2772,121.5025,59389.9626752,430.5,502
False,307.8799,120.2526,59389.9945216,402.5,502
False,307.9681,119.3486,59390.042112,392.5,502
False,307.876,118.5683,59390.0742144,383,502
False,307.5538,117.8219,59390.1060224,385.5,502
False,307.0464,117.2508,59390.1380608,387.5,502
False,306.2904,116.3807,59390.1703424,376.5,502
False,304.8998,115.9956,59390.2019584,341,502
False,303.4395,115.5187,59390.2340608,370.5,502
False,302.3884,115.9776,59390.2660864,342,502
False,301.791,115.8195,59390.298304,350,502
False,301.3029,115.5412,59390.3317504,345.5,502
False,300.8014,115.061,59390.363584,339,502
False,301.2492,114.9419,59390.3942528,327,502
False,301.3086,114.888,59390.4421888,323,502
False,301.0426,115.0454,59390.474112,293.5,502
False,300.9511,115.1546,59390.5065856,269.5,502
False,300.953,115.0134,59390.5383296,273,502
False,301.2816,114.8018,59390.5700352,264,502
False,301.3902,114.4354,59390.601984,258,502
False,301.6082,114.5891,59390.634176,253.5,502
False,301.4775,114.397,59390.6662528,248.5,502
False,301.4153,114.4206,59390.6988544,254,502
False,301.2247,114.8603,59390.7317248,247,502
False,300.8005,114.1708,59390.7624576,244,502
False,300.665,113.5869,59390.794368,198.5,502
False,301.0563,113.5637,59390.8424064,225,502
False,300.7736,113.1533,59390.874112,237,502
False,300.7342,113.6584,59390.906432,242,502
False,300.775,113.3679,59390.9383808,255.5,502
False,301.0481,113.5551,59390.970048,270.5,502
False,301.0602,113.3505,59391.0022272,290.5,502
False,299.6761,113.7741,59391.0345216,212.5,502
False,300.5658,113.0557,59391.066624,254.5,502
False,300.1565,113.316,59391.1000064,221.5,502
False,300.8271,113.9256,59391.131264,242,502
False,300.7695,113.2863,59391.1640448,248,502
False,300.7801,114.2062,59391.1943552,219,502
False,301.2545,113.8318,59391.2426496,224,502
False,301.5977,114.6074,59391.2745728,256,502
False,302.0796,114.2794,59391.3062272,253.5,502
False,298.8454,110.122,59391.3380736,97,502
False,302.3765,114.3569,59391.3700864,289.5,502
False,301.539,113.4616,59391.4022912,252,502
False,301.6992,113.6667,59391.4347136,261,502
False,301.2829,113.9993,59391.4667008,248,502
False,299.9653,114.6346,59391.4990592,192,502
False,301.9099,114.0229,59391.5313536,240.5,502
False,301.635,114.5471,59391.5647232,237,502
False,301.7987,114.4118,59391.594752,233.5,502
False,301.8747,114.8914,59391.6422144,219.5,502
False,301.0282,115.2676,59391.6745216,213,502
False,300.5568,115.7315,59391.7062272,185,502
False,301.7161,115.4604,59391.738112,219,502
False,301.7941,115.5936,59391.7702784,214.5,502
False,301.4921,115.677,59391.8025856,210,502
False,299.7768,115.1944,59391.8345856,162,502
False,301.4194,114.9984,59391.8664704,211,502
False,301.4637,114.8556,59391.8984064,202,502
False,299.4104,114.9511,59391.9310464,153.5,502
False,301.586,114.9094,59391.962624,200.5,502
False,301.5512,115.2195,59391.9947264,206.5,502
False,301.82,115.1007,59392.0423296,225,502
False,301.6683,115.214,59392.0746624,202.5,502
False,301.4163,115.0032,59392.1063424,209,502
False,301.6855,114.8679,59392.1381888,212,502
False,301.507,114.6784,59392.1707264,213,502
False,301.5926,115.1284,59392.2028032,202.5,502
False,301.7654,114.9078,59392.2348288,229.5,502
False,298.7509,114.5836,59392.2666624,138.5,502
False,301.2979,115.2949,59392.2985728,221,502
False,301.6579,114.7484,59392.3323776,210,502
False,301.4304,114.9232,59392.3642624,197.5,502
False,301.2072,115.0188,59392.3946752,203.5,502
False,300.6657,115.1343,59392.442368,177.5,502
False,300.2747,115.796,59392.4742912,165,502
False,300.8825,115.1974,59392.5061888,208.5,502
False,300.4701,114.6011,59392.5389568,175.5,502
False,300.6393,114.2639,59392.5701888,170.5,502
False,300.7989,114.084,59392.6028288,176.5,502
False,300.5881,114.76,59392.634816,191,502
False,300.747,114.3912,59392.6664704,193,502
False,300.7075,114.4575,59392.6991488,196,502
False,300.5532,113.8313,59392.7313664,163,502
False,300.5175,114.5716,59392.7640064,191,502
False,300.9301,114.3466,59392.7948288,188.5,502
False,297.5605,113.4677,59392.842688,100.5,502
False,302.0865,114.8699,59392.8743168,225.5,502
False,302.0981,114.7948,59392.90624,277,502
False,301.8236,114.28,59392.9383296,265.5,502
False,302.3099,117.3021,59392.9702656,192,502
False,302.0536,112.1235,59393.0031744,367,502
False,302.207,111.9512,59393.0344832,372,502
False,302.7201,111.8221,59393.0666368,399,502
False,302.9085,111.6127,59393.1003008,413.5,502
False,303.3558,110.6637,59393.1320832,444.5,502
False,302.9404,110.9597,59393.1628032,430.5,502
False,302.604,110.4542,59393.1946624,375,502
False,302.2616,110.5303,59393.2424448,404.5,502
False,302.6361,110.1125,59393.2743168,409,502
False,302.4957,109.8767,59393.3067264,423,502
False,302.3737,109.8296,59393.3383168,425.5,502
False,302.4907,109.2037,59393.3703552,438.5,502
False,302.4353,107.2157,59393.4025728,372.5,502
False,301.4076,109.5887,59393.4345472,404,502
False,301.5477,109.8566,59393.4671616,416,502
False,301.9249,109.7004,59393.5001472,435,502
False,301.7481,109.9043,59393.5316608,432,502
False,301.8339,109.6365,59393.5631488,442.5,502
False,301.9456,109.0497,59393.5945344,462.5,502
False,301.9551,108.728,59393.643136,478.5,502
False,301.882,108.3193,59393.6747136,488.5,502
False,301.7848,107.7785,59393.7063424,496.5,502
False,301.7523,107.0231,59393.7383936,512,502
False,301.9034,105.4929,59393.770496,526.5,502
False,302.326,103.1604,59393.8026112,541.5,502
False,303.2074,100.7234,59393.834944,561,502
False,304.2691,98.67969,59393.8665216,550.5,502
False,304.995,96.93677,59393.899264,495.5,502
False,306.1624,94.1566,59393.931584,488.5,502
False,306.8287,91.64175,59393.9629312,481.5,502
False,306.7506,89.47291,59393.9949312,464.5,502
False,310.1393,81.82172,59394.0429952,222.5,502
False,309.0712,88.35912,59394.0749184,459,502
False,308.8012,87.83119,59394.1067776,389,502
False,310.7645,87.7308,59394.1384704,460,502
False,311.5386,87.61693,59394.170432,449,502
False,311.9383,87.76131,59394.2025728,445.5,502
False,311.9771,87.61926,59394.2354432,450,502
False,312.4401,87.03156,59394.2669952,385.5,502
False,314.4864,83.19616,59394.2992384,251.5,502
False,312.7378,86.59239,59394.3304832,368,502
False,312.8625,86.57757,59394.3629184,368.5,502
False,312.7514,86.33011,59394.3945216,362,502
False,312.2258,88.03622,59394.4429184,455.5,502
False,312.1098,87.99088,59394.474432,457,502
False,312.0478,87.84509,59394.5066368,446.5,502
False,311.7775,88.20584,59394.5387008,451,502
False,311.7996,88.26294,59394.5705216,447.5,502
False,311.7111,88.061,59394.6033536,453.5,502
False,311.6109,88.10251,59394.6349952,445.5,502
False,311.4241,88.04537,59394.6667136,444.5,502
False,311.7039,87.8847,59394.6990592,438,502
False,311.6246,88.12321,59394.7329152,431.5,502
False,311.4483,88.31906,59394.7629824,420.5,502
False,311.2137,88.12936,59394.7950976,411,502
False,311.4639,88.15647,59394.8425472,425,502
False,311.5361,88.16206,59394.8748544,434,502
False,311.2542,87.8093,59394.9067776,412.5,502
False,311.6407,87.90023,59394.9386624,431,502
False,311.5529,87.88902,59394.9711616,428,502
False,311.4575,87.99119,59395.002752,416,502
False,311.0127,88.51974,59395.035072,392.5,502
False,311.1641,88.10324,59395.067328,416.5,502
False,311.4435,87.63825,59395.0994944,434,502
False,311.277,87.83764,59395.131584,426,502
False,311.415,87.42819,59395.1630336,441,502
False,311.1768,87.46503,59395.1948928,429,502
False,311.4225,87.2182,59395.2427776,456,502
False,311.4159,87.44469,59395.2751744,462.5,502
False,311.4501,87.39423,59395.3069568,468,502
False,311.2281,87.50749,59395.3385344,467,502
False,311.5468,87.2394,59395.3707136,475.5,502
False,311.6323,87.39078,59395.4026112,484.5,502
False,311.4472,87.48834,59395.4354176,486,502
False,311.7133,86.98113,59395.4669056,503.5,502
False,312.1925,86.56805,59395.4993664,529,502
False,312.9144,85.95064,59395.532352,547,502
False,313.9132,84.72694,59395.5630464,553,502
False,315.5548,83.02532,59395.594624,566,502
False,316.64,81.962,59395.6427776,574.5,502
False,317.3126,80.81346,59395.6753536,562,502
False,317.4765,79.81628,59395.7069568,571.5,502
False,317.3407,79.1529,59395.7385984,569,502
False,317.4221,78.77221,59395.7706368,568.5,502
False,317.5843,78.53005,59395.8031104,568.5,502
False,318.0499,78.09344,59395.834816,581.5,502
False,318.8181,77.08376,59395.867776,581,502
False,320.6156,75.18045,59395.9006336,574.5,502
False,322.3723,73.14763,59395.931712,573.5,502
False,324.144,70.86422,59395.963328,572,502
False,326.6428,68.53316,59395.9954304,585.5,502
False,329.2274,66.63908,59396.043136,562,502
False,331.4308,65.54125,59396.07488,555.5,502
False,334.0885,64.45605,59396.1066368,574.5,502
False,336.7811,62.86128,59396.1387136,575.5,502
False,338.8697,61.07132,59396.17088,565.5,502
False,340.5033,59.16248,59396.203264,557,502
False,342.0406,56.46239,59396.2352,554,502
False,344.2918,53.40489,59396.2668288,566,502
False,346.9693,51.57756,59396.298944,570.5,502
False,349.9301,50.26222,59396.33184,562.5,502
False,352.7448,49.89807,59396.3631744,587,502
False,355.4045,49.62651,59396.3960448,581,502
False,358.069,48.37009,59396.4434432,589.5,502
False,360.4027,46.80694,59396.47488,571.5,502
False,362.4493,45.21906,59396.5070848,580.5,502
False,364.1296,43.59714,59396.5387008,582.5,502
False,365.9661,41.57463,59396.5707904,579.5,502
False,368.0616,40.11513,59396.6027904,595,502
False,370.424,39.38682,59396.634944,604.5,502
False,373.1273,39.01632,59396.6675328,521,502
False,372.8425,40.12574,59396.7002496,566,502
False,372.4442,42.12891,59396.7318784,452.5,502
False,372.008,40.3063,59396.7634304,542.5,502
False,371.7608,40.65634,59396.7954176,565,502
False,371.693,40.6016,59396.8432896,563.5,502
False,372.157,40.42933,59396.8753408,566,502
False,373.3734,40.27329,59396.906688,594,502
False,374.7883,40.21797,59396.9388288,588,502
False,376.5029,40.1347,59396.9715584,584,502
False,379.059,40.08098,59397.003264,584.5,502
False,381.5164,39.8517,59397.0354944,608,502
False,383.8111,39.18355,59397.0673792,622,502
False,386.5083,38.64575,59397.0996736,613.5,502
False,389.7009,37.67746,59397.1319168,618,502
False,392.9103,36.91244,59397.1633408,620.5,502
False,396.1784,36.59779,59397.1954304,619.5,502
False,398.966,37.16791,59397.2433536,603.5,502
False,401.3209,37.8644,59397.275328,587.5,502
False,403.4409,39.05157,59397.3067904,572,502
False,405.6857,40.50256,59397.338816,586,502
False,407.5317,40.95786,59397.370816,565.5,502
False,409.6944,41.27783,59397.4032384,558.5,502
False,411.2856,41.24978,59397.4355072,562.5,502
False,412.9289,41.00962,59397.4671232,572,502
False,415.3651,39.7834,59397.4997504,514,502
False,416.657,40.23553,59397.5321344,501,502
False,416.174,41.20052,59397.5635328,509.5,502
False,415.6732,41.57484,59397.5954432,481,502
False,415.56,41.83821,59397.643392,478,502
False,415.2533,41.77937,59397.674944,454,502
False,414.7747,41.8367,59397.7068544,446,502
False,414.7129,41.60218,59397.73888,429,502
False,414.8119,41.47321,59397.7712384,438.5,502
False,415.5685,41.27417,59397.8031872,431,502
False,415.8674,41.58362,59397.8350208,437.5,502
False,416.6396,41.33797,59397.8671744,431,502
False,416.1067,41.41506,59397.8997888,440.5,502
False,416.0259,40.67478,59397.9321728,411,502
False,415.8373,41.0701,59397.9637888,437.5,502
False,416.2217,40.80305,59397.9953792,437.5,502
False,416.3605,40.79348,59398.0431488,460,502
False,416.5563,40.75968,59398.0752384,460.5,502
False,417.0928,41.30406,59398.1068416,472.5,502
False,417.6336,41.8577,59398.1391744,468.5,502
False,417.9384,42.16719,59398.1709056,473.5,502
False,418.0755,42.6982,59398.2029696,454.5,502
False,418.0651,42.5482,59398.2356096,453,502
False,417.7628,42.30939,59398.2676992,438.5,502
False,417.9449,42.67616,59398.2996352,456.5,502
False,417.8603,42.19801,59398.3323264,417.5,502
False,417.9194,42.9748,59398.3634176,463,502
False,418.3027,43.14235,59398.4116224,473,502
False,418.0461,42.89429,59398.4433664,452.5,502
False,418.397,42.56456,59398.4750336,450.5,502
False,418.4432,42.56897,59398.5069312,464,502
False,418.5623,43.07548,59398.5390848,461.5,502
False,419.1649,43.95736,59398.5710976,469,502
False,419.6158,45.09814,59398.603904,475.5,502
False,420.1881,46.02838,59398.6357248,505,502
False,420.7697,46.74919,59398.6672128,513,502
False,421.6435,48.15867,59398.6997504,510.5,502
False,422.4093,50.86628,59398.732096,513.5,502
False,422.4587,54.05928,59398.764352,514.5,502
False,422.5048,56.44204,59398.8109952,486,502
False,422.4042,60.05561,59398.8434304,470.5,502
False,422.0103,64.26743,59398.875008,483,502
False,421.3109,67.54869,59398.9071488,445,502
False,420.2957,69.90876,59398.9390976,416.5,502
False,418.3574,72.18095,59398.971008,297.5,502
False,417.9773,70.1491,59399.0038272,389,502
False,417.5217,70.85026,59399.0356864,384,502
False,417.0394,71.11646,59399.0671744,363.5,502
False,417.2133,71.95101,59399.0996736,347,502
False,418.0226,73.03597,59399.1322368,347.5,502
False,418.4768,73.02013,59399.16352,323,502
False,419.2715,73.56709,59399.2113408,318,502
False,419.4377,73.91279,59399.2434304,311.5,502
False,419.3106,73.67369,59399.2750976,308.5,502
False,419.1098,73.90606,59399.3071616,294.5,502
False,419.6033,73.79978,59399.3392128,310.5,502
False,419.5175,73.56454,59399.3718528,290.5,502
False,419.9442,73.62718,59399.4037376,295.5,502
False,419.4384,73.61412,59399.4353152,295,502
False,419.6836,73.85248,59399.4673024,296,502
False,419.8143,73.67155,59399.4997376,307,502
False,420.1042,73.62037,59399.5321856,288,502
False,420.057,73.57135,59399.5640704,295.5,502
False,419.9238,73.89818,59399.6110208,293,502
False,420.191,73.32533,59399.6430208,291.5,502
False,420.3004,73.19849,59399.6750976,288,502
False,420.446,73.89577,59399.707776,315,502
False,420.0518,74.2801,59399.7396736,347.5,502
False,419.9069,74.60719,59399.7716352,361.5,502
False,419.2744,75.36341,59399.8033024,399,502
False,418.1501,76.16628,59399.835392,433,502
False,416.3195,78.03514,59399.8673792,469.5,502
False,413.8831,80.21114,59399.8996992,506,502
False,411.4951,82.79508,59399.9330176,494.5,502
False,409.2208,84.88977,59399.9640832,505,502
False,406.6538,87.32227,59400.0111488,467,502
False,403.8948,89.12793,59400.0432128,469,502
False,401.068,90.7796,59400.0752128,426.5,502
False,399.731,92.28154,59400.107776,399,502
False,398.1736,94.14558,59400.139648,375.5,502
False,397.1214,95.61079,59400.1712,346,502
False,395.6371,97.72532,59400.2038528,349.5,502
False,395.1146,98.22549,59400.235328,323,502
False,393.7823,98.97302,59400.2683776,346,502
False,393.2891,98.22984,59400.3004544,343,502
False,393.2348,96.96872,59400.3320704,357,502
False,392.4589,96.30421,59400.3637504,383.5,502
False,391.429,96.28378,59400.4113536,430.5,502
False,390.9529,96.31667,59400.4434176,470,502
False,389.3827,96.5144,59400.4755968,526.5,502
False,388.9568,96.49953,59400.5072512,536.5,502
False,389.0141,96.49702,59400.5392256,532.5,502
False,389.1155,96.69675,59400.5712512,548.5,502
False,388.9521,96.42879,59400.603328,536,502
False,389.058,96.5638,59400.6361984,546,502
False,388.9525,96.9189,59400.6676096,540.5,502
False,389.0326,96.99216,59400.7008384,532,502
False,389.0309,97.32944,59400.7330432,556.5,502
False,389.1801,97.35963,59400.763968,551.5,502
False,389.0683,97.40466,59400.8113792,544.5,502
False,388.9838,97.92668,59400.8434176,566,502
False,389.1457,97.68971,59400.8758272,564,502
False,388.9571,97.41854,59400.9079296,555.5,502
False,388.6433,97.14628,59400.9393152,535.5,502
False,388.2886,97.31509,59400.9712896,548,502
False,387.8826,97.27045,59401.0034176,538,502
False,386.7289,97.00128,59401.0360576,520,502
False,386.004,96.74506,59401.0681088,497.5,502
False,383.8126,97.13538,59401.1000576,522,502
False,382.1736,97.55771,59401.1326592,515.5,502
False,380.6857,97.71854,59401.1638912,498,502
False,379.2169,98.21555,59401.2119808,499.5,502
False,378.3354,98.68275,59401.2437504,497.5,502
False,377.9977,99.25494,59401.27552,506,502
False,377.4788,100.4488,59401.3074816,499.5,502
False,376.8162,102.1107,59401.339328,497,502
False,375.6589,103.8179,59401.3712768,475,502
False,374.9612,103.813,59401.4037888,455.5,502
False,374.7488,103.1557,59401.4358272,464.5,502
False,374.5565,102.9833,59401.468032,488.5,502
False,374.3079,102.9803,59401.4998016,491.5,502
False,374.9489,103.6466,59401.532608,506,502
False,374.1918,103.8669,59401.5638016,539.5,502
False,374.2912,103.7491,59401.611392,530,502
False,374.2829,104.4811,59401.6437504,541.5,502
False,374.2362,104.8247,59401.6765952,539,502
False,374.2793,105.0053,59401.7075328,536.5,502
False,374.7986,105.2176,59401.7397248,547,502
False,374.8118,104.9838,59401.771328,545.5,502
False,374.7915,104.8643,59401.8034688,551.5,502
False,374.8927,104.6725,59401.835648,539,502
False,374.7916,104.7718,59401.86816,539,502
False,374.376,104.7219,59401.8998528,543,502
False,374.2578,104.8356,59401.9326848,540.5,502
False,374.1751,104.7705,59401.9638656,533,502
False,374.1461,104.8792,59402.0115456,534,502
False,373.2635,104.8657,59402.0442368,532.5,502
False,372.1792,105.2716,59402.076096,537.5,502
False,371.1768,105.417,59402.1076736,526,502
False,370.0675,105.3292,59402.1398656,521,502
False,368.7374,105.1561,59402.1713664,535,502
False,369.2448,104.4018,59402.2034944,508.5,502
False,369.6179,104.7482,59402.235584,523,502
False,369.6105,104.9423,59402.267712,525.5,502
False,369.775,105.204,59402.3007616,524.5,502
False,369.3481,105.0458,59402.3335424,520,502
False,369.5482,104.9579,59402.3654912,519,502
False,369.0574,104.7934,59402.4115712,528.5,502
False,368.9916,104.868,59402.4436352,534,502
False,368.84,104.9161,59402.47552,510.5,502
False,368.5272,105.3996,59402.5074816,530.5,502
False,367.6275,105.3491,59402.5398272,528,502
False,366.6078,104.8227,59402.571456,515,502
False,365.3892,105.2714,59402.6036864,519,502
False,364.704,105.8541,59402.635648,517.5,502
False,363.8727,106.6354,59402.6677248,517,502
False,363.1982,108.194,59402.7003648,509.5,502
False,362.6647,109.2051,59402.73344,499,502
False,362.1552,109.5014,59402.7639552,492,502
False,361.3451,109.7201,59402.811648,495.5,502
False,360.226,110.0351,59402.8440832,503,502
False,358.996,110.8581,59402.8761216,500.5,502
False,357.7607,112.1873,59402.9074816,500,502
False,356.145,113.9148,59402.9395456,510.5,502
False,355.0093,115.9648,59402.9719552,521.5,502
False,354.0019,118.0243,59403.0041088,527.5,502
False,352.5759,120.7164,59403.0356224,536,502
False,351.1042,123.3811,59403.0683648,523,502
False,348.856,125.704,59403.1012352,517.5,502
False,346.1247,127.4397,59403.133376,537.5,502
False,343.6823,128.7107,59403.1641088,544.5,502
False,340.3543,130.6118,59403.2115072,516.5,502
False,337.0808,131.8997,59403.2443392,513.5,502
False,334.1926,133.4304,59403.2762624,527,502
False,331.2456,135.1227,59403.3076864,539.5,502
False,328.656,135.8521,59403.3396224,514,502
False,325.6104,136.3726,59403.3721472,488.5,502
False,322.893,136.1472,59403.404224,501.5,502
False,320.5896,136.1038,59403.435776,510.5,502
False,318.0353,136.1925,59403.4681856,538.5,502
False,315.6526,136.456,59403.5003648,547.5,502
False,312.6795,136.3035,59403.5330816,531.5,502
False,310.253,136.0288,59403.5657856,527,502
False,308.7141,136.1351,59403.6119808,513,502
False,307.3217,136.347,59403.6436864,514,502
False,306.0958,136.403,59403.6758656,516.5,502
False,304.9883,136.29,59403.7077248,511.5,502
False,303.3251,136.203,59403.7396352,484.5,502
False,302.0887,135.6132,59403.7719808,477,502
False,301.8707,134.6997,59403.8039808,459,502
False,301.1731,134.238,59403.8358656,454.5,502
False,300.1866,133.9029,59403.867904,456.5,502
False,299.6696,133.6652,59403.9004928,448.5,502
False,298.929,133.58,59403.9339392,446,502
False,297.6105,133.0378,59403.9653248,436.5,502
False,296.0921,133.0507,59404.0117888,430.5,502
False,295.2571,133.5741,59404.0438272,398,502
False,294.0874,133.6124,59404.0758144,387,502
False,292.9908,133.4533,59404.1076992,396,502
False,291.8476,133.4062,59404.1400832,379.5,502
False,290.8762,132.546,59404.1716864,373,502
False,291.1979,131.7988,59404.2037376,347,502
False,290.8951,131.2875,59404.2358912,356,502
False,291.1095,131.4259,59404.2679936,345.5,502
False,291.0426,131.3315,59404.301184,356,502
False,291.004,131.2183,59404.3335168,372.5,502
False,290.8224,131.2588,59404.3642112,380,502
False,290.498,131.1884,59404.4118016,380.5,502
False,290.4758,131.0998,59404.44384,382.5,502
False,290.3234,131.1716,59404.4763136,386.5,502
False,290.0645,131.1896,59404.5080832,385,502
False,290.1192,131.1653,59404.539712,379,502
False,290.4178,131.6251,59404.5717248,353,502
False,290.589,131.7081,59404.6037632,354,502
False,290.4974,131.5315,59404.6358016,357.5,502
False,290.5032,131.495,59404.6691072,366,502
False,290.5849,131.4821,59404.7005952,363,502
False,290.4166,131.4229,59404.7341184,368.5,502
False,290.3574,131.3048,59404.764224,374,502
False,290.2705,131.351,59404.8118784,376.5,502
False,290.4975,131.4024,59404.843968,371.5,502
False,290.6347,131.5308,59404.8761344,365.5,502
False,290.6154,131.5976,59404.90784,374,502
False,290.4438,131.4689,59404.9397888,380,502
False,290.3644,131.3537,59404.9718784,375.5,502
False,290.3425,131.4219,59405.0038912,382,502
False,290.2482,131.465,59405.0365184,376,502
False,290.4609,131.4059,59405.068544,381.5,502
False,290.3776,131.4473,59405.100672,387.5,502
False,290.4688,131.4883,59405.1331072,384,502
False,290.4052,131.4131,59405.166272,380.5,502
False,290.3394,131.3917,59405.2125824,385.5,502
False,290.3235,131.4082,59405.2440064,387.5,502
False,290.1184,131.3913,59405.2762368,394,502
False,290.0567,131.4925,59405.3078016,400,502
False,290.2095,131.4563,59405.3398144,389,502
False,290.326,131.4038,59405.3718272,385.5,502
False,290.1521,131.2766,59405.4047232,388,502
False,290.2482,131.4443,59405.4365696,393.5,502
False,290.3359,131.4206,59405.4680448,384,502
False,290.4059,131.4011,59405.500992,383.5,502
False,290.385,131.4709,59405.5329536,390,502
False,290.3854,131.4345,59405.564352,387,502
False,290.2028,131.3051,59405.6123648,389.5,502
False,290.1427,131.4596,59405.6441984,396,502
False,289.7424,131.2346,59405.6759296,398.5,502
False,289.3904,131.0358,59405.7078656,400.5,502
False,288.4589,130.8341,59405.7398528,414,502
False,287.4035,130.5193,59405.7719168,406,502
False,286.9201,129.9731,59405.8044288,415,502
False,286.7614,129.2763,59405.8365312,385.5,502
False,286.1092,128.6854,59405.8681984,374,502
False,285.6306,127.8571,59405.9005568,365,502
False,284.2962,127.6847,59405.93312,332.5,502
False,282.6792,127.2473,59405.9648768,319.5,502
False,281.5981,127.4436,59406.0123264,323.5,502
False,280.271,128.2424,59406.0439552,291.5,502
False,279.1661,128.0047,59406.0758784,322,502
False,278.8492,127.0349,59406.1079168,372.5,502
False,277.0999,128.3841,59406.1399424,213.5,502
False,277.5178,127.9511,59406.1727616,225,502
False,276.4438,127.702,59406.2041984,179.5,502
False,276.5085,127.1002,59406.2365568,204.5,502
False,276.6476,126.0892,59406.2682496,235.5,502
False,277.1771,125.8048,59406.3006848,248.5,502
False,277.0083,125.4847,59406.3333248,240,502
False,276.5242,126.0721,59406.3644416,196.5,502
False,275.1958,125.7196,59406.4124288,157.5,502
False,274.5388,126.1015,59406.4439552,133,502
False,274.1805,125.5265,59406.4766976,132,502
False,274.5343,125.6814,59406.5084416,136,502
False,274.765,125.9161,59406.5401088,139,502
False,275.3565,126.2431,59406.572096,144,502
False,278.1454,125.5731,59406.6040192,235,502
False,278.8805,124.7706,59406.6363008,279,502
False,279.1025,124.5275,59406.668672,309,502
False,278.9895,123.991,59406.7012096,332,502
False,278.7853,123.0418,59406.7333504,362.5,502
False,278.5869,121.9631,59406.76448,397,502
False,277.8922,121.0932,59406.812352,413,502
False,276.8022,120.6551,59406.8444032,419.5,502
False,276.3318,120.8041,59406.8760576,422,502
False,275.9996,120.8161,59406.9079808,411.5,502
False,275.7725,120.0278,59406.940736,431.5,502
False,276.0263,119.7422,59406.9721728,437,502
False,275.9898,119.1821,59407.0046208,458.5,502
False,276.0912,119.2542,59407.036288,453,502
False,276.0015,119.7121,59407.0685056,447.5,502
False,275.4494,119.6457,59407.1006464,429.5,502
False,275.5627,120.097,59407.1331968,429.5,502
False,275.7846,120.2956,59407.1665408,424,502
False,275.454,120.8463,59407.2120576,393.5,502
False,275.3994,120.9013,59407.244928,398.5,502
False,275.5895,121.0622,59407.2764544,402,502
False,275.8108,120.7085,59407.308032,414,502
False,275.8698,120.5187,59407.340096,420,502
False,276.0114,120.3692,59407.3722112,422.5,502
False,275.9694,120.2218,59407.4041472,430.5,502
False,276.0076,120.1149,59407.436672,438,502
False,275.9585,119.8699,59407.4687616,442,502
False,275.9537,119.693,59407.5007616,450,502
False,276.0552,119.4229,59407.5321088,456,502
False,276.0022,119.1461,59407.564544,461,502
False,275.9042,118.7813,59407.6125184,468,502
False,275.9495,118.6737,59407.6448256,472,502
False,275.9962,118.3124,59407.6767104,485.5,502
False,276.306,118.1383,59407.7081984,487,502
False,276.0708,117.7365,59407.7407232,489.5,502
False,275.9431,116.9043,59407.7722624,498,502
False,275.8722,115.2711,59407.8045184,508.5,502
False,275.7643,114.0791,59407.8362496,505.5,502
False,275.4975,112.69,59407.8687232,506.5,502
False,275.5996,110.9169,59407.9008512,519.5,502
False,275.5664,109.3131,59407.9334784,502,502
False,275.6359,107.5784,59407.965056,455,502
False,276.1831,104.9355,59408.0122624,437,502
False,276.9917,102.1866,59408.044544,444,502
False,276.8162,99.49368,59408.077056,461.5,502
False,277.1952,96.84011,59408.1084416,467,502
False,278.0358,95.55066,59408.1408896,465.5,502
False,278.8455,94.87333,59408.1723648,460.5,502
False,279.483,94.18752,59408.2044544,475.5,502
False,279.6612,92.51138,59408.2370816,490.5,502
False,280.1053,90.05344,59408.2685952,511.5,502
False,280.2514,87.51688,59408.3008,508.5,502
False,280.7419,84.53696,59408.333312,496,502
False,280.7995,81.36766,59408.3647872,485.5,502
False,280.5164,79.06909,59408.4121728,468,502
False,279.8199,77.47165,59408.4446592,435,502
False,280.4404,75.78745,59408.4767104,425,502
False,280.8308,75.2465,59408.5083264,368.5,502
False,281.6867,75.58118,59408.5404288,349,502
False,282.6487,75.01287,59408.5730432,362.5,502
False,283.0953,74.86992,59408.6049792,369,502
False,284.0716,74.91017,59408.636288,365.5,502
False,283.9201,74.62141,59408.6689664,331.5,502
False,284.3661,74.50761,59408.7007744,295.5,502
False,284.8473,73.80077,59408.732416,304.5,502
False,284.6956,73.29104,59408.7646592,299.5,502
False,284.864,72.71024,59408.8122496,317.5,502
False,284.0526,72.52224,59408.8452736,288.5,502
False,283.8734,72.57694,59408.8767104,293.5,502
False,283.9355,72.77397,59408.9084544,292,502
False,283.6262,72.93309,59408.940736,271.5,502
False,283.5336,72.69303,59408.9723008,265.5,502
False,283.3659,72.77886,59409.004416,255.5,502
False,283.0828,73.3039,59409.03712,243.5,502
False,282.9034,73.80384,59409.0688768,234.5,502
False,282.938,74.32006,59409.101056,226,502
False,282.5421,74.372,59409.1329664,215.5,502
False,282.1541,74.62776,59409.1647616,218.5,502
False,282.2041,74.7252,59409.2127616,233.5,502
False,282.2724,74.92637,59409.2450176,249,502
False,282.4767,74.63243,59409.2769024,258,502
False,282.9103,74.62788,59409.30848,275,502
False,283.0611,74.54439,59409.3405952,283.5,502
False,283.495,74.24172,59409.3723904,302,502
False,284.2131,73.62172,59409.404544,330,502
False,284.2034,74.0073,59409.4368256,319.5,502
False,284.4792,73.49173,59409.4685696,332.5,502
False,284.8345,73.2269,59409.5007872,344.5,502
False,285.1543,73.06065,59409.5330432,338,502
False,285.3595,72.96099,59409.5649536,337.5,502
False,285.2688,72.94144,59409.6132096,333,502
False,285.6541,72.78366,59409.6450176,330.5,502
False,285.8228,72.81532,59409.6767872,333,502
False,290.5235,71.33406,59409.7085696,457.5,502
False,285.5608,72.82098,59409.7407616,330.5,502
False,285.159,72.75807,59409.7730432,335.5,502
False,284.9818,73.00909,59409.8048896,330,502
False,284.5695,72.89337,59409.8364288,334.5,502
False,284.0335,72.88202,59409.8685568,323.5,502
False,283.6088,73.14862,59409.9010944,314,502
False,283.4225,73.07745,59409.9346048,312,502
False,282.8231,73.35601,59409.9659264,294,502
False,287.5429,71.985,59410.0124672,400,502
False,282.0803,73.55185,59410.0443776,270,502
False,281.8149,73.64256,59410.0763264,276.5,502
False,281.37,73.62816,59410.1089152,264,502
False,281.4638,73.50735,59410.1410432,272,502
False,281.0382,73.60453,59410.173312,257.5,502
False,281.3708,73.57934,59410.2045056,271,502
False,281.4969,73.54927,59410.2364928,274,502
False,281.2888,73.3958,59410.2686208,269.5,502
False,281.3593,73.34201,59410.3008256,269,502
False,281.7865,73.2743,59410.334144,279.5,502
False,281.8531,73.30266,59410.3658624,282.5,502
False,281.9577,73.301,59410.4125056,283.5,502
False,281.8116,73.36337,59410.444544,283,502
False,281.8921,73.17651,59410.4773248,279.5,502
False,281.886,73.15429,59410.5089408,289.5,502
False,281.9486,72.97665,59410.5411584,285.5,502
False,281.852,72.98951,59410.5730048,286,502
False,281.7421,73.04386,59410.6049536,285,502
False,281.7293,73.02483,59410.636544,282,502
False,281.8638,73.00172,59410.6687104,290,502
False,281.6872,72.91491,59410.7007744,284,502
False,281.9642,72.88581,59410.7339392,289,502
False,281.7766,73.01279,59410.767232,286.5,502
False,281.7969,73.01951,59410.8125696,290.5,502
False,281.9021,72.92861,59410.8446336,289.5,502
False,281.8809,72.90434,59410.8768768,284,502
False,281.7978,72.87366,59410.9090176,281,502
False,281.7516,72.98855,59410.9406208,276.5,502
False,282.1355,72.87051,59410.9726336,278,502
False,281.7101,72.78513,59411.0049024,264.5,502
False,281.5554,72.60692,59411.0370944,265,502
False,281.3936,72.43284,59411.069312,268,502
False,281.2234,72.55679,59411.1020672,271.5,502
False,281.1929,72.70146,59411.134208,273,502
False,280.8092,72.75581,59411.1648896,265.5,502
False,281.104,72.5683,59411.2125184,266,502
False,280.9324,72.69775,59411.24512,273.5,502
False,280.9778,72.74281,59411.2770176,278,502
False,280.8544,72.70993,59411.3085184,273.5,502
False,280.8843,72.5491,59411.3407488,266.5,502
False,281.094,72.59023,59411.372736,266,502
False,281.3932,72.60439,59411.4047616,281,502
False,281.2152,72.58363,59411.4373888,285,502
False,281.3818,72.51537,59411.4687488,282,502
False,281.4104,72.28928,59411.5016832,287.5,502
False,281.3549,72.32256,59411.532736,294,502
False,281.489,72.29181,59411.5651328,289,502
False,281.6355,72.14302,59411.6130304,289,502
False,282.2894,71.47619,59411.6452992,318.5,502
False,282.4173,71.49628,59411.6772224,335.5,502
False,282.8279,71.33334,59411.7087232,368,502
False,283.6742,70.98917,59411.7405952,400,502
False,284.3501,70.62486,59411.7726976,426.5,502
False,284.9659,70.2674,59411.8048512,455,502
False,285.6581,69.83644,59411.8371968,483,502
False,286.5696,69.66209,59411.868736,510,502
False,288.1403,69.23949,59411.9006208,527.5,502
False,289.9209,68.42944,59411.9337728,548,502
False,292.1655,67.53486,59411.9650944,569,502
False,295.5211,67.23121,59412.0135808,587.5,502
False,299.2511,67.22847,59412.0448,551.5,502
False,303.9268,67.54477,59412.076992,551,502
False,308.4856,67.22644,59412.1087744,539.5,502
False,311.5664,66.99395,59412.1407744,523.5,502
False,313.2141,67.42169,59412.1727488,522.5,502
False,314.2479,68.22034,59412.2051456,532.5,502
False,315.5392,68.48228,59412.2369408,512.5,502
False,317.5767,68.45567,59412.268928,500,502
False,320.073,67.93257,59412.3014016,479.5,502
False,322.3956,67.66597,59412.333888,479,502
False,325.0991,65.96619,59412.3657216,419,502
False,327.8344,65.77969,59412.41312,405.5,502
False,327.7481,67.45345,59412.4447488,444,502
False,328.7023,68.89305,59412.4766336,453.5,502
False,328.9229,69.25109,59412.5099136,421.5,502
False,329.5355,70.07298,59412.5407104,406.5,502
False,330.2007,70.52915,59412.5732992,414.5,502
False,330.9717,70.12527,59412.604864,376.5,502
False,330.7547,69.57346,59412.6381824,422,502
False,331.4342,69.971,59412.6691584,419.5,502
False,331.6789,69.91286,59412.702144,394,502
False,331.084,69.79563,59412.7345024,404.5,502
False,331.7317,70.72292,59412.7651712,400,502
False,331.6454,70.3668,59412.8128256,383.5,502
False,331.8024,70.52634,59412.8446592,395.5,502
False,332.1207,70.53471,59412.8767104,386.5,502
False,332.1985,70.02557,59412.90912,384.5,502
False,332.5229,70.29695,59412.94144,394,502
False,332.9852,69.96992,59412.9735424,404.5,502
False,333.4814,69.97956,59413.0051072,399.5,502
False,333.3814,69.61401,59413.037504,364,502
False,333.7804,70.04037,59413.0691072,384,502
False,333.6875,69.98386,59413.1014912,392.5,502
False,333.8705,69.98238,59413.1340416,350,502
False,333.8391,69.14433,59413.1656704,373,502
False,333.4908,68.42562,59413.212928,363,502
False,333.322,68.06439,59413.244864,352,502
False,333.423,67.61225,59413.2768128,340,502
False,333.5442,67.50325,59413.3088128,333.5,502
False,333.0278,67.29113,59413.3411328,347.5,502
False,333.9988,65.54259,59413.3735296,270,502
False,333.8615,65.61524,59413.404992,275.5,502
False,333.8305,65.94235,59413.4372864,292,502
False,333.7787,66.20889,59413.4694656,296,502
False,333.8539,66.1113,59413.5017472,296.5,502
False,333.6273,66.28918,59413.5341056,309.5,502
False,333.5811,66.41419,59413.565312,319.5,502
False,333.4189,66.35303,59413.6133504,321.5,502
False,333.3062,66.94294,59413.64544,350.5,502
False,332.855,67.19061,59413.6773888,365.5,502
False,332.819,66.89124,59413.7088256,378.5,502
False,332.7778,67.21179,59413.740864,415.5,502
False,332.495,67.84425,59413.7729152,450.5,502
False,332.3409,68.74722,59413.8050688,465.5,502
False,332.4152,69.93612,59413.8373504,490.5,502
False,333.3208,72.0188,59413.8695168,532,502
False,334.3261,73.97876,59413.9018368,533.5,502
False,334.946,75.9359,59413.9339648,546,502
False,335.2877,77.45826,59413.9654016,551,502
False,335.2227,77.9447,59414.012992,533.5,502
False,335.1986,77.89916,59414.0454528,535.5,502
False,335.3786,78.18471,59414.0774784,545,502
False,335.4753,78.66454,59414.1088768,547,502
False,335.5754,79.27494,59414.1409024,548,502
False,335.5992,80.03387,59414.173376,551,502
False,335.6891,80.63048,59414.2053376,543.5,502
False,336.0655,81.15131,59414.2370944,532,502
False,337.0548,82.19848,59414.2692096,547.5,502
False,338.1111,83.70132,59414.3024768,558,502
False,338.8051,85.90887,59414.3341568,556,502
False,339.4231,88.58743,59414.367168,570,502
False,339.4612,91.13657,59414.4130304,534.5,502
False,339.0061,93.45873,59414.4453376,521,502
False,338.4641,95.50145,59414.4769536,517.5,502
False,338.5958,97.86667,59414.5089664,520,502
False,339.668,100.7695,59414.5409024,512,502
False,341.2673,103.0102,59414.5732864,504.5,502
False,343.549,105.1125,59414.60544,515.5,502
False,345.2915,108.7361,59414.6376448,513.5,502
False,346.2765,112.781,59414.6692224,484,502
False,346.2909,116.7684,59414.701696,483.5,502
False,345.2801,120.8219,59414.7331456,472.5,502
False,344.262,123.8427,59414.7655936,434.5,502
False,343.9417,125.844,59414.813632,397.5,502
False,343.5486,128.5964,59414.8450176,415,502
False,343.33,130.7018,59414.8774016,407.5,502
False,342.9503,132.6201,59414.9094656,412,502
False,340.9381,134.4739,59414.9409792,396,502
False,338.4969,134.6618,59414.9730304,379,502
False,337.0056,135.0468,59415.0050816,385,502
False,335.8857,135.8799,59415.0376832,379,502
False,334.868,137.3622,59415.0696064,370,502
False,334.6379,139.6589,59415.1019136,365.5,502
False,333.6114,140.9219,59415.1341952,395,502
False,331.5389,141.2727,59415.1654912,387.5,502
False,329.0208,140.8963,59415.2130432,384,502
False,327.6098,140.7563,59415.2455296,401.5,502
False,326.1278,141.2163,59415.2773504,416,502
False,324.0042,142.2811,59415.3089792,437.5,502
False,321.6219,143.8455,59415.3409792,458.5,502
False,318.5557,145.2898,59415.3730432,459.5,502
False,316.2705,146.1495,59415.4061952,475,502
False,313.7569,146.5355,59415.437312,443.5,502
False,312.261,147.0646,59415.4697472,426,502
False,311.0937,147.4393,59415.5022336,420,502
False,310.2443,146.425,59415.5343104,382,502
False,310.0915,145.2303,59415.5655424,362.5,502
False,310.3368,144.7599,59415.6131328,341.5,502
False,310.225,144.5746,59415.6457088,338.5,502
False,310.245,144.6,59415.6773632,315,502
False,309.8644,144.5254,59415.7091328,322,502
False,309.7578,144.2508,59415.7411968,309,502
False,309.7943,144.8212,59415.7732096,296.5,502
False,309.1302,144.7374,59415.805184,294.5,502
False,309.042,145.3832,59415.8377344,274,502
False,308.5219,145.7572,59415.8696064,270.5,502
False,308.2762,145.9344,59415.9017856,254,502
False,308.2613,146.3637,59415.9344,236,502
False,308.108,146.7548,59415.9655936,217.5,502
False,307.8202,147.3233,59416.0130944,216,502
False,307.2816,146.6049,59416.0458368,183.5,502
False,306.8218,145.8759,59416.0774912,166.5,502
False,306.6689,145.9111,59416.1097728,150,502
False,306.2447,145.234,59416.141248,141,502
False,306.0636,145.3502,59416.1736192,128.5,502
False,305.6443,145.3587,59416.2052992,111.5,502
False,292.3598,142.6138,59416.2373248,113.5,502
False,298.2664,143.5902,59416.2699904,211.5,502
False,292.2074,142.598,59416.3019648,116.5,502
False,292.975,143.1714,59416.3347328,140,502
False,293.3585,143.2831,59416.3656064,146,502
False,293.6828,143.4563,59416.4131072,145,502
False,293.5663,143.5675,59416.4459008,144.5,502
False,293.8322,143.5326,59416.478208,143,502
False,294.221,143.8744,59416.5092864,138,502
False,294.6794,144.11,59416.5417984,144,502
False,294.1807,144.0178,59416.5733504,131,502
False,294.1233,144.0956,59416.6059648,132.5,502
False,294.1203,143.7507,59416.6373248,115,502
False,294.3155,143.7874,59416.669888,121.5,502
False,294.6808,144.036,59416.7017984,129.5,502
False,294.4931,143.416,59416.7342848,121,502
False,295.5551,143.8039,59416.7670016,136,502
False,295.636,143.5068,59416.8136064,147,502
False,295.318,143.2376,59416.8452096,141,502
False,295.3505,143.3048,59416.8772608,146,502
False,295.045,143.1765,59416.910016,144.5,502
False,292.8994,141.5716,59416.9412096,121,502
False,292.0204,141.2387,59416.9736832,114.5,502
False,306.7759,146.9391,59417.0052992,120.5,502
False,307.0873,146.8713,59417.037888,145,502
False,306.761,146.9759,59417.0697984,166,502
False,306.2313,146.7661,59417.1020928,189.5,502
False,305.48,146.5377,59417.1344768,208,502
False,304.7763,146.1449,59417.1657856,222,502
False,304.433,145.7914,59417.2132352,232.5,502
False,304.397,145.3733,59417.245568,225,502
False,304.5573,145.3529,59417.2784896,221,502
False,304.7011,145.3783,59417.3094272,222.5,502
False,304.6593,145.3106,59417.3414912,227,502
False,304.83,145.3782,59417.3740416,226.5,502
False,304.5699,145.5246,59417.4060416,224,502
False,304.6474,145.4358,59417.4377344,224.5,502
False,304.5931,145.3108,59417.4693888,222,502
False,304.5878,145.3125,59417.5024,224,502
False,304.6593,145.4009,59417.5335552,227,502
False,304.6937,145.4123,59417.566016,228,502
False,304.6252,145.3077,59417.6141184,221,502
False,304.7638,145.4596,59417.645888,223,502
False,304.7074,145.4333,59417.677248,225,502
False,304.5551,145.4095,59417.7094144,221,502
False,304.6252,145.3077,59417.7413888,221,502
False,304.5931,145.3108,59417.7732736,222,502
False,304.6252,145.3077,59417.8064512,221,502
False,304.711,145.4392,59417.8378112,222,502
False,304.5495,145.5746,59417.8694784,219,502
False,304.4063,145.4248,59417.9024512,226,502
False,303.995,145.1898,59417.9346176,231,502
False,303.9093,145.0245,59417.965888,231.5,502
False,303.8505,144.7729,59418.0137984,238.5,502
False,303.5169,144.723,59418.0454912,251.5,502
False,302.9061,144.6692,59418.0774912,268,502
False,301.9602,144.4285,59418.10944,289,502
False,300.7437,143.9011,59418.1415552,313.5,502
False,299.675,143.1642,59418.1737728,340,502
False,298.1065,142.1374,59418.2058112,372.5,502
False,296.0999,140.6211,59418.2374656,413.5,502
False,293.7417,138.8029,59418.2695936,460,502
False,291.0473,136.735,59418.3020032,483,502
False,288.0337,134.5009,59418.3346048,489.5,502
False,284.5612,131.9501,59418.369664,480.5,502
False,281.6479,130.0379,59418.4134528,479,502
False,279.2512,128.2337,59418.4459008,458.5,502
False,278.6456,126.8333,59418.4773888,427,502
False,278.8484,125.633,59418.5102848,421,502
False,278.5717,124.3969,59418.5419008,440.5,502
False,277.6582,123.4082,59418.5734272,472,502
False,275.8159,121.9144,59418.6054912,500.5,502
False,273.1277,120.0143,59418.6376576,536.5,502
False,270.1984,117.8169,59418.6697216,564.5,502
False,267.5464,115.4599,59418.7024768,555.5,502
False,264.8079,112.5998,59418.7357184,543,502
False,261.9631,110.6482,59418.766016,551,502
False,259.6996,108.8975,59418.813504,546.5,502
False,257.2288,106.7095,59418.8455424,513.5,502
False,255.5314,104.9034,59418.8781824,512.5,502
False,253.7757,102.3356,59418.9094016,518,502
False,251.543,100.1382,59418.9417984,529.5,502
True,248.8543,98.04522,59418.9739648,516,502
True,246.0566,96.37083,59419.0058624,524.5,502
True,242.8796,94.94153,59419.0376448,524.5,502
True,240.0273,92.73807,59419.0697472,464.5,502
True,240.1523,91.8631,59419.1023232,476,502
True,241.3239,92.19112,59419.134848,477,502
True,241.7876,92.64132,59419.1675392,486.5,502
True,241.9552,93.05676,59419.2140416,487.5,502
True,241.7497,93.05754,59419.2460544,504,502
True,241.6059,93.20423,59419.2774528,512.5,502
True,241.0651,93.51841,59419.3095168,525,502
True,240.4938,93.85275,59419.3415936,541,502
True,239.1559,93.67342,59419.3748736,567.5,502
True,238.5242,93.90369,59419.405696,578,502
True,237.7869,94.22463,59419.4381568,576.5,502
True,237.2621,94.31879,59419.4698496,584.5,502
True,237.0334,94.52445,59419.5027328,593,502
True,236.4849,94.78225,59419.5356032,584,502
True,235.8503,95.10444,59419.5677568,574.5,502
True,234.2013,95.92664,59419.6137088,602,502
True,231.9402,96.97451,59419.6456064,601.5,502
True,227.5056,99.72968,59419.6775296,566,502
True,222.5157,102.7018,59419.709888,555.5,502
True,216.658,105.9646,59419.7421952,574.5,502
True,211.0251,109.5435,59419.7736576,564.5,502
True,206.6883,113.5279,59419.8061568,586,502
True,202.0016,119.5722,59419.8381056,621,502
True,196.954,125.097,59419.8698752,594.5,502
True,189.0627,130.8767,59419.9024384,608.5,502
True,181.9643,134.7543,59419.9350912,606.5,502
True,176.0863,139.662,59419.9662208,648.5,502
True,168.779,144.7212,59420.0140544,660,502
True,160.4464,147.6694,59420.0457344,619,502
True,150.8183,149.1996,59420.0777856,567,502
True,143.3212,149.7454,59420.1096192,620.5,502
True,137.7698,150.3352,59420.1416832,630,502
True,131.1448,150.0894,59420.1743872,643.5,502
True,123.6439,148.5704,59420.2066304,658,502
True,114.8039,146.2093,59420.2382976,619.5,502
True,107.4436,142.7778,59420.2700288,630,502
True,101.8541,140.7947,59420.3024512,653.5,502
True,95.84435,140.0068,59420.3349504,688.5,502
True,88.28235,136.4459,59420.3661824,693,502
True,81.7486,131.5403,59420.4140288,653,502
True,76.49447,125.5187,59420.4461056,633,502
True,73.46848,119.8178,59420.4775808,645,502
True,71.04815,116.077,59420.5096448,675,502
True,64.03859,100.4025,59420.5416832,250.5,502
True,63.54364,100.297,59420.574464,559.5,502
True,62.43958,96.29643,59420.606336,673,502
True,61.99388,88.31017,59420.6378624,626,502
True,62.17256,81.84659,59420.669888,679,502
True,61.21321,76.46136,59420.7024,696.5,502
True,59.93952,70.52023,59420.734848,733,502
True,59.8542,64.15405,59420.7666688,687,502
True,61.16975,56.93528,59420.813632,649,502
True,63.62228,50.6186,59420.8456064,634.5,502
True,67.02567,45.28146,59420.877696,610.5,502
True,70.11102,40.78241,59420.9100544,599,502
True,71.80177,38.47844,59420.9417472,583.5,502
True,73.10164,36.91071,59420.9741824,580.5,502
True,75.89937,36.16352,59421.0058624,609.5,502
True,80.16425,35.19105,59421.0379264,584.5,502
True,85.47815,32.46037,59421.0712192,656,502
True,92.26855,31.50854,59421.1027328,653.5,502
True,100.1252,32.14412,59421.1349376,624.5,502
True,106.2664,31.80017,59421.166336,600.5,502
True,110.6474,31.20158,59421.2137344,613.5,502
True,116.7232,30.63568,59421.2458112,645.5,502
True,124.8418,30.95026,59421.2785536,630,502
True,133.4089,32.16759,59421.3103744,628.5,502
True,142.8994,33.83883,59421.341888,591.5,502
True,150.1033,34.68845,59421.3737984,589,502
True,156.7923,34.71186,59421.4060288,619.5,502
True,164.9208,35.15417,59421.438528,587,502
True,172.4199,36.19717,59421.4702464,601,502
True,178.5715,38.2536,59421.5029888,625,502
True,183.8993,39.67763,59421.535488,562.5,502
True,188.7967,41.1178,59421.5662208,573,502
True,194.5356,42.13923,59421.6139008,571,502
True,199.9631,43.87057,59421.6458112,555,502
True,205.2472,46.8079,59421.6778112,586.5,502
True,210.4814,48.58801,59421.7104384,614.5,502
True,218.3991,50.34664,59421.742016,651.5,502
True,226.0584,51.0186,59421.7739776,645,502
True,234.9737,50.97503,59421.8060032,614,502
True,244.2163,50.74074,59421.8379648,567,502
False,252.2314,50.7874,59421.8707968,595,502
False,261.5305,51.16058,59421.9028864,602,502
False,270.8421,51.55367,59421.9357184,590,502
False,279.8593,50.29591,59421.9665664,574.5,502
False,289.7856,49.39217,59422.0140032,549.5,502
False,298.6716,49.20714,59422.0461056,541.5,502
False,306.9522,49.03058,59422.078336,550.5,502
False,314.2245,49.15743,59422.1103104,586.5,502
False,320.4019,48.35485,59422.1418496,581,502
False,326.4911,47.70117,59422.1739008,599,502
False,332.9977,48.03064,59422.2059776,593,502
False,339.4471,49.29401,59422.2401408,559.5,502
False,346.0451,51.19717,59422.2708992,576.5,502
False,351.855,52.73425,59422.3028992,579.5,502
False,356.9558,54.35611,59422.3354496,600,502
False,360.8059,55.0783,59422.3672704,604.5,502
False,365.3257,55.73005,59422.4144,589,502
False,369.9083,56.84365,59422.4467712,598,502
False,373.7216,58.44518,59422.47808,600.5,502
False,377.7606,60.44606,59422.5105024,585.5,502
False,381.3098,62.47686,59422.5425536,572.5,502
False,384.843,64.39083,59422.5741056,600,502
False,387.6482,65.55462,59422.6064256,595,502
False,390.1538,66.2085,59422.638528,615.5,502
False,391.9273,66.06781,59422.6702336,612,502
False,393.4896,65.89114,59422.7030784,615.5,502
False,395.5114,66.04996,59422.735488,620.5,502
False,397.9736,66.95261,59422.7674112,626,502
False,400.1346,68.61551,59422.8147968,619,502
False,402.2551,70.24085,59422.8465664,596.5,502
False,404.5346,72.62047,59422.878144,588,502
False,407.1875,75.19115,59422.9101952,595.5,502
False,410.0149,77.29897,59422.9422848,616,502
False,412.3998,78.70314,59422.9742336,621.5,502
False,414.7337,79.28545,59423.007808,626.5,502
False,417.2374,79.8756,59423.0381056,627,502
False,419.4197,81.31763,59423.0708736,637,502
False,421.3541,83.31257,59423.1028864,626,502
False,422.1078,85.37748,59423.135424,589,502
False,422.0301,87.44854,59423.1665152,570,502
False,422.2214,89.53101,59423.214464,575,502
False,422.7565,91.97187,59423.2460544,586.5,502
False,423.3959,94.41749,59423.2780544,610,502
False,424.1624,95.8535,59423.310144,607.5,502
False,424.9045,97.40132,59423.3420544,630,502
False,426.357,98.43684,59423.374976,613.5,502
False,426.9494,100.465,59423.4067968,639,502
False,427.0781,103.4875,59423.4382336,661.5,502
False,427.8354,104.6193,59423.470848,594.5,502
False,427.2002,107.0365,59423.5030144,579.5,502
False,425.5486,108.9112,59423.534976,569,502
False,424.4152,110.9522,59423.566976,572,502
False,423.692,113.6062,59423.6142464,578.5,502
False,423.1404,116.2087,59423.6461568,612.5,502
False,422.8854,118.4657,59423.6783232,600.5,502
False,423.0228,120.6207,59423.7100672,598.5,502
False,423.2188,122.4711,59423.742912,594,502
False,423.0257,125.0706,59423.774656,604,502
False,423.468,127.0536,59423.8061824,584,502
False,423.9682,128.7221,59423.8383232,550,502
False,423.9912,129.8948,59423.8706176,510,502
False,422.8661,130.4453,59423.902912,495.5,502
False,422.2431,130.3533,59423.9361152,474.5,502
False,421.9681,130.5877,59423.9666688,460,502
False,421.6644,130.8818,59424.0141568,447,502
False,421.8688,131.1271,59424.0464896,442,502
False,422.2137,131.4668,59424.0781568,434.5,502
False,422.7426,131.3384,59424.110144,426,502
False,422.8871,131.5781,59424.1420672,431,502
False,423.047,131.8521,59424.1741824,436,502
False,423.2146,131.8323,59424.2067072,415.5,502
False,423.2365,131.849,59424.2383872,425,502
False,423.1245,131.6609,59424.2708352,431,502
False,423.1737,131.9003,59424.302912,428,502
False,423.1023,131.6837,59424.33536,430,502
False,423.1723,131.745,59424.3666176,425.5,502
False,423.1901,131.7571,59424.4141696,416.5,502
False,423.1816,131.8785,59424.4466688,424,502
False,423.1795,131.6714,59424.478848,422.5,502
False,423.2255,131.6532,59424.5108096,420.5,502
False,423.2866,131.8081,59424.5423616,413.5,502
False,423.0969,131.842,59424.574208,423,502
False,423.1495,131.6745,59424.6070272,423.5,502
False,422.4985,132.0037,59424.6388096,450,502
False,423.1103,131.7631,59424.6705408,420,502
False,423.2933,131.7039,59424.702976,412,502
False,422.744,132.322,59424.7353984,442,502
False,423.3785,132.409,59424.7671808,464.5,502
False,423.8102,133.1017,59424.8145536,498,502
False,424.487,133.4129,59424.8462208,479.5,502
False,425.1842,133.7785,59424.8782336,490.5,502
False,425.9354,134.5375,59424.9102848,534,502
False,426.3529,134.1889,59424.9422208,528.5,502
False,425.7055,134.0762,59424.97536,536,502
False,425.3248,133.6597,59425.00672,529.5,502
False,425.3852,133.2195,59425.0388096,521,502
False,425.3041,133.2253,59425.070464,518.5,502
False,425.7624,132.9799,59425.1028864,513.5,502
False,425.8047,133.2329,59425.1353216,509.5,502
False,425.8432,133.6137,59425.1826944,531.5,502
False,425.5783,133.7809,59425.21472,541.5,502
False,425.7529,133.4753,59425.2466176,539,502
False,425.8843,133.6921,59425.2785792,537.5,502
False,426.0734,133.6427,59425.3102336,522.5,502
False,425.8714,134.4747,59425.3423488,547,502
False,426.1159,134.2249,59425.3743744,532,502
False,425.0259,134.9936,59425.4068736,547.5,502
False,424.1903,135.9282,59425.4387456,566.5,502
False,423.9218,136.9886,59425.4704768,586.5,502
False,423.9966,137.2992,59425.5029632,590.5,502
False,423.6884,137.2313,59425.5354624,589.5,502
False,423.5762,137.2093,59425.5822976,582,502
False,423.6147,137.1621,59425.6150272,580,502
False,423.7628,137.3057,59425.6466432,573.5,502
False,423.993,137.3987,59425.6783232,574,502
False,424.2838,137.5205,59425.7104384,582.5,502
False,424.2171,137.4755,59425.7431552,589.5,502
False,424.213,137.5731,59425.7748096,586,502
False,423.9963,137.4939,59425.806976,584.5,502
False,424.0979,137.3775,59425.8388608,573.5,502
False,424.2803,137.3544,59425.871872,568.5,502
False,424.4881,137.1886,59425.9029888,562,502
False,425.1181,137.4118,59425.9359616,546,502
False,425.0392,137.0543,59425.9824128,549,502
False,425.3751,137.233,59426.0144768,543,502
False,425.6888,137.1459,59426.0463488,542.5,502
False,426.1273,136.9837,59426.0787456,522.5,502
False,426.9947,136.9493,59426.1103488,506,502
False,427.2473,136.9143,59426.1423616,511.5,502
False,427.0705,136.7333,59426.1743488,527.5,502
False,427.144,137.129,59426.2064384,519.5,502
False,427.274,137.2495,59426.2390528,528.5,502
False,427.593,137.17,59426.2711168,520.5,502
False,427.3957,137.2515,59426.3031296,529.5,502
False,427.21,137.1585,59426.3361536,521.5,502
False,426.9709,137.2664,59426.3829632,527.5,502
False,426.9128,137.0862,59426.4144256,535.5,502
False,427.4711,137.4214,59426.4464384,522.5,502
False,427.5819,137.7467,59426.4784,525,502
False,427.6422,137.5695,59426.5110784,518,502
False,426.2961,138.2089,59426.5428736,541,502
False,425.1479,138.6189,59426.574464,576,502
False,424.5492,138.91,59426.6066688,598.5,502
False,424.0451,138.8538,59426.639872,583.5,502
False,423.7484,138.6467,59426.6706944,585.5,502
False,424.189,138.5872,59426.7036032,578.5,502
False,424.5328,138.651,59426.7361792,584,502
False,425.0532,138.7019,59426.782592,586,502
False,425.0662,138.7199,59426.8144384,589,502
False,425.0464,138.683,59426.8473856,571,502
False,424.5995,138.5217,59426.8784768,580.5,502
False,424.4224,138.6045,59426.910912,576.5,502
False,424.6769,138.5508,59426.9424256,571,502
False,424.9288,138.4923,59426.9744256,571.5,502
False,425.2471,138.4836,59427.0067584,554.5,502
False,425.459,138.4629,59427.0389888,544,502
False,425.8411,138.36,59427.0706816,538,502
False,425.5696,138.3047,59427.1031808,541,502
False,424.986,138.1631,59427.1357952,536.5,502
False,424.298,138.6913,59427.182592,547,502
False,423.4756,138.8382,59427.2147968,513,502
False,421.7339,139.2668,59427.2471552,521,502
False,421.7542,139.849,59427.2784896,462.5,502
False,419.6604,140.3915,59427.310912,453,502
False,417.6569,141.2719,59427.3428992,442.5,502
False,415.509,141.9214,59427.3746432,434.5,502
False,413.5276,142.699,59427.4065664,417,502
False,411.9337,143.7546,59427.4387328,407.5,502
False,410.8062,144.147,59427.4712576,399,502
False,409.9109,144.1707,59427.5038208,374,502
False,409.2308,143.9409,59427.5357952,361,502
False,408.379,143.4691,59427.5826688,361,502
False,407.9986,142.6671,59427.614656,346.5,502
False,407.9745,141.9114,59427.6465152,333,502
False,407.3323,141.5463,59427.6789376,318.5,502
False,406.2747,142.0538,59427.7109248,313,502
False,405.6581,142.6484,59427.7428864,309.5,502
False,405.1566,143.2654,59427.7746944,314,502
False,404.4512,143.2724,59427.8066944,331,502
False,404.2468,143.3181,59427.8402304,327.5,502
False,404.4115,143.6057,59427.8708352,309,502
False,404.3606,144.0983,59427.9037184,300,502
False,405.2027,144.6003,59427.9358336,319,502
False,405.0752,144.8649,59427.9826688,306,502
False,404.6792,144.5023,59428.0145664,319.5,502
False,404.1915,144.4127,59428.0469376,336,502
False,404.1743,144.4031,59428.078592,315.5,502
False,404.3809,144.402,59428.1106432,315.5,502
False,404.303,144.9874,59428.1426176,291.5,502
False,404.7495,145.3595,59428.1746304,273.5,502
False,404.5746,144.8297,59428.2071808,275,502
False,404.9828,145.2091,59428.2392704,271,502
False,404.9739,145.1063,59428.2708352,268,502
False,405.6153,145.3866,59428.3032448,259.5,502
False,405.135,145.2229,59428.3366656,265.5,502
False,405.0091,145.4824,59428.3830016,256,502
False,405.0865,145.5037,59428.4145408,250.5,502
False,405.146,145.2787,59428.4469504,262.5,502
False,405.1315,145.1309,59428.478592,272.5,502
False,404.8809,144.9418,59428.5107456,298,502
False,404.2289,144.8998,59428.5427456,281,502
False,404.3097,144.8658,59428.5747456,303,502
False,404.216,144.6437,59428.6077696,312.5,502
False,404.0829,144.5753,59428.6391808,315.5,502
False,403.9764,144.5123,59428.6713344,318.5,502
False,403.9198,144.4012,59428.7035136,336.5,502
False,403.9904,144.3036,59428.7360128,331,502
False,404.0906,144.1147,59428.7826688,338.5,502
False,404.1094,143.2473,59428.8146816,321.5,502
False,404.6733,142.9643,59428.8466816,327,502
False,404.4868,143.0666,59428.8789888,360.5,502
False,404.3277,142.6704,59428.911232,357.5,502
False,404.6906,142.4883,59428.942784,355,502
False,405.0701,141.8045,59428.9748864,364,502
False,405.6373,141.1319,59429.006912,380.5,502
False,405.9949,140.937,59429.03936,389,502
False,405.9613,140.4538,59429.0709248,375,502
False,405.459,139.6928,59429.1033984,388.5,502
False,404.8316,139.4142,59429.135808,377,502
False,404.339,139.214,59429.1826816,385.5,502
False,403.3293,138.8862,59429.2150272,373.5,502
False,403.7874,138.1836,59429.247104,374,502
False,403.8228,137.9465,59429.2787456,380,502
False,403.3127,137.8223,59429.3108864,379,502
False,402.6581,137.6743,59429.3428736,372,502
False,402.4361,137.4241,59429.375296,387.5,502
False,402.3841,136.5085,59429.406976,384.5,502
False,402.3513,135.3892,59429.4389376,408.5,502
False,402.4564,134.1185,59429.4708992,437.5,502
False,402.7719,133.0347,59429.5033984,465.5,502
False,402.5992,132.5805,59429.5364736,429.5,502
False,402.7809,132.0533,59429.5831552,437.5,502
False,402.8969,132.2438,59429.6147328,467,502
False,402.7437,132.2897,59429.6467968,469.5,502
False,403.032,132.3155,59429.679232,458,502
False,403.1807,132.4678,59429.7113984,458.5,502
False,403.116,132.619,59429.7428736,441,502
False,403.2268,132.8781,59429.7747584,421,502
False,403.8257,132.8022,59429.80736,417,502
False,404.1689,132.7521,59429.8394752,413.5,502
False,404.2798,133.0198,59429.8715392,404.5,502
False,404.2751,132.9213,59429.9039744,392,502
False,404.0336,133.2521,59429.9350912,377.5,502
False,403.9308,133.5076,59429.982848,361.5,502
False,404.1325,133.6542,59430.0150656,361,502
False,403.9844,133.9762,59430.0473344,363.5,502
False,403.6411,134.4396,59430.0797952,345,502
False,403.6053,134.7027,59430.1114624,342,502
False,403.426,135.0533,59430.1430144,334.5,502
False,403.7629,135.2292,59430.1753088,341,502
False,403.5582,135.2947,59430.2070656,336.5,502
False,403.7112,135.2224,59430.2390656,333.5,502
False,403.5075,135.2766,59430.27104,332,502
False,403.4238,134.8575,59430.3038464,320.5,502
False,403.5525,134.9444,59430.3351552,327,502
False,403.8545,134.8206,59430.3829632,339,502
False,403.7379,134.7172,59430.4150016,339.5,502
False,403.6011,134.5498,59430.4469632,328,502
False,403.4741,134.7627,59430.4792448,324.5,502
False,403.5268,134.9753,59430.5113984,317,502
False,403.0375,134.7578,59430.5431296,298,502
False,402.8647,135.0715,59430.57504,303,502
False,402.6237,135.0123,59430.608384,298.5,502
False,402.7366,134.8965,59430.6391168,307.5,502
False,402.5587,134.7575,59430.6716416,332,502
False,402.3625,134.9223,59430.7035264,337,502
False,402.2144,135.2072,59430.7351552,343.5,502
False,402.2053,134.8776,59430.7828992,380,502
False,402.4299,133.9099,59430.8152704,409,502
False,402.7739,133.7667,59430.8470144,418,502
False,402.9711,132.7341,59430.8789632,450,502
False,403.1071,132.014,59430.9110656,477.5,502
False,403.691,131.0765,59430.9431424,492.5,502
False,404.2239,129.4378,59430.9756288,531.5,502
False,404.9373,127.0226,59431.007936,582,502
False,406.0211,123.6469,59431.038976,600,502
False,406.8059,119.1609,59431.071552,592.5,502
False,407.9878,115.456,59431.1036416,574.5,502
False,408.3226,112.2154,59431.1353984,530,502
False,408.1427,108.6528,59431.1831296,517.5,502
False,407.8004,105.1105,59431.215424,529.5,502
False,408.5838,102.7919,59431.2470912,519,502
False,409.8714,99.97214,59431.2790272,514.5,502
False,411.4759,97.7546,59431.3109888,525,502
False,413.3174,95.98684,59431.3429632,544.5,502
False,415.0808,93.60578,59431.375552,536.5,502
False,416.2234,91.2954,59431.4076672,518.5,502
False,415.6636,89.46619,59431.4392064,495.5,502
False,415.3609,88.08781,59431.471296,465,502
False,415.6218,87.63842,59431.5045888,472,502
False,415.6372,88.0486,59431.536192,487,502
False,415.8643,88.02027,59431.5837952,485,502
False,415.594,88.35168,59431.6153984,472.5,502
False,415.5304,88.58599,59431.6470272,471,502
False,415.1285,89.00812,59431.6794496,472,502
False,414.9186,89.07448,59431.7110784,461,502
False,414.7313,88.61308,59431.7430784,423,502
False,414.5788,89.31448,59431.775232,442,502
False,414.7106,89.65767,59431.807168,463,502
False,414.6498,89.76832,59431.8396288,464,502
False,414.6031,89.69303,59431.8716672,461.5,502
False,414.6428,89.54176,59431.9037824,467,502
False,414.8311,89.41957,59431.9362944,473.5,502
False,415.1649,89.22942,59431.9831296,486,502
False,415.4014,88.92723,59432.0153728,497,502
False,415.3333,88.75909,59432.04704,499.5,502
False,415.7136,88.48802,59432.0790784,487,502
False,416.3019,88.14333,59432.111168,503.5,502
False,416.573,87.99665,59432.1431296,498,502
False,417.54,87.52238,59432.1758592,502.5,502
False,418.1362,87.69624,59432.2072576,456.5,502
False,417.8747,87.38636,59432.2398848,484,502
False,418.2222,86.80418,59432.2714496,486,502
False,418.748,86.28964,59432.3044352,473,502
False,418.7693,86.80564,59432.3364608,490.5,502
False,418.8904,87.04398,59432.3832832,485,502
False,419.2433,87.10796,59432.415296,494,502
False,419.2766,87.31706,59432.4472704,481.5,502
False,419.7061,87.3209,59432.479552,482.5,502
False,419.7063,87.58733,59432.5117184,479,502
False,419.6375,87.79123,59432.5432576,479,502
False,419.6581,87.67205,59432.575168,464.5,502
False,419.6596,87.28673,59432.607488,447,502
False,419.5668,87.40379,59432.6399616,430.5,502
False,419.0637,87.53395,59432.6720768,434.5,502
False,419.4441,87.3341,59432.7039872,433.5,502
False,419.1536,87.05134,59432.7364992,428.5,502
False,419.2943,86.63957,59432.7841152,406,502
False,419.2001,86.45061,59432.8156928,396.5,502
False,419.0201,86.85829,59432.8472832,414,502
False,419.2689,86.52577,59432.8795264,388,502
False,419.5045,86.66025,59432.911168,389.5,502
False,419.3627,86.64678,59432.9433344,385.5,502
False,419.623,86.82613,59432.9753088,393,502
False,419.5046,86.81275,59433.007296,376.5,502
False,419.5089,86.76978,59433.0398848,375,502
False,419.2224,86.96648,59433.071872,368,502
False,419.5573,86.9798,59433.1038848,379.5,502
False,419.8587,86.94798,59433.1364864,384.5,502
False,419.9492,87.02855,59433.1833856,397,502
False,420.1982,86.92957,59433.2155904,381,502
False,419.8225,86.93245,59433.2478208,377.5,502
False,419.5292,86.76527,59433.2792192,368.5,502
False,419.7386,86.79871,59433.3114496,363.5,502
False,419.4757,86.9944,59433.3440768,357,502
False,419.1121,86.99504,59433.3754368,336,502
False,419.0225,87.22379,59433.4074112,318,502
False,419.4489,87.44479,59433.4395008,326,502
False,419.1588,87.79216,59433.4718336,340,502
False,418.8835,87.92,59433.504,337.5,502
False,419.1474,87.8358,59433.53728,338,502
False,419.635,87.83543,59433.5837312,358.5,502
False,420.0746,88.18128,59433.61536,393.5,502
False,419.7735,88.38896,59433.647616,380.5,502
False,419.9967,89.06483,59433.6793728,401,502
False,419.8709,88.6032,59433.71136,386,502
False,419.6912,89.08842,59433.743808,401.5,502
False,418.4871,89.296,59433.7754112,375,502
False,417.5517,89.31183,59433.807552,356.5,502
False,417.2898,89.74672,59433.8396672,356,502
False,417.5467,89.41689,59433.8715392,371,502
False,417.4248,89.11622,59433.9043456,370,502
False,417.5867,88.89379,59433.9373056,362.5,502
False,417.3564,88.80293,59433.9833344,353.5,502
False,417.978,88.71206,59434.0153856,363.5,502
False,418.6254,88.25182,59434.0477568,343.5,502
False,418.3742,88.13196,59434.0797952,338.5,502
False,418.5083,88.31111,59434.111424,360,502
False,417.975,88.55764,59434.143552,373,502
False,417.8839,88.52299,59434.1759232,380.5,502
False,417.7021,87.72075,59434.2075008,339,502
False,418.0179,87.69299,59434.239616,354.5,502
False,418.5198,87.85941,59434.2719104,399.5,502
False,417.9588,88.19152,59434.3044992,409,502
False,417.3877,88.67284,59434.3377664,404.5,502
False,417.3377,88.90522,59434.3839232,415,502
False,417.6127,89.08572,59434.4157696,435.5,502
False,417.6023,89.44145,59434.4474624,445.5,502
False,417.5266,89.6985,59434.479424,445,502
False,417.1523,89.98579,59434.5115008,445.5,502
False,416.9839,90.08296,59434.5434112,446,502
False,416.7515,89.55872,59434.5760896,440,502
False,416.5646,89.2802,59434.6080768,436,502
False,416.8104,88.84422,59434.6397184,444,502
False,416.6367,88.91331,59434.6716928,434.5,502
False,416.6468,88.73731,59434.704192,427,502
False,416.6009,88.5319,59434.7372288,418,502
False,416.5503,88.17047,59434.783808,394,502
False,415.8875,88.04749,59434.8155776,389.5,502
False,416.2479,87.84885,59434.8474496,370.5,502
False,415.8257,88.29484,59434.8793856,394,502
False,415.4564,88.3918,59434.9117696,382,502
False,415.4936,87.89319,59434.9443072,362,502
False,415.6109,87.57708,59434.9758592,320,502
False,415.4124,87.95111,59435.0075008,375,502
False,415.2802,88.05312,59435.0399616,354.5,502
False,414.3902,90.44234,59435.0717824,211,502
False,414.7317,87.83459,59435.104256,330.5,502
False,414.9532,87.78156,59435.1367424,352.5,502
False,415.242,87.99589,59435.1836672,365,502
False,415.2163,87.85747,59435.2158976,366,502
False,415.1459,87.80544,59435.2479616,349.5,502
False,415.7966,87.92573,59435.279424,377,502
False,416,87.99641,59435.31168,371.5,502
False,415.9732,88.48096,59435.343744,354.5,502
False,414.6596,89.23685,59435.3761536,307.5,502
False,413.9777,89.72697,59435.408512,298.5,502
False,413.024,90.59159,59435.4396288,277.5,502
False,412.0402,91.06055,59435.4719488,261.5,502
False,412.137,91.69481,59435.5047808,266.5,502
False,412.1222,92.07504,59435.5366784,286.5,502
False,412.4483,92.16913,59435.5836032,304.5,502
False,412.7545,92.07566,59435.6155136,315,502
False,412.9701,91.9995,59435.6476544,329,502
False,413.2305,92.12139,59435.680384,340.5,502
False,413.4515,92.01282,59435.7122944,364,502
False,414.0403,92.14805,59435.743616,380.5,502
False,414.3142,92.26501,59435.7757184,383,502
False,414.6241,92.00765,59435.808128,392,502
False,414.5163,91.91395,59435.8397696,383.5,502
False,414.3115,91.91438,59435.8722432,381.5,502
False,414.3535,91.66498,59435.9051008,395.5,502
False,414.3567,91.5753,59435.9368832,399.5,502
False,414.8788,91.50837,59435.984,418,502
False,415.1869,91.45727,59436.015616,429,502
False,415.2496,91.48882,59436.0484096,432,502
False,415.4765,91.47499,59436.0801664,436.5,502
False,415.7599,91.32816,59436.1115648,450.5,502
False,415.6545,91.39116,59436.1438592,452.5,502
False,415.9859,91.42398,59436.1758464,461.5,502
False,416.1464,91.44528,59436.2078464,464.5,502
False,415.9633,91.32903,59436.240064,464,502
False,416.2614,91.01424,59436.2717952,468,502
False,416.2578,90.60629,59436.3043072,472,502
False,416.6519,90.00806,59436.335872,476,502
False,417.2124,89.71157,59436.3836288,482.5,502
False,417.255,89.29258,59436.4165888,478.5,502
False,417.4807,88.9,59436.44768,475,502
False,417.3531,88.60036,59436.4799104,465,502
False,417.0673,88.4417,59436.51168,446,502
False,418.2802,87.74522,59436.5437824,479.5,502
False,417.4695,88.08624,59436.5757696,473.5,502
False,415.9317,89.55767,59436.6081408,446.5,502
False,416.2003,89.43366,59436.6398976,453.5,502
False,415.117,90.34357,59436.6719872,423,502
False,414.2124,91.3829,59436.7046016,390,502
False,413.5154,92.26826,59436.73696,356,502
False,412.5538,93.05644,59436.7846528,313,502
False,412.7031,93.4851,59436.8168192,302,502
False,412.8314,93.54575,59436.8481024,300.5,502
False,413.3961,93.59622,59436.8798336,326.5,502
False,413.729,93.73333,59436.9116672,350,502
False,414.2135,93.58321,59436.9437056,357.5,502
False,414.4874,93.52634,59436.9757568,376.5,502
False,414.6151,93.54434,59437.0083456,381.5,502
False,414.4781,93.35549,59437.040384,368.5,502
False,414.4666,93.28771,59437.0720384,369,502
False,414.1692,93.41264,59437.1044352,361.5,502
False,414.05,93.5367,59437.1367168,356.5,502
False,414.1946,93.41941,59437.1842432,364,502
False,414.5547,93.01151,59437.2161536,376.5,502
False,414.7478,92.13999,59437.2478848,390.5,502
False,414.867,91.54914,59437.2798848,398.5,502
False,414.909,91.16524,59437.3117312,408.5,502
False,414.893,91.03257,59437.3437952,414.5,502
False,415.17,90.64502,59437.3768704,423.5,502
False,415.5316,90.35477,59437.4082688,435.5,502
False,415.8416,89.82384,59437.4398464,430.5,502
False,415.7074,89.89488,59437.472,417,502
False,416.0995,89.77937,59437.505408,417,502
False,416.1201,89.68252,59437.5370112,420.5,502
False,416.2994,89.56929,59437.5842816,412.5,502
False,415.944,89.63184,59437.6159232,402,502
False,415.5603,90.09385,59437.647872,360.5,502
False,414.9744,90.79854,59437.6804352,318.5,502
False,414.863,90.5974,59437.7121664,320,502
False,414.7762,90.27,59437.7437696,350,502
False,415.2708,89.77851,59437.7760512,378.5,502
False,415.1482,90.08175,59437.808256,369,502
False,416.0182,89.35034,59437.8399488,411.5,502
False,416.7412,88.97477,59437.8724608,436,502
False,416.2016,91.72241,59437.9046272,296,502
False,419.1124,87.47269,59437.937024,476,502
False,417.1074,90.60484,59437.9839488,296.5,502
False,419.7139,86.334,59438.0159232,498,502
False,419.1243,86.32448,59438.0482048,489.5,502
False,418.8277,86.5022,59438.0802816,490.5,502
False,418.5683,87.0602,59438.1118592,484.5,502
False,419.105,86.74718,59438.143808,503,502
False,419.5072,86.6058,59438.1758976,512,502
False,419.8717,86.73063,59438.2079104,505.5,502
False,419.8476,86.79108,59438.2404608,501,502
False,420.0408,86.5191,59438.2726272,510.5,502
False,419.9781,86.64281,59438.3045888,496,502
False,420.015,86.90583,59438.337152,488.5,502
False,419.9893,86.88223,59438.3841792,501,502
False,421.0305,86.61122,59438.4158848,508,502
False,421.8012,86.7711,59438.4478848,482,502
False,422.1459,86.24568,59438.4797952,521,502
False,422.7119,86.05603,59438.511808,523.5,502
False,423.7933,85.3762,59438.5442688,505.5,502
False,423.8597,85.56532,59438.5764352,483.5,502
False,423.0099,85.83843,59438.607872,490,502
False,422.3983,86.14926,59438.6400896,498,502
False,422.4985,85.67809,59438.672064,510.5,502
False,421.9027,86.21952,59438.7054976,493.5,502
False,421.14,86.82116,59438.7377792,493,502
False,420.4187,87.50263,59438.784,474.5,502
False,420.1866,87.81339,59438.8159616,480.5,502
False,420.0193,87.75813,59438.8479104,492,502
False,419.8974,87.51254,59438.8799488,492,502
False,419.3919,87.62447,59438.912896,517.5,502
False,419.2791,87.47365,59438.9444096,525,502
False,418.9751,87.13551,59438.9759744,535,502
False,418.7758,86.45329,59439.0079744,553,502
False,418.7966,85.17842,59439.0402944,567,502
False,419.3368,83.06815,59439.072192,582,502
False,420.3314,80.8867,59439.105536,609,502
False,421.7211,78.16492,59439.13728,621.5,502
False,423.1952,75.04814,59439.184512,637,502
False,424.4844,71.77186,59439.216064,610,502
False,425.961,69.36041,59439.2481152,615.5,502
False,427.5216,67.19024,59439.2799616,594,502
False,427.8346,65.78876,59439.3120768,596.5,502
False,427.3581,64.51065,59439.3449728,579,502
False,425.7477,64.69136,59439.376,553.5,502
False,424.7629,65.16977,59439.40864,537,502
False,424.1941,65.96272,59439.4403328,541,502
False,424.0389,66.58432,59439.472448,548.5,502
False,423.8276,66.85932,59439.504768,535.5,502
False,423.6413,67.22966,59439.5377024,545,502
False,423.736,67.20419,59439.5846528,557.5,502
False,423.7647,67.23325,59439.616128,564.5,502
False,424.0134,66.83114,59439.6480128,570.5,502
False,423.9124,66.57937,59439.6800384,567,502
False,423.7534,66.53333,59439.7121024,557.5,502
False,423.9042,66.64855,59439.7445248,570.5,502
False,424.4837,65.75144,59439.7760512,607.5,502
False,425.0011,65.30221,59439.8086528,626.5,502
False,425.431,64.80813,59439.8403584,631.5,502
False,425.3017,64.5532,59439.872384,637.5,502
False,425.2572,64.68371,59439.9046528,626,502
False,425.594,64.33959,59439.9377792,612.5,502
False,425.5507,64.8325,59439.9841152,605,502
False,425.3992,65.05388,59440.016128,597,502
False,425.328,65.20181,59440.0480896,590.5,502
False,425.4797,65.30551,59440.0800512,599,502
False,425.4747,65.61436,59440.112512,599,502
False,425.7033,65.28252,59440.1444864,610,502
False,425.5468,65.1281,59440.1761664,605,502
False,425.5468,65.44727,59440.208128,591,502
False,425.8138,65.09462,59440.240384,613,502
False,425.7001,65.24706,59440.2723072,608.5,502
False,425.6999,65.17826,59440.3053312,596.5,502
False,425.7298,64.91702,59440.3378432,604.5,502
False,425.7718,64.77264,59440.384128,605.5,502
False,426.0352,64.48118,59440.416192,615.5,502
False,426.1491,64.24808,59440.4481152,608,502
False,426.1459,63.98771,59440.4800768,610,502
False,426.7501,63.03069,59440.5129856,619,502
False,425.5393,64.14688,59440.5446656,556,502
False,427.5608,61.49191,59440.576128,607.5,502
False,426.0719,62.22977,59440.6082048,552,502
False,426.0826,61.45713,59440.6403456,534.5,502
False,425.838,61.27238,59440.6729472,519.5,502
False,428.0406,59.82233,59440.7053952,591,502
False,426.2266,62.18414,59440.7378048,534,502
False,426.4552,62.34568,59440.7841536,526.5,502
False,427.2582,62.39987,59440.816128,526,502
False,427.3678,62.08697,59440.8485888,527,502
False,426.9836,61.39532,59440.880512,527,502
False,429.7228,58.30376,59440.912192,620,502
False,427.7834,59.72262,59440.9441408,557,502
False,428.1474,59.28993,59440.9764864,553,502
False,428.2409,59.17906,59441.0082688,544.5,502
False,430.593,56.9174,59441.041216,629.5,502
False,429.7835,57.83765,59441.0729344,579,502
False,429.1077,58.48083,59441.1048064,569.5,502
False,428.9686,58.70124,59441.1372416,578.5,502
False,428.8904,58.81023,59441.1842048,573.5,502
False,428.5677,59.19279,59441.2170752,564.5,502
False,428.3732,59.68964,59441.2489984,551.5,502
False,428.3904,59.80012,59441.280832,554.5,502
False,428.7257,59.44078,59441.3127168,575.5,502
False,428.7232,59.54429,59441.3443328,572,502
False,428.5391,59.76548,59441.3764224,573.5,502
False,428.566,59.80158,59441.4084992,569.5,502
False,428.2819,60.05855,59441.4403968,566.5,502
False,428.4502,59.96774,59441.4733312,573.5,502
False,428.5999,60.03717,59441.5054592,569.5,502
False,428.816,60.02739,59441.536384,578,502
False,429.0112,59.70604,59441.5842432,580,502
False,428.761,59.78455,59441.616256,574,502
False,428.9464,59.78305,59441.6482944,568.5,502
False,429.4005,59.57573,59441.6812928,575.5,502
False,429.6335,59.25014,59441.712448,577,502
False,427.3498,60.86908,59441.7442816,496.5,502
False,427.5945,61.30711,59441.7762944,464,502
False,432.1465,57.71569,59441.8089472,612,502
False,429.1113,59.80207,59441.8411008,498.5,502
False,429.7905,59.24479,59441.8728576,519.5,502
False,430.2992,58.97921,59441.9048832,513,502
False,430.9687,58.71058,59441.9365376,527.5,502
False,431.0966,58.95866,59441.9844736,516,502
False,431.4921,58.50378,59442.016448,529,502
False,432.2962,58.04607,59442.0487424,521,502
False,433.2523,57.39827,59442.080768,518.5,502
False,433.476,57.67735,59442.1124608,530.5,502
False,433.9201,57.61274,59442.1443712,513,502
False,433.7668,57.53674,59442.1768064,537.5,502
False,433.3828,58.12521,59442.2089856,492.5,502
False,432.6683,58.2849,59442.2404096,495.5,502
False,431.9982,58.36716,59442.2733056,473,502
False,430.8942,59.22456,59442.3048576,452,502
False,430.3244,59.83649,59442.3382528,448.5,502
False,429.7896,60.40949,59442.3849088,470.5,502
False,429.781,60.56031,59442.4164736,479.5,502
False,429.3744,60.96434,59442.4485632,495.5,502
False,428.981,61.16235,59442.4804864,482.5,502
False,428.8137,60.96446,59442.5126016,483,502
False,428.2056,60.79334,59442.5450624,485.5,502
False,427.6274,60.92888,59442.5768704,501.5,502
False,427.5961,61.30673,59442.6087168,507.5,502
False,427.6149,61.39832,59442.6405376,515.5,502
False,427.9736,61.12244,59442.6726272,529.5,502
False,428.1447,60.50537,59442.705344,542.5,502
False,427.9225,60.36358,59442.7380992,540,502
False,427.7553,60.4093,59442.784512,537.5,502
False,427.7731,60.25801,59442.8165632,535.5,502
False,427.9018,60.14011,59442.8484736,536.5,502
False,427.9635,60.10988,59442.8803456,543,502
False,428.0764,60.16911,59442.9136768,545,502
False,428.2856,60.10367,59442.9450112,545,502
False,428.2007,60.05434,59442.9766144,549,502
False,428.2046,60.0315,59443.0088064,555.5,502
False,428.3171,59.9175,59443.0411392,553.5,502
False,428.4499,59.84101,59443.0726144,553.5,502
False,428.3664,59.87327,59443.1055872,555,502
False,428.5086,59.95617,59443.1380608,540,502
False,428.3552,60.01048,59443.1844352,540.5,502
False,428.2969,60.02158,59443.2164992,540.5,502
False,428.5447,59.94367,59443.2484992,538.5,502
False,428.4081,60.06667,59443.2809984,535,502
False,428.381,60.21651,59443.3129472,535,502
False,427.9904,60.00837,59443.3445888,538,502
False,427.8593,59.67872,59443.3766016,553,502
False,427.646,59.03704,59443.4086784,549,502
False,427.3195,57.94503,59443.4411008,567,502
False,427.5043,57.16445,59443.4734848,564.5,502
False,427.4875,56.74182,59443.5060352,565.5,502
False,427.3198,56.56036,59443.5381632,566,502
False,427.3973,56.27315,59443.5844992,570.5,502
False,427.6917,55.64138,59443.616576,573.5,502
False,427.9017,55.20551,59443.648576,575,502
False,428.1133,54.46236,59443.6806272,573.5,502
False,429.2976,52.60349,59443.7130112,564.5,502
False,430.9278,51.16062,59443.7450496,537.5,502
False,432.1478,50.00159,59443.7766144,522,502
False,431.4954,48.55545,59443.8093312,511,502
False,430.7214,47.63895,59443.8407552,475,502
False,430.6508,45.98488,59443.8732288,441,502
False,430.7891,45.40117,59443.906112,427.5,502
False,431.5937,44.52895,59443.9385728,440.5,502
False,432.7089,43.69395,59443.9845248,446,502
False,434.0029,42.8118,59444.0168704,460.5,502
False,435.2156,41.86802,59444.0486144,468.5,502
False,436.3922,40.83351,59444.0805376,478.5,502
False,437.152,39.70278,59444.1126528,461.5,502
False,437.7513,37.81092,59444.145152,461,502
False,442.6155,31.03601,59444.1765376,615.5,502
False,442.9731,30.69333,59444.2088448,600,502
False,443.0871,30.74753,59444.2407552,591.5,502
False,442.9606,31.28232,59444.272768,575,502
False,442.5934,32.36522,59444.3057536,564.5,502
False,437.985,38.04566,59444.3384448,401.5,502
False,437.688,38.91353,59444.3845504,399,502
False,437.1253,39.91809,59444.4172416,380.5,502
False,436.8016,40.56437,59444.4490752,378,502
False,436.6195,40.89161,59444.4806016,367.5,502
False,436.2702,41.15135,59444.512768,359,502
False,436.3991,41.40699,59444.5447296,357.5,502
False,436.1111,41.93061,59444.5766784,355.5,502
False,436.1461,42.31882,59444.6092032,344.5,502
False,435.7861,43.34011,59444.6408576,319.5,502
False,435.8241,44.00153,59444.6728576,326,502
False,436.1085,44.10109,59444.70528,338,502
False,436.3382,44.29366,59444.7368192,344.5,502
False,436.0164,44.06447,59444.785088,364.5,502
False,435.0976,43.98966,59444.8173696,403,502
False,433.4279,42.03852,59444.8487424,476,502
False,433.7444,43.47471,59444.8812928,435,502
False,432.2256,42.57811,59444.9131648,470.5,502
False,430.6199,42.2439,59444.9447936,492,502
False,428.4762,41.53258,59444.9767936,529.5,502
False,426.2194,40.90027,59445.0088576,551.5,502
False,424.0246,39.76907,59445.0412544,555,502
False,422.5672,38.35317,59445.0733056,554.5,502
False,421.6587,36.91896,59445.1057536,545,502
False,420.6365,36.24825,59445.1368704,546.5,502
False,419.9497,35.51093,59445.184768,534,502
False,418.0612,33.71842,59445.2166272,599,502
False,416.2312,33.68871,59445.2498176,574.5,502
False,413.3497,33.86623,59445.2806912,539.5,502
False,409.3811,34.47061,59445.3129856,516,502
False,406.4221,34.88771,59445.3452928,516.5,502
False,403.4439,34.72457,59445.376768,544,502
False,399.927,34.44369,59445.4087808,513.5,502
False,397.5781,33.7492,59445.4408704,523,502
False,394.4414,33.25929,59445.4729216,538,502
False,391.1878,32.92127,59445.5056256,561,502
False,387.8833,32.99969,59445.5374848,537,502
False,384.2104,33.57809,59445.5851904,500.5,502
False,380.8989,33.8999,59445.6172288,494.5,502
False,377.8238,33.97531,59445.6488064,499.5,502
False,374.7283,34.03188,59445.6809472,481,502
False,372.0995,33.30312,59445.7131648,485.5,502
False,369.4237,32.98141,59445.7448576,520,502
False,366.7505,32.89743,59445.7771392,559,502
False,363.7095,33.48322,59445.808832,576,502
False,360.4216,33.8626,59445.8408576,549.5,502
False,357.0035,34.02085,59445.8729728,527.5,502
False,353.9337,34.51696,59445.9052288,535.5,502
False,351.149,35.71968,59445.9374976,534.5,502
False,348.7131,35.77541,59445.9853312,516.5,502
False,345.9763,35.90337,59446.0169344,514,502
False,343.4175,35.60431,59446.0488448,518.5,502
False,341.3343,35.09969,59446.0813312,530,502
False,339.4518,34.5132,59446.113344,543,502
False,337.6073,34.2417,59446.1449728,547.5,502
False,335.1214,34.3308,59446.176832,526,502
False,332.1456,34.40909,59446.2091648,506,502
False,329.0911,35.2789,59446.2409088,496,502
False,326.7833,35.5155,59446.2736128,521.5,502
False,324.1711,35.66238,59446.305984,505.5,502
False,321.8554,35.15985,59446.3379328,525.5,502
False,320.0927,34.75315,59446.3849856,541.5,502
False,318.8398,34.24181,59446.416896,570,502
False,317.5929,34.06211,59446.4492544,585,502
False,316.4373,34.2108,59446.4813312,583.5,502
False,315.2151,34.26374,59446.5129856,582,502
False,314.4076,34.10046,59446.5448576,579,502
False,314.0433,33.93449,59446.5768192,577.5,502
False,314.4406,33.99209,59446.6089856,569,502
False,314.7393,34.02089,59446.6413568,566.5,502
False,314.742,33.97556,59446.6736,566,502
False,314.3509,33.8934,59446.705728,578.5,502
False,314.7488,33.86377,59446.7378432,564,502
False,314.2051,33.78863,59446.785856,583.5,502
False,314.4234,33.89305,59446.8173952,573.5,502
False,314.7007,33.91572,59446.8491264,573.5,502
False,314.5191,33.82824,59446.8809728,572.5,502
False,314.5329,33.89777,59446.9130368,575.5,502
False,314.5777,33.87254,59446.944896,567.5,502
False,314.6702,33.85439,59446.9773056,570,502
False,314.662,33.92606,59447.0095616,568,502
False,314.5616,33.90456,59447.0415488,574.5,502
False,314.3417,33.89436,59447.0731776,579,502
False,314.6312,33.98503,59447.1061632,568,502
False,314.5659,33.93619,59447.1382272,572,502
False,314.4611,33.92186,59447.1850624,578,502
False,314.6837,33.92958,59447.2176896,568,502
False,314.4673,33.92853,59447.24896,576,502
False,314.3668,33.80928,59447.2818944,578.5,502
False,314.7604,33.96594,59447.3130496,572.5,502
False,314.5974,33.94328,59447.3454336,570,502
False,314.6678,33.97499,59447.3770624,566.5,502
False,314.6308,33.87214,59447.4090624,567,502
False,314.2385,33.64507,59447.4411904,555.5,502
False,313.6805,33.31163,59447.4737152,553,502
False,312.6474,33.34281,59447.505792,510,502
False,311.4173,34.01658,59447.538432,492.5,502
False,308.0794,35.91448,59447.5851136,514.5,502
False,306.5346,36.9075,59447.6171136,522.5,502
False,304.9426,37.98053,59447.6495104,513.5,502
False,303.9401,38.41018,59447.6817792,520.5,502
False,303.7337,37.86566,59447.7130368,495,502
False,303.166,37.61283,59447.745024,483,502
False,302.6244,37.51065,59447.777536,485,502
False,302.3344,37.4851,59447.809472,486.5,502
False,302.5911,37.4462,59447.8412416,474,502
False,302.6684,37.54201,59447.873344,488,502
False,302.7197,37.60985,59447.9058944,484,502
False,302.7985,37.41763,59447.9384192,476.5,502
False,302.3948,37.63337,59447.9860608,490.5,502
False,301.3741,38.07951,59448.0177408,490.5,502
False,299.7956,39.0101,59448.0495744,495,502
False,298.8268,40.39506,59448.0812544,459,502
False,302.206,41.67258,59448.1130496,366.5,502
False,301.8617,42.56117,59448.1455104,376,502
False,300.6269,43.16356,59448.1770624,402.5,502
False,299.7746,43.17535,59448.209472,403,502
False,298.5948,43.17628,59448.2412928,424.5,502
False,297.8551,42.85475,59448.2733824,428,502
False,297.4343,43.09491,59448.3065088,439,502
False,296.6436,43.37724,59448.3388672,455.5,502
False,295.5888,43.7228,59448.385216,484,502
False,293.819,44.80933,59448.417152,500,502
False,291.8654,45.98049,59448.4492288,512.5,502
False,289.5091,46.9963,59448.4812032,540.5,502
False,287.3949,47.8873,59448.5136768,560.5,502
False,286.1703,48.2755,59448.5451648,573.5,502
False,285.1242,48.64422,59448.5776512,586.5,502
False,284.2803,49.04558,59448.6098048,559.5,502
False,284.2172,49.45194,59448.6418816,541,502
False,284.3972,49.89194,59448.673408,527.5,502
False,284.6875,49.84188,59448.7059456,536.5,502
False,284.3771,49.42954,59448.7383552,540.5,502
False,284.3333,49.25669,59448.7852928,548,502
False,284.5193,49.24156,59448.8175104,543,502
False,284.2473,49.31686,59448.8491392,546.5,502
False,284.5827,49.51966,59448.881344,534,502
False,284.2233,49.45707,59448.913088,545.5,502
False,284.016,50.20483,59448.945152,552.5,502
False,283.4165,50.69153,59448.9776896,543,502
False,282.523,51.03252,59449.010048,553.5,502
False,281.3193,51.34492,59449.0413952,546.5,502
False,279.7733,52.16387,59449.0737792,565.5,502
False,277.2253,53.08833,59449.1065344,551,502
False,274.1942,53.88754,59449.1384832,536.5,502
False,271.5268,53.73611,59449.1853696,528,502
False,268.5037,53.0618,59449.2173312,520.5,502
False,265.7625,52.68665,59449.2495488,492,502
False,263.1609,53.39069,59449.2815488,479.5,502
False,261.8935,54.74179,59449.3134976,457,502
False,261.179,55.66953,59449.3451392,465.5,502
False,260.4811,55.8827,59449.3774208,449,502
False,259.421,55.90845,59449.4093568,426,502
False,257.9134,55.19585,59449.4413824,425.5,502
False,257.4787,54.43524,59449.4739584,410.5,502
False,256.6765,53.12402,59449.5057152,404.5,502
False,255.4868,52.06766,59449.5378688,404,502
True,250.4292,51.01701,59449.5853568,509.5,502
False,253.5182,53.97039,59449.6174208,371.5,502
False,253.597,54.58164,59449.6497792,368.5,502
True,249.8954,53.70956,59449.6818816,443,502
False,254.9251,56.05222,59449.7137152,316,502
False,251.5882,55.05529,59449.7452928,410,502
False,253.1381,55.10044,59449.7773312,416.5,502
False,257.856,55.58848,59449.8096512,364.5,502
False,257.4272,55.35829,59449.8418304,394,502
False,256.0719,55.29796,59449.8738816,433.5,502
False,254.8537,55.25381,59449.905984,459,502
False,253.6065,55.42712,59449.9385728,490.5,502
False,252.6792,55.53887,59449.9853824,506,502
False,251.8624,55.52191,59450.0173824,513.5,502
False,251.1096,55.54864,59450.0497664,514,502
True,250.2578,55.32549,59450.0818816,531.5,502
True,249.0513,55.33671,59450.1134336,542.5,502
True,247.5723,55.51573,59450.1457152,551,502
True,245.4328,55.61536,59450.177408,575,502
True,244.4876,55.5206,59450.2098816,570.5,502
True,245.3972,54.68465,59450.2414976,556,502
True,247.2673,54.03832,59450.2735872,535,502
True,249.0968,52.71268,59450.3067008,518,502
True,250.6741,52.12685,59450.3386368,519,502
False,252.5049,51.58856,59450.385408,510,502
False,254.6813,52.53046,59450.4178688,522.5,502
False,256.2364,53.30496,59450.4493312,534.5,502
False,256.6142,52.90811,59450.4817024,511.5,502
False,256.2634,53.06926,59450.5138688,500.5,502
False,255.8347,53.77279,59450.5453696,501,502
False,255.6915,54.87288,59450.5774592,510,502
False,255.0832,57.09476,59450.6104832,503,502
False,254.9717,59.63929,59450.6416384,523.5,502
False,255.1229,62.24977,59450.6736896,550.5,502
False,255.6369,64.77084,59450.7068288,544,502
False,256.4219,67.04131,59450.7393536,528.5,502
False,257.4611,69.67898,59450.7859968,541.5,502
False,258.8588,72.80515,59450.8175232,550,502
False,260.6229,76.49188,59450.8495232,575,502
False,263.7555,80.40757,59450.8815616,572.5,502
False,267.232,84.39642,59450.913536,549.5,502
False,271.5615,88.14433,59450.9458176,548.5,502
False,276.4728,92.8727,59450.9776,563,502
False,279.5519,97.49529,59451.0094336,547.5,502
False,282.2516,102.5677,59451.0416128,542.5,502
False,284.5725,107.5638,59451.0735872,557.5,502
False,286.9543,111.2874,59451.1065216,566,502
False,289.7058,112.727,59451.1399808,549.5,502
False,292.2046,112.8027,59451.1860224,554,502
False,294.171,113.3971,59451.217472,559.5,502
False,295.9619,116.0606,59451.2495104,550.5,502
False,296.7552,120.0098,59451.2816896,525.5,502
False,296.9871,123.8363,59451.3136384,528.5,502
False,297.4041,127.4522,59451.3463424,558,502
False,300.0053,130.6802,59451.3779584,566.5,502
False,303.735,132.6737,59451.4096512,548.5,502
False,307.8659,134.2011,59451.4416768,549.5,502
False,312.2797,135.6314,59451.4736384,571.5,502
False,315.6469,137.6764,59451.5060992,565,502
False,318.2835,139.0378,59451.539328,568.5,502
False,320.2117,140.3622,59451.5857408,566,502
False,322.1185,141.9569,59451.6175488,572.5,502
False,324.4456,143.5171,59451.6495488,559.5,502
False,326.3351,144.8302,59451.6817664,580,502
False,328.7027,145.7486,59451.7147136,551,502
False,329.0844,147.195,59451.7460608,444.5,502
False,331.8606,145.4907,59451.7776128,565.5,502
False,333.4391,145.3525,59451.8096768,566,502
False,335.0853,145.6305,59451.8417024,557,502
False,336.6834,145.741,59451.8737408,558.5,502
False,337.4496,145.8853,59451.9064832,540.5,502
False,337.5212,146.34,59451.9537024,549,502
False,338.2804,146.9606,59451.9856384,554.5,502
False,340.8511,146.8948,59452.0177152,564,502
False,344.0366,147.9092,59452.0497536,611,502
False,347.4114,148.3756,59452.0825728,627.5,502
False,350.6913,148.487,59452.1139328,602,502
False,353.4243,147.9082,59452.1455744,573.5,502
False,356.8365,147.4447,59452.177728,573,502
False,359.909,147.8328,59452.2096512,595,502
False,362.6459,148.1874,59452.2417536,626,502
False,364.1158,148.5912,59452.2737408,627.5,502
False,365.7323,148.7299,59452.3064448,622.5,502
False,367.4187,148.8573,59452.3541632,619,502
False,368.7661,148.7343,59452.3861888,608.5,502
False,369.418,148.6256,59452.4176,604.5,502
False,369.9774,148.8058,59452.449792,599,502
False,370.6467,149.0691,59452.4818432,583.5,502
False,371.1313,149.1756,59452.5135872,568.5,502
False,371.1526,148.7978,59452.546048,568,502
False,370.4492,148.3704,59452.577664,566.5,502
False,370.4626,148.4598,59452.6096256,582.5,502
False,370.5131,148.448,59452.641792,587,502
False,370.3882,148.5612,59452.6738688,589.5,502
False,370.3245,148.5359,59452.7071744,585,502
False,370.2172,148.4806,59452.7542912,594,502
False,370.0941,148.0778,59452.785856,561.5,502
False,370.8191,148.3143,59452.8177152,551,502
False,369.7104,143.7234,59452.8496896,282,502
False,371.491,153.7026,59452.8818944,260,502
False,370.5947,143.354,59452.9141888,250,502
False,369.9403,143.704,59452.9460736,276.5,502
False,370.2659,143.944,59452.977728,291.5,502
False,369.8257,143.9379,59453.0096384,292.5,502
False,369.9906,144.3527,59453.0418176,318.5,502
False,369.9027,148.4508,59453.0745088,553.5,502
False,369.8355,148.3012,59453.1069952,565.5,502
False,369.8775,147.9973,59453.153856,562,502
False,370.7515,148.5477,59453.1859456,599.5,502
False,371.0161,148.7131,59453.2178304,600,502
False,371.281,148.5875,59453.249856,583,502
False,371.9617,148.5022,59453.2829952,600,502
False,373.9765,148.59,59453.3141632,611,502
False,376.5927,148.0829,59453.345728,575,502
False,380.2555,148.0633,59453.3776896,574,502
False,383.9978,148.6959,59453.4105472,598,502
False,386.5148,150.1391,59453.4419712,483,502
False,390.1621,149.3638,59453.474432,531.5,502
False,393.3138,148.2615,59453.5065856,580,502
False,396.3647,147.172,59453.5539712,578.5,502
False,399.1544,146.8433,59453.5868544,569,502
False,401.5817,147.2731,59453.6182912,573,502
False,403.6205,148.0663,59453.6498688,588,502
False,405.8169,148.5527,59453.6818176,602.5,502
False,408.0168,148.3095,59453.7137408,595.5,502
False,410.3521,148.3094,59453.7458048,578.5,502
False,412.3994,147.8652,59453.778112,582.5,502
False,414.0724,147.4829,59453.8099584,570.5,502
False,414.8254,146.9463,59453.8420352,571,502
False,414.8018,146.3441,59453.8740992,556,502
False,414.815,146.0115,59453.9066496,550.5,502
False,415.1323,145.7944,59453.9543936,545.5,502
False,415.7665,145.6201,59453.9862912,562.5,502
False,416.1066,145.4814,59454.0177664,542.5,502
False,416.0783,146.5082,59454.0498048,549,502
False,416.7632,147.1553,59454.08224,556,502
False,417.3784,146.8005,59454.114304,551.5,502
False,417.6357,146.4135,59454.1458304,549,502
False,418.3539,146.1366,59454.1778176,559,502
False,419.0444,145.8077,59454.2098688,552,502
False,419.7358,145.17,59454.2424704,547,502
False,420.5564,144.4464,59454.2752256,538,502
False,421.6235,143.4859,59454.3066752,548.5,502
False,422.8622,142.5549,59454.3540864,565,502
False,424.0164,141.2993,59454.386304,568,502
False,425.4821,140.5231,59454.4180096,577,502
False,427.24,139.7463,59454.449984,605,502
False,428.3313,139.1572,59454.4818688,578,502
False,429.2061,138.1998,59454.5145856,576.5,502
False,428.7211,137.6489,59454.5459072,554,502
False,428.3194,136.6973,59454.5783168,539,502
False,428.538,136.0447,59454.6099712,544,502
False,428.994,136.0964,59454.6420992,531,502
False,429.5339,136.8366,59454.6742528,511,502
False,429.7969,138.6012,59454.7068032,524.5,502
False,430.4478,139.3705,59454.7547392,528.5,502
False,431.3519,138.5017,59454.785984,583,502
False,430.6576,138.004,59454.8183552,586,502
False,429.8356,136.8298,59454.8500736,550.5,502
False,429.5594,135.4705,59454.8818688,556.5,502
False,429.7232,133.3037,59454.9139328,568.5,502
False,430.0328,132.4064,59454.94592,579,502
False,430.1005,131.6957,59454.9783808,580.5,502
False,430.1149,131.2568,59455.009984,581.5,502
False,430.1484,130.9024,59455.0426752,570.5,502
False,430.2674,130.5529,59455.075008,576,502
False,430.4437,129.8165,59455.1070464,583,502
False,430.5172,128.7157,59455.1546368,577.5,502
False,430.8731,127.6949,59455.186688,584.5,502
False,431.3623,126.7561,59455.218048,587,502
False,431.8775,126.1399,59455.2499968,585,502
False,432.4721,125.7752,59455.2819968,571.5,502
False,432.2077,124.9334,59455.31424,581,502
False,431.4583,124.5901,59455.3467776,575,502
False,431.0273,124.0218,59455.3784832,581,502
False,431.0048,123.3689,59455.410112,590,502
False,430.859,122.6244,59455.4420992,591,502
False,430.714,121.6534,59455.4741888,588.5,502
False,430.8504,120.4109,59455.5065344,599.5,502
False,431.2289,119.2811,59455.5545088,613,502
False,431.3247,118.4533,59455.5860864,621,502
False,431.5128,117.4318,59455.6181376,629.5,502
False,431.4386,116.6535,59455.650048,635,502
False,431.4101,115.9979,59455.6820096,649.5,502
False,431.3847,115.6825,59455.7146368,652.5,502
False,431.4896,115.3982,59455.7464832,658,502
False,431.5912,115.0866,59455.7787008,658.5,502
False,431.6854,114.7031,59455.8101632,677.5,502
False,431.7402,114.2474,59455.842112,684.5,502
False,431.6686,113.4149,59455.874944,674,502
False,432.3311,111.8848,59455.9064704,664,502
False,432.5542,110.4832,59455.9547648,619.5,502
False,431.7087,109.2839,59455.9866752,610,502
False,431.2903,108.1087,59456.01856,612,502
False,431.3344,106.6815,59456.050176,617,502
False,431.4863,104.794,59456.082112,619,502
False,431.6264,102.8823,59456.114112,621.5,502
False,431.7101,101.534,59456.1462016,610.5,502
False,431.8394,100.165,59456.178752,609,502
False,431.5992,97.86802,59456.2108416,615,502
False,431.4027,95.05474,59456.242112,615,502
False,431.9698,91.74818,59456.27488,597,502
False,431.8987,89.01075,59456.306816,589,502
False,431.6578,86.54192,59456.354752,566.5,502
False,430.3343,84.73426,59456.3867264,540,502
False,429.2898,82.9583,59456.4181504,535.5,502
False,429.0345,80.7933,59456.4500992,537,502
False,428.856,78.6044,59456.4826112,530,502
False,428.7927,76.10333,59456.514688,535.5,502
False,428.9599,73.99046,59456.5460352,524,502
False,429.8195,72.00346,59456.5780608,530,502
False,430.582,70.56934,59456.6104448,500,502
False,430.1807,70.50443,59456.6427392,451,502
False,428.5324,69.97032,59456.6747392,460.5,502
False,428.208,70.21338,59456.7069184,433.5,502
False,428.2626,70.24249,59456.7543296,438.5,502
False,428.2989,70.15997,59456.7861376,435.5,502
False,428.489,69.88184,59456.818176,417.5,502
False,428.7004,70.51031,59456.850624,420,502
False,428.6402,71.16792,59456.8827008,397,502
False,428.3654,71.1823,59456.9143808,405,502
False,428.3954,71.14,59456.9462272,400,502
False,428.3227,70.90939,59456.9782016,406.5,502
False,428.2263,70.64916,59457.0102272,419,502
False,428.7646,70.56583,59457.0427136,400,502
False,428.7094,70.72769,59457.07488,401.5,502
False,428.5849,70.70601,59457.1072128,377,502
False,428.312,70.98959,59457.1543552,368,502
False,428.8652,71.39494,59457.1861632,376,502
False,428.8815,70.93797,59457.2187904,360,502
False,429.025,71.0406,59457.2508672,373.5,502
False,428.7522,71.08111,59457.282176,374,502
False,428.6284,70.6662,59457.3144192,357.5,502
False,428.4904,70.71736,59457.3464192,371.5,502
False,428.3676,70.02579,59457.3784448,336,502
False,428.624,70.56268,59457.4107904,359,502
False,428.4064,70.68505,59457.4426752,353.5,502
False,428.6159,70.57281,59457.4743936,344.5,502
False,428.4813,70.62202,59457.5066496,343.5,502
False,428.2612,70.76517,59457.5543296,335,502
False,428.7624,70.72731,59457.5863168,371,502
False,428.7675,70.33871,59457.6187904,372,502
False,428.7982,70.28188,59457.6507776,372.5,502
False,428.4681,70.2203,59457.6824832,376,502
False,428.6813,70.0937,59457.7143552,386,502
False,428.6382,69.64517,59457.7468416,380,502
False,429.0702,69.97446,59457.7787392,365.5,502
False,428.931,69.88565,59457.8104448,360,502
False,428.9082,70.08018,59457.842432,357.5,502
False,428.9443,69.90078,59457.8752896,383,502
False,429.1055,69.89182,59457.9071616,379,502
False,429.0692,69.92996,59457.9543808,385.5,502
False,428.8823,70.06693,59457.9863296,381,502
False,428.7875,69.40793,59458.0184448,353,502
False,429.1512,69.70365,59458.0509824,360.5,502
False,428.874,69.37115,59458.0829184,357,502
False,428.8351,69.71481,59458.1144704,367,502
False,428.744,69.49236,59458.1464064,349,502
False,428.7515,69.9527,59458.1783168,373.5,502
False,428.6767,69.71817,59458.2108288,349.5,502
False,428.8064,69.85108,59458.2425216,361.5,502
False,428.7818,69.59814,59458.2745088,357.5,502
False,428.9458,69.82834,59458.3072256,350.5,502
False,428.7856,69.58369,59458.354496,347.5,502
False,428.7808,69.69249,59458.3868928,355,502
False,428.7882,70.04845,59458.4190976,371.5,502
False,428.8695,69.98225,59458.45056,375.5,502
False,428.8929,69.97088,59458.4825344,372,502
False,428.6151,69.94892,59458.515648,372,502
False,428.7205,69.96306,59458.5469184,374.5,502
False,428.7149,69.83624,59458.5783808,373.5,502
False,428.3663,69.86764,59458.6107392,379,502
False,428.4087,69.37367,59458.6425984,376,502
False,428.4048,69.5061,59458.674688,368.5,502
False,428.5388,69.45317,59458.70784,375.5,502
False,428.7437,69.57238,59458.7544704,376.5,502
False,428.662,69.62859,59458.7865856,354.5,502
False,428.3193,69.80834,59458.8186752,343.5,502
False,428.5756,69.94121,59458.8505088,351.5,502
False,428.5992,69.96175,59458.88288,353,502
False,428.5063,70.04623,59458.9152768,360.5,502
False,428.3894,69.76463,59458.9467776,350.5,502
False,428.4521,69.4353,59458.9783936,346.5,502
False,428.4915,69.4435,59459.010432,351,502
False,428.5836,69.52754,59459.0424832,351,502
False,428.5705,69.22222,59459.0752512,346.5,502
False,428.4361,69.90665,59459.1081728,353.5,502
False,428.6404,69.59864,59459.15488,343,502
False,428.512,69.57056,59459.1866496,355.5,502
False,428.4892,69.73149,59459.2187264,362.5,502
False,428.54,69.59357,59459.2505856,358,502
False,428.6671,69.54486,59459.282496,358.5,502
False,428.593,69.54558,59459.3148928,362,502
False,428.6631,69.51087,59459.3470976,368,502
False,428.6866,69.37495,59459.3784832,368.5,502
False,428.6289,69.22591,59459.4109952,361.5,502
False,428.7728,69.4418,59459.442624,358,502
False,428.5307,69.45357,59459.4753024,371.5,502
False,428.5373,69.38128,59459.5070336,368.5,502
False,428.3024,69.21438,59459.5546752,382.5,502
False,428.2263,69.42005,59459.5866624,369,502
False,428.8055,69.14181,59459.618688,385.5,502
False,429.2534,68.54223,59459.650496,408.5,502
False,428.8736,68.33144,59459.68288,439,502
False,428.9608,67.70084,59459.715008,458.5,502
False,428.7027,67.12254,59459.7465472,481.5,502
False,428.3467,66.32195,59459.7786624,498,502
False,428.3378,65.20354,59459.8115328,517.5,502
False,428.9635,63.6767,59459.8428672,548,502
False,430.0645,60.95633,59459.8748544,591.5,502
False,431.1287,57.80006,59459.9078144,603.5,502
False,432.0014,55.37225,59459.9547008,582.5,502
False,431.7899,54.08218,59459.9867392,543.5,502
False,430.6205,52.67678,59460.019072,560,502
False,429.3759,52.57978,59460.0509312,504.5,502
False,428.86,52.33901,59460.0829952,499,502
False,428.1775,52.32024,59460.1149312,483.5,502
False,427.5866,52.24816,59460.146496,452,502
False,427.6045,52.04399,59460.1787264,439.5,502
False,427.6171,51.65052,59460.2106624,444,502
False,428.0234,51.30801,59460.2434432,441,502
False,428.1776,51.56362,59460.275328,427,502
False,428.5313,51.38928,59460.3079296,426,502
False,428.9709,51.29876,59460.3548288,429,502
False,429.3397,51.07225,59460.386688,417.5,502
False,429.5807,51.26908,59460.4186496,399.5,502
False,429.7455,51.4327,59460.4505728,397.5,502
False,429.8463,51.20297,59460.4830464,392.5,502
False,429.962,51.30311,59460.515008,386,502
False,430.1115,51.54489,59460.5465984,375,502
False,430.1013,51.49192,59460.5787776,381.5,502
False,430.3302,51.45292,59460.610688,373.5,502
False,430.5069,51.33808,59460.6436736,386,502
False,430.6962,51.15105,59460.6754944,389.5,502
False,430.536,51.22761,59460.7074944,381.5,502
False,430.5248,51.17314,59460.75488,373.5,502
False,430.4201,51.2443,59460.786752,372.5,502
False,430.4594,51.29744,59460.818624,371.5,502
False,430.4251,51.45827,59460.8509056,361.5,502
False,430.2375,51.38912,59460.8831744,358.5,502
False,430.5141,51.50994,59460.9146624,360.5,502
False,430.4184,51.543,59460.946688,358.5,502
False,430.4516,51.42505,59460.9788416,358,502
False,430.2161,51.26413,59461.010752,354,502
False,430.6388,51.38721,59461.0434688,365,502
False,430.5832,51.56109,59461.0753152,361.5,502
False,430.5044,51.59336,59461.1083136,361.5,502
False,430.3054,51.70158,59461.155648,358,502
False,430.4823,51.76303,59461.1868032,358,502
False,430.3761,51.69642,59461.2186752,358.5,502
False,430.5019,51.54478,59461.2506368,361,502
False,430.4153,51.32623,59461.282752,352,502
False,430.2931,51.38889,59461.3151104,360,502
False,430.0989,51.47679,59461.3467008,359,502
False,430.4133,51.57164,59461.3787136,342,502
False,430.2568,51.50991,59461.4109184,361.5,502
False,430.2927,51.51447,59461.4430464,357,502
False,430.1852,51.36334,59461.4756352,355.5,502
False,430.2692,51.22094,59461.507968,345.5,502
False,430.2621,51.14451,59461.5549824,346,502
False,430.2945,51.23532,59461.587008,360.5,502
False,430.0458,50.92476,59461.6191872,334.5,502
False,430.6981,50.82493,59461.6512,377,502
False,430.5882,50.28734,59461.682816,395,502
False,430.2094,50.22208,59461.7147904,406,502
False,430.3609,50.18747,59461.7467392,404.5,502
False,430.2754,49.90375,59461.7788544,422.5,502
False,429.8561,50.01112,59461.811264,449.5,502
False,429.13,50.15257,59461.8435712,473,502
False,428.6249,50.04213,59461.8751232,494.5,502
False,428.967,49.61606,59461.9087488,510.5,502
False,429.4807,49.39294,59461.955264,514.5,502
False,429.6156,49.80569,59461.9867904,515.5,502
False,430.2594,50.21851,59462.0189184,509.5,502
False,430.8401,50.24903,59462.0507648,516,502
False,430.823,50.56749,59462.0828544,507.5,502
False,430.7127,50.39358,59462.1151232,503.5,502
False,430.6064,50.27499,59462.1468032,508.5,502
False,430.9579,50.32452,59462.1788928,510.5,502
False,431.103,50.20037,59462.2109696,534,502
False,430.9267,50.08083,59462.2430592,532,502
False,430.4697,49.72359,59462.2755712,547.5,502
False,430.2303,49.37993,59462.3083136,558,502
False,430.3238,49.22985,59462.3549952,560.5,502
False,430.5077,48.9493,59462.3872512,555.5,502
False,430.2242,48.83622,59462.4193152,577,502
False,430.2448,48.7204,59462.450816,580,502
False,429.7258,48.56303,59462.4828032,572.5,502
False,429.7451,48.41782,59462.5149824,578,502
False,429.742,48.42548,59462.5469056,586,502
False,429.8077,48.32561,59462.5793536,582.5,502
False,429.8162,48.07832,59462.6113792,589.5,502
False,430.1138,48.06392,59462.6431616,594.5,502
False,429.9815,48.12194,59462.6751616,585,502
False,429.7877,47.81654,59462.7075968,600.5,502
False,429.895,47.39021,59462.7549952,612.5,502
False,429.7775,47.26843,59462.7876224,624,502
False,429.7342,46.79863,59462.8189312,631.5,502
False,429.7975,46.97892,59462.851264,640.5,502
False,429.8397,47.1672,59462.882816,625,502
False,430.0858,47.45294,59462.9155328,621.5,502
False,430.5075,47.93715,59462.9474688,602,502
False,430.4747,48.17305,59462.97888,600,502
False,430.81,48.25615,59463.0111488,589.5,502
False,430.6524,48.35041,59463.0432,585.5,502
False,430.5148,48.58126,59463.075264,581.5,502
False,430.6208,48.48167,59463.1081984,595.5,502
False,430.5303,48.5417,59463.1553792,585.5,502
False,430.4315,48.58762,59463.1869824,584,502
False,430.403,48.48758,59463.218944,583.5,502
False,430.5212,48.54992,59463.2516992,581,502
False,430.4749,48.46339,59463.283328,580.5,502
False,430.4957,48.55987,59463.3149056,579,502
False,430.0796,48.42998,59463.3473408,576,502
False,430.1035,48.60332,59463.3790336,581.5,502
False,430.1169,48.45521,59463.4110848,567.5,502
False,429.8706,48.63128,59463.443136,574.5,502
False,430.4963,48.81003,59463.4752768,561.5,502
False,430.0732,48.50301,59463.5078912,580.5,502
False,430.1331,48.54319,59463.55584,575,502
False,430.0144,48.44482,59463.5871104,589,502
False,430.0184,48.40738,59463.6192128,587.5,502
False,430.1693,48.30814,59463.6509696,595.5,502
False,430.3759,48.0486,59463.6831872,610.5,502
False,430.4365,48.13602,59463.7155968,609,502
False,430.496,48.23996,59463.7478656,601.5,502
False,430.3812,48.28355,59463.7790208,606,502
False,430.5274,48.28913,59463.8116992,599.5,502
False,430.4113,48.35076,59463.8432256,602.5,502
False,430.4122,48.26667,59463.8753024,602.5,502
False,430.4469,48.59209,59463.9089792,585.5,502
False,430.2891,48.92159,59463.9555584,584.5,502
False,430.5912,48.88889,59463.9871232,570,502
False,430.41,48.84143,59464.0190848,576,502
False,430.3916,48.67326,59464.0511744,581,502
False,430.2891,48.49515,59464.0831488,584,502
False,430.413,48.078,59464.1154816,594,502
False,430.3237,48.14209,59464.147264,590,502
False,430.523,48.12949,59464.1790848,589.5,502
False,430.4529,48.28864,59464.2111744,585.5,502
False,430.693,48.42052,59464.2432256,583,502
False,430.498,48.24096,59464.2764416,590,502
False,430.5401,48.2537,59464.307968,596.5,502
False,430.8411,48.0984,59464.3552896,603,502
False,430.9754,48.11037,59464.3875584,602.5,502
False,430.8474,47.92206,59464.4193792,603,502
False,430.8988,48.11925,59464.4516736,601,502
False,431.1406,47.88607,59464.4835456,611.5,502
False,431.0254,48.02895,59464.5151104,604.5,502
False,431.038,48.20973,59464.5471488,596,502
False,430.9747,48.48666,59464.579136,587,502
False,430.9729,48.27358,59464.6116224,602.5,502
False,431.0464,48.59243,59464.6440832,586,502
False,431.0202,48.54039,59464.6754304,586,502
False,431.0832,48.46129,59464.708352,577,502
False,430.8851,48.27203,59464.7556736,603.5,502
False,430.9035,48.24307,59464.7873664,589,502
False,430.8585,48.41483,59464.8192768,589,502
False,430.9561,48.37292,59464.8512384,581,502
False,430.6605,48.34119,59464.8841088,594,502
False,430.9054,48.29235,59464.9155456,581.5,502
False,430.1323,47.49126,59464.9472256,591,502
False,429.5562,46.37575,59464.9791616,585.5,502
False,428.723,45.04404,59465.0112128,571.5,502
False,427.6481,43.45172,59465.0433536,557.5,502
False,426.4022,42.44613,59465.0760192,561.5,502
False,425.5117,41.91143,59465.108352,549.5,502
False,425.6362,41.36129,59465.1554944,530.5,502
False,425.4303,40.03679,59465.1874304,521,502
False,424.6124,38.86233,59465.2198144,491.5,502
False,423.3065,38.47696,59465.251392,466.5,502
False,421.3731,38.36254,59465.28352,456.5,502
False,419.121,37.47799,59465.3152512,450.5,502
False,416.9358,36.2899,59465.3473536,449,502
False,414.9239,34.5644,59465.3795328,477.5,502
False,412.6163,33.02307,59465.4112512,513,502
False,409.2235,32.54843,59465.4434432,514.5,502
False,406.2726,32.21811,59465.4755712,513.5,502
False,402.9676,31.68134,59465.5081472,488.5,502
False,399.3018,31.74402,59465.5561216,502,502
False,396.5591,32.45475,59465.5872128,506.5,502
False,394.2559,32.45561,59465.6197504,527.5,502
False,391.4738,32.40647,59465.6521088,515,502
False,388.5368,32.95997,59465.6832256,495.5,502
False,385.1586,33.00857,59465.7157376,505.5,502
False,382.3949,33.08048,59465.7473536,511.5,502
False,379.2142,32.9776,59465.7798272,491,502
False,376.8953,33.29867,59465.8116352,452,502
False,374.2684,34.3917,59465.8434432,434,502
False,371.9881,34.44682,59465.8754816,421.5,502
False,368.7827,34.59328,59465.9083008,406.5,502
False,365.7543,33.94109,59465.9553792,430,502
False,363.1441,32.75695,59465.9876992,461.5,502
False,360.7094,32.66357,59466.019328,484,502
False,357.4011,32.56517,59466.0514176,514,502
False,353.4691,32.79816,59466.0832512,507,502
False,349.8182,33.28706,59466.1153024,511.5,502
False,346.677,34.85886,59466.1479424,499.5,502
False,344.3288,35.64518,59466.1792512,512,502
False,342.0607,35.90218,59466.211776,480.5,502
False,340.1598,35.22471,59466.2434432,469.5,502
False,338.0529,35.04628,59466.275904,479,502
False,335.2444,35.38168,59466.3087616,493,502
False,333.2577,35.65422,59466.355456,495.5,502
False,330.5251,35.76818,59466.3875456,474.5,502
False,328.4698,36.21492,59466.419456,471.5,502
False,326.8748,36.90879,59466.4513792,460.5,502
False,325.2832,37.50018,59466.4838272,475.5,502
False,323.1148,37.87885,59466.5157504,470.5,502
False,321.7335,37.87449,59466.5472896,451.5,502
False,320.9667,37.34406,59466.5796224,435,502
False,320.2665,37.19855,59466.6135296,436.5,502
False,319.6513,37.14879,59466.6447744,433.5,502
False,318.7295,37.01927,59466.6763264,432.5,502
False,317.8085,36.98923,59466.7088256,433.5,502
False,317.4046,37.01562,59466.7558784,437.5,502
False,317.1183,37.2188,59466.7879168,438,502
False,317.5382,37.12353,59466.81984,438.5,502
False,317.5778,37.11238,59466.8521088,439,502
False,317.6394,37.09822,59466.8838272,439.5,502
False,317.739,37.24608,59466.9153408,435.5,502
False,317.846,37.13664,59466.9474816,433,502
False,317.9104,37.06682,59466.9793792,431.5,502
False,317.8877,37.16841,59467.0125696,430.5,502
False,317.9549,37.15773,59467.0440192,429,502
False,318.0872,37.18975,59467.0755456,426,502
False,318.1133,37.20549,59467.108672,425,502
False,318.0448,37.20522,59467.1561088,428,502
False,318.1616,37.27064,59467.1878016,428,502
False,318.0651,37.21754,59467.220672,427.5,502
False,318.0035,37.20985,59467.25184,426.5,502
False,317.8328,37.21684,59467.2834304,433.5,502
False,318.0305,37.25579,59467.3155072,432,502
False,317.8716,37.17092,59467.3475712,431,502
False,317.9599,37.33295,59467.3794176,432.5,502
False,318.053,37.16647,59467.41184,424.5,502
False,318.0487,37.17778,59467.4441088,427.5,502
False,318.1222,37.24796,59467.4758016,429.5,502
False,317.9643,37.08745,59467.5083136,425,502
False,317.2363,36.87031,59467.5556864,448.5,502
False,315.519,37.17491,59467.5884672,465,502
False,313.8719,37.91858,59467.619904,479,502
False,312.3018,39.37071,59467.6514816,486,502
False,311.1176,40.29347,59467.6837888,497.5,502
False,310.4456,40.80719,59467.7154432,500.5,502
False,310.6499,40.77431,59467.7474432,497,502
False,311.0253,40.37355,59467.7798144,501.5,502
False,311.5698,39.88933,59467.8115328,506,502
False,311.6803,39.51379,59467.8436864,501.5,502
False,311.6521,39.2589,59467.8756864,515,502
False,311.4411,38.93888,59467.9087232,529,502
False,311.3154,38.74102,59467.9559168,520,502
False,310.8321,38.71689,59467.9879424,521,502
False,310.8338,38.78858,59468.0194432,519.5,502
False,310.6539,38.8037,59468.0515072,523,502
False,310.7896,38.6586,59468.084032,516.5,502
False,310.7089,38.87417,59468.1156736,528.5,502
False,310.8184,38.96561,59468.1479808,518.5,502
False,310.6762,38.9254,59468.1803264,525,502
False,310.6284,38.95294,59468.2117248,513.5,502
False,310.8959,39.02273,59468.2437504,506,502
False,310.5555,39.22601,59468.2761728,514,502
False,310.3019,38.99051,59468.3081984,509.5,502
False,310.4729,38.33367,59468.3556864,500.5,502
False,310.8651,37.84469,59468.3875968,499,502
False,310.9325,37.62492,59468.4196224,499,502
False,310.5494,37.7087,59468.451968,507.5,502
False,309.3953,37.79186,59468.4835456,532.5,502
False,309.2918,37.55993,59468.5158912,521.5,502
False,309.0023,37.58977,59468.5476608,518,502
False,308.9691,37.82824,59468.579712,507.5,502
False,308.7646,38.08111,59468.6117504,505.5,502
False,308.2221,38.45166,59468.6439296,515.5,502
False,308.2216,38.53791,59468.6774144,510,502
False,308.2975,38.5133,59468.7086464,507.5,502
False,308.5421,38.44334,59468.7562624,501.5,502
False,308.7073,38.35577,59468.7878528,505,502
False,308.5649,38.4189,59468.8195968,504.5,502
False,308.533,38.4132,59468.8516096,505,502
False,308.0734,38.29955,59468.8843136,513,502
False,307.6075,38.27324,59468.9159168,527,502
False,307.6097,38.28781,59468.9476096,523.5,502
False,307.4164,38.30041,59468.9796224,531.5,502
False,307.5189,38.28766,59469.0117376,525.5,502
False,307.6065,38.24533,59469.0440064,526.5,502
False,307.873,38.30571,59469.076416,525,502
False,307.804,38.33366,59469.1088384,518,502
False,307.6359,38.34306,59469.1558144,531.5,502
False,307.229,38.58603,59469.1876736,541.5,502
False,306.8664,38.82769,59469.219648,546.5,502
False,306.7516,39.20766,59469.2516352,553,502
False,306.6024,39.22738,59469.2845184,560,502
False,306.3242,39.22518,59469.3161344,564,502
False,306.1302,39.1943,59469.3477248,567,502
False,306.1185,39.22095,59469.379712,569.5,502
False,305.1715,39.39414,59469.412032,597.5,502
False,305.5133,39.78526,59469.4443648,594.5,502
False,305.6219,39.75413,59469.476736,585,502
False,304.0546,39.8825,59469.5088768,625.5,502
False,305.3512,39.85828,59469.5557376,608,502
False,305.6007,39.79184,59469.5876992,596.5,502
False,305.5014,39.73711,59469.6200576,601,502
False,305.5692,39.63539,59469.6519808,591.5,502
False,305.661,39.48804,59469.6844928,592.5,502
False,305.5842,39.57997,59469.7165312,594,502
False,305.5441,39.61697,59469.748032,597,502
False,305.6031,39.61271,59469.7803904,590,502
False,304.3279,39.81385,59469.81248,611.5,502
False,306.1273,39.85916,59469.8440192,577.5,502
False,306.0768,40.09413,59469.8760064,579,502
False,306.0598,40.04385,59469.9084672,574,502
False,305.817,39.74125,59469.9558272,576.5,502
False,304.2207,40.09798,59469.9881472,626,502
False,305.7222,39.89857,59470.0197632,585,502
False,305.7944,39.88138,59470.0517888,584.5,502
False,304.3614,39.96463,59470.0837888,612.5,502
False,305.8823,39.85874,59470.1159808,580.5,502
False,305.8513,39.83847,59470.1489536,584,502
False,305.9606,39.82988,59470.1804288,579,502
False,304.3233,39.9388,59470.2124928,615.5,502
False,305.7633,39.88519,59470.244544,586.5,502
False,304.8069,40.35933,59470.2760192,583.5,502
False,306.761,40.32181,59470.3084288,549.5,502
False,306.6006,40.62827,59470.3563136,542.5,502
False,306.0384,40.96814,59470.3878272,533.5,502
False,302.2149,41.52254,59470.4202496,602.5,502
False,300.1379,42.22222,59470.4518528,573,502
False,300.332,43.07769,59470.48384,517,502
False,298.4651,44.14003,59470.5164032,522.5,502
False,296.3231,45.32887,59470.5484544,522,502
False,293.9037,46.92764,59470.5799424,509,502
False,291.7171,47.66833,59470.6128256,502,502
False,290.6263,48.27827,59470.6439808,511.5,502
False,289.1585,48.52773,59470.675968,511,502
False,287.5388,48.9422,59470.7093376,519,502
False,285.9329,49.62626,59470.7562496,511.5,502
False,284.1264,50.76093,59470.7877888,488,502
False,282.9565,52.20127,59470.819776,498.5,502
False,282.3267,52.81731,59470.8518912,504.5,502
False,281.2723,52.98876,59470.8843776,519,502
False,280.712,53.019,59470.9159424,500,502
False,279.564,53.32148,59470.9486208,492,502
False,278.3497,54.24876,59470.9803776,469,502
False,277.2318,54.63556,59471.011968,450,502
False,275.7878,55.05912,59471.0439168,459.5,502
False,274.5185,55.06015,59471.076096,460,502
False,273.4773,54.83465,59471.1091584,443.5,502
False,272.4809,55.3337,59471.156544,453,502
False,271.9381,55.86007,59471.188288,414.5,502
False,272.3662,56.71827,59471.219904,400.5,502
False,271.865,57.37469,59471.2520576,411,502
False,272.5219,57.45435,59471.2839936,392.5,502
False,272.9791,57.41859,59471.3161472,367.5,502
False,273.0452,57.49639,59471.3487232,369,502
False,272.972,57.8226,59471.380032,380.5,502
False,273.4938,57.59422,59471.4121728,375,502
False,273.6631,57.63245,59471.4439808,375,502
False,273.4989,57.73445,59471.4761984,388.5,502
False,273.0522,57.70319,59471.5095168,392.5,502
False,273.1758,57.56815,59471.5559936,392.5,502
False,273.209,57.34941,59471.5886336,394,502
False,273.4628,57.17878,59471.619968,378.5,502
False,273.3064,57.3287,59471.6525184,396,502
False,273.1463,57.41509,59471.6839808,397.5,502
False,273.5116,57.25945,59471.7161856,388,502
False,273.5836,57.22674,59471.7481856,381.5,502
False,273.6171,57.56005,59471.7803648,383,502
False,273.6799,57.21781,59471.8122368,378,502
False,273.578,57.29074,59471.84416,383.5,502
False,273.7152,57.30437,59471.8761984,374,502
False,273.7454,57.21741,59471.9086336,381,502
False,273.5946,57.15972,59471.9565056,384,502
False,273.658,57.25173,59471.9889536,386,502
False,273.5992,57.11376,59472.0206464,378,502
False,273.6844,57.11472,59472.0524672,385,502
False,273.61,57.08421,59472.0840064,382,502
False,273.2198,57.29004,59472.1162496,396.5,502
False,273.2107,57.2648,59472.1482112,394,502
False,273.1763,57.28296,59472.180096,397,502
False,273.3062,57.266,59472.2125568,398.5,502
False,273.4003,57.10233,59472.2445952,386,502
False,273.3044,57.20034,59472.2762624,391,502
False,273.1667,57.25461,59472.308864,398,502
False,273.1501,57.24002,59472.356096,396.5,502
False,273.12,57.24201,59472.3884288,401.5,502
False,272.9984,57.36153,59472.420416,402,502
False,273.0846,57.2117,59472.4520832,396,502
False,273.3016,57.26093,59472.4842496,389,502
False,273.172,57.15117,59472.5163648,392.5,502
False,273.149,57.242,59472.5483392,396,502
False,273.2368,57.22166,59472.5810304,395.5,502
False,273.0059,57.44275,59472.6126976,394.5,502
False,272.9139,57.51295,59472.6441216,379.5,502
False,272.4514,57.88618,59472.6763264,389.5,502
False,272.0094,58.28406,59472.70912,389,502
False,271.6235,58.4711,59472.7566976,398,502
False,269.9726,58.15152,59472.788608,401.5,502
False,268.7922,57.12294,59472.8201472,385,502
False,267.1483,57.01864,59472.8522752,375.5,502
False,265.8089,57.40154,59472.884352,369,502
False,264.7757,58.36794,59472.9162112,380.5,502
False,264.796,58.6322,59472.9486592,353,502
False,264.2473,58.51985,59472.980608,348.5,502
False,263.7144,58.88456,59473.0123392,359.5,502
False,263.3611,59.32732,59473.0442624,360,502
False,263.4872,59.26762,59473.0771584,350,502
False,262.8428,59.20451,59473.109056,370,502
False,262.0439,59.16973,59473.156288,353.5,502
False,262.254,58.19891,59473.1884288,336,502
False,262.5043,57.41214,59473.2203392,313,502
False,261.4001,57.5567,59473.2523392,339.5,502
False,261.6584,57.18915,59473.2846464,322.5,502
False,260.9375,57.03504,59473.3168128,352,502
False,260.5036,57.05216,59473.3484928,351.5,502
False,260.2532,56.76204,59473.3803264,360,502
False,259.7336,56.60708,59473.4127488,386,502
False,259.4688,56.4021,59473.444288,397.5,502
False,259.3001,56.32137,59473.4763904,432,502
False,259.3467,55.60298,59473.50912,447.5,502
False,257.1016,54.54034,59473.5565952,518.5,502
False,256.72,54.10952,59473.5891456,525,502
False,259.1855,55.15915,59473.6203008,454.5,502
False,258.8905,54.86709,59473.65312,469,502
False,256.5474,53.54238,59473.6845952,527,502
False,256.0994,53.62052,59473.7164032,516.5,502
False,255.4864,53.54037,59473.7485952,516,502
False,254.9984,53.63966,59473.780544,524.5,502
False,255.2074,53.92051,59473.8127232,520,502
False,255.0944,53.93128,59473.8448128,519,502
False,255.0561,54.07447,59473.8770048,508,502
False,254.9099,54.04267,59473.9093504,519.5,502
False,255.1602,54.1417,59473.9563136,514,502
False,254.9398,54.05691,59473.9882112,512.5,502
False,256.9974,55.01464,59474.0203392,455.5,502
False,255.3333,54.35194,59474.0523008,448,502
False,253.3395,54.33678,59474.0843392,435,502
False,252.0332,55.3751,59474.1170432,431,502
False,251.2132,56.26712,59474.1488512,445.5,502
True,250.5299,56.64513,59474.1803648,418,502
True,250.0079,56.42464,59474.212736,423.5,502
True,249.7323,55.6761,59474.2445696,424,502
True,249.7154,55.79696,59474.277056,417,502
True,250.0399,55.71018,59474.3090432,417.5,502
True,250.8746,56.02765,59474.3567232,416,502
False,251.2507,56.15315,59474.3884032,425.5,502
False,251.5222,56.43101,59474.4204032,459,502
True,250.8239,56.70497,59474.453184,496,502
True,250.0984,56.92701,59474.4851584,511.5,502
True,249.1273,56.94144,59474.5165184,526.5,502
True,248.5794,56.74763,59474.548864,527,502
True,248.174,56.87269,59474.5808128,531.5,502
True,247.6489,56.74578,59474.6126976,543.5,502
True,247.378,56.30147,59474.6449024,533.5,502
True,246.4653,56.80289,59474.6765184,542,502
True,244.5842,57.79969,59474.7097856,547.5,502
True,243.67,58.44343,59474.7567872,546.5,502
True,243.7265,58.79411,59474.7883904,537.5,502
True,244.1212,59.49474,59474.820352,539,502
True,245.0208,60.43451,59474.8524032,537,502
True,245.7664,61.55577,59474.8844416,508,502
True,246.7345,61.81636,59474.9170176,525.5,502
True,246.8926,62.77949,59474.9491968,551,502
True,246.9114,65.06112,59474.9804672,534.5,502
True,246.3768,67.72663,59475.0128256,517,502
True,245.3542,70.58148,59475.0448512,518.5,502
True,244.9064,73.11588,59475.0765952,523.5,502
True,244.7797,75.44913,59475.1090432,545.5,502
True,246.1142,79.64396,59475.1566336,528.5,502
True,249.2801,83.57654,59475.1890432,564,502
False,254.0608,88.95453,59475.2207744,575.5,502
False,259.3372,95.21259,59475.2524928,559,502
False,262.3812,100.7844,59475.2845952,560.5,502
False,265.9468,106.6786,59475.316416,529.5,502
False,271.6095,110.9185,59475.3485952,486.5,502
False,279.1032,114.8393,59475.3808768,518.5,502
False,286.8253,118.7955,59475.41312,537,502
False,294.8581,123.2278,59475.4446208,527.5,502
False,303.7114,127.3268,59475.4767872,507,502
False,310.9302,131.2908,59475.5091712,544.5,502
False,316.5574,133.6359,59475.5573632,552,502
False,322.8344,135.1798,59475.5885696,565.5,502
False,329.3682,137.2884,59475.6211456,579,502
False,335.8073,139.5546,59475.6530944,577,502
False,342.3027,141.6563,59475.6845056,561,502
False,348.0082,143.3902,59475.7172864,586,502
False,353.5326,144.453,59475.7489408,569.5,502
False,359.2067,144.3151,59475.7804416,576.5,502
False,365.1095,144.0739,59475.8127232,590.5,502
False,369.8472,144.6078,59475.8446592,594.5,502
False,373.582,145.5229,59475.8765696,592.5,502
False,378.1834,146.777,59475.9094912,586,502
False,382.856,147.8412,59475.9569792,642.5,502
False,387.3202,147.1372,59475.9886464,584.5,502
False,391.6281,146.6159,59476.020672,600.5,502
False,395.8296,146.4001,59476.0525312,582,502
False,399.2837,146.7177,59476.084544,584.5,502
False,402.1628,147.7327,59476.117888,615.5,502
False,404.2762,148.4596,59476.1490304,621.5,502
False,406.6593,148.9052,59476.1804928,608.5,502
False,408.6912,148.852,59476.2127232,585.5,502
False,410.6488,148.8113,59476.2446464,570.5,502
False,411.3672,148.3531,59476.2766976,546.5,502
False,411.2714,147.8117,59476.309568,535.5,502
False,411.3696,147.6698,59476.3567616,533,502
False,412.1345,147.3108,59476.388672,533,502
False,412.947,146.8245,59476.420608,531,502
False,413.3263,147.2136,59476.452544,523.5,502
False,413.9882,147.6762,59476.4855552,523,502
False,415.0056,147.6786,59476.5172864,532,502
False,415.7483,147.212,59476.5486464,537,502
False,416.667,146.5132,59476.5806336,547.5,502
False,417.334,146.0182,59476.6131712,549,502
False,418.0971,145.7875,59476.6447744,549,502
False,418.6603,145.5026,59476.6772224,550.5,502
False,419.4653,145.1793,59476.7091328,549.5,502
False,420.402,144.7805,59476.7567232,572.5,502
False,421.4588,144.5827,59476.789696,566,502
False,423.083,144.4682,59476.8217856,568.5,502
False,424.9945,143.4427,59476.8527104,580.5,502
False,426.4287,142.3319,59476.884736,592.5,502
False,427.4426,141.2514,59476.9168512,578,502
False,427.9135,139.7155,59476.9487104,574,502
False,427.3116,138.7268,59476.9809408,551.5,502
False,427.2669,137.2923,59477.0127232,552,502
False,428.1744,135.7011,59477.044672,570.5,502
False,428.6978,134.5403,59477.076928,579,502
False,429.0269,133.5179,59477.1247104,577,502
False,429.2086,133.0718,59477.1571072,573.5,502
False,429.1618,132.4232,59477.1890944,563.5,502
False,429.1794,131.5852,59477.2208,589,502
False,429.1182,130.9267,59477.252736,600.5,502
False,429.0496,130.3677,59477.284736,611.5,502
False,429.016,129.8643,59477.3168896,614,502
False,428.8578,128.9889,59477.3490944,628.5,502
False,429.1351,127.5143,59477.3811584,629,502
False,429.4687,126.171,59477.4127104,613,502
False,430.0074,124.7906,59477.4448128,604,502
False,430.5417,123.6871,59477.4773888,572,502
False,430.3603,122.8916,59477.5247616,562.5,502
False,430.3089,122.7902,59477.5567488,560,502
False,430.3261,122.6111,59477.5888,554.5,502
False,430.2814,122.5225,59477.6209152,549,502
False,430.4064,122.147,59477.653184,556.5,502
False,430.4309,121.7545,59477.6852096,563.5,502
False,430.4063,122.0036,59477.7171712,557,502
False,430.36,121.8619,59477.7487232,550.5,502
False,430.3693,121.912,59477.7807616,551,502
False,430.3553,121.5491,59477.8127744,560,502
False,430.446,120.7543,59477.8449536,572.5,502
False,430.4951,119.4923,59477.8776576,598.5,502
False,430.5011,118.1281,59477.9253504,592,502
False,430.2861,116.3566,59477.9571328,603,502
False,429.9948,114.2072,59477.9888128,610.5,502
False,430.0003,111.6779,59478.0209664,622.5,502
False,430.1417,109.6656,59478.0526976,628,502
False,430.4996,107.5348,59478.0849024,610.5,502
False,430.7267,105.1675,59478.1171584,600,502
False,430.6696,102.5617,59478.1490688,579.5,502
False,430.3491,99.69297,59478.1808896,583,502
False,429.914,98.09682,59478.2128256,587,502
False,429.5268,96.19433,59478.244928,605.5,502
False,429.1184,93.98614,59478.277056,601,502
False,429.1253,91.75923,59478.3256576,605,502
False,429.1613,89.68887,59478.3576192,600.5,502
False,429.6124,87.21551,59478.3888256,595.5,502
False,429.8579,84.53474,59478.4212992,590,502
False,429.7135,82.07037,59478.4528384,566,502
False,429.1769,79.3559,59478.4855168,546.5,502
False,428.323,76.92498,59478.5172096,546.5,502
False,427.9439,74.15199,59478.548864,573.5,502
False,427.6163,71.10226,59478.580864,559,502
False,428.0029,68.72652,59478.6129664,568,502
False,428.3743,66.26713,59478.6449408,581.5,502
False,428.9042,63.45008,59478.6780032,581,502
False,429.2608,61.11661,59478.7255936,586,502
False,429.7725,59.02564,59478.757376,559,502
False,429.8442,57.07273,59478.7889024,550,502
False,429.3463,55.59071,59478.8210048,542,502
False,427.7456,53.66127,59478.8528512,555.5,502
False,426.8661,52.29254,59478.88544,547.5,502
False,426.5879,51.07307,59478.917248,552,502
False,426.2268,50.23579,59478.9489024,536.5,502
False,426.8361,50.07313,59478.9808512,510.5,502
False,427.1665,49.16011,59479.0129408,495.5,502
False,427.4626,48.15912,59479.0457984,486,502
False,426.8352,46.12259,59479.0776192,493.5,502
False,427.1023,43.96197,59479.1249792,464.5,502
False,426.4561,42.06245,59479.1570176,459,502
False,425.1083,41.15299,59479.188992,463,502
False,424.047,41.17614,59479.2209664,440,502
False,423.1536,40.69178,59479.2537728,458,502
False,422.61,39.34367,59479.285056,467.5,502
False,422.2127,38.62238,59479.3173248,478,502
False,421.415,37.89212,59479.3488896,465,502
False,420.9731,37.42043,59479.3817344,465,502
False,420.8633,37.13845,59479.4131584,469.5,502
False,420.7399,36.75558,59479.4455424,478,502
False,420.4598,36.36376,59479.4771968,487.5,502
False,420.2482,36.50528,59479.5250304,489.5,502
False,419.7588,36.18614,59479.5575424,505,502
False,419.8665,36.22021,59479.5894144,498,502
False,419.942,36.33873,59479.6210688,494.5,502
False,419.6312,36.12217,59479.6530688,507.5,502
False,419.421,35.93528,59479.6854272,515,502
False,419.1364,35.7079,59479.717312,525.5,502
False,419.2408,35.83284,59479.749056,511.5,502
False,419.3093,35.68878,59479.7809536,520,502
False,419.1426,35.75024,59479.8130048,516.5,502
False,419.055,35.70129,59479.845184,515,502
False,419.0827,35.69884,59479.8778624,518,502
False,418.8517,35.50336,59479.925632,520.5,502
False,419.0503,35.62978,59479.9575552,510.5,502
False,418.8846,35.15424,59479.9889664,523,502
False,419.0787,34.42896,59480.0211328,552.5,502
False,419.6051,34.25732,59480.0532096,552.5,502
False,419.4274,34.0012,59480.0850432,554.5,502
False,419.0673,33.91913,59480.1174016,575,502
False,419.2476,34.13832,59480.14976,567.5,502
False,419.2045,34.12825,59480.1812736,570.5,502
False,419.0878,33.98062,59480.2136192,567.5,502
False,419.0599,34.0326,59480.2451456,567.5,502
False,418.9831,33.96819,59480.277248,571,502
False,419.0502,34.03524,59480.3250944,567.5,502
False,418.9669,33.89766,59480.3577472,563.5,502
False,418.9791,34.0779,59480.3895552,567,502
False,419.1231,34.03369,59480.4211328,559,502
False,419.1935,34.00331,59480.4531584,554,502
False,419.0715,34.00771,59480.4852608,562,502
False,419.0322,33.98213,59480.5170944,559.5,502
False,419.1295,34.02128,59480.5494528,556,502
False,419.4073,34.36544,59480.5810816,529.5,502
False,420.0672,35.35396,59480.6132992,501,502
False,419.9878,35.2101,59480.645184,518,502
False,419.7244,34.71704,59480.6772864,519.5,502
False,419.35,34.72673,59480.7256192,530,502
False,419.5479,34.81812,59480.757632,504,502
False,418.5891,34.72877,59480.7892352,526,502
False,417.8121,33.99579,59480.8212992,554.5,502
False,417.1203,33.36342,59480.8532224,554,502
False,416.7863,32.95344,59480.8851328,515.5,502
False,416.5842,33.46183,59480.9175936,517.5,502
False,417.3423,34.5779,59480.9493888,467.5,502
False,418.0114,33.52763,59480.9811072,467.5,502
False,419.3005,32.60104,59481.01312,447,502
False,419.9528,32.28038,59481.0453376,437.5,502
False,420.2577,32.05842,59481.077376,436.5,502
False,420.718,32.02645,59481.1256576,428.5,502
False,420.8691,32.22753,59481.1578112,419,502
False,420.743,32.09957,59481.1892352,423.5,502
False,419.1738,32.20235,59481.2217472,467,502
False,419.3543,32.17101,59481.2536448,461,502
False,422.1255,31.70158,59481.285312,401,502
False,421.0059,31.25895,59481.3171456,423.5,502
False,421.1319,30.90346,59481.3492864,419.5,502
False,421.5786,30.82346,59481.3812096,422,502
False,422.3983,31.3866,59481.413632,400.5,502
False,421.6943,31.60809,59481.4459264,404,502
False,422.2382,31.17594,59481.47744,404.5,502
False,422.1469,31.03371,59481.5252608,400.5,502
False,421.4291,31.69847,59481.5576576,424.5,502
False,422.5266,30.96399,59481.5897088,416.5,502
False,421.9955,31.47783,59481.6216832,406,502
False,422.1559,31.73773,59481.6532224,387,502
False,423.8317,31.0298,59481.6853248,363.5,502
False,423.1444,31.08727,59481.7171456,370.5,502
False,422.9884,31.16667,59481.7499264,358,502
False,422.2511,31.62709,59481.7817344,379,502
False,422.8049,30.81156,59481.8132992,375,502
False,422.8276,30.80276,59481.84544,362.5,502
False,422.3374,30.80109,59481.8774528,367,502
False,422.7929,30.92057,59481.925376,363,502
False,421.7064,32.07735,59481.9577728,390,502
False,422.6994,31.1573,59481.9893504,356,502
False,423.9236,30.89294,59482.0212864,342.5,502
False,423.8705,30.96518,59482.0532864,359,502
False,421.6764,31.60338,59482.0852224,395,502
False,421.8266,31.52449,59482.1179136,384.5,502
False,423.9148,30.6567,59482.1496192,334.5,502
False,422.9666,30.73117,59482.1812736,354,502
False,422.4951,31.08399,59482.2139136,379,502
False,422.4412,31.44831,59482.2454784,374,502
False,422.555,32.03621,59482.2785024,382,502
False,422.853,32.11412,59482.3257856,369.5,502
False,422.7979,32.08825,59482.357376,364.5,502
False,423.1142,32.23481,59482.3893376,362,502
False,422.7491,32.1195,59482.42144,390.5,502
False,423.6726,32.20601,59482.4532864,394,502
False,424.5098,32.86111,59482.4857088,408,502
False,424.7046,33.25957,59482.5179904,413.5,502
False,424.5225,32.93045,59482.549312,393,502
False,426.9592,30.63678,59482.581888,290,502
False,417,31.52344,59482.613888,192,502
False,430.8879,34.65782,59482.6455168,169.5,502
False,430.8513,34.93063,59482.6775936,185,502
False,425.8713,32.1199,59482.72544,322.5,502
False,424.0314,32.93179,59482.7580544,366.5,502
False,424.462,32.93592,59482.7897344,361.5,502
False,427.5939,31.65471,59482.8214656,334.5,502
False,427.3593,32.14752,59482.8533504,352.5,502
False,427.4549,32.33858,59482.885312,349.5,502
False,427.6895,32.4701,59482.9174656,320.5,502
False,425.1557,33.1946,59482.949824,364,502
False,424.4265,33.50838,59482.9813504,358,502
False,426.0261,31.46507,59483.013504,312.5,502
False,426.5955,31.34613,59483.0455808,325.5,502
False,426.1756,31.43582,59483.0776576,335,502
False,423.3722,32.44505,59483.1264,368.5,502
False,423.7754,32.20187,59483.1580288,374,502
False,426.2729,31.51674,59483.1898624,333.5,502
False,426.342,31.78434,59483.2214912,347,502
False,425.0919,31.96616,59483.253632,364.5,502
False,425.1484,31.73447,59483.28544,351.5,502
False,425.4068,31.6036,59483.3179136,351.5,502
False,425.3056,31.82225,59483.34976,361,502
False,425.4152,32.19682,59483.3814784,356.5,502
False,424.8594,32.37659,59483.4134528,354.5,502
False,424.4496,31.7604,59483.4455808,348.5,502
False,424.6662,31.77277,59483.4776192,366,502
False,425.0335,32.06229,59483.5259904,388,502
False,424.8296,32.24768,59483.5579648,377.5,502
False,424.8402,31.97947,59483.5895424,341,502
False,424.8785,31.90866,59483.6217856,348.5,502
False,424.436,32.0136,59483.6535296,355.5,502
False,424.7928,31.77026,59483.6855168,347.5,502
False,425.4096,31.98485,59483.718528,341,502
False,423.5487,32.54695,59483.7498112,374.5,502
False,424.5912,31.66761,59483.781568,353.5,502
False,424.6734,31.38026,59483.8135424,344.5,502
False,424.437,31.32899,59483.8456832,345.5,502
False,425.0052,31.54238,59483.8777728,350,502
False,425.9199,31.91393,59483.9265024,335,502
False,426.2447,32.05145,59483.958016,304.5,502
False,426.0987,31.86305,59483.989632,322.5,502
False,424.8824,31.94714,59484.0216192,350,502
False,424.9652,31.98426,59484.0536064,349.5,502
False,424.0536,33.20527,59484.0855936,373.5,502
False,425.7447,32.2004,59484.117952,331,502
False,427.2093,32.17597,59484.1497344,295.5,502
False,425.0966,31.87774,59484.182016,319,502
False,424.9913,31.97637,59484.2135808,324.5,502
False,425.3084,31.75884,59484.2456832,334.5,502
False,424.8266,32.15438,59484.2778496,359.5,502
False,424.629,32.08129,59484.3255808,367,502
False,424.3404,32.04432,59484.358272,353.5,502
False,425.2033,31.93374,59484.3898752,329.5,502
False,424.4905,32.07882,59484.421888,351,502
False,424.6949,32.10338,59484.4537216,330.5,502
False,424.8267,32.05093,59484.4855168,324,502
False,424.6681,31.7767,59484.5175296,359,502
False,424.914,31.82754,59484.5501824,345,502
False,424.2298,31.75632,59484.5819392,336.5,502
False,424.4591,31.73128,59484.6135936,340.5,502
False,425.0716,32.10687,59484.6456704,354,502
False,426.4005,32.44923,59484.677824,325,502
False,424.8641,31.95112,59484.7256448,358,502
False,424.7621,31.7861,59484.7583232,340.5,502
False,424.3862,31.65051,59484.7901952,340.5,502
False,425.3145,32.29995,59484.8216064,354.5,502
False,425.8317,32.79462,59484.8535808,359.5,502
False,425.2678,32.72829,59484.885568,343.5,502
False,425.0657,32.63509,59484.9176064,332.5,502
False,425.3158,32.46852,59484.9499392,323,502
False,425.709,32.37156,59484.9816192,327,502
False,426.2866,32.76608,59485.0137472,313.5,502
False,425.5426,34.19124,59485.045888,342.5,502
False,425.4606,33.81084,59485.0778752,344.5,502
False,424.8793,33.76867,59485.1261312,366,502
False,423.4477,33.17645,59485.1584,392,502
False,424.6265,32.13137,59485.1901312,356.5,502
False,425.5177,32.58216,59485.2219648,357,502
False,424.6149,33.5792,59485.2536448,383,502
False,424.2112,33.44797,59485.2857088,378,502
False,424.1006,33.29813,59485.3176832,364.5,502
False,424.0191,33.41026,59485.3497344,357.5,502
False,423.4414,33.41591,59485.3822336,385.5,502
False,425.7432,32.54455,59485.413888,318,502
False,423.4275,33.6382,59485.4459008,380.5,502
False,425.3053,32.27127,59485.477888,333,502
False,424.2566,32.31613,59485.5258112,358.5,502
False,424.9596,33.8838,59485.5581696,338.5,502
False,423.9522,33.52729,59485.590144,369.5,502
False,424.7301,33.80339,59485.6216576,373,502
False,424.6048,33.72897,59485.6536832,374.5,502
False,424.2131,33.47095,59485.6865792,373,502
False,423.889,33.23913,59485.7177856,368,502
False,423.7978,32.89071,59485.7501056,366,502
False,424.0917,33.33939,59485.7816576,358,502
False,422.8897,33.33754,59485.8138752,396,502
False,423.8457,33.58402,59485.8459776,365,502
False,423.8212,33.14059,59485.8784384,358,502
False,425.1018,32.30446,59485.92576,329,502
False,425.535,32.84311,59485.957824,324,502
False,426.5555,32.97906,59485.9897344,310.5,502
False,426.9634,33.08208,59486.0216704,300.5,502
False,425.3692,33.63857,59486.0541184,344,502
False,422.9783,33.26863,59486.0861184,407,502
False,424.8103,33.46422,59486.1178624,354,502
False,424.1032,33.67327,59486.149824,353.5,502
False,425.1181,32.66716,59486.1828736,340,502
False,424.1573,33.15681,59486.2143488,380.5,502
False,424.0077,33.42117,59486.2459776,370,502
False,424.0844,33.52467,59486.2780416,361.5,502
False,423.8854,33.24931,59486.3257728,365,502
False,424.0762,33.37447,59486.357824,356.5,502
False,422.7698,33.80809,59486.3904384,383,502
False,423.5461,33.54065,59486.4220672,369,502
False,424.2589,33.3404,59486.4537984,353.5,502
False,424.211,33.44092,59486.4859136,362.5,502
False,423.8462,33.34853,59486.5178752,362,502
False,422.4457,33.37429,59486.5499264,382.5,502
False,423.0949,34.04244,59486.5823104,349.5,502
False,424.1488,33.72406,59486.6148096,363,502
False,423.2698,33.96268,59486.6459136,388.5,502
False,421.4625,33.45165,59486.6784512,555,502
False,421.0995,33.22575,59486.7262592,536,502
False,424.0722,33.44505,59486.7579136,367,502
False,423.7344,33.45367,59486.7898112,361.5,502
False,424.029,33.35543,59486.8217728,362,502
False,423.6587,33.64067,59486.8543744,397.5,502
False,424.146,34.17052,59486.8863744,367.5,502
False,423.8818,34.31312,59486.918016,371,502
False,425.3058,34.19136,59486.9500416,351,502
False,422.8802,33.62191,59486.9819008,391,502
False,423.8513,33.67442,59487.0141696,365.5,502
False,424.5154,33.51949,59487.0465024,363.5,502
False,423.4662,33.16057,59487.078848,396.5,502
False,423.99,33.51396,59487.125952,382,502
False,424.2608,33.43189,59487.1583872,358.5,502
False,424.7459,33.33555,59487.1898368,376.5,502
False,425.1283,33.25654,59487.2222464,395,502
False,425.766,33.67355,59487.2539264,387.5,502
False,425.9416,33.37453,59487.2859136,396.5,502
False,425.9232,34.17872,59487.3180544,366.5,502
False,426.0868,34.02182,59487.3502848,359,502
False,425.9833,34.31947,59487.3821184,348.5,502
False,425.3451,34.06009,59487.4142208,355,502
False,426.2609,34.15292,59487.4461696,333.5,502
False,425.5631,33.59617,59487.4781312,383,502
False,426.0971,33.82339,59487.5262336,369,502
False,426.1676,34.20302,59487.5585408,353,502
False,424.459,33.89703,59487.5899264,382,502
False,425.5923,34.4697,59487.6223104,352,502
False,423.674,33.7451,59487.6540928,408,502
False,425.7302,33.82306,59487.6868992,357,502
False,425.9629,34.40045,59487.7184384,372.5,502
False,425.3893,34.6518,59487.7500672,426,502
False,426.2343,34.39005,59487.7819776,405.5,502
False,426.4901,33.80531,59487.814464,395.5,502
False,426.3663,34.43404,59487.8462208,379,502
False,427.0117,34.71672,59487.878592,343,502
False,426.4717,36.71513,59487.9259392,309.5,502
False,425.3275,35.53176,59487.9580544,317.5,502
False,423.9018,33.05707,59487.9899904,514,502
False,425.6258,33.94384,59488.0219264,371,502
False,425.3273,34.33934,59488.054848,360.5,502
False,424.8916,33.92186,59488.0862592,369,502
False,426.416,34.45396,59488.1185792,338.5,502
False,425.3033,34.08569,59488.1509888,371.5,502
False,424.764,34.1973,59488.1821312,370,502
False,424.8958,34.34305,59488.2143488,377.5,502
False,425.7746,34.37822,59488.2461056,349,502
False,426.4995,33.88969,59488.2786304,346,502
False,426.2267,33.99634,59488.3264256,364,502
False,425.8031,34.13822,59488.35808,375,502
False,425.8373,33.81818,59488.3900672,374,502
False,427.1156,33.55432,59488.4221056,359,502
False,428.5568,33.32055,59488.4547328,326,502
False,429.1458,33.25142,59488.4866048,323.5,502
False,430.1815,33.70152,59488.5183744,296.5,502
False,429.242,33.29146,59488.5503872,306.5,502
False,429.1144,33.58711,59488.5821568,287,502
False,428.6464,33.63393,59488.614272,280,502
False,428.1961,33.57904,59488.6468864,272,502
False,427.1804,33.11194,59488.6786176,268,502
False,431.253,35.82729,59488.7261056,193,502
False,429.7717,34.37151,59488.7581568,227,502
False,429.4426,34.47339,59488.7901568,238,502
False,425.7624,33.42962,59488.8221568,296,502
False,427.9437,34.01202,59488.8551808,263.5,502
False,422.9779,34.11036,59488.8860672,370,502
False,426.4457,33.86311,59488.91872,271.5,502
False,426.1979,34.05937,59488.9500032,269.5,502
False,425.7549,34.07809,59488.982272,262.5,502
False,420.2495,33.95232,59489.0142848,360,502
False,424.9006,34.38921,59489.0462464,256.5,502
False,419.1184,34.13809,59489.0790656,364.5,502
False,424.6294,34.92897,59489.1266688,237,502
False,425.0987,34.97646,59489.1582464,219.5,502
False,425.1544,34.85011,59489.1905408,223.5,502
False,424.9516,34.79688,59489.222272,224,502
False,424.9068,34.64588,59489.2546048,232.5,502
False,425.8388,34.67684,59489.2861184,213,502
False,426.497,34.7676,59489.3184768,196.5,502
False,420.313,33.53049,59489.3502208,328,502
False,419.9853,33.91726,59489.3821824,350.5,502
False,419.3026,33.99481,59489.4148352,353,502
False,424.9512,34.82761,59489.446848,218.5,502
False,425.1252,34.85446,59489.4784768,213,502
False,425.3638,35.25986,59489.5263744,186,502
False,425.3287,35.1792,59489.5588608,179.5,502
False,425.0318,35.51771,59489.590592,183.5,502
False,424.7796,35.56396,59489.6225536,178.5,502
False,424.687,35.46763,59489.6541696,172.5,502
False,424.6785,35.58481,59489.6861184,169,502
False,424.7935,36.10634,59489.7186048,163,502
False,424.4145,36.07429,59489.7507328,170.5,502
False,423.942,36.46706,59489.782272,169.5,502
False,423.8687,36.34375,59489.8147456,160,502
False,423.9648,36.18163,59489.846528,156,502
False,412.3194,31.05269,59489.8791168,155,502
False,424.0022,36.21749,59489.9264128,152.5,502
False,412.7199,31.48264,59489.9586304,144,502
False,413.0719,31.80719,59489.9906176,153,502
False,413.3465,31.88597,59490.0222464,152,502
False,413.8568,31.78579,59490.0543232,152.5,502
False,413.7458,31.80729,59490.0865664,160,502
False,413.3282,31.53583,59490.1187968,160.5,502
False,412.2205,30.74922,59490.1503232,159.5,502
False,412.1704,28.58272,59490.1822848,135,502
False,422.9858,35.8102,59490.214528,140.5,502
False,422.8964,35.46154,59490.2471424,156,502
False,422.4494,35.44444,59490.2785024,169.5,502
False,421.9412,35.421,59490.3266944,173,502
False,421.7021,35.61065,59490.358272,178.5,502
False,420.8358,36.07234,59490.390208,170.5,502
False,420.3866,36.25641,59490.422336,169,502
False,419.4623,36.45081,59490.4547072,174.5,502
False,419.5787,36.67155,59490.4869248,170.5,502
False,419.6841,36.93811,59490.5187328,153.5,502
False,420.0468,37.34246,59490.5504768,146,502
False,417.2025,25.41387,59490.5824256,149,502
False,418.4146,31.79242,59490.6144896,277,502
False,419.1028,25.98268,59490.6465024,154,502
False,418.9751,31.43298,59490.67936,281,502
False,418.8704,31.15412,59490.7264256,279,502
False,417.002,27.29204,59490.7590784,169.5,502
False,416.7863,24.79609,59490.7908992,136.5,502
False,420.5374,37.04343,59490.8224512,153.5,502
False,421.2539,36.18792,59490.8544256,149,502
False,420.1597,36.43713,59490.886464,167,502
False,419.8804,36.37647,59490.9184896,170,502
False,419.5392,36.43876,59490.9510784,166,502
False,419.4952,36.87674,59490.9827712,155.5,502
False,415.2911,26.30797,59491.0144896,138,502
False,416.3179,27.49286,59491.0465024,140,502
False,416.789,28.16907,59491.078592,139,502
False,416.5198,28.47571,59491.1263744,147.5,502
False,416.4932,27.97945,59491.1586432,146,502
False,415.6718,27.39695,59491.1903104,131,502
False,415.6428,27.1135,59491.2224512,139.5,502
False,414.9226,26.52934,59491.2545152,133.5,502
False,415.5074,26.12255,59491.2864512,136,502
False,415.4699,25.94737,59491.318912,133,502
False,415.7701,25.74939,59491.3510272,137,502
False,416.1964,25.69939,59491.3829376,137.5,502
False,416.5231,25.88808,59491.4150016,137,502
False,416.547,26.52265,59491.446528,143.5,502
False,416.8773,26.62268,59491.478784,144,502
False,416.9697,27.21333,59491.5264,137.5,502
False,417.2869,27.22532,59491.5595648,143.5,502
False,417.3951,27.57127,59491.5908608,148.5,502
False,417.0448,27.70907,59491.6226176,141.5,502
False,417.3971,27.48135,59491.654528,138.5,502
False,417.4799,27.5641,59491.6870016,136.5,502
False,417.6286,27.391,59491.7185792,144.5,502
False,417.5645,27.35563,59491.7509376,142,502
False,417.8904,27.45675,59491.782592,144.5,502
False,417.8351,27.55317,59491.8146048,139.5,502
False,417.7766,27.66667,59491.8470528,145.5,502
False,417.7982,27.61246,59491.8790016,144.5,502
False,417.6554,27.57175,59491.9265664,147.5,502
False,417.8078,27.27402,59491.9586176,140.5,502
False,417.6691,27.26379,59491.9904,139,502
False,417.5113,27.0605,59492.0225664,140.5,502
False,417.3275,27.17019,59492.0549888,142,502
False,417.2912,27.33093,59492.0869632,138.5,502
False,417.7703,27.49823,59492.1191296,141.5,502
False,418.3737,28.32295,59492.1507072,144.5,502
False,417.6029,29.88137,59492.1829632,170,502
False,417.4919,29.9532,59492.21504,174.5,502
False,418.1277,30.16667,59492.246656,184,502
False,418.5513,30.19891,59492.278784,183.5,502
False,418.2722,30.55323,59492.3270016,191,502
False,418.3307,30.52705,59492.3590784,191,502
False,417.4336,30.32869,59492.3906048,179.5,502
False,417.1859,29.67458,59492.4226048,168.5,502
False,416.5643,29.45675,59492.455104,158,502
False,417.1954,27.91127,59492.4871168,139,502
False,417.4197,27.75062,59492.5200384,135,502
False,416.9522,27.47319,59492.5510656,143,502
False,416.7121,26.94812,59492.582656,128.5,502
False,416.3688,26.23067,59492.614784,131.5,502
False,416.4819,26.20974,59492.6467328,133.5,502
False,417.0063,25.75032,59492.6786944,131.5,502
False,417.7266,25.53433,59492.7268992,133.5,502
False,418.7558,25.06713,59492.7586816,144,502
False,418.466,37.86399,59492.790592,149.5,502
False,421.1419,23.76129,59492.8227456,155,502
False,421.8743,23.74547,59492.8546688,156.5,502
False,419.6892,30.6179,59492.8874112,311,502
False,422.825,24.33021,59492.9190272,160,502
False,419.7416,30.763,59492.9507456,304.5,502
False,420.3241,30.63017,59492.9827328,306,502
False,420.3103,31.01042,59493.0147584,304,502
False,420.3254,31.06257,59493.04672,293,502
False,420.8446,31.16902,59493.080128,318.5,502
False,421.1848,30.77906,59493.1266944,304,502
False,420.907,31.10618,59493.1591168,315.5,502
False,420.891,30.7862,59493.1916416,316.5,502
False,421.0463,30.6535,59493.2227968,316.5,502
False,421.0995,30.53186,59493.2546944,316.5,502
False,420.8545,30.81776,59493.2868224,326.5,502
False,420.8779,30.91242,59493.3192192,323.5,502
False,420.8221,30.8786,59493.3511936,318.5,502
False,420.4926,31.1491,59493.38304,313,502
False,420.5253,31.27308,59493.4148096,296,502
False,420.6787,31.57184,59493.4467328,290,502
False,421.0186,31.97414,59493.4788608,296.5,502
False,420.8483,32.29865,59493.5271808,283.5,502
False,420.9104,32.45811,59493.5592192,284.5,502
False,420.8453,32.51075,59493.5907328,279,502
False,420.8632,32.52638,59493.6228352,287.5,502
False,420.8097,31.85756,59493.6547584,282,502
False,420.9689,31.80132,59493.6868864,278.5,502
False,420.8875,32.21342,59493.719104,290.5,502
False,421.0036,32.28571,59493.7508864,280,502
False,420.9571,32.5,59493.7832704,295,502
False,421.0754,32.56765,59493.815296,289.5,502
False,420.9939,32.07463,59493.8468736,301.5,502
False,420.6116,31.72121,59493.878848,302.5,502
False,421.0316,31.07939,59493.9267328,327.5,502
False,420.8675,30.63415,59493.9593088,348.5,502
False,421.6312,29.99678,59493.9911808,362,502
False,422.2679,29.51908,59494.0227456,397.5,502
False,422.8204,29.49595,59494.0548736,412,502
False,422.8882,29.75754,59494.0867328,414.5,502
False,423.9734,29.78378,59494.1189376,407,502
False,423.6368,30.18054,59494.1514624,402.5,502
False,424.1563,30.03004,59494.1833216,410.5,502
False,424.6095,30.0146,59494.2154112,399.5,502
False,424.1508,30.17596,59494.2468864,403.5,502
False,424.317,29.85045,59494.2789376,409,502
False,424.2339,29.87423,59494.3268608,405.5,502
False,423.9317,29.99688,59494.3587712,427,502
False,424.1063,30.01,59494.39136,400,502
False,424.3895,30.04033,59494.4235136,388.5,502
False,424.2586,30.0519,59494.4548736,395,502
False,424.3722,29.81918,59494.4868096,394.5,502
False,424.2276,29.77239,59494.5188864,402,502
False,423.9771,30.09202,59494.5516672,407.5,502
False,423.889,30.25772,59494.5831936,410,502
False,423.9198,30.30459,59494.6150528,417.5,502
False,424.7997,30.37998,59494.6469248,414.5,502
False,424.6625,30.8627,59494.67904,403,502
False,425.1339,31.26869,59494.726912,428,502
False,425.4766,31.66823,59494.7593344,427,502
False,426.154,32.17554,59494.7908096,441.5,502
False,427.2073,32.57013,59494.8229632,457.5,502
False,427.5552,32.76277,59494.8550016,466.5,502
False,427.8943,32.63043,59494.8868096,487.5,502
False,428.5663,32.75164,59494.919616,508,502
False,429.5124,32.79105,59494.9513472,540,502
False,430.1695,32.90585,59494.9828864,566.5,502
False,431.2759,32.63837,59495.0153984,589,502
False,427.0571,35.1173,59495.0468736,484.5,502
False,431.3305,32.90395,59495.0802688,586.5,502
False,431.3129,33.04856,59495.1273728,580,502
False,431.4105,33.28244,59495.1590272,589.5,502
False,430.9833,33.67134,59495.1910528,570,502
False,430.9738,33.91873,59495.2229376,566,502
False,430.9077,34.22222,59495.2551424,556.5,502
False,430.8729,34.49603,59495.2873856,566.5,502
False,430.6884,34.53475,59495.3201408,566,502
False,430.7753,34.54078,59495.3510912,560,502
False,430.716,34.55934,59495.3833088,557.5,502
False,430.6342,34.55857,59495.4153856,553.5,502
False,430.6385,34.54386,59495.4469888,551,502
False,430.8993,34.55978,59495.4791552,566,502
False,430.2145,34.66942,59495.5269632,545.5,502
False,430.3723,34.11818,59495.5596032,534.5,502
False,429.9294,33.97935,59495.5914624,524.5,502
False,429.3247,33.94912,59495.623552,504.5,502
False,428.7677,33.59404,59495.6552064,475,502
False,428.3812,33.27766,59495.6870656,470,502
False,427.7914,33.05018,59495.7189632,465,502
False,427.6479,33.00977,59495.7510272,460.5,502
False,427.0061,32.8251,59495.783616,435.5,502
False,426.5765,33.09402,59495.8153088,429,502
False,425.7153,32.93742,59495.847232,407.5,502
False,424.8851,32.84682,59495.879168,383,502
False,423.9896,32.56219,59495.9270784,368.5,502
False,421.0983,37.51171,59495.9598336,220.5,502
False,420.8865,37.38105,59495.9914112,230.5,502
False,420.4629,37.38954,59496.0234624,213.5,502
False,420.3158,37.69378,59496.054976,209,502
False,420.4637,37.94987,59496.0870272,199.5,502
False,420.4578,37.84143,59496.1191168,195.5,502
False,420.0032,37.90024,59496.1513472,205.5,502
False,420.5696,37.99494,59496.1830016,197.5,502
False,420.4202,38.60088,59496.2158208,190,502
False,420.6229,39.49535,59496.2472704,179,502
False,424.2085,40.08245,59496.2793472,141.5,502
False,424.8657,39.70808,59496.3280896,165,502
False,422.1414,34.30461,59496.3592704,307.5,502
False,421.4968,34.2942,59496.3915776,336.5,502
False,421.1475,34.91563,59496.4231168,361.5,502
False,421.1631,35.56834,59496.4555264,378,502
False,421.2412,36.18818,59496.4870656,383.5,502
False,422.5588,36.82772,59496.5200896,341.5,502
False,422.1872,35.56564,59496.5514624,358,502
False,420.7265,33.85733,59496.5831168,392.5,502
False,418.2008,32.33298,59496.6151424,466.5,502
False,416.2817,32.04227,59496.6473472,516.5,502
False,414.6577,32.06679,59496.679616,554,502
False,413.9532,32.05506,59496.7275776,563,502
False,413.5879,32.2723,59496.7596032,562.5,502
False,412.8963,32.03842,59496.7910784,564,502
False,411.9388,32.01826,59496.8231552,566,502
False,411.6403,31.90117,59496.8552832,556.5,502
False,411.6304,31.97036,59496.8869888,528.5,502
False,411.4742,32.03411,59496.9196672,532.5,502
False,411.2397,32.19367,59496.9515648,521.5,502
False,410.283,32.12748,59496.9837824,529.5,502
False,409.7195,32.0757,59497.015168,524,502
False,407.955,32.19825,59497.0477696,533,502
False,406.2115,32.20369,59497.0794624,533.5,502
False,404.2553,32.28915,59497.1272192,547,502
False,402.4018,32.12361,59497.159808,538,502
False,400.3615,31.86837,59497.1913216,568.5,502
False,398.9147,32.09579,59497.2235136,555,502
False,396.6449,32.3648,59497.2551168,535,502
False,393.6819,32.54112,59497.2871168,492.5,502
False,391.3313,33.37952,59497.3201792,483.5,502
False,388.8358,34.09924,59497.3515264,482,502
False,386.7119,34.16079,59497.383168,467.5,502
False,384.2349,34.47121,59497.4152704,440,502
False,382.5428,33.86401,59497.4474496,440,502
False,381.2829,33.1459,59497.4794496,429.5,502
False,379.2467,33.15528,59497.5277184,454,502
False,377.0411,33.15374,59497.5597312,470.5,502
False,374.6909,32.9822,59497.591296,440,502
False,372.1487,34.06746,59497.6231296,422.5,502
False,369.6731,35.37374,59497.655232,412.5,502
False,368.4632,36.1107,59497.6875392,409.5,502
False,367.2908,36.53516,59497.7195264,419.5,502
False,365.7458,36.75419,59497.7511936,398,502
False,364.676,36.75499,59497.7832064,375.5,502
False,363.0507,36.69335,59497.8154496,368.5,502
False,362.0966,36.63416,59497.8475136,364,502
False,360.5607,36.41151,59497.8801536,347.5,502
False,360.0685,36.30294,59497.9276544,345.5,502
False,359.3547,35.43717,59497.959808,343.5,502
False,358.0805,35.4677,59497.9913088,356,502
False,357.2854,36.50183,59498.023616,365,502
False,356.9738,37.06467,59498.055296,350.5,502
False,356.2601,37.81728,59498.0875008,368.5,502
False,355.2679,38.08582,59498.1199232,369,502
False,353.8488,37.92707,59498.1512448,372.5,502
False,353.1408,37.08961,59498.1836544,351.5,502
False,352.9042,36.94241,59498.2155904,327,502
False,352.1998,36.39145,59498.2474368,347,502
False,352.2151,36.21508,59498.2802688,342.5,502
False,351.7779,36.45969,59498.3277952,353.5,502
False,351.1083,36.60504,59498.3593856,357,502
False,350.5852,36.70086,59498.3917312,370.5,502
False,350.1395,36.89922,59498.4232576,387,502
False,349.6267,37.00926,59498.4564096,396,502
False,349.149,37.21284,59498.4879104,397,502
False,348.25,37.66865,59498.5192576,420,502
False,346.9552,37.56437,59498.5512832,435,502
False,346.0626,37.49026,59498.5833088,436.5,502
False,345.0154,37.89119,59498.6155264,410.5,502
False,343.7205,39.06173,59498.6479616,378,502
False,342.3834,40.16977,59498.6801024,376,502
False,341.697,40.98372,59498.7274112,368.5,502
False,339.6141,40.80389,59498.7593984,368,502
False,338.329,40.18583,59498.7926528,343.5,502
False,337.0766,39.33995,59498.8237952,352.5,502
False,335.4558,39.3473,59498.8553984,358,502
False,334.8405,39.03372,59498.8874752,346,502
False,334.09,39.4566,59498.9192576,361,502
False,333.2595,39.53493,59498.951296,374.5,502
False,332.3189,39.90349,59498.9836928,392,502
False,331.3231,40.21703,59499.0157952,407,502
False,330.1876,40.10325,59499.047488,431,502
False,328.5332,39.6729,59499.0796416,454.5,502
False,326.5421,40.13588,59499.1274752,471,502
False,323.8802,41.56929,59499.1598464,489.5,502
False,321.5807,42.71949,59499.1919872,498.5,502
False,319.2147,43.5219,59499.2233728,510,502
False,317.2623,44.11521,59499.2555776,502,502
False,315.5604,44.396,59499.2876288,508,502
False,313.9499,45.03387,59499.319488,492,502
False,313.5158,44.81039,59499.3520128,468.5,502
False,312.887,44.67575,59499.3835648,458.5,502
False,312.1659,44.80735,59499.415488,449,502
False,311.5972,45.27162,59499.4476928,451,502
False,310.9768,45.66556,59499.4801536,452,502
False,310.8014,45.76058,59499.5278976,449,502
False,310.8133,45.7463,59499.5595264,450,502
False,310.9773,45.73616,59499.5916672,448.5,502
False,311.2574,45.62942,59499.6234624,447.5,502
False,311.3669,45.60075,59499.6559232,442.5,502
False,311.4663,45.62689,59499.6879232,440,502
False,311.5839,45.56396,59499.719808,443,502
False,311.6333,45.67273,59499.7514496,439.5,502
False,311.3638,45.65538,59499.7835648,443,502
False,311.2843,45.66472,59499.815552,428.5,502
False,310.3685,46.08197,59499.847552,427,502
False,309.8628,46.20057,59499.8802048,413,502
False,308.5362,46.77909,59499.9279104,379.5,502
False,308.8012,47.8843,59499.9595776,363,502
False,308.7314,48.50173,59499.9915904,386,502
False,308.1558,48.78883,59500.0234496,397,502
False,308.165,49.02551,59500.0554752,392,502
False,307.9044,49.66999,59500.0886016,401,502
False,307.4034,49.98825,59500.1199872,397,502
False,307.3325,49.81437,59500.1515008,378,502
False,307.0411,49.69606,59500.1842688,385.5,502
False,306.526,49.21918,59500.2155392,384,502
False,306.274,48.84782,59500.248192,362.5,502
False,305.9017,48.418,59500.280256,342.5,502
False,306.0253,48.96519,59500.3276288,316,502
False,306.0403,49.80428,59500.359744,327,502
False,306.2545,49.97022,59500.3916416,319,502
False,306.6446,50.08981,59500.4240256,302.5,502
False,306.1638,50.34903,59500.4561024,318.5,502
False,305.928,50.32734,59500.4879872,333.5,502
False,305.8766,50.23284,59500.5195008,335,502
False,305.8609,50.12577,59500.551552,326,502
False,305.6058,50.37948,59500.5837184,339.5,502
False,305.7388,50.29406,59500.616064,339.5,502
False,306.0703,50.34649,59500.6481536,329.5,502
False,305.8261,50.13557,59500.68,313.5,502
False,305.7661,49.85706,59500.727744,295,502
False,305.9445,49.59311,59500.7598208,285.5,502
False,306.167,49.49135,59500.7915264,279.5,502
False,306.0086,50.05804,59500.8240256,290,502
False,306.4407,49.52638,59500.8559488,268.5,502
False,306.2962,49.39388,59500.8876288,256,502
False,307.155,49.34019,59500.9195904,243,502
False,306.3436,49.62876,59500.95168,277,502
False,305.8645,49.61548,59500.9841408,267,502
False,305.793,49.35074,59501.0160896,258.5,502
False,304.9819,49.06305,59501.0477824,248.5,502
False,304.6541,48.96289,59501.0799104,238,502
False,304.3859,48.69482,59501.1277312,225,502
False,304.7258,49.13258,59501.1598464,222.5,502
False,304.1894,49.23866,59501.192832,213,502
False,303.9364,48.44391,59501.2236032,209.5,502
False,303.8117,48.2725,59501.2559232,200,502
False,303.59,48.225,59501.2875776,200,502
False,303.1219,47.93333,59501.3195648,205,502
False,302.7611,47.60428,59501.3516416,187,502
False,303.0898,47.53846,59501.3841024,195,502
False,302.376,47.59764,59501.415872,183.5,502
False,302.0609,47.84726,59501.4478976,161.5,502
False,301.9757,48.34216,59501.4957696,151,502
False,302.0211,48.32866,59501.5277184,142.5,502
False,301.491,48.25448,59501.5611008,139.5,502
False,301.3559,48.65653,59501.592128,148,502
False,301.3284,48.60784,59501.6236032,136,502
False,290.3178,40.29183,59501.65568,128.5,502
False,301.3866,49.27757,59501.6884352,134.5,502
False,300.9767,49.79936,59501.7201152,157,502
False,300.7874,49.71657,59501.75168,167,502
False,300.4534,49.38928,59501.7842944,143,502
False,300.7561,49.00883,59501.8158464,151,502
False,290.9658,39.13942,59501.8488064,131.5,502
False,301.1135,49.47551,59501.89632,139.5,502
False,291.5783,39.44192,59501.9278464,132,502
False,292.0434,40.16603,59501.9602816,130.5,502
False,292.8228,40.90087,59501.9916928,134.5,502
False,293.6056,41.13309,59502.0237824,136.5,502
False,294.3599,41.61707,59502.056064,144.5,502
False,295.0463,42.22776,59502.08768,140.5,502
False,295.7489,42.0742,59502.1211136,146,502
False,295.9227,42.58389,59502.1517056,151,502
False,295.9827,42.66125,59502.1837568,154,502
False,295.8614,42.40321,59502.2169856,145.5,502
False,295.6827,42.55212,59502.247936,145.5,502
False,295.9608,42.53468,59502.2958848,149,502
False,296.2754,43.02364,59502.3284096,141,502
False,296.5006,43.12457,59502.3603456,144.5,502
False,296.3173,43.87514,59502.3918592,145.5,502
False,297.3216,44.0742,59502.4241152,141.5,502
False,297.1898,43.85763,59502.4557824,147.5,502
False,296.9589,42.7774,59502.487808,146,502
False,297.5021,41.63291,59502.5203584,158,502
False,298.2215,40.44718,59502.5525376,162.5,502
False,299.136,39.91541,59502.5843584,165.5,502
False,299.6082,39.60817,59502.6158464,179.5,502
False,299.9183,39.36657,59502.6479872,175.5,502
False,300.1403,39.47453,59502.6958848,186.5,502
False,299.9335,40.00091,59502.7282304,183,502
False,300.62,39.11858,59502.7599104,178.5,502
False,300.8061,37.57072,59502.7918976,168.5,502
False,301.2798,36.86855,59502.8239104,177.5,502
False,300.9058,36.98279,59502.8557952,184,502
False,301.8361,37.02015,59502.8881408,182,502
False,303.3063,37.0599,59502.9202176,172.5,502
False,304.299,36.3876,59502.9518848,150.5,502
False,305.1067,44.23957,59502.9838336,323.5,502
False,305.0259,50.7437,59503.0159744,225,502
False,305.2034,50.62381,59503.0485376,245,502
False,305.6236,49.86454,59503.096576,267,502
False,305.872,49.3553,59503.1281536,303.5,502
False,305.4413,47.9306,59503.1604096,341,502
False,305.5968,47.44972,59503.191872,358,502
False,305.9055,47.28273,59503.2239232,375.5,502
False,306.074,47.48305,59503.2558336,378.5,502
False,306.3231,47.30566,59503.2881792,391.5,502
False,306.4918,47.26085,59503.3204096,384,502
False,306.8096,47.2235,59503.3522944,393,502
False,307.1006,47.55371,59503.3839616,392.5,502
False,307.6863,47.77657,59503.4166144,415.5,502
False,308.2796,47.80299,59503.447936,434,502
False,308.9388,47.9045,59503.4959872,452,502
False,309.9041,48.09559,59503.5283072,469,502
False,311.1725,47.71132,59503.5599744,489,502
False,312.5416,47.55796,59503.5919104,530.5,502
False,314.1279,47.33095,59503.623872,559,502
False,315.7969,46.14737,59503.6558464,574.5,502
False,316.6588,45.52365,59503.6882944,592,502
False,316.7484,45.18094,59503.7204352,589.5,502
False,316.7795,45.12098,59503.7519872,591,502
False,316.8878,45.03967,59503.7840384,584,502
False,317.6093,44.25391,59503.8165504,543.5,502
False,318.0657,44.37453,59503.8485632,578.5,502
False,318.5928,43.7325,59503.8960128,562,502
False,318.8134,42.97972,59503.9279872,567,502
False,319.2528,42.80399,59503.9600128,602,502
False,319.9657,43.32407,59503.9919744,611.5,502
False,321.4787,44.35062,59504.0246272,617,502
False,323.3576,44.50092,59504.0560256,631.5,502
False,324.7515,44.27465,59504.0889984,630.5,502
False,325.8712,43.84781,59504.1206272,627.5,502
False,327.052,43.55906,59504.1520896,650.5,502
False,327.8019,43.38204,59504.1840384,657,502
False,328.5982,43.38792,59504.2162432,662.5,502
False,329.8722,44.04328,59504.2481792,658.5,502
False,332.0086,45.59411,59504.296448,622.5,502
False,334.1173,46.84249,59504.32832,609.5,502
False,336.9423,47.80504,59504.3600896,595,502
False,338.3666,48.01014,59504.3919616,575.5,502
False,338.5111,48.05679,59504.4239616,563.5,502
False,337.9064,47.7412,59504.4567296,559,502
False,337.4742,47.33333,59504.4883584,556,502
False,337.2106,47.07861,59504.5200768,555.5,502
False,337.1646,47.08977,59504.5522304,557,502
False,337.0157,46.71403,59504.5841408,552.5,502
False,336.9114,46.13442,59504.6162304,553,502
False,336.7408,45.9449,59504.6486912,553.5,502
False,336.5187,45.74123,59504.696,565.5,502
False,336.4876,45.59873,59504.728448,552,502
False,336.1872,45.7023,59504.7601024,556.5,502
False,335.8184,45.50286,59504.7926272,552.5,502
False,335.7997,45.39347,59504.8240384,551.5,502
False,336.0459,45.72162,59504.856448,552,502
False,336.2598,46.23093,59504.8881408,555,502
False,336.417,46.40278,59504.9202176,564,502
False,336.7014,46.65628,59504.9528576,561.5,502
False,336.6373,46.58326,59504.9845504,555.5,502
False,336.3516,46.5423,59505.01632,557.5,502
False,336.4561,46.55536,59505.0482944,564.5,502
False,336.4595,46.51005,59505.0961536,564,502
False,336.4809,46.46267,59505.1282432,567,502
False,336.5538,46.46015,59505.1608704,562.5,502
False,336.6245,46.45929,59505.1924736,569,502
False,336.5103,46.35969,59505.2241536,556.5,502
False,336.146,45.33092,59505.2564608,553.5,502
False,335.9227,44.60963,59505.288064,543.5,502
False,335.8053,44.67657,59505.3210368,555.5,502
False,335.2608,44.31238,59505.3524992,533,502
False,334.9893,44.52844,59505.384256,545,502
False,334.5982,44.20561,59505.4164352,528.5,502
False,334.4355,44.30303,59505.4482432,533.5,502
False,334.6906,44.64554,59505.496192,528.5,502
False,335.0831,45.39944,59505.5290368,539.5,502
False,335.5721,46.68088,59505.5608448,539.5,502
False,335.9318,48.31451,59505.5921152,540,502
False,336.7876,50.59535,59505.6247424,537.5,502
False,337.5271,52.56917,59505.6564992,526.5,502
False,338.8575,54.04645,59505.68832,531,502
False,340.2338,55.48169,59505.7201536,532.5,502
False,341.4807,56.9535,59505.7524096,512.5,502
False,342.7022,59.03224,59505.784448,501.5,502
False,343.0826,61.47609,59505.81696,498.5,502
False,343.3438,63.70731,59505.8487808,508.5,502
False,344.2844,66.27739,59505.896192,497.5,502
False,345.5775,69.28809,59505.9281664,501,502
False,347.3435,71.58334,59505.9602048,522,502
False,348.2589,73.81699,59505.9925888,535.5,502
False,348.9555,76.10191,59506.0245248,531.5,502
False,349.4392,79.26328,59506.0563328,521,502
False,349.7038,82.42451,59506.0883712,521,502
False,349.9225,85.27808,59506.1202304,555,502
False,349.9336,87.68445,59506.1523456,562.5,502
False,350.0837,89.84177,59506.1856128,563.5,502
False,350.6622,91.95152,59506.2165504,557,502
False,351.7291,94.67958,59506.2486912,555,502
False,353.1229,97.1767,59506.2963456,548,502
False,354.192,100.617,59506.3282176,547,502
False,354.8968,103.6048,59506.360256,523,502
False,354.9709,106.6031,59506.392576,521.5,502
False,354.9872,109.9101,59506.42432,519,502
False,355.4136,112.7773,59506.4562176,527.5,502
False,356.547,115.5242,59506.4883968,526.5,502
False,357.9863,118.2349,59506.5205376,523,502
False,359.7025,120.1619,59506.552896,521,502
False,361.4221,122.7495,59506.5852416,535,502
False,362.3361,124.8466,59506.6164608,539,502
False,362.8116,126.8367,59506.6484352,518.5,502
False,362.3238,128.1532,59506.6966528,525.5,502
False,361.8088,128.5514,59506.7282816,533.5,502
False,361.9539,128.9187,59506.76032,531,502
False,362.4188,129.8081,59506.7922944,518.5,502
False,363.3034,131.0957,59506.8244352,529.5,502
False,364.5376,132.5525,59506.8568832,534.5,502
False,366.0371,133.488,59506.8888448,512,502
False,368.0401,133.6452,59506.9205248,519,502
False,369.8813,133.9702,59506.9525376,521,502
False,371.6081,134.9191,59506.984384,529.5,502
False,372.8727,136.1935,59507.016768,547,502
False,373.8426,137.3036,59507.048896,538,502
False,374.203,138.1577,59507.09632,518,502
False,374.7118,139.2258,59507.1285888,528.5,502
False,376.3355,140.4559,59507.1609216,538.5,502
False,377.8763,141.4694,59507.1923712,552.5,502
False,379.3065,142.2769,59507.224448,552.5,502
False,381.1728,142.9424,59507.256576,547,502
False,385.7872,144.1942,59507.2889472,582,502
False,385.7159,142.8902,59507.3209216,528,502
False,386.8817,142.1864,59507.3530368,536.5,502
False,388.0561,142.0248,59507.3843712,538,502
False,389.2648,142.411,59507.4165632,528,502
False,390.0472,143.4358,59507.448448,522,502
False,390.558,144.4367,59507.4963968,530.5,502
False,391.5041,144.8268,59507.5288064,533,502
False,392.2168,145.0606,59507.5604864,536.5,502
False,393.6017,145.0499,59507.592512,554,502
False,395.4128,145.3148,59507.6245248,566,502
False,397.1719,145.6373,59507.6567552,568,502
False,398.5413,145.8242,59507.6889856,549,502
False,399.7072,145.0969,59507.7210624,543.5,502
False,400.8995,144.4113,59507.7526144,562,502
False,402.3301,144.3054,59507.7844352,567,502
False,403.5233,144.6257,59507.8169344,565,502
False,404.9229,144.8522,59507.8488832,564,502
False,406.167,145.2096,59507.8963584,563,502
False,407.4446,145.7794,59507.9284224,587,502
False,409.0792,145.8305,59507.9606016,587,502
False,410.9978,145.332,59507.9924224,602,502
False,413.2419,144.865,59508.0256256,585,502
False,414.7542,144.4056,59508.0568064,567.5,502
False,415.7896,143.9185,59508.0897152,552,502
False,415.9602,142.862,59508.1210112,553,502
False,416.3693,141.4467,59508.1525888,555.5,502
False,417.1097,139.8246,59508.1846016,556,502
False,418.7585,137.4977,59508.2166784,566,502
False,420.54,135.3965,59508.2486016,567,502
False,422.2255,133.2343,59508.2967936,572,502
False,424.0108,130.3031,59508.3285376,573,502
False,425.6268,127.8573,59508.360576,601.5,502
False,427.3004,125.4183,59508.392448,576.5,502
False,428.2992,121.935,59508.4244352,546.5,502
False,427.8816,119.2659,59508.456896,526.5,502
False,427.3333,117.4796,59508.4889984,526.5,502
False,427.2906,115.3349,59508.5206784,519.5,502
False,427.9397,113.5883,59508.552704,525.5,502
False,428.9364,111.8831,59508.5846016,553,502
False,429.395,109.7637,59508.617344,575.5,502
False,429.5988,106.5778,59508.6491392,604,502
False,430.4752,102.8546,59508.6966528,600.5,502
False,431.0601,99.26105,59508.7284992,588,502
False,431.0439,96.00929,59508.7606144,592,502
False,430.2368,93.38832,59508.79296,585,502
False,429.7608,90.94398,59508.82496,595,502
False,429.4246,88.97063,59508.8564736,584.5,502
False,429.3359,86.4304,59508.8886144,573.5,502
False,429.3345,83.96242,59508.9205632,581,502
False,430.0642,81.36912,59508.9530496,591.5,502
False,430.4609,79.1736,59508.98464,601,502
False,430.6987,77.43433,59509.016832,599,502
False,430.8435,76.01659,59509.0487808,582.5,502
False,430.3013,74.9651,59509.0966912,582.5,502
False,429.8289,73.64481,59509.1290368,572,502
False,429.8366,72.1206,59509.16128,591.5,502
False,429.8192,70.88206,59509.1925376,593.5,502
False,429.6803,69.755,59509.22464,600,502
False,429.4556,68.81351,59509.2572416,597,502
False,429.3703,67.42171,59509.289088,603.5,502
False,429.4614,65.49413,59509.3207168,596,502
False,430.1885,63.29614,59509.3527808,587,502
False,430.9403,61.48043,59509.3845504,583.5,502
False,431.4442,59.64549,59509.416768,574.5,502
False,431.5441,58.03502,59509.449152,552,502
False,430.7943,56.7,59509.496704,530,502
False,430.1499,55.56179,59509.528704,526,502
False,429.7335,54.54155,59509.560704,511.5,502
False,429.5405,53.39659,59509.5927168,508.5,502
False,429.7576,52.15421,59509.62496,495,502
False,430.0607,52.14395,59509.6570368,480.5,502
False,430.6026,51.6492,59509.688576,486.5,502
False,430.8685,51.60688,59509.7207168,460,502
False,430.6772,51.75419,59509.753664,457,502
False,430.7521,51.39097,59509.7852032,480,502
False,430.5684,51.80125,59509.816896,454.5,502
False,430.5276,51.42887,59509.8488192,471,502
False,430.6133,51.50494,59509.896704,472,502
False,430.5784,51.75063,59509.9286528,460.5,502
False,430.6057,51.91457,59509.9611008,456.5,502
False,430.4199,51.91566,59509.9930752,454.5,502
False,430.4603,51.73146,59510.0247424,445,502
False,430.3292,52.02432,59510.0567552,445.5,502
False,430.5627,51.91539,59510.0887552,455,502
False,430.6052,51.87188,59510.121664,447.5,502
False,430.6148,51.90187,59510.1539456,453.5,502
False,430.7247,51.91893,59510.1847168,442,502
False,430.5884,51.98165,59510.2174208,445,502
False,430.3997,52.14773,59510.2489344,444.5,502
False,430.4192,52.28811,59510.2969216,438.5,502
False,430.5235,52.04922,59510.3288448,447,502
False,430.3711,52.11852,59510.36128,450,502
False,430.2222,52.44483,59510.3928704,433.5,502
False,430.2481,52.16667,59510.4247424,448,502
False,430.3267,52.62309,59510.456704,424.5,502
False,430.4994,53.19601,59510.488832,400.5,502
False,430.3629,52.99596,59510.5212672,412,502
False,430.5989,53.21539,59510.553344,398.5,502
False,430.2705,52.0029,59510.5848064,459,502
False,430.1777,51.63419,59510.6170368,467,502
False,429.9393,52.0148,59510.6501248,450.5,502
False,430.1869,51.9388,59510.6969856,457.5,502
False,430.2208,51.60058,59510.7292928,459,502
False,431.2172,50.41402,59510.7613696,456.5,502
False,431.678,48.78457,59510.7927552,425.5,502
False,430.0134,47.97448,59510.8247936,411.5,502
False,429.4088,47.3842,59510.8567424,373.5,502
False,429.8148,46.67453,59510.8894848,381.5,502
False,429.8742,45.81477,59510.9213312,381.5,502
False,430.097,45.17113,59510.9527552,373,502
False,430.1356,44.38529,59510.9849216,362.5,502
False,429.9986,44.20549,59511.017088,358.5,502
False,429.992,44.42184,59511.0490112,354,502
False,429.6017,44.81552,59511.0973696,341.5,502
False,429.7047,44.84454,59511.1292672,342,502
False,429.7388,45.08138,59511.160896,342,502
False,429.6166,45.17064,59511.1928448,336,502
False,429.753,45.31065,59511.2254976,338,502
False,429.6966,45.32726,59511.257088,329,502
False,429.6339,45.46769,59511.2893824,325,502
False,429.6732,45.43072,59511.3209216,332,502
False,429.4816,45.4584,59511.3529984,330.5,502
False,429.5114,45.46052,59511.3849856,314.5,502
False,429.4125,45.70777,59511.4172544,332.5,502
False,429.5587,45.60391,59511.4493824,324,502
False,429.4151,45.62832,59511.4973312,326,502
False,429.6704,45.47081,59511.52896,314,502
False,429.4157,45.80648,59511.5609984,313.5,502
False,429.4103,46.49327,59511.5929344,309.5,502
False,430.2213,46.83705,59511.6249088,314,502
False,429.9276,47.13803,59511.6573696,340.5,502
False,429.7513,47.35811,59511.6890496,356.5,502
False,429.5259,47.3297,59511.7209344,367,502
False,428.9735,47.30239,59511.7528832,377,502
False,428.2581,43.27096,59511.7849216,481,502
False,429.2743,47.08495,59511.8173056,386.5,502
False,429.6831,46.53868,59511.8494976,405,502
False,429.8719,46.29063,59511.8968704,421.5,502
False,430.3187,46.10854,59511.9289984,410,502
False,429.7172,42.10959,59511.9611264,511,502
False,430.3613,45.99332,59511.9930624,399.5,502
False,430.2972,46.09021,59512.0254592,388,502
False,430.3282,46.15586,59512.0574336,393.5,502
False,430.2154,46.34047,59512.0889856,397,502
False,430.056,46.27737,59512.1210496,408,502
False,430.2476,46.60633,59512.1529472,400.5,502
False,430.457,46.69578,59512.1849856,395,502
False,430.4383,46.93517,59512.2174848,398.5,502
False,430.5594,46.93435,59512.251328,396,502
False,430.6969,46.95141,59512.2973184,391,502
False,430.7839,47.04876,59512.3297664,396.5,502
False,430.9895,47.00607,59512.361792,412,502
False,431.0792,47.0044,59512.3933696,416.5,502
False,431.5892,46.83255,59512.4254208,428,502
False,431.5063,46.87137,59512.4572416,425,502
False,431.1288,46.96393,59512.489408,420.5,502
False,431.2662,47.06634,59512.5217792,409.5,502
False,431.1958,47.28243,59512.5533696,406,502
False,431.4649,47.36192,59512.5852544,396.5,502
False,431.5359,47.02405,59512.6171648,395,502
False,431.5059,46.86295,59512.6494976,394,502
False,431.0876,46.72651,59512.697408,395.5,502
False,430.5209,46.50269,59512.7300352,402.5,502
False,430.3148,46.42646,59512.7616,395.5,502
False,430.3257,46.45839,59512.793472,394.5,502
False,430.3549,46.76574,59512.8251648,378.5,502
False,430.4002,46.92513,59512.8570624,374,502
False,430.2966,47.05869,59512.8891136,372,502
False,430.614,46.99501,59512.9210112,367.5,502
False,430.6078,46.98473,59512.9533696,371,502
False,430.9388,47.01796,59512.9855232,362,502
False,430.8139,46.91388,59513.017216,373.5,502
False,430.7365,46.98866,59513.049216,367.5,502
False,430.8204,46.95862,59513.0971392,366.5,502
False,430.626,47.03478,59513.1297536,369,502
False,430.7544,47.13527,59513.1615232,361,502
False,431.0789,47.05369,59513.1931008,357,502
False,431.1686,47.12725,59513.2251648,351,502
False,431.0857,47.00698,59513.2570368,358,502
False,431.1688,47.02578,59513.290176,355.5,502
False,431.0441,47.07559,59513.3215232,355,502
False,430.6926,47.16242,59513.353152,353,502
False,430.4084,47.44889,59513.3852288,375,502
False,430.7884,47.257,59513.4172928,393,502
False,431.0878,47.27863,59513.449344,393,502
False,431.2553,47.16751,59513.497664,393,502
False,431.4826,47.07734,59513.5296256,403,502
False,431.8255,47.01769,59513.561344,414.5,502
False,431.7725,47.31816,59513.5931904,428.5,502
False,431.6271,47.36178,59513.6250752,433.5,502
False,432.0468,47.51878,59513.6575104,430.5,502
False,431.9782,47.53325,59513.6894464,421,502
False,432.0163,47.52625,59513.7212672,419,502
False,431.8591,47.20751,59513.75328,430.5,502
False,431.7865,47.03373,59513.7852416,420,502
False,431.7663,46.98474,59513.8175232,415,502
False,431.5675,46.59719,59513.8503424,415,502
False,431.3602,46.20161,59513.8972928,415,502
False,431.0647,45.75803,59513.929472,430.5,502
False,429.6355,41.47042,59513.961856,524,502
False,431.5557,45.48424,59513.9934464,396.5,502
False,429.8219,41.52991,59514.0254848,515.5,502
False,429.8409,41.86795,59514.0575104,493.5,502
False,430.4532,42.16331,59514.0901632,471.5,502
False,430.5618,42.23018,59514.1218176,475,502
False,430.3927,42.47565,59514.1532672,486,502
False,432.5335,45.75996,59514.1855872,380.5,502
False,430.3527,42.48875,59514.2184704,481.5,502
False,431.9762,44.59298,59514.2497024,427.5,502
False,431.3149,44.19134,59514.2982528,442.5,502
False,428.9305,42.02968,59514.329856,511,502
False,430.1708,43.12951,59514.3618304,480,502
False,430.2902,42.25033,59514.3935744,502,502
False,430.1294,41.64105,59514.4252416,494.5,502
False,429.5502,41.26083,59514.4572928,485,502
False,428.4244,40.71498,59514.4891776,483,502
False,426.7874,39.56842,59514.521344,475,502
False,425.0098,38.11088,59514.5536384,475,502
False,423.2429,36.41525,59514.5856768,470,502
False,420.4605,34.73596,59514.6174848,469,502
False,418.4316,32.85138,59514.6495104,503.5,502
False,413.1203,32.24607,59514.6973824,615,502
False,411.5125,32.03799,59514.7296512,601,502
False,409.9589,32.27281,59514.7616512,559,502
False,412.283,35.42469,59514.7932032,374,502
False,411.5983,36.2164,59514.8255872,343.5,502
False,411.4086,36.38784,59514.8576768,345.5,502
False,410.2447,36.04624,59514.890624,346,502
False,408.8843,35.43328,59514.9216896,328.5,502
False,407.9655,34.79536,59514.9536128,338,502
False,407.2498,35.33535,59514.9857792,331,502
False,407.0628,35.68853,59515.017664,305,502
False,407.102,35.95652,59515.0496128,299,502
False,407.2749,35.941,59515.0974976,274,502
False,407.1926,36.03333,59515.1295744,270,502
False,407.1592,35.95631,59515.1618944,267,502
False,406.9825,36.06397,59515.1937152,247.5,502
False,406.7997,36.10484,59515.2253568,248,502
False,402.3925,33.46927,59515.257408,371.5,502
False,406.5212,35.97818,59515.2893696,252,502
False,406.5765,36.42136,59515.3221248,231,502
False,406.9184,36.54457,59515.354176,222.5,502
False,407.2935,36.6524,59515.3857152,222,502
False,407.075,37.11135,59515.4179712,229,502
False,406.7115,36.78891,59515.4497536,234.5,502
False,406.7355,36.72102,59515.4975616,230,502
False,406.9219,36.81919,59515.5299328,224,502
False,406.757,37.17719,59515.5618816,190,502
False,407.1546,37.17455,59515.5937664,158.5,502
False,407.0967,37.67008,59515.6253952,146.5,502
False,401.8351,28.45213,59515.6575616,144.5,502
False,402.2508,28.51375,59515.6893952,151.5,502
False,403.1902,28.67562,59515.7215488,149,502
False,403.6219,29.17226,59515.753856,149,502
False,403.6793,29.56993,59515.7859456,158.5,502
False,404.4211,30.22889,59515.8175104,150,502
False,404.3669,30.36179,59515.8496256,164,502
False,404.619,30.26191,59515.8984192,168,502
False,404.5158,30.27727,59515.9298688,163.5,502
False,404.5776,30.00104,59515.9623296,161,502
False,404.3547,29.86325,59515.9939968,156,502
False,404.9169,29.58467,59516.026048,156.5,502
False,404.999,29.23333,59516.0578304,160,502
False,405.395,28.77164,59516.089856,154,502
False,405.1864,28.73483,59516.1218304,156.5,502
False,404.868,29.67758,59516.1538944,168,502
False,405.2128,29.62994,59516.1869696,177,502
False,406.1764,31.77261,59516.2181888,258,502
False,406.6574,31.20808,59516.2496256,251.5,502
False,407.1312,30.98891,59516.297536,270.5,502
False,407.9689,30.77835,59516.3296128,289.5,502
False,408.7388,30.81364,59516.3615488,300.5,502
False,409.9478,30.26585,59516.3938816,326,502
False,410.2484,30.55706,59516.4254848,331.5,502
False,411.4122,30.57099,59516.4574976,327.5,502
False,411.7117,30.85244,59516.4895104,344.5,502
False,412.1823,31.12185,59516.5215872,331,502
False,412.6577,31.68259,59516.5545728,335,502
False,412.3712,31.92587,59516.586048,326,502
False,413.2821,32.01881,59516.6177536,354.5,502
False,413.5898,32.17595,59516.649792,377,502
False,414.0527,32.09408,59516.6976896,411,502
False,414.7182,32.06434,59516.7294336,430,502
False,415.8512,31.86139,59516.7618816,442.5,502
False,416.8581,31.10793,59516.793536,471,502
False,417.5859,30.77767,59516.8255488,495.5,502
False,418.4507,30.47113,59516.8575104,522.5,502
False,419.6778,30.46937,59516.8896384,555,502
False,420.3931,30.71237,59516.9221888,547,502
False,421.2974,30.58903,59516.9541632,556,502
False,421.303,30.54623,59516.9857792,566,502
False,421.2333,30.40041,59517.0180224,566.5,502
False,421.2363,30.44673,59517.049728,560,502
False,421.1344,30.48493,59517.0982784,553,502
False,420.975,30.48983,59517.1299584,541,502
False,420.8032,30.85299,59517.1615616,538.5,502
False,421.3376,30.61913,59517.1935872,589,502
False,420.579,31.03399,59517.2255744,534.5,502
False,420.8846,31.33271,59517.2575616,538.5,502
False,420.7462,31.98784,59517.2904064,534.5,502
False,421.4189,32.7216,59517.3219968,582.5,502
False,421.7147,33.07846,59517.35392,590.5,502
False,422.1406,33.37233,59517.385984,585.5,502
False,422.1968,33.94365,59517.4178432,594.5,502
False,421.9042,34.44558,59517.4498176,586.5,502
False,421.9315,34.94487,59517.4980096,583.5,502
False,421.8046,35.39176,59517.5296128,570.5,502
False,420.7462,36.27312,59517.5620352,542.5,502
False,420.2086,36.42606,59517.59424,541,502
False,419.95,36.49937,59517.6260096,533,502
False,420.0984,35.81635,59517.6577664,530,502
False,420.3373,35.15627,59517.6896896,545,502
False,420.7802,34.34005,59517.7221504,571,502
False,421.0907,33.82949,59517.754304,564,502
False,421.7367,33.77477,59517.786816,590.5,502
False,421.9922,33.79608,59517.817792,595,502
False,422.3235,33.73862,59517.8497664,593,502
False,422.9258,33.23637,59517.8976512,593,502
False,423.0734,33.05227,59517.929728,599.5,502
False,422.3771,32.8143,59517.9623552,582.5,502
False,421.9852,32.516,59517.9943168,573,502
False,421.1705,32.02444,59518.0257408,545.5,502
False,420.4725,31.67634,59518.0582656,534,502
False,420.2563,31.50421,59518.0903936,534.5,502
False,419.9578,31.75139,59518.1217536,541,502
False,419.9633,31.62237,59518.1539328,523,502
False,419.7117,31.71839,59518.1859584,522,502
False,419.9952,31.51788,59518.2183936,522,502
False,420.2321,31.60153,59518.250176,522,502
False,420.0722,31.33466,59518.2979072,503,502
False,420.0646,30.4339,59518.3298048,500.5,502
False,420.7136,29.23392,59518.3618304,536.5,502
False,420.5329,28.65326,59518.393856,534.5,502
False,419.7769,28.79808,59518.4262912,520,502
False,419.8314,28.69639,59518.4582144,527,502
False,419.3851,28.73151,59518.4896896,511.5,502
False,419.0985,29.22497,59518.5217792,506,502
False,418.7826,29.60137,59518.5537664,487.5,502
False,418.7648,29.74325,59518.5868544,487.5,502
False,418.433,30.00941,59518.6180096,478.5,502
False,418.4939,30.08781,59518.6503552,474.5,502
False,418.2779,30.16322,59518.6979328,484,502
False,418.1617,30.32513,59518.7299584,487.5,502
False,417.9846,30.39895,59518.7619456,475,502
False,418.0625,30.29395,59518.7941248,482.5,502
False,417.513,30.81219,59518.8258048,473,502
False,417.5824,30.74697,59518.8577408,467,502
False,417.6002,30.8768,59518.8898944,464,502
False,417.1052,30.99117,59518.9218304,453,502
False,417.0535,30.81305,59518.9547392,452,502
False,416.9539,30.81801,59518.9866112,451.5,502
False,416.5829,30.8122,59519.0183296,453.5,502
False,416.8094,30.844,59519.0505344,476.5,502
False,416.8073,31.03543,59519.0981888,461,502
False,416.3738,31.24189,59519.1299328,457.5,502
False,416.7677,31.07316,59519.1621632,467,502
False,416.9228,31.04328,59519.194304,466,502
False,417.8434,30.72446,59519.225984,496,502
False,417.9031,30.72414,59519.2582016,507.5,502
False,418.2812,31.04622,59519.290112,508.5,502
False,418.3423,31.30244,59519.3218304,518,502
False,418.968,31.6513,59519.3538432,531.5,502
False,419.3088,31.72107,59519.386432,530,502
False,420.1978,31.79899,59519.4186624,560.5,502
False,420.9346,32.08253,59519.4512128,573.5,502
False,421.4576,32.56562,59519.4978816,574,502
False,422.08,33.10678,59519.529984,616.5,502
False,421.9176,33.55758,59519.5618944,605,502
False,422.0171,34.02069,59519.5938688,604,502
False,421.5291,34.32962,59519.626432,584,502
False,421.6164,34.65899,59519.65824,586.5,502
False,421.626,34.8312,59519.689856,586.5,502
False,421.2678,35.14474,59519.7218048,570,502
False,415.8586,35.09652,59519.7539328,445.5,502
False,421.4158,35.31921,59519.7858816,602,502
False,421.1301,35.91815,59519.8183808,590.5,502
False,420.3668,36.82941,59519.8506752,553,502
False,415.1167,37.29405,59519.8980864,445.5,502
False,415.0525,37.83617,59519.9301248,470,502
False,414.9344,38.45914,59519.9625088,465,502
False,415.3784,38.37125,59519.9940352,466,502
False,415.6531,38.70877,59520.026112,479,502
False,416.0713,38.80176,59520.05792,493.5,502
False,416.0971,38.84008,59520.0898816,506.5,502
False,416.2014,38.99457,59520.1224064,521.5,502
False,415.6218,38.85279,59520.1545088,531,502
False,416.0211,38.5471,59520.1864704,552,502
False,415.1222,38.69268,59520.2182272,551,502
False,414.9815,38.66994,59520.2501888,559.5,502
False,415.1623,38.68772,59520.2980992,570,502
False,416.0146,38.76778,59520.3301248,583.5,502
False,415.3298,39.31903,59520.362816,571,502
False,414.8672,39.45269,59520.3943936,572.5,502
False,414.2264,39.35184,59520.426048,576.5,502
False,414.5334,38.42824,59520.4580096,569,502
False,415.5983,37.67336,59520.4900736,572.5,502
False,416.5642,37.14769,59520.5225344,571,502
False,417.9712,37.23996,59520.5545472,560.5,502
False,418.8134,37.2186,59520.5869696,582.5,502
False,419.6125,36.46986,59520.6182272,542,502
False,419.7951,37.03641,59520.6502656,563,502
False,421.0858,37.57546,59520.6982656,561,502
False,421.1743,37.84222,59520.7308032,515.5,502
False,426.9056,39.58211,59520.7627136,680,502
False,424.2024,39.05447,59520.7943936,590.5,502
False,425.7451,39.19756,59520.8260096,561,502
False,425.9016,39.49053,59520.8579584,589.5,502
False,426.5965,39.23059,59520.8905856,584,502
False,427.7943,38.89608,59520.9225856,548.5,502
False,427.4817,39.17635,59520.9540864,559.5,502
False,427.6828,39.13943,59520.986176,569,502
False,428.1808,38.40184,59521.0184576,525.5,502
False,427.5058,38.84379,59521.050176,542,502
False,427.2894,38.80719,59521.0988416,542,502
False,426.8213,38.9615,59521.1301632,545.5,502
False,426.7593,39.30785,59521.1621888,556,502
False,426.2057,39.47655,59521.1951104,536.5,502
False,426.0325,40.12165,59521.2266624,553.5,502
False,425.3031,40.36922,59521.258112,534,502
False,424.4149,40.95073,59521.2900992,548,502
False,423.6114,41.0645,59521.3222784,522,502
False,422.8447,42.13369,59521.3542144,563.5,502
False,422.8152,42.95457,59521.387008,587,502
False,423.2504,44.5892,59521.4186624,611,502
False,424.4121,47.72581,59521.4503168,620,502
False,425.2809,53.80905,59521.4982272,600.5,502
False,425.5182,59.98569,59521.5300864,594,502
False,425.4636,63.71898,59521.5621376,599,502
False,426.0852,66.27778,59521.5947264,585,502
False,427.0112,68.07056,59521.6264832,564.5,502
False,427.6463,69.50455,59521.65824,549,502
False,428.2634,71.94455,59521.6901376,541,502
False,428.8768,75.09821,59521.72224,560,502
False,429.4865,77.77029,59521.7542656,579,502
False,429.9488,80.1295,59521.7867648,592,502
False,430.3211,82.26189,59521.818688,543.5,502
False,429.5424,84.05605,59521.8506496,508.5,502
False,428.5381,84.97794,59521.8981504,483.5,502
False,428.1368,86.00206,59521.9301376,486,502
False,428.7935,87.14815,59521.9622144,468,502
False,429.4123,88.57569,59521.9941632,458,502
False,430.6259,89.39738,59522.0269056,445,502
False,431.424,90.105,59522.059072,463.5,502
False,431.4883,91.09233,59522.09024,500,502
False,431.0272,92.40411,59522.1227904,527.5,502
False,430.4823,94.43414,59522.1543168,560.5,502
False,430.3144,96.90337,59522.1862784,579.5,502
False,430.55,100.1574,59522.218368,576,502
False,430.2962,103.7047,59522.2506368,552,502
False,428.99,107.1062,59522.2987648,551,502
False,427.2504,109.7569,59522.3301248,550.5,502
False,426.7477,112.2243,59522.3622144,524.5,502
False,425.9149,114.5802,59522.3942016,507,502
False,425.4142,117.3767,59522.4266624,480.5,502
False,425.3232,121.2062,59522.4588416,460,502
False,424.6595,124.1695,59522.4904576,442.5,502
False,422.8285,125.8599,59522.5226112,414,502
False,420.138,126.0493,59522.554688,372,502
False,418.4507,126.5433,59522.5862016,363.5,502
False,417.4214,126.7201,59522.6185216,371,502
False,416.4496,127.2598,59522.650368,374,502
False,416.1355,127.8721,59522.6986112,350.5,502
False,416.0642,128.8592,59522.730752,335,502
False,416.1061,129.5691,59522.7626752,331.5,502
False,416.4395,129.9856,59522.7942528,325,502
False,416.3559,130.2219,59522.8263552,324.5,502
False,416.1644,130.4439,59522.8583168,328.5,502
False,416.3178,130.3313,59522.8902912,322.5,502
False,416.399,130.338,59522.9229184,320,502
False,416.4007,130.41,59522.9549312,321.5,502
False,416.3577,130.2295,59522.9863296,321,502
False,416.4526,130.098,59523.0186368,314.5,502
False,416.2217,130.183,59523.0508032,322.5,502
False,416.4581,130.1226,59523.0986368,314,502
False,416.3141,130.1532,59523.1302656,328.5,502
False,416.3246,130.3569,59523.1622656,325.5,502
False,416.2423,130.8371,59523.1944448,331.5,502
False,416.1371,131.3328,59523.2264448,329.5,502
False,415.3141,132.4411,59523.25888,329.5,502
False,413.9049,133.8573,59523.2909056,361,502
False,412.0941,134.3178,59523.3223552,365,502
False,409.8806,133.9961,59523.3549696,381,502
False,407.9134,134.2386,59523.3869056,410,502
False,404.8951,135.4401,59523.4194432,449.5,502
False,401.6849,136.9723,59523.4508544,493,502
False,398.991,138.2822,59523.4983168,521,502
False,396.2058,139.3604,59523.5303296,504.5,502
False,393.5081,140.1728,59523.5624192,503.5,502
False,391.0363,141.2767,59523.5947904,518,502
False,389.2186,142.0534,59523.6273024,524.5,502
False,387.2686,142.2215,59523.6589184,520,502
False,384.5283,142.3851,59523.6903808,483,502
False,381.5178,141.8553,59523.7224832,482.5,502
False,378.4445,141.1424,59523.7547648,476.5,502
False,375.5324,141.4317,59523.7864448,491.5,502
False,372.3868,141.4291,59523.819648,473.5,502
False,368.8505,141.7225,59523.8506368,462.5,502
False,365.4413,141.8379,59523.8987648,455.5,502
False,361.9066,141.9803,59523.9305088,474.5,502
False,358.4651,141.6834,59523.9624832,459,502
False,355.4948,140.9276,59523.9945088,451,502
False,352.519,140.2118,59524.0265216,447,502
False,349.8593,139.0985,59524.059008,455,502
False,347.3436,138.6659,59524.0908544,456,502
False,344.756,138.4461,59524.122496,425.5,502
False,342.2693,138.3037,59524.154688,421.5,502
False,339.8401,138.128,59524.1864192,422,502
False,337.8087,137.7955,59524.2186112,432,502
False,336.8939,137.7696,59524.2509312,419.5,502
False,335.982,137.9591,59524.2987264,416,502
False,334.8329,137.8807,59524.3304704,415,502
False,333.8421,137.5757,59524.36256,410.5,502
False,333.4709,136.6495,59524.3945728,397.5,502
False,333.4796,135.8244,59524.426624,392,502
False,333.0092,135.4919,59524.4590208,400.5,502
False,332.009,134.9268,59524.490944,425.5,502
False,331.0153,134.2496,59524.5225472,436,502
False,329.9688,133.443,59524.5545088,448.5,502
False,329.4641,132.7801,59524.5864832,461.5,502
False,328.4442,131.8955,59524.6190464,448,502
False,327.3103,131.4691,59524.6509696,434.5,502
False,325.3105,130.7682,59524.6984832,402,502
False,323.6962,130.1987,59524.7305728,401,502
False,322.4371,129.6206,59524.7626496,387,502
False,321.5208,128.6224,59524.7944576,357.5,502
False,321.6597,127.7286,59524.8274432,336.5,502
False,321.0943,128.1148,59524.8590208,284.5,502
False,321.2487,126.3979,59524.8906624,315,502
False,321.3409,125.4331,59524.9225472,351,502
False,321.2823,124.6426,59524.9549312,346.5,502
False,320.6169,124.5743,59524.9868672,305,502
False,319.6411,124.8506,59525.0185472,300,502
False,319.5124,124.5045,59525.0506368,336,502
False,318.5651,125.6871,59525.0985344,285.5,502
False,318.8448,125.707,59525.1314816,297.5,502
False,319.1866,126.0722,59525.163136,279.5,502
False,318.8763,126.054,59525.1945856,287,502
False,318.7928,125.6323,59525.2269696,310.5,502
False,318.6141,126.3345,59525.2590464,291.5,502
False,318.1914,125.8039,59525.2912384,319.5,502
False,318.0733,126.2383,59525.32256,298,502
False,317.7877,126.387,59525.3545856,292,502
False,317.2381,126.1159,59525.386624,290.5,502
False,317.3892,125.9829,59525.4190336,283.5,502
False,317.2979,125.9215,59525.4512128,286.5,502
False,316.9818,126.4302,59525.4986752,256.5,502
False,316.9633,126.2853,59525.5305344,263.5,502
False,317.4162,125.903,59525.5633408,295.5,502
False,316.8728,126.2269,59525.5945344,272.5,502
False,317.2859,126.0745,59525.6270208,288.5,502
False,317.3004,125.8125,59525.6587136,304,502
False,317.325,126.134,59525.690752,298.5,502
False,317.6521,126.1924,59525.7226112,298,502
False,317.2936,126.2693,59525.7550336,294,502
False,317.1337,126.3453,59525.7869952,278,502
False,316.8974,126.8731,59525.819712,247,502
False,317.3793,127.058,59525.85088,250,502
False,317.4849,126.5792,59525.898752,265,502
False,318.8369,123.5209,59525.9306624,115.5,502
False,319.8261,123.7543,59525.9632,116,502
False,318.1749,127.1023,59525.9951104,252.5,502
False,318.2604,127.7707,59526.0268288,235.5,502
False,318.9468,126.7282,59526.0586752,279,502
False,318.8842,126.1347,59526.0907264,299.5,502
False,318.8375,125.3756,59526.1226368,323,502
False,318.8126,124.8343,59526.1550464,346,502
False,318.5961,124.1972,59526.187264,371,502
False,318.2061,123.8207,59526.2188288,390.5,502
False,317.9543,123.5786,59526.2508288,409,502
False,317.7376,123.2768,59526.2988288,416,502
False,317.6106,122.9818,59526.3312256,431,502
False,317.6367,122.8242,59526.3632384,440,502
False,317.7425,122.4682,59526.3947008,448.5,502
False,318.0546,122.5613,59526.426752,443,502
False,318.3456,122.5762,59526.4587264,449.5,502
False,318.4558,123.205,59526.4907008,428.5,502
False,318.3258,123.6361,59526.523136,420.5,502
False,317.7795,123.1978,59526.5556864,425.5,502
False,317.4121,123.644,59526.586688,419,502
False,317.2938,123.1753,59526.618752,426,502
False,317.6085,123.0609,59526.6510592,429.5,502
False,317.8627,122.6689,59526.6988288,442,502
False,318.0438,122.6811,59526.7312256,449.5,502
False,318.1303,122.7039,59526.763264,447.5,502
False,318.2138,123.0466,59526.7948672,450.5,502
False,318.3214,122.9369,59526.826944,446.5,502
False,318.1502,122.7599,59526.859136,450.5,502
False,318.1433,122.3352,59526.8911616,457,502
False,318.0348,122.183,59526.9228288,464.5,502
False,318.1295,122.2283,59526.9547648,463.5,502
False,318.0651,122.0481,59526.9874944,471,502
False,317.9736,122.1064,59527.01952,467,502
False,317.9416,122.1445,59527.0510208,462.5,502
False,317.9014,121.9004,59527.0989696,475,502
False,317.9293,121.4796,59527.1309184,478.5,502
False,318.1042,121.0972,59527.1633408,478.5,502
False,318.3357,120.4834,59527.1952896,495.5,502
False,318.5315,120.3532,59527.227392,503,502
False,318.5112,120.0269,59527.25888,508,502
False,318.552,119.9499,59527.2908928,516,502
False,318.4039,119.4811,59527.3228928,524.5,502
False,318.7656,118.0513,59527.3548288,532.5,502
False,319.224,115.8802,59527.3873024,556.5,502
False,319.9194,113.2815,59527.4204288,562.5,502
False,320.6544,110.6495,59527.4515584,554.5,502
False,321.6471,107.446,59527.4993536,528,502
False,322.4185,104.5219,59527.531072,491.5,502
False,322.7228,102.5052,59527.5633024,430.5,502
False,323.4763,98.95116,59527.594944,471,502
False,323.9656,96.84543,59527.6269952,441,502
False,327.0592,88.83502,59527.6593408,197,502
False,326.2556,95.26865,59527.6914304,371,502
False,326.5141,95.52142,59527.7228672,408.5,502
False,327.0109,94.12482,59527.75488,352.5,502
False,328.1913,94.88818,59527.7868928,392,502
False,328.0703,94.59384,59527.819456,400.5,502
False,329.8735,93.25539,59527.8512256,402,502
False,329.0886,92.25525,59527.8991232,397,502
False,328.6639,91.71338,59527.9310976,421,502
False,329.06,91.06075,59527.9629568,422.5,502
False,328.7322,90.35387,59527.9956096,381.5,502
False,328.0231,90.58122,59528.0274944,374.5,502
False,328.2412,90.76147,59528.059072,378,502
False,328.9148,91.09789,59528.0913408,395,502
False,328.5043,91.31992,59528.1229568,385,502
False,328.7515,91.43734,59528.1558272,391,502
False,327.6922,91.66574,59528.1870336,359.5,502
False,329.0465,91.45039,59528.2194688,401.5,502
False,328.838,91.49747,59528.2510592,395,502
False,327.7785,91.66252,59528.298944,362,502
False,328.5396,91.47737,59528.3314816,383,502
False,327.7219,91.65356,59528.3636992,356,502
False,328.1372,91.68646,59528.3949056,370.5,502
False,327.841,91.58229,59528.4276608,359.5,502
False,328.0874,91.55237,59528.459712,366,502
False,328.5455,91.34727,59528.4909184,382.5,502
False,328.4887,91.34261,59528.5230464,377.5,502
False,328.6756,91.26599,59528.5550976,393.5,502
False,329.0258,91.2188,59528.5879168,406,502
False,329.2792,91.46002,59528.6195968,406.5,502
False,329.7991,91.23505,59528.6511872,429,502
False,330.1643,91.15249,59528.6990208,452.5,502
False,330.4631,90.94695,59528.7311232,465,502
False,330.529,90.63842,59528.7630848,472,502
False,330.6378,90.33475,59528.7953408,468,502
False,330.6562,90.07056,59528.8271232,463,502
False,330.9191,89.77251,59528.8591872,474,502
False,331.1668,89.74133,59528.8910464,466.5,502
False,331.4354,89.42476,59528.923136,468.5,502
False,331.7434,89.13924,59528.9561728,480,502
False,331.4189,88.8733,59528.9871104,477.5,502
False,331.0603,88.71367,59529.0196096,464.5,502
False,330.7942,88.74535,59529.0670592,457.5,502
False,330.4204,88.92751,59529.099008,446,502
False,330.5717,88.81153,59529.1312128,451,502
False,331.4342,88.61392,59529.1636608,464.5,502
False,331.3387,88.79005,59529.1952896,462,502
False,330.5408,88.91885,59529.2274048,439.5,502
False,330.6588,88.69687,59529.2591872,441.5,502
False,330.5242,88.63485,59529.2912384,440,502
False,330.5912,88.67634,59529.3236736,448,502
False,330.5869,88.79362,59529.355584,459.5,502
False,330.8276,88.73733,59529.3872384,467,502
False,330.7591,88.89312,59529.4194048,472.5,502
False,330.8177,88.92648,59529.468032,462.5,502
False,330.9318,88.91747,59529.4994688,466.5,502
False,330.7423,89.02054,59529.5310336,462.5,502
False,330.9134,88.91445,59529.5634304,469.5,502
False,331.3868,88.75334,59529.5950336,486.5,502
False,331.3423,88.76559,59529.6271616,483.5,502
False,331.4054,88.6778,59529.6590336,479,502
False,331.5773,88.5736,59529.6911744,492.5,502
False,331.4331,88.81038,59529.7237504,501,502
False,331.7847,88.66075,59529.7556864,507,502
False,331.8113,88.8606,59529.7872256,510.5,502
False,332.0013,88.97585,59529.8191616,524.5,502
False,332.2554,89.11768,59529.8671616,541,502
False,332.7258,88.99726,59529.8994816,547,502
False,333.3154,88.87264,59529.9316736,557.5,502
False,334.4778,88.7457,59529.963264,563,502
False,336.312,88.50115,59529.99552,578,502
False,338.9733,87.51881,59530.0277376,562.5,502
False,341.8471,86.20113,59530.0592896,563.5,502
False,345.1237,84.77338,59530.0914048,568.5,502
False,349.0906,83.20538,59530.1232768,570.5,502
False,352.993,81.49908,59530.1562752,546,502
False,356.7502,80.35274,59530.1876608,567,502
False,360.1432,79.5908,59530.2192256,547,502
False,362.9413,79.41167,59530.2672,534,502
False,365.2769,79.86108,59530.2991872,525.5,502
False,368.8907,79.00861,59530.3312256,425.5,502
False,370.2229,78.74877,59530.3637632,406,502
False,370.7098,77.9086,59530.3956864,490.5,502
False,371.3642,76.7496,59530.4271616,512.5,502
False,372.0653,76.23376,59530.4594048,515.5,502
False,372.6873,75.83739,59530.4919552,493,502
False,373.4642,75.51357,59530.5233408,509.5,502
False,374.0253,75.44575,59530.5556864,513,502
False,374.2765,75.54762,59530.5872512,504,502
False,374.5393,76.9814,59530.6194944,466,502
False,374.9019,77.20459,59530.6675968,479,502
False,374.9793,77.31033,59530.6991744,514.5,502
False,375.5865,77.68539,59530.7312768,534,502
False,376.5286,77.86809,59530.763264,539.5,502
False,377.8701,78.07539,59530.7954688,566,502
False,380.0923,78.19027,59530.827776,568.5,502
False,382.6703,78.46345,59530.85984,590.5,502
False,385.5682,78.70741,59530.8914432,589,502
False,388.124,79.00648,59530.9233536,591.5,502
False,390.9985,79.33334,59530.9557376,574,502
False,394.2987,79.49135,59530.9873408,578,502
False,397.2941,79.41151,59531.0193792,582,502
False,399.9938,79.46825,59531.0672768,590.5,502
False,402.1094,80.32202,59531.0992256,589.5,502
False,403.8206,81.7662,59531.1317248,576,502
False,405.247,83.42894,59531.1639552,577,502
False,407.1009,84.60403,59531.195904,588,502
False,408.8585,85.60922,59531.2274048,589,502
False,410.6647,86.78192,59531.2594944,590,502
False,412.4305,87.62164,59531.2919424,607,502
False,414.7933,88.82394,59531.3233024,621,502
False,417.182,90.72833,59531.3558144,613.5,502
False,419.5545,92.67338,59531.3881344,621,502
False,420.9797,94.34373,59531.4194176,609,502
False,421.0434,95.47873,59531.4674048,591.5,502
False,420.4791,95.86871,59531.4992896,589,502
False,420.2023,96.09972,59531.53184,585,502
False,420.154,96.28398,59531.5639424,591,502
False,420.4252,97.28543,59531.5953408,595,502
False,420.8743,98.73339,59531.6272896,602,502
False,421.3625,99.66497,59531.6595072,588.5,502
False,422.0355,100.2738,59531.6915712,582.5,502
False,422.7099,99.76848,59531.723776,597.5,502
False,423.2711,99.32765,59531.7560448,586.5,502
False,423.153,99.15697,59531.7878656,593.5,502
False,423.2473,99.55732,59531.8195072,599,502
False,423.1901,99.86249,59531.8678656,614.5,502
False,423.2249,100.2101,59531.8997504,619.5,502
False,423.4597,100.6166,59531.9315072,609.5,502
False,423.1744,100.7608,59531.9635712,612.5,502
False,423.5317,100.7251,59531.995456,601.5,502
False,423.4259,100.8033,59532.0273408,605,502
False,423.3605,100.5328,59532.0598528,612.5,502
False,423.4555,100.5497,59532.0921088,601.5,502
False,423.5127,100.6423,59532.1237248,608.5,502
False,423.571,100.7934,59532.1554048,599.5,502
False,423.4712,101.0376,59532.1874432,615.5,502
False,423.6414,101.7914,59532.2194432,621.5,502
False,423.6942,102.6453,59532.2679808,623,502
False,424.1095,104.093,59532.2998656,639.5,502
False,424.6779,105.4633,59532.3317888,609,502
False,425.2799,107.9616,59532.36352,598.5,502
False,425.63,110.8533,59532.3955712,581.5,502
False,425.2896,113.5328,59532.427584,586.5,502
False,425.2322,115.7433,59532.459904,600,502
False,425.3998,118.5699,59532.4925696,566.5,502
False,425.9085,121.4329,59532.5238144,561,502
False,426.2261,126.1933,59532.5554944,604.5,502
False,428.425,125.2591,59532.587648,518.5,502
False,428.9385,126.5029,59532.6195456,490.5,502
False,427.544,127.2743,59532.66752,477,502
False,427.1042,126.956,59532.6999936,443,502
False,426.8389,126.3823,59532.7319424,432.5,502
False,426.8102,126.2614,59532.7640448,435.5,502
False,426.8225,126.3558,59532.795648,430,502
False,426.9165,126.305,59532.8277248,423,502
False,427.0093,126.3042,59532.8595328,428.5,502
False,427.0194,126.3652,59532.8925312,429.5,502
False,427.1915,126.4507,59532.9238912,429,502
False,427.2892,126.4513,59532.9555712,431,502
False,427.3984,126.5974,59532.9875584,433,502
False,427.4515,126.5795,59533.0196608,430,502
False,427.597,126.6907,59533.0681472,430.5,502
False,427.5322,126.5357,59533.099968,425,502
False,427.8724,126.5178,59533.1316224,422,502
False,427.9099,126.5995,59533.1636864,422,502
False,427.8077,126.5283,59533.1956096,426.5,502
False,427.8812,126.5475,59533.2275712,421,502
False,427.5969,126.5922,59533.2599296,430,502
False,427.6559,126.6234,59533.2918784,431,502
False,427.6382,126.6667,59533.3235968,432.5,502
False,427.7686,126.6035,59533.3556736,425,502
False,427.9121,126.842,59533.3877888,432.5,502
False,427.7335,127.2016,59533.4196352,449,502
False,427.968,127.1196,59533.4686592,432,502
False,427.2037,127.5319,59533.5003136,454,502
False,426.9122,128.0568,59533.5321728,446,502
False,425.5799,129.3676,59533.5641472,466.5,502
False,423.8733,131.3949,59533.5956864,473.5,502
False,421.5239,133.9879,59533.6275328,495,502
False,418.5883,136.6643,59533.6595328,491.5,502
False,415.6479,138.5052,59533.691648,496.5,502
False,413.1853,140.2336,59533.7241472,496.5,502
False,410.8549,141.8981,59533.7560576,502,502
False,407.7619,143.016,59533.78784,448,502
False,404.1229,143.1618,59533.8198016,432.5,502
False,401.0083,142.5784,59533.8676736,421,502
False,398.32,142.5599,59533.9001216,424.5,502
False,395.8335,142.7311,59533.9321344,408.5,502
False,393.0547,142.8462,59533.9637632,390,502
False,390.3831,143.0388,59533.995648,378,502
False,387.6922,142.9724,59534.027584,392,502
False,384.7163,141.9074,59534.0596224,399.5,502
False,382.8535,140.3376,59534.0920704,392.5,502
False,381.572,138.788,59534.12416,406.5,502
False,379.7889,137.2418,59534.1557248,429.5,502
False,376.6629,136.0713,59534.1877504,481.5,502
False,373.7079,134.7386,59534.2206336,477.5,502
False,370.8792,133.8792,59534.268288,476,502
False,367.9212,132.9589,59534.299776,478,502
False,365.094,131.92,59534.3316224,475,502
False,362.4394,130.6234,59534.36384,485.5,502
False,359.3194,128.9989,59534.3956736,443.5,502
False,356.5196,126.7212,59534.4283264,434,502
False,354.0407,124.9313,59534.4596736,446.5,502
False,352.2128,123.4064,59534.4923392,442.5,502
False,350.693,122.6497,59534.523776,423.5,502
False,349.1282,122.5873,59534.556288,403,502
False,348.0595,123.1204,59534.5878272,389,502
False,347.2004,123.5307,59534.62016,377.5,502
False,346.3625,123.3828,59534.667776,360.5,502
False,345.7728,122.7688,59534.7002496,370.5,502
False,345.3521,122.0045,59534.732096,373,502
False,345.4932,121.1074,59534.7641984,355.5,502
False,345.5607,120.3305,59534.7958016,354,502
False,345.5298,119.8736,59534.8277376,352,502
False,345.7353,119.6583,59534.859776,359.5,502
False,345.5789,119.3293,59534.8921344,368.5,502
False,345.1451,119.1216,59534.9248512,375.5,502
False,344.8803,119.1603,59534.9563136,381.5,502
False,344.688,119.0803,59534.9878144,390,502
False,344.1055,118.8404,59535.02016,403,502
False,343.3838,118.3301,59535.067904,406.5,502
False,342.5336,117.8417,59535.09984,409.5,502
False,341.695,117.262,59535.1323392,411,502
False,340.6303,116.1453,59535.16416,417.5,502
False,340.0341,114.9896,59535.1957248,415.5,502
False,339.8059,113.8289,59535.2277248,413,502
False,339.3964,113.0237,59535.2598656,415,502
False,338.8936,112.1796,59535.2921088,412,502
False,337.7892,111.161,59535.3238656,398.5,502
False,336.2004,111.3004,59535.3558912,380,502
False,335.038,111.3293,59535.387776,372.5,502
False,334.696,111.7199,59535.419968,363,502
False,334.1993,111.9185,59535.468288,349.5,502
False,333.7303,111.049,59535.4998016,364,502
False,333.5316,111.1377,59535.5317632,311,502
False,334.2356,112.4816,59535.564288,240.5,502
False,334.1742,109.6274,59535.5963648,331,502
False,334.2037,109.2772,59535.6279296,335.5,502
False,334.5513,109.3839,59535.6599168,316.5,502
False,334.465,110.1513,59535.6920448,297.5,502
False,334.4254,110.4893,59535.723968,271.5,502
False,334.2533,110.342,59535.7565824,306,502
False,334.2627,110.2879,59535.7882752,311.5,502
False,333.9323,109.5263,59535.8201728,332.5,502
False,334.26,108.9495,59535.8679552,350,502
False,334.5009,108.8044,59535.89984,363,502
False,334.3262,108.6024,59535.9318912,373.5,502
False,334.3704,108.3018,59535.9643136,391.5,502
False,334.6522,108.327,59535.995968,391.5,502
False,334.794,108.2756,59536.0278016,390,502
False,334.5209,108.1387,59536.0600704,378.5,502
False,334.5482,108.3606,59536.0920064,373,502
False,334.2891,108.7298,59536.1246848,335.5,502
False,335.3238,111.9809,59536.1564288,227,502
False,334.8463,108.5457,59536.187968,315.5,502
False,335.0044,107.4364,59536.220032,381.5,502
False,335.5039,109.8046,59536.2679168,302,502
False,334.7819,107.2561,59536.3003648,390.5,502
False,334.924,107.1596,59536.3322752,399,502
False,334.5161,106.8987,59536.3639296,403,502
False,335.5859,110.4186,59536.396096,258,502
False,335.1761,105.4088,59536.4280192,424,502
False,334.3562,104.4443,59536.460032,423.5,502
False,333.7346,104.245,59536.4928,439.5,502
False,333.4995,104.1957,59536.5244928,445.5,502
False,333.5388,104.0044,59536.5561344,457.5,502
False,333.3941,103.9888,59536.5884288,460.5,502
False,333.2749,103.7108,59536.6201088,465,502
False,333.3913,103.5164,59536.6692864,471.5,502
False,333.4515,103.3135,59536.7003392,471,502
False,333.7503,103.3354,59536.7320576,484,502
False,333.9675,102.9875,59536.7640704,492.5,502
False,334.0688,102.4542,59536.7961472,503.5,502
False,334.1884,101.1147,59536.828096,529,502
False,334.0704,99.22056,59536.8608512,535,502
False,334.3545,97.0368,59536.892736,552.5,502
False,334.7704,94.51685,59536.9241472,564,502
False,335.1102,92.19284,59536.9565952,544.5,502
False,335.8962,89.3885,59536.9881216,507.5,502
False,334.8092,87.73647,59537.02048,456,502
False,334.6949,84.59384,59537.0686336,460,502
False,335.1042,82.1364,59537.0999808,435,502
False,336.4326,80.68194,59537.1324672,436.5,502
False,337.5785,79.74668,59537.1640832,389.5,502
False,338.552,80.50578,59537.1961984,433,502
False,339.2578,80.50272,59537.228224,428,502
False,339.6267,80.53974,59537.2603136,421.5,502
False,340.0615,80.66791,59537.2925824,404,502
False,340.4432,80.47786,59537.3247616,414,502
False,340.5259,80.15556,59537.356032,405,502
False,341.1897,80.19968,59537.388096,419,502
False,341.886,79.87402,59537.4206208,444.5,502
False,341.9594,79.46614,59537.4687104,443,502
False,342.2172,79.12896,59537.5000832,442,502
False,342.2187,79.03096,59537.5324416,436,502
False,342.632,79.03203,59537.5641216,447.5,502
False,342.6001,79.2514,59537.5960576,445.5,502
False,342.8968,79.56946,59537.6281728,447.5,502
False,342.7747,79.72222,59537.660224,435,502
False,342.6069,79.82358,59537.6926208,427,502
False,342.4037,79.81025,59537.7245952,426,502
False,342.4636,79.75861,59537.7563392,426,502
False,342.5427,79.54581,59537.7883776,433,502
False,342.3653,79.61637,59537.8204928,427.5,502
False,342.5862,79.31418,59537.8685568,435,502
False,343.0513,79.30658,59537.9004416,448.5,502
False,343.2526,79.26569,59537.9321216,446,502
False,343.3915,79.55135,59537.9643136,449.5,502
False,343.9829,79.36436,59537.99616,478,502
False,343.4046,79.39294,59538.0283648,458.5,502
False,343.6189,79.44849,59538.060736,467.5,502
False,343.8199,79.38255,59538.0927104,477.5,502
False,343.4413,79.38711,59538.1242112,468,502
False,343.989,79.32371,59538.1562496,485,502
False,343.1724,79.08659,59538.1882496,435,502
False,343.7122,79.25018,59538.2202496,457,502
False,343.6663,79.47854,59538.2685824,446.5,502
False,343.7532,79.35851,59538.300544,437,502
False,343.1539,79.26289,59538.3321856,449.5,502
False,342.9063,79.26153,59538.3642368,441,502
False,342.9091,79.27413,59538.3966592,442,502
False,342.5405,79.43168,59538.4288384,444,502
False,342.4985,79.30457,59538.4603648,452,502
False,342.4987,79.2393,59538.4923392,455.5,502
False,342.2718,78.97655,59538.5251584,455,502
False,342.3524,78.54054,59538.5564544,462.5,502
False,342.3792,77.85403,59538.58912,483,502
False,342.524,77.41903,59538.6207872,511.5,502
False,343.1116,76.9222,59538.6681856,527,502
False,343.5636,76.6586,59538.7002624,537,502
False,344.6495,76.18009,59538.732288,552.5,502
False,346.4065,75.81505,59538.7643008,560.5,502
False,348.3809,75.26672,59538.796672,568,502
False,351.0515,74.47079,59538.8284032,550.5,502
False,353.1602,73.41111,59538.8602496,540,502
False,355.3997,71.74858,59538.8923136,557.5,502
False,358.0183,70.48126,59538.9244544,591.5,502
False,360.8388,70.34931,59538.956672,594.5,502
False,364.1067,71.04127,59538.988864,573.5,502
False,367.2867,72.3,59539.0210304,550,502
False,370.4004,73.1368,59539.0682496,566.5,502
False,372.8813,72.93414,59539.1002368,536.5,502
False,375.7638,72.61936,59539.132288,528.5,502
False,379.1596,71.79756,59539.1646848,505.5,502
False,381.3797,71.3199,59539.1963264,521,502
False,383.5028,71.05128,59539.2283648,533,502
False,384.0179,71.82421,59539.2603776,520.5,502
False,383.7067,72.38475,59539.2924032,483,502
False,383.7825,72.5611,59539.32512,470.5,502
False,384.0136,72.52783,59539.3566464,479,502
False,383.6314,71.63253,59539.3883136,434.5,502
False,383.8327,71.4011,59539.4204288,425.5,502
False,383.8214,72.44877,59539.4688128,475,502
False,384.3632,72.69386,59539.500672,502.5,502
False,383.8047,69.50269,59539.5323264,309,502
False,384.6188,72.21252,59539.5644544,463.5,502
False,384.0447,72.60537,59539.596544,503,502
False,384.0191,72.5323,59539.6285696,513.5,502
False,383.688,72.13401,59539.6614272,492.5,502
False,383.6804,72.27989,59539.6924416,499,502
False,383.7753,72.30807,59539.725056,501.5,502
False,383.6549,72.37022,59539.7570432,497,502
False,383.9431,72.25863,59539.788416,497.5,502
False,384.4747,72.66209,59539.8205056,510.5,502
False,384.6859,73.26566,59539.8687232,529.5,502
False,385.4663,74.41925,59539.9004288,549,502
False,387.3083,76.17842,59539.9325056,567,502
False,389.8183,77.70514,59539.9645312,593.5,502
False,392.9254,78.99554,59539.9964544,599,502
False,396.2471,80.44947,59540.028736,597,502
False,400.035,81.67311,59540.0607104,594.5,502
False,403.7537,83.08625,59540.0924928,614.5,502
False,406.8058,84.87054,59540.1245696,602.5,502
False,408.9521,86.75535,59540.1573376,584.5,502
False,410.6976,88.4138,59540.1884928,582,502
False,411.9077,90.55036,59540.2211072,577.5,502
False,412.9893,92.73405,59540.268608,561.5,502
False,414.4151,94.4226,59540.3005952,554.5,502
False,416.181,96.09439,59540.3325184,535,502
False,417.9283,97.24652,59540.3648768,539.5,502
False,419.1132,97.93199,59540.3968512,546.5,502
False,420.1769,98.92876,59540.4287872,561.5,502
False,421.1629,99.72227,59540.4604672,548.5,502
False,422.132,101.1013,59540.4924928,538,502
False,421.5289,102.4613,59540.5245568,525,502
False,420.354,102.8445,59540.5567616,509,502
False,420.2069,102.8622,59540.589184,514,502
False,420.289,102.8328,59540.6211584,515.5,502
False,420.3301,102.7945,59540.668736,520,502
False,420.5179,102.784,59540.7006464,513,502
False,420.7036,102.7746,59540.7325952,519,502
False,420.7839,102.8108,59540.7652224,526,502
False,420.8349,102.7214,59540.79648,524,502
False,420.708,102.6502,59540.8290176,516,502
False,420.7197,102.6098,59540.8609024,515.5,502
False,420.7156,102.6622,59540.8926208,518,502
False,420.7118,102.6309,59540.9245184,517.5,502
False,420.4854,102.5328,59540.9567232,513,502
False,420.6478,102.6197,59540.9885952,511.5,502
False,420.3431,102.7859,59541.0207104,527,502
False,420.2731,103.0858,59541.0686592,547.5,502
False,420.6018,103.6027,59541.101056,552.5,502
False,420.5925,103.8232,59541.1329024,548.5,502
False,421.0933,104.5412,59541.1645568,550,502
False,421.7316,105.3285,59541.196544,549.5,502
False,422.5075,106.0441,59541.2286464,556,502
False,422.9771,106.5771,59541.2612224,552.5,502
False,423.2964,106.9182,59541.2926208,546,502
False,423.5493,107.6874,59541.3251328,555.5,502
False,423.9173,108.3906,59541.3571456,576.5,502
False,424.5352,109.3766,59541.3885568,574.5,502
False,425.4362,110.6848,59541.4212352,580,502
False,426.5506,112.0707,59541.468544,596,502
False,427.713,114.0532,59541.500672,605,502
False,428.8234,116.4376,59541.5325696,622,502
False,429.7557,118.6979,59541.5648384,603,502
False,430.301,121.3385,59541.5969152,577.5,502
False,430.0326,123.89,59541.6289408,557.5,502
False,429.3443,125.5649,59541.6605696,530.5,502
False,428.9741,126.5963,59541.6925056,502,502
False,428.5499,127.508,59541.7247872,461,502
False,428.7148,128.3141,59541.7575424,433,502
False,429.2962,129.5484,59541.7890688,435.5,502
False,429.5734,130.2524,59541.8209152,432.5,502
False,429.4139,131.0575,59541.8687744,434.5,502
False,429.471,131.8149,59541.9006208,411.5,502
False,430.1609,133.1181,59541.932608,408,502
False,430.8016,134.1164,59541.9650432,378,502
False,428.6104,134.4174,59541.9970688,361,502
False,427.5655,134.4844,59542.0287232,347.5,502
False,427.2667,134.874,59542.0607232,320,502
False,427.0448,135.2819,59542.0930816,301.5,502
False,427.2292,135.879,59542.1251072,286.5,502
False,426.9628,136.4601,59542.1567744,273.5,502
False,427.52,136.7108,59542.1887616,245.5,502
False,427.3042,136.9351,59542.2208768,251.5,502
False,428.0244,137.0827,59542.268736,246,502
False,428.6925,137.0703,59542.3015808,232.5,502
False,428.6031,137.3873,59542.3325568,225.5,502
False,428.3514,137.6652,59542.365056,230.5,502
False,427.7604,137.924,59542.3972096,243.5,502
False,427.6571,138.1294,59542.4288384,243.5,502
False,427.5431,138.5503,59542.460736,253.5,502
False,427.7944,138.9374,59542.4929536,261,502
False,427.8734,138.8924,59542.5254528,254,502
False,428.0977,138.9344,59542.557248,249,502
False,428.1241,139.4193,59542.5887488,240.5,502
False,428.226,139.2306,59542.6208512,251.5,502
False,428.39,139.4618,59542.6689024,253,502
False,425.004,143.45,59542.701248,377,502
False,428.4554,139.5607,59542.7327104,258,502
False,428.5851,139.7759,59542.765568,265.5,502
False,425.0665,143.6767,59542.7967744,383.5,502
False,428.6188,139.3931,59542.8292608,254,502
False,428.5744,139.4464,59542.8613504,256.5,502
False,428.6036,139.3626,59542.892928,256.5,502
False,428.8012,139.3519,59542.9248768,251.5,502
False,429.1505,139.3468,59542.9568768,247,502
False,425.9451,143.3269,59542.9888896,364,502
False,429.6181,138.763,59543.0212992,237,502
False,429.6526,138.7298,59543.069184,237.5,502
False,429.6032,138.6325,59543.100736,239,502
False,429.5404,138.6158,59543.1328128,239,502
False,429.6029,138.7599,59543.1647744,243,502
False,426.0216,143.0229,59543.1967616,371,502
False,429.4698,138.943,59543.2292224,245.5,502
False,429.494,138.9832,59543.2613632,248,502
False,426.0606,143.2135,59543.2928256,368.5,502
False,425.9721,143.1213,59543.324928,371,502
False,429.3177,139.0954,59543.3568,255,502
False,429.3353,139.1922,59543.388992,257.5,502
False,429.3301,139.1419,59543.4216576,256,502
False,429.2218,139.3581,59543.469376,255.5,502
False,429.1862,139.3249,59543.5009024,256,502
False,429.2146,139.2153,59543.5328896,255.5,502
False,428.9171,139.1702,59543.5649408,261.5,502
False,428.7661,139.2562,59543.5972224,261.5,502
False,428.3125,139.5654,59543.6291072,271.5,502
False,427.9889,139.8055,59543.6609024,254.5,502
False,427.657,140.216,59543.6928768,260,502
False,423.2013,144.052,59543.724928,404,502
False,423.0657,143.8289,59543.756928,416,502
False,423.2375,143.8127,59543.7893248,421,502
False,426.4184,140.2987,59543.820928,284,502
False,426.4904,140.2204,59543.86944,268.5,502
False,426.5551,140.4312,59543.9009024,269,502
False,426.5572,140.6425,59543.9328384,269.5,502
False,426.5256,140.2249,59543.9649024,250.5,502
False,426.6795,140.332,59543.9972352,247.5,502
False,426.6404,139.7486,59544.0289408,215.5,502
False,427.4655,140.2359,59544.0609536,210.5,502
False,428.6027,140.8311,59544.0928,187.5,502
False,428.2789,140.9486,59544.1250432,168.5,502
False,427.1949,140.9857,59544.1574272,174.5,502
False,425.9003,141.4091,59544.1894144,160.5,502
False,425.4144,141.982,59544.2212224,166.5,502
False,424.8284,142.252,59544.2690432,170,502
False,424.8418,142.4766,59544.30144,157,502
False,424.2713,142.5563,59544.3329408,158.5,502
False,423.9194,142.9051,59544.3654784,151,502
False,424.0739,143.3333,59544.3969536,151,502
False,424.263,143.5456,59544.428928,144.5,502
False,424.8239,143.4078,59544.460992,141,502
False,419.4402,153.8676,59544.4929536,143.5,502
False,420.28,153.09,59544.5258624,150,502
False,420.3922,152.1546,59544.5569152,158.5,502
False,418.0624,150.9122,59544.5893888,157.5,502
False,427.9774,143.9918,59544.6216704,162,502
False,421.2341,146.817,59544.6690688,322.5,502
False,420.6207,147.1446,59544.7010944,348,502
False,419.4659,146.8288,59544.733056,366,502
False,419.2762,146.7506,59544.7661952,373.5,502
False,415.6789,147.4375,59544.7972864,451,502
False,411.564,147.755,59544.8289792,488.5,502
False,407.3222,148.0108,59544.860992,525,502
False,402.9566,148.2818,59544.892992,510.5,502
False,398.213,147.6018,59544.9252096,490.5,502
False,393.3081,146.6951,59544.9574272,475,502
False,389.8196,145.8813,59544.9890816,462,502
False,386.6678,144.956,59545.0212096,424,502
False,383.7292,143.5726,59545.069248,391.5,502
False,382.7639,142.6754,59545.1010688,380.5,502
False,381.6032,142.6211,59545.1334016,354.5,502
False,379.2643,142.5614,59545.1654784,316.5,502
False,376.9928,142.7552,59545.1969664,346.5,502
False,375.6961,143.7466,59545.2290688,323,502
False,374.9349,143.341,59545.2610176,348,502
False,374.5814,143.2871,59545.2937728,350,502
False,374.0511,142.772,59545.3252608,365.5,502
False,373.0997,142.1701,59545.357632,386,502
False,371.7006,141.1361,59545.3891456,393,502
False,370.684,140.3768,59545.4211456,414.5,502
False,370.0804,138.9927,59545.4691456,433.5,502
False,369.4362,137.4316,59545.50144,436,502
False,368.7792,135.9155,59545.5330304,434,502
False,367.7239,134.7168,59545.5658624,448.5,502
False,366.5032,133.3552,59545.597376,464,502
False,365.5268,131.8704,59545.6291072,469.5,502
False,363.9277,129.7179,59545.6611712,459,502
False,361.895,128.2561,59545.6931456,438,502
False,360.3839,127.4761,59545.7251328,428.5,502
False,359.1539,126.5084,59545.757632,424.5,502
False,358.5351,125.7958,59545.789056,410.5,502
False,358.0306,124.7363,59545.8211712,392.5,502
False,357.976,123.7878,59545.869248,360.5,502
False,358.0032,122.862,59545.9010688,363.5,502
False,357.8548,121.891,59545.9334528,373,502
False,357.6401,121.4901,59545.965568,320,502
False,357.384,120.116,59545.997248,378,502
False,357.064,119.5063,59546.0291968,385.5,502
False,357.2422,118.4583,59546.0617216,408,502
False,356.4541,117.1067,59546.093952,425,502
False,355.2544,116.3819,59546.1251968,422.5,502
False,353.8653,115.8886,59546.1573504,407,502
False,353.1279,115.3377,59546.1896704,384.5,502
False,352.6927,114.4146,59546.2213632,377.5,502
False,351.6187,113.4087,59546.2692352,382.5,502
False,350.9081,111.9686,59546.3011584,388,502
False,351.0384,110.3725,59546.3334656,404,502
False,350.8728,108.8831,59546.3667968,390.5,502
False,351.122,107.2911,59546.3975936,386.5,502
False,351.1171,106.7895,59546.4291968,378.5,502
False,350.5621,104.4117,59546.4613376,425.5,502
False,350.1944,102.9787,59546.4933248,375.5,502
False,349.4123,100.7934,59546.5252608,401,502
False,347.7881,100.1729,59546.557952,346,502
False,347.0523,99.80742,59546.58976,373,502
False,346.0262,99.78506,59546.6215808,381.5,502
False,345.6731,99.44173,59546.6692224,389,502
False,345.3183,98.74867,59546.7011712,376,502
False,345.6167,98.50772,59546.7336192,367,502
False,345.5364,98.23518,59546.7656576,343,502
False,345.8232,97.55986,59546.7971968,335.5,502
False,345.8882,97.83485,59546.8292352,328,502
False,345.9372,97.76636,59546.8613504,321,502
False,345.6656,98.16615,59546.8931712,318,502
False,345.5418,97.68861,59546.9261824,319,502
False,345.481,97.0767,59546.9580416,289,502
False,345.5267,97.6813,59546.9898112,262,502
False,345.6569,97.79735,59547.0216192,289.5,502
False,345.9236,97.06528,59547.069376,314,502
False,345.6281,97.15573,59547.1012224,320,502
False,345.8446,97.19363,59547.1333376,340,502
False,345.8565,96.96336,59547.165696,327.5,502
False,346.384,97.23387,59547.1976448,338.5,502
False,346.7102,97.00629,59547.2293376,344.5,502
False,346.4724,96.68777,59547.26144,347.5,502
False,346.5907,96.82331,59547.2932864,357.5,502
False,346.7282,96.21291,59547.3259264,382,502
False,347.0609,95.7915,59547.3579392,388.5,502
False,346.6169,95.99586,59547.3893888,362,502
False,347.3124,95.45854,59547.4215424,398,502
False,347.2922,95.1133,59547.4696448,381,502
False,347.8358,94.92834,59547.5012864,400,502
False,347.806,94.97685,59547.5340416,396,502
False,347.674,95.29568,59547.5656832,389.5,502
False,347.8963,94.98285,59547.5976192,398.5,502
False,347.0806,95.3518,59547.6298752,370,502
False,346.982,95.28964,59547.6619904,370,502
False,347.9008,94.57119,59547.6933248,401.5,502
False,347.8692,94.46917,59547.7258624,400,502
False,347.7596,94.63512,59547.7575552,401.5,502
False,348.1046,94.39308,59547.7893632,424,502
False,348.0567,94.42896,59547.8214912,423.5,502
False,347.8125,94.49899,59547.8693376,412.5,502
False,347.9741,94.39954,59547.9017344,430.5,502
False,348.2388,94.12166,59547.9337344,442.5,502
False,348.536,93.79217,59547.9654784,455.5,502
False,348.5104,93.90601,59547.9973888,457.5,502
False,348.541,93.77551,59548.0294912,464,502
False,348.5234,93.6795,59548.0614912,480.5,502
False,349.0124,93.12449,59548.09408,486,502
False,349.3655,92.86755,59548.126144,492,502
False,346.4074,98.84321,59548.1576704,270,502
False,350.5346,90.36392,59548.1897728,479.5,502
False,351.054,87.43407,59548.2222592,546,502
False,352.2127,84.36159,59548.2700672,525,502
False,353.5061,80.44788,59548.3013504,452.5,502
False,354.5103,78.73542,59548.3339904,494.5,502
False,355.5277,75.92634,59548.3655424,495.5,502
False,356.2343,74.04906,59548.3973376,526.5,502
False,357.6601,71.92133,59548.4299648,536,502
False,359.0117,70.94005,59548.4623104,511.5,502
False,360.2234,71.14468,59548.4935808,508,502
False,361.038,71.41089,59548.5263104,505,502
False,361.6409,71.19392,59548.5577088,504.5,502
False,362.3616,70.87546,59548.5900544,500.5,502
False,362.5922,69.62273,59548.621696,497,502
False,362.2501,68.23476,59548.6697088,500.5,502
False,362.3096,66.98714,59548.7014272,492.5,502
False,362.4716,66.19277,59548.7338112,498,502
False,362.9694,65.4146,59548.7654272,523,502
False,364.1458,64.09202,59548.7974912,532.5,502
False,365.7297,61.74903,59548.8294272,518,502
False,367.6687,60.22821,59548.8614912,566,502
False,369.9574,58.24752,59548.8941056,555.5,502
False,373.5444,56.23613,59548.9264128,519.5,502
False,376.182,54.95259,59548.957568,569.5,502
False,377.732,55.84864,59548.9899008,403,502
False,380.8008,51.79167,59549.0221824,508,502
False,382.4307,50.30413,59549.069824,496.5,502
False,383.8799,48.15876,59549.1014656,569,502
False,385.1149,47.14486,59549.1334912,512,502
False,387.1688,40.94756,59549.1657216,232,502
False,386.3022,46.16552,59549.1976192,509.5,502
False,386.9872,45.65451,59549.2304128,521,502
False,387.2366,44.93347,59549.2621824,491,502
False,387.3265,44.48754,59549.2936832,535,502
False,388.859,44.23347,59549.3258112,587.5,502
False,389.991,44.73262,59549.357824,609,502
False,391.8741,44.69881,59549.3895936,617,502
False,393.8774,44.74133,59549.4217728,629.5,502
False,395.8571,44.48207,59549.469696,632,502
False,398.2166,43.72227,59549.5019648,626.5,502
False,400.407,43.0832,59549.533504,631,502
False,402.775,42.41267,59549.5656576,615.5,502
False,405.065,41.46083,59549.5977344,600,502
False,407.6465,40.40794,59549.6301696,596.5,502
False,409.5028,39.57648,59549.6617088,565.5,502
False,410.9425,39.60012,59549.6937728,551,502
False,411.4636,40.62147,59549.7257216,560.5,502
False,411.7211,41.43711,59549.7577856,560.5,502
False,412.0999,41.88569,59549.7900288,555.5,502
False,412.6667,41.96525,59549.8220544,551.5,502
False,413.7916,42.26254,59549.8696448,541.5,502
False,414.9338,43.3068,59549.9015808,534,502
False,414.1638,43.31579,59549.9337472,503.5,502
False,413.6357,42.78239,59549.9664128,505.5,502
False,413.8795,42.5792,59549.9977088,514.5,502
False,414.0081,42.52049,59550.0298368,516.5,502
False,414.4243,42.52304,59550.0617728,528,502
False,415.2646,42.3734,59550.0938496,495,502
False,416.6828,41.71914,59550.1262464,486,502
False,417.8124,41.77408,59550.1580416,526,502
False,418.0815,42.52573,59550.189696,521.5,502
False,418.6161,42.55653,59550.2218112,511.5,502
False,419.3777,42.56561,59550.2700416,503,502
False,419.6842,42.62508,59550.3020672,513,502
False,420.0844,42.37285,59550.3336704,493.5,502
False,420.1451,42.69292,59550.3659008,520.5,502
False,420.2863,42.49874,59550.3979776,531,502
False,420.8105,42.74149,59550.4300416,548,502
False,421.0357,43.0006,59550.4621568,555.5,502
False,421.5171,43.36312,59550.4941184,559.5,502
False,422.1313,44.09138,59550.525696,543.5,502
False,422.6054,44.50481,59550.5584384,520,502
False,422.6378,44.55577,59550.5900928,520,502
False,422.6686,44.4265,59550.621952,517,502
False,422.2431,44.36774,59550.6700928,513.5,502
False,422.0758,43.93843,59550.7018624,503.5,502
False,422.0784,43.52556,59550.7337856,489,502
False,422.6849,42.75964,59550.7658624,484,502
False,423.3021,41.97488,59550.7979136,464.5,502
False,423.8667,41.8007,59550.8302336,477.5,502
False,424.3144,42.17255,59550.8622848,510,502
False,424.8034,42,59550.89408,487.5,502
False,425.5811,42.03596,59550.9257728,500.5,502
False,426.445,42.21308,59550.9578112,522.5,502
False,426.6122,42.21309,59550.9903744,517,502
False,427.4547,42.27584,59551.0226432,501.5,502
False,428.0847,42.48825,59551.069696,503.5,502
False,429.117,42.7474,59551.1021056,528.5,502
False,429.6551,42.72404,59551.134144,520,502
False,429.8595,43.53111,59551.1658752,509,502
False,430.0619,45.21389,59551.1978752,547,502
False,430.5838,46.0006,59551.229824,553,502
False,430.6017,46.78396,59551.262336,557,502
False,430.5194,47.18603,59551.2944,568,502
False,430.0427,47.45417,59551.3264,565.5,502
False,430.0213,47.92213,59551.3577856,556.5,502
False,430.0031,48.09871,59551.3897856,528.5,502
False,430.3594,48.21172,59551.4218496,523.5,502
False,430.3937,48.37834,59551.4701312,511,502
False,430.277,48.39832,59551.5021184,497.5,502
False,430.5295,47.95713,59551.533888,466.5,502
False,430.0705,47.63718,59551.5659776,463.5,502
False,429.3556,47.32748,59551.59776,456,502
False,429.8859,47.06116,59551.630016,466,502
False,429.5016,47.05786,59551.6623744,469.5,502
False,428.708,46.53542,59551.6942208,463.5,502
False,428.1644,46.15404,59551.726016,468.5,502
False,428.4759,45.84077,59551.7580928,459.5,502
False,427.943,46.63937,59551.789888,488.5,502
False,427.654,47.53928,59551.8227584,488,502
False,427.734,48.86951,59551.870208,527.5,502
False,428.395,50.29882,59551.9018496,565,502
False,429.0577,52.33955,59551.9339008,589.5,502
False,429.4086,55.64457,59551.96608,611,502
False,430.0416,59.23609,59551.99808,617,502
False,430.8618,62.63945,59552.0303616,618.5,502
False,431.6558,66.70609,59552.061952,613,502
False,432.2261,71.30303,59552.0940416,583,502
False,431.8626,74.87795,59552.1259648,564,502
False,430.9453,77.21949,59552.1580032,549,502
False,430.805,78.75743,59552.1902208,532.5,502
False,430.5995,80.75314,59552.2223232,518.5,502
False,430.532,82.99067,59552.2698752,536,502
False,431.1264,85.34905,59552.3019904,519.5,502
False,431.4746,87.53564,59552.3339648,519,502
False,430.9409,89.21909,59552.3665792,496,502
False,429.901,90.17403,59552.3983488,486.5,502
False,428.8326,91.34671,59552.429888,486,502
False,428.3815,93.22765,59552.46208,501.5,502
False,427.2822,96.18891,59552.494016,502,502
False,426.1706,98.9773,59552.5259648,470,502
False,425.2966,101.2864,59552.5590912,440.5,502
False,424.3563,104.6218,59552.5899264,457,502
False,423.7424,107.1536,59552.6224512,453.5,502
False,422.6178,108.8996,59552.6700672,430,502
False,420.6714,109.6398,59552.702144,427.5,502
False,418.6985,110.1788,59552.7339264,419.5,502
False,417.2639,111.2886,59552.7665024,425,502
False,416.3765,112.5519,59552.7981696,398,502
False,414.5517,114.5103,59552.8300928,390,502
False,412.0722,116.9754,59552.8621824,392.5,502
False,410.9958,119.1856,59552.8939392,392.5,502
False,409.814,120.7437,59552.9265152,370,502
False,407.714,120.8177,59552.9583872,352,502
False,406.6438,120.5363,59552.9899904,342.5,502
False,405.5237,120.2244,59553.0220544,352,502
False,404.6662,121.0393,59553.0710016,335,502
False,403.0909,121.7473,59553.1023616,376,502
False,402.1477,122.3144,59553.134144,370,502
False,400.4096,122.98,59553.1665664,358.5,502
False,397.559,123.5921,59553.1981056,357.5,502
False,395.4066,124.5371,59553.230144,352.5,502
False,392.9958,125.047,59553.2627968,361.5,502
False,390.7481,124.8093,59553.294016,370.5,502
False,388.7116,123.9987,59553.3264128,374.5,502
False,387.3022,122.8498,59553.358464,380.5,502
False,385.8941,122.215,59553.3901568,401.5,502
False,383.8677,121.8944,59553.4221952,424.5,502
False,381.4239,121.4801,59553.4701312,465.5,502
False,379.1103,121.0792,59553.502592,471.5,502
False,376.3625,120.4252,59553.534528,457,502
False,373.867,120.1223,59553.5662336,448.5,502
False,371.9117,120.2281,59553.5981952,443.5,502
False,370.6555,119.812,59553.6314112,433.5,502
False,368.8661,119.1529,59553.662016,394.5,502
False,367.7144,117.9427,59553.6943744,384,502
False,366.9773,116.6937,59553.7266048,382,502
False,365.9882,116.1098,59553.7581184,382.5,502
False,365.6707,116.0527,59553.790144,376.5,502
False,364.9226,116.0329,59553.8221824,400.5,502
False,363.8458,115.8735,59553.8705664,415,502
False,362.5101,115.2013,59553.9025792,435.5,502
False,361.2284,114.2899,59553.9346048,468.5,502
False,359.2639,112.914,59553.9661312,482.5,502
False,357.304,111.8029,59553.9981824,499,502
False,355.6843,111.1276,59554.0302208,509.5,502
False,353.8137,110.4215,59554.0621056,504.5,502
False,352.0353,109.4998,59554.0944128,504.5,502
False,350.4814,108.6088,59554.1265408,501,502
False,348.2973,107.1987,59554.1581184,476.5,502
False,346.0028,105.3737,59554.1902208,479,502
False,344.702,103.4846,59554.2227584,486,502
False,342.9328,101.5686,59554.2715904,471,502
False,341.1905,99.80872,59554.3022336,447,502
False,339.0108,98.99963,59554.3342208,446,502
False,337.1168,98.31771,59554.3669376,448,502
False,335.2472,97.17492,59554.3981696,454.5,502
False,334.1065,96.24223,59554.4305536,455.5,502
False,332.6259,94.90363,59554.4625024,441,502
False,331.7847,93.73294,59554.4942464,425,502
False,331.734,92.95499,59554.5261824,411,502
False,332.1054,92.31329,59554.5587712,382.5,502
False,331.4689,91.6028,59554.5903104,404.5,502
False,331.3032,91.60512,59554.638208,371,502
False,331.1029,91.17596,59554.6701824,367.5,502
False,330.772,89.79254,59554.7023232,406.5,502
False,330.5609,89.36183,59554.7351552,403.5,502
False,330.1864,88.37476,59554.76672,426.5,502
False,328.9657,87.4157,59554.798208,433,502
False,327.814,87.1028,59554.8301952,434.5,502
False,326.6282,86.809,59554.862144,455.5,502
False,325.2461,85.86087,59554.8941952,466,502
False,323.7178,84.03296,59554.926592,485.5,502
False,322.0818,82.23612,59554.9584256,507.5,502
False,320.2257,80.1226,59554.990336,512.5,502
False,318.7501,78.09045,59555.0383616,521.5,502
False,316.6005,75.14775,59555.0703488,511,502
False,314.7982,72.18991,59555.102912,505.5,502
False,313.9855,69.8677,59555.1343232,516.5,502
False,312.7576,67.68697,59555.1668224,517,502
False,311.2834,65.69838,59555.198208,504.5,502
False,309.468,63.90098,59555.230208,491.5,502
False,308.3029,63.24648,59555.2623104,508.5,502
False,306.6366,61.59921,59555.2949632,504,502
False,305.6609,60.48669,59555.32672,494.5,502
False,305.0739,59.64545,59555.3583232,487,502
False,304.04,58.37444,59555.3903232,450,502
False,303.6435,56.59372,59555.4383744,445.5,502
False,303.744,55.01674,59555.4704256,448,502
False,303.5655,53.21708,59555.5031936,464.5,502
False,303.2876,51.63207,59555.53504,462.5,502
False,302.5078,50.06461,59555.5669248,438.5,502
False,301.1819,49.25638,59555.5984256,411.5,502
False,300.0521,49.08924,59555.630336,381,502
False,299.5554,49.22298,59555.6630656,368.5,502
False,299.4022,49.04167,59555.6947456,356,502
False,299.0134,49.06042,59555.7262976,336.5,502
False,298.5799,48.82857,59555.7584128,315,502
False,298.6164,49.21548,59555.7904128,288.5,502
False,298.3377,49.19065,59555.8383744,264,502
False,298.4397,48.61856,59555.8709504,246,502
False,298.7521,48.47105,59555.9028992,236,502
False,299.2073,48.16311,59555.9343872,234,502
False,299.1909,47.54462,59555.9665536,254,502
False,299.1057,46.59319,59555.999616,279,502
False,298.8604,45.87943,59556.0306944,305.5,502
False,298.3252,44.43644,59556.0627968,305.5,502
False,297.888,43.16101,59556.0944128,309.5,502
False,297.8443,42.05768,59556.1263616,326.5,502
False,297.6866,40.72018,59556.1590784,327,502
False,297.7469,39.91439,59556.1908352,311.5,502
False,297.4266,38.93598,59556.2384,302,502
False,297.5419,37.96514,59556.2705408,272.5,502
False,297.2074,37.00564,59556.3024128,266,502
False,296.5581,36.27075,59556.3344256,261,502
False,296.4425,36.24691,59556.3668096,256.5,502
False,296.4469,36.50033,59556.3985664,252.5,502
False,296.215,36.88095,59556.4307072,231,502
False,296.2749,37.10273,59556.4623872,225.5,502
False,296.7581,37.79667,59556.4944,220.5,502
False,296.7224,38.31822,59556.5289088,209.5,502
False,296.99,38.03863,59556.5587968,233,502
False,296.5771,37.31176,59556.591168,255,502
False,296.3157,36.69512,59556.6388864,246,502
False,295.2738,36.26507,59556.6710272,229.5,502
False,295.5146,36.30692,59556.7034496,233.5,502
False,295.7459,36.73244,59556.734976,223,502
False,295.5441,36.96253,59556.7670528,213.5,502
False,295.6643,37.27673,59556.7988992,212,502
False,295.7456,37.52184,59556.83104,217.5,502
False,296.4514,37.69671,59556.862912,233,502
False,296.1906,37.93925,59556.8947968,219.5,502
False,296.3907,37.87547,59556.927296,223.5,502
False,296.1525,37.74686,59556.9585664,212,502
False,295.9876,37.74768,59556.9914752,216,502
False,295.8393,38.01519,59557.0385664,208.5,502
False,295.9005,37.99602,59557.0713344,209.5,502
False,296.2838,38.0309,59557.1031552,205,502
False,296.1189,37.84429,59557.134976,213,502
False,296.1848,37.8037,59557.1670784,216.5,502
False,296.1436,38.15004,59557.198528,205.5,502
False,296.292,38.11679,59557.2304896,205.5,502
False,295.9857,37.95091,59557.2625664,210.5,502
False,296.0502,37.92504,59557.2944896,209,502
False,295.9526,38.79912,59557.3269376,190,502
False,296.2196,39.71711,59557.3588608,168.5,502
False,296.4812,39.81359,59557.3905408,181.5,502
False,296.6714,40.0904,59557.438656,177,502
False,298.5177,26.1257,59557.4706816,179,502
False,298.3586,26.91536,59557.5030528,191,502
False,297.0631,28.18384,59557.5346688,179.5,502
False,296.4196,29.10516,59557.5666816,168,502
False,295.5107,30.14209,59557.5986048,156,502
False,294.9366,29.66542,59557.6307072,134,502
False,294.813,30.06235,59557.6631936,139,502
False,294.5713,30.98026,59557.6944768,152,502
False,294.6477,31.1126,59557.7268224,149.5,502
False,294.2452,32.92199,59557.7593216,164.5,502
False,294.5814,33.84962,59557.7910016,174,502
False,294.9193,34.56851,59557.8388352,171.5,502
False,294.8791,35.48272,59557.8710656,164,502
False,293.8593,36.38023,59557.903424,163.5,502
False,293.3418,37.20382,59557.9350656,157,502
False,292.943,37.43038,59557.9669632,158,502
False,295.1243,39.94468,59557.9990144,232,502
False,294.8174,40.88759,59558.030912,256.5,502
False,294.1426,40.9942,59558.0629248,287.5,502
False,294.2822,41.54132,59558.0949632,296.5,502
False,294.3233,41.52254,59558.1274368,299.5,502
False,293.9333,41.36814,59558.1592192,282.5,502
False,293.8571,42.10735,59558.190784,281,502
False,293.5802,41.62058,59558.23872,264,502
False,294.2826,41.36502,59558.2709888,263,502
False,294.2307,41.27301,59558.3028992,268,502
False,294.1773,41.41261,59558.3355776,267,502
False,293.8336,41.44584,59558.3670656,278.5,502
False,294.003,41.56972,59558.3987712,278.5,502
False,293.7914,41.5018,59558.4308224,278,502
False,293.7101,41.74251,59558.4628224,272.5,502
False,293.9722,42.42771,59558.4949504,275.5,502
False,294.3287,43.19828,59558.5267072,290,502
False,294.7939,43.77778,59558.5590272,309,502
False,294.3203,44.30135,59558.5911424,333.5,502
False,294.4947,44.21002,59558.6391808,346,502
False,295.0648,44.21977,59558.672128,362.5,502
False,295.624,44.1924,59558.7028096,359.5,502
False,296.0776,44.35511,59558.7347584,352,502
False,295.8505,44.7212,59558.7676032,354.5,502
False,295.5518,44.86704,59558.7990144,358.5,502
False,295.2507,44.91319,59558.8306432,359,502
False,295.115,44.9184,59558.8627456,359.5,502
False,295.3268,44.71784,59558.8946944,355,502
False,295.3828,44.67406,59558.9268608,360.5,502
False,295.3967,44.8014,59558.9594496,357.5,502
False,295.5187,44.81466,59558.9913216,357,502
False,295.6343,44.75117,59559.0388224,355,502
False,295.4161,44.71983,59559.0708864,360.5,502
False,295.2469,44.68541,59559.1028352,364.5,502
False,295.3365,44.74782,59559.134784,363.5,502
False,295.8553,44.71522,59559.1673728,357,502
False,295.8185,44.67645,59559.1987456,358,502
False,295.6967,44.60425,59559.231104,360.5,502
False,295.3623,44.70562,59559.263296,368,502
False,295.7341,44.76824,59559.294848,361,502
False,295.5027,44.70127,59559.3268224,366,502
False,295.7785,44.7126,59559.3589248,366.5,502
False,295.4057,44.6521,59559.3908992,366,502
False,295.5321,44.65829,59559.4398336,358,502
False,295.5044,45.14577,59559.471808,343,502
False,294.4682,45.25859,59559.5030528,330,502
False,295.1387,45.14423,59559.53472,330.5,502
False,295.5832,44.75013,59559.566848,319.5,502
False,295.5914,44.61021,59559.5987712,310,502
False,295.6477,44.68878,59559.6315264,316.5,502
False,295.3781,44.68573,59559.6628608,323.5,502
False,295.1626,44.87231,59559.6951168,325,502
False,294.7588,45.2171,59559.7271424,325.5,502
False,294.0851,45.46547,59559.7587712,333,502
False,293.5414,45.64289,59559.7908992,336.5,502
False,293.5746,46.02454,59559.8390272,326,502
False,293.5706,46.12934,59559.87168,326,502
False,293.7412,45.7937,59559.9032576,317.5,502
False,293.942,45.67859,59559.9349248,307.5,502
False,293.6884,45.73767,59559.9669504,307.5,502
False,294.3835,45.36111,59559.998848,306,502
False,294.4407,45.26656,59560.0309632,312,502
False,293.7761,44.9739,59560.0632832,332,502
False,294.3888,45.2674,59560.0956032,318.5,502
False,294.2545,45.10989,59560.1268992,317,502
False,294.279,45.24156,59560.159616,316,502
False,294.0655,45.27153,59560.1910784,315.5,502
False,294.2695,45.3527,59560.2394624,318.5,502
False,294.4098,45.09747,59560.2710912,309.5,502
False,293.9532,45.03668,59560.30304,313.5,502
False,294.0073,45.26969,59560.3349248,319.5,502
False,293.4238,45.55468,59560.3673472,317,502
False,293.3967,45.83074,59560.3988864,321,502
False,293.3507,45.95699,59560.4308864,325.5,502
False,292.9402,46.07311,59560.4629888,326,502
False,292.7855,45.91266,59560.4950528,322.5,502
False,292.6023,45.71783,59560.527424,316,502
False,292.4708,46.1664,59560.5596672,311.5,502
False,292.3456,46.33949,59560.5915392,325,502
False,292.2248,46.56912,59560.6395136,319.5,502
False,292.3461,46.17972,59560.6711168,325.5,502
False,292.3631,45.99841,59560.7030784,314,502
False,292.5245,45.83691,59560.7349888,302.5,502
False,292.3242,45.41039,59560.7670656,292,502
False,298.8776,46.72325,59560.7995008,162,502
False,292.3973,45.04188,59560.831232,294.5,502
False,292.5214,45.28158,59560.8630016,299.5,502
False,292.5197,45.43257,59560.8950784,304,502
False,292.6357,45.34574,59560.9270144,295.5,502
False,292.4932,45.49429,59560.95904,306.5,502
False,292.5612,45.3085,59560.9914624,302,502
False,292.5396,45.08042,59561.039488,300.5,502
False,292.7409,45.12126,59561.0711424,301,502
False,292.6656,45.2215,59561.1030016,307,502
False,292.5795,45.30795,59561.1349888,302,502
False,292.4489,45.24689,59561.16704,308.5,502
False,292.5758,45.34169,59561.199296,299,502
False,292.3679,45.22533,59561.2309376,304,502
False,292.4033,45.30383,59561.2636032,305,502
False,292.4072,45.34503,59561.2955008,313.5,502
False,292.6705,45.28289,59561.3270656,304,502
False,292.6678,45.1285,59561.3592064,303.5,502
False,292.7533,45.21722,59561.3910016,300,502
False,292.6262,45.23989,59561.4395648,305,502
False,292.5392,45.29714,59561.4713344,308.5,502
False,292.6263,45.17634,59561.5033984,301.5,502
False,292.6739,45.0843,59561.5349248,300.5,502
False,292.7649,45.15494,59561.5671168,305.5,502
False,292.7677,45.13619,59561.5989376,303.5,502
False,292.9326,45.13435,59561.630976,296.5,502
False,292.7096,45.23158,59561.6638464,303,502
False,292.6194,45.14056,59561.6954496,300,502
False,292.5777,45.13311,59561.7272192,305.5,502
False,292.6202,45.32199,59561.7591808,308.5,502
False,292.8227,45.25775,59561.791104,306.5,502
False,293.0385,45.38394,59561.839104,303,502
False,292.6609,45.3402,59561.8714624,315.5,502
False,292.7401,45.26795,59561.9030144,311,502
False,292.3873,45.25891,59561.934976,318,502
False,292.6635,45.21493,59561.9671168,312.5,502
False,292.5939,45.26371,59561.9990528,316,502
False,292.5443,45.27349,59562.0314368,317.5,502
False,292.5304,45.26992,59562.063552,318,502
False,292.2348,45.25838,59562.0951424,318,502
False,292.4839,45.26042,59562.1271552,320,502
False,292.2924,45.26283,59562.159232,321.5,502
False,292.5351,45.37233,59562.191104,320.5,502
False,292.6212,45.3233,59562.2395008,315.5,502
False,292.6453,45.37286,59562.2715008,312,502
False,292.469,45.2973,59562.3030272,314.5,502
False,292.3712,45.33229,59562.3350912,321,502
False,292.1653,45.664,59562.3676032,312.5,502
False,292.4633,45.67584,59562.3997312,327,502
False,292.9249,45.53521,59562.4312576,319.5,502
False,292.6256,45.6365,59562.4632192,337,502
False,292.1744,45.73188,59562.4953472,345,502
False,292.1159,45.7058,59562.527424,345,502
False,291.8961,45.82353,59562.560192,340,502
False,291.89,46.14063,59562.591168,342.5,502
False,291.416,46.44703,59562.6394752,365,502
False,292.2346,47.14118,59562.6711936,369.5,502
False,292.8833,47.76165,59562.7030528,375.5,502
False,292.6952,47.80972,59562.7356672,374,502
False,293.1595,47.49285,59562.767808,373,502
False,293.8996,47.32875,59562.7997184,363.5,502
False,294.291,47.1174,59562.8312576,362,502
False,293.9578,46.94756,59562.8632576,375,502
False,293.8596,47.15865,59562.8953472,374,502
False,294.3046,47.07798,59562.927168,365.5,502
False,293.6806,46.48318,59562.9596672,371.5,502
False,293.4978,46.38222,59562.9919872,375,502
False,293.0785,46.37844,59563.0392064,369.5,502
False,293.0617,46.2058,59563.0716288,362,502
False,293.0166,46.30563,59563.1032192,361,502
False,292.8265,46.36398,59563.1356928,353.5,502
False,292.6106,46.20245,59563.1673344,354,502
False,292.7539,46.15097,59563.1993088,334.5,502
False,293.0649,45.84081,59563.2312704,323.5,502
False,293.1466,45.91679,59563.2638464,328.5,502
False,293.0422,45.846,59563.2955008,335.5,502
False,292.8925,45.92061,59563.327232,338,502
False,292.3037,45.78717,59563.359296,343,502
False,291.8535,45.26832,59563.3913216,323,502
False,290.9393,45.03187,59563.439808,329.5,502
False,290.4841,45.03704,59563.4719232,319.5,502
False,290.2305,45.19587,59563.5032448,322.5,502
False,290.5554,44.98095,59563.5360384,332.5,502
False,290.2768,44.97345,59563.5679104,339,502
False,290.4886,45.26616,59563.5993856,327.5,502
False,290.5165,45.0499,59563.6312704,334,502
False,290.0265,45.05963,59563.663424,327,502
False,290.1311,44.61465,59563.695424,314,502
False,290.0687,44.29822,59563.7279744,318,502
False,290.3721,44.17969,59563.7597312,313.5,502
False,290.1467,44.39956,59563.7912448,304.5,502
False,289.9175,44.56959,59563.8392576,285,502
False,290.1641,44.77399,59563.871296,293.5,502
False,290.4027,44.45077,59563.9033088,281,502
False,290.0372,44.64071,59563.9357952,282.5,502
False,290.2754,44.71304,59563.967424,287.5,502
False,289.8678,44.6477,59563.999488,290,502
False,289.4263,44.58333,59564.0319488,294,502
False,289.243,44.99774,59564.063808,295,502
False,289.4423,44.76174,59564.0955264,287.5,502
False,289.4044,44.62888,59564.1273728,295.5,502
False,289.2152,44.5654,59564.1594752,276.5,502
False,288.9088,44.78386,59564.191424,256,502
False,287.0482,43.29902,59564.2397568,204,502
False,286.8858,43.25441,59564.271424,198.5,502
False,286.6789,42.83551,59564.303424,191.5,502
False,286.162,42.79374,59564.3353856,181,502
False,286.1907,42.85185,59564.367552,180,502
False,286.3683,42.53407,59564.399936,181,502
False,286.0811,42.56011,59564.4321152,183,502
False,286.0429,43.22807,59564.463424,171,502
False,286.5688,43.81875,59564.4957824,160,502
False,286.8324,44.2052,59564.5281792,173,502
False,286.6171,44.1258,59564.55936,181.5,502
False,286.199,43.80483,59564.5913984,172.5,502
False,285.4376,43.19155,59564.6395392,177.5,502
False,285.4869,42.74398,59564.6714624,166,502
False,285.7778,43.17475,59564.7038848,165,502
False,286.2572,43.89403,59564.7358336,162,502
False,286.4264,44.66967,59564.7675264,166.5,502
False,285.9449,44.56557,59564.7995392,166.5,502
False,286.1789,44.4653,59564.8316288,170.5,502
False,286.2775,45.21788,59564.8637952,179,502
False,285.8882,46.07033,59564.8955008,173,502
False,286.2399,46.5876,59564.927424,185.5,502
False,286.5688,46.70303,59564.9595264,192.5,502
False,286.5829,46.99355,59564.9914752,181,502
False,286.9875,46.70701,59565.040192,173.5,502
False,287.675,46.25348,59565.0724992,179.5,502
False,288.0649,46.68535,59565.1040128,169.5,502
False,288.6495,46.58262,59565.135552,174.5,502
False,288.4249,46.22017,59565.1680384,162,502
False,287.4169,44.43678,59565.1996288,159.5,502
False,287.1704,42.72417,59565.2316416,156.5,502
False,287.3333,41.58466,59565.2639616,156.5,502
False,287.5087,41.00763,59565.2954112,153,502
False,287.3975,41.02208,59565.3279232,158.5,502
False,287.8473,41.49503,59565.3596032,184.5,502
False,288.1952,42.40846,59565.3915904,193,502
False,288.549,43.72776,59565.4402816,185.5,502
False,287.4608,45.33905,59565.4718208,204,502
False,286.2253,45.16957,59565.504,200.5,502
False,284.948,44.91219,59565.5355904,195.5,502
False,284.0196,45.47339,59565.5676928,178.5,502
False,283.1391,45.91767,59565.5995904,208.5,502
False,283.3717,47.02036,59565.6319488,286.5,502
False,282.0778,47.62848,59565.663552,353.5,502
False,280.0164,47.64455,59565.6958592,437,502
False,277.6642,46.95148,59565.7280256,477.5,502
False,274.978,46.23175,59565.7595008,559.5,502
False,273.1344,46.97118,59565.7916672,584,502
False,272.4181,47.66417,59565.8396288,602,502
False,272.8871,48.79143,59565.872128,606.5,502
False,272.6951,50.75342,59565.9040512,597.5,502
False,272.4781,51.54558,59565.935808,590.5,502
False,271.8885,51.40435,59565.9676416,605.5,502
False,270.3739,51.04365,59565.9995776,641.5,502
False,269.9328,51.1764,59566.0316032,642.5,502
False,268.9497,51.64127,59566.0639104,630,502
False,268.1417,52.19192,59566.0959232,627,502
False,267.0754,52.67051,59566.1278336,608,502
False,265.8913,53.01684,59566.1596672,613.5,502
False,263.8568,53.61021,59566.1919616,587.5,502
False,261.6782,54.43656,59566.2399232,563.5,502
False,260.3146,54.54992,59566.2715904,542.5,502
False,258.3092,54.65571,59566.3037184,532.5,502
False,256.2436,54.74678,59566.33632,518,502
False,254.8639,55.68085,59566.3677184,493.5,502
False,254.4855,57.5551,59566.4001792,493,502
False,253.2869,57.8654,59566.432448,527.5,502
False,253.5295,58.61486,59566.4643456,511.5,502
False,253.8288,58.81128,59566.4957184,514,502
False,254.3437,59.1384,59566.5278848,480.5,502
False,256.415,61.41832,59566.5597312,404,502
False,255.648,61.16137,59566.592,393.5,502
False,255.1075,61.24764,59566.6396288,389,502
False,254.114,60.54871,59566.67168,381.5,502
False,253.2896,59.1975,59566.7037056,373,502
True,248.7296,54.73144,59566.7357184,458,502
True,250.2655,57.62162,59566.7683712,351.5,502
True,245.3088,55.08828,59566.7996416,455,502
True,245.2662,56.19664,59566.8323072,417,502
True,245.3665,57.52972,59566.8638208,387,502
True,247.0719,59.51058,59566.896256,378,502
True,248.177,60.67657,59566.9278592,404,502
True,249.2279,61.36385,59566.95968,420.5,502
True,249.5348,61.90831,59566.9923584,443.5,502
True,250.2217,62.48165,59567.0396672,449.5,502
True,249.2388,62.50956,59567.0720128,479.5,502
True,248.5718,62.58062,59567.1037568,492,502
True,247.498,62.36205,59567.1357184,545.5,502
True,247.4241,61.5632,59567.1692416,552.5,502
True,247.7996,60.44712,59567.1997696,539,502
True,248.1493,59.78281,59567.232192,552.5,502
True,249.3614,60.26371,59567.2639104,553,502
True,249.7656,60.56408,59567.2960512,554,502
True,250.9331,60.46835,59567.3278336,553,502
False,252.0689,60.16929,59567.3602048,539.5,502
False,253.8065,59.37429,59567.391808,529,502
False,255.5794,58.88047,59567.4397184,521.5,502
False,257.1933,58.46944,59567.4717696,504.5,502
False,257.1047,58.23565,59567.5038208,496.5,502
False,256.4782,58.41402,59567.53664,504,502
False,255.9557,59.30936,59567.5686016,507.5,502
False,255.0689,60.36332,59567.6004096,522.5,502
False,254.2718,61.6875,59567.6317568,528,502
False,253.1555,63.55587,59567.6639488,537,502
False,252.0726,66.01122,59567.6959744,534.5,502
False,251.3136,69.0182,59567.7281664,531,502
True,250.9764,71.74214,59567.7598464,530,502
True,250.7574,74.34917,59567.7918464,536.5,502
True,250.9778,76.83905,59567.839808,539.5,502
False,252.2588,80.1937,59567.8718464,561,502
False,253.8733,83.68307,59567.9043328,559,502
False,256.8116,87.96649,59567.9362304,567,502
False,260.6253,91.13646,59567.968064,543.5,502
False,265.6026,94.88736,59567.9998848,546,502
False,270.1798,98.94778,59568.0321664,533,502
False,273.546,103.1194,59568.063872,534.5,502
False,277.4385,108.653,59568.0969344,561,502
False,282.1004,113.6307,59568.1278976,556,502
False,287.6325,117.6228,59568.1602304,547,502
False,293.4355,121.0698,59568.192,549.5,502
False,298.5145,124.659,59568.2400128,563,502
False,301.8847,128.081,59568.2727552,549.5,502
False,304.5613,131.2302,59568.3042944,536.5,502
False,307.2306,133.8963,59568.3358848,543.5,502
False,309.851,135.238,59568.3681664,531.5,502
False,312.4519,135.874,59568.3999232,516,502
False,315.0281,134.9529,59568.4320384,509.5,502
False,317.6359,134.2511,59568.4639744,514.5,502
False,319.7043,134.8779,59568.4962432,487.5,502
False,322.2066,136.3172,59568.5279744,465.5,502
False,324.2423,137.4185,59568.5599104,456,502
False,326.4084,139.9173,59568.5920768,477.5,502
False,330.7595,143.1253,59568.6400128,558.5,502
False,330.0212,142.7547,59568.6727296,534,502
False,331.7848,143.0698,59568.7039488,506.5,502
False,332.9491,142.3162,59568.7359872,504.5,502
False,333.5509,141.1974,59568.7683968,521,502
False,334.9981,140.4574,59568.7999744,530.5,502
False,336.4035,140.3098,59568.8320768,546.5,502
False,339.1223,140.8231,59568.8639488,561.5,502
False,342.3396,142.2348,59568.8965888,558.5,502
False,345.8959,143.4614,59568.9283584,568.5,502
False,349.5834,144.3922,59568.9598976,566.5,502
False,353.6169,145.3357,59568.9919488,566,502
False,356.9703,146.2768,59569.0400512,572,502
False,360.6749,146.6324,59569.072064,564.5,502
False,363.8344,146.6214,59569.1044992,541.5,502
False,367.1263,146.2604,59569.1361152,528,502
False,370.3747,145.3677,59569.168064,528,502
False,373.6154,144.8505,59569.2000512,524,502
False,375.9333,145.2475,59569.232192,507,502
False,377.6573,146.205,59569.264576,518,502
False,379.8182,147.3664,59569.2963584,539,502
False,383.2186,148.2923,59569.3279872,572.5,502
False,386.3679,148.5979,59569.3599232,545.5,502
False,389.2383,147.6184,59569.392,524.5,502
False,391.2345,146.1674,59569.4405888,539.5,502
False,393.2833,145.5409,59569.4721024,556.5,502
False,395.7746,145.7554,59569.5047808,546.5,502
False,398.2737,146.4154,59569.5365248,534,502
False,400.3518,147.4229,59569.5680384,567.5,502
False,402.5146,147.9676,59569.6000512,617,502
False,404.4633,148.9009,59569.6320768,546.5,502
False,406.4557,147.9819,59569.6640512,580,502
False,410.4069,152.1417,59569.6963968,303.5,502
False,410.3654,147.2698,59569.7281664,561,502
False,411.9224,146.3728,59569.7602816,541,502
False,412.9932,146.1998,59569.7921408,541.5,502
False,413.4161,145.97,59569.840192,521.5,502
False,413.6767,145.9766,59569.8725888,498,502
False,413.3096,146.9229,59569.9045888,499,502
False,413.6713,147.5332,59569.9361664,502,502
False,413.8237,147.5787,59569.9681408,492.5,502
False,414.6711,147.9624,59570.0005248,488,502
False,418.7299,148.4043,59570.0325376,564,502
False,418.7985,148.138,59570.0641792,566.5,502
False,418.4397,147.9715,59570.0960768,556.5,502
False,418.4424,147.8545,59570.1288192,554.5,502
False,418.3866,148.0156,59570.1601408,554,502
False,418.4498,148.1752,59570.1921664,556.5,502
False,418.3959,148.1816,59570.2402176,559,502
False,414.212,147.6567,59570.2721408,450.5,502
False,418.5028,148.1504,59570.305152,558.5,502
False,414.1283,147.5914,59570.3365632,452,502
False,414.0454,147.6769,59570.36832,440.5,502
False,418.5197,148.2077,59570.4001408,554.5,502
False,413.7667,147.8686,59570.4322304,435,502
False,414.0358,147.8724,59570.4641792,433.5,502
False,419.7947,147.6281,59570.496512,562.5,502
False,415.8266,147.4157,59570.5284608,447,502
False,416.6299,147.3794,59570.5601664,467,502
False,416.7408,147.4739,59570.5921664,459,502
False,416.8209,147.4417,59570.6402432,461.5,502
False,417.5941,147.3475,59570.672896,471,502
False,418.3073,147.5492,59570.705344,486.5,502
False,418.9855,147.4429,59570.7362688,506.5,502
False,420.4475,147.9623,59570.7686144,540,502
False,421.6085,148.1933,59570.800192,564,502
False,422.9759,148.2135,59570.8322304,553.5,502
False,423.4827,149.0803,59570.864128,529,502
False,424.1221,149.3746,59570.8966528,536.5,502
False,424.1596,149.2415,59570.9283584,541,502
False,424.5125,149.5881,59570.960256,547,502
False,426.4185,149.983,59570.9922944,558,502
False,429.2648,150.8052,59571.0403328,566.5,502
False,430.7197,150.664,59571.0727552,559.5,502
False,431.0085,149.5396,59571.10464,526,502
False,431.1807,149.135,59571.1362688,518.5,502
False,431.3284,148.7836,59571.1683456,503,502
False,430.7001,148.683,59571.2012928,468.5,502
False,430.2433,148.4636,59571.23264,492.5,502
False,429.9711,148.6543,59571.2643328,473,502
False,429.8097,148.5181,59571.2966144,479,502
False,429.591,148.2675,59571.3282944,460.5,502
False,429.2737,148.061,59571.3611904,475.5,502
False,428.839,148.0752,59571.3927424,470,502
False,428.3897,148.0021,59571.4403968,467,502
False,428.2262,148.1191,59571.4723584,460.5,502
False,428.1804,148.1794,59571.50432,466.5,502
False,427.4882,148.4373,59571.5362304,429.5,502
False,426.2354,148.8666,59571.5687424,403.5,502
False,424.9749,149.0951,59571.6005504,412,502
False,423.9531,149.5303,59571.6322304,423,502
False,423.0727,150.3873,59571.66432,454,502
False,422.5313,150.6684,59571.6970112,470.5,502
False,424.0869,149.8134,59571.728384,535,502
False,421.7288,150.1303,59571.7607168,491,502
False,421.6396,149.5919,59571.7924352,499,502
False,421.746,148.9359,59571.840256,517,502
False,421.7438,148.7019,59571.8724992,529.5,502
False,421.4131,148.8231,59571.9047552,520,502
False,421.5997,149.1383,59571.9367168,532.5,502
False,421.9497,149.1851,59571.9687936,534,502
False,422.15,149.3239,59572.00032,545.5,502
False,422.0887,149.0262,59572.0324352,546.5,502
False,422.4911,149.0855,59572.0644864,551.5,502
False,422.7853,149.1447,59572.0973696,543.5,502
False,422.9563,148.9471,59572.1289984,541.5,502
False,423.1514,148.916,59572.16064,551.5,502
False,423.2905,148.7057,59572.1930112,564,502
False,423.6028,148.3613,59572.2408576,571.5,502
False,423.8064,148.1936,59572.272512,576,502
False,423.9105,147.8152,59572.3043712,584.5,502
False,424.1789,147.4903,59572.3363328,592.5,502
False,424.184,147.1138,59572.3684352,596,502
False,426.5072,145.2447,59572.4007552,663.5,502
False,426.3607,145.4823,59572.4329728,652.5,502
False,425.9185,145.7421,59572.4645376,636,502
False,425.5207,145.9408,59572.496512,625.5,502
False,425.3833,145.7026,59572.529536,617,502
False,425.2935,145.4723,59572.5610112,628.5,502
False,424.945,145.4908,59572.592576,618,502
False,422.368,147.0732,59572.6408704,548.5,502
False,424.9051,145.8848,59572.6724224,630.5,502
False,422.5576,147.1804,59572.704384,559,502
False,425.098,145.5658,59572.7363712,639.5,502
False,425.4353,145.2122,59572.7685376,644,502
False,426.1865,144.8195,59572.8011264,658.5,502
False,426.6225,144.7213,59572.832896,664.5,502
False,424.6587,146.0077,59572.8644352,586.5,502
False,427.1986,144.0585,59572.8964992,667,502
False,426.5135,144.4048,59572.9286656,630,502
False,425.7298,145.3233,59572.960576,597,502
False,424.0623,147.1552,59572.9929344,551,502
False,424.4434,147.312,59573.0407296,548,502
False,424.7719,147.2253,59573.0729728,540,502
False,424.8833,147.1619,59573.1047808,542.5,502
False,425.1562,146.9686,59573.1364096,557,502
False,425.389,146.5396,59573.1685376,544.5,502
False,425.3631,146.4089,59573.2004864,549,502
False,425.4414,146.2839,59573.23264,560,502
False,425.5679,145.9868,59573.2649088,570.5,502
False,426.0031,145.0344,59573.2967168,581,502
False,426.2488,143.8646,59573.3287808,589.5,502
False,426.7469,141.77,59573.3605632,600,502
False,427.3153,138.9379,59573.3925632,611.5,502
False,428.2078,135.1956,59573.4408576,618.5,502
False,429.4249,132.4557,59573.4727936,622.5,502
False,430.7822,128.8133,59573.5044864,623,502
False,431.6392,125.1717,59573.5365888,631,502
False,432.8904,121.188,59573.5686144,612.5,502
False,433.0786,117.2732,59573.600576,596,502
False,432.7383,113.1599,59573.6330368,565,502
False,431.3652,109.6331,59573.6651648,570.5,502
False,430.417,106.3311,59573.6967296,599.5,502
False,430.9353,102.7039,59573.7288576,595.5,502
False,431.8466,98.25069,59573.76096,605,502
False,432.7507,94.41553,59573.79296,620.5,502
False,433.0472,89.98721,59573.8404992,586.5,502
False,432.0659,86.80273,59573.8725504,574.5,502
False,430.4401,84.35567,59573.9044736,574.5,502
False,430.0994,81.88305,59573.936576,590,502
False,430.2431,79.18632,59573.9695872,589.5,502
False,430.7583,77.31389,59574.0006912,600,502
False,431.1185,76.67513,59574.0336512,590.5,502
False,431.0026,76.37163,59574.0650368,587.5,502
False,430.7424,76.34148,59574.0967808,572.5,502
False,430.7734,75.66553,59574.1287552,584,502
False,431.236,74.69328,59574.1607552,570,502
False,431.7328,74.4678,59574.1926656,561.5,502
False,432.3695,74.78341,59574.2409088,562.5,502
False,433.2993,72.88345,59574.2729728,612,502
False,431.3347,73.21458,59574.3045632,603.5,502
False,429.8969,74.20166,59574.3365888,583.5,502
False,429.6853,74.98248,59574.3688192,590,502
False,429.8676,75.14119,59574.4011264,585.5,502
False,430.028,75.12682,59574.4332032,594,502
False,430.2322,74.90696,59574.464896,596.5,502
False,430.3761,74.65285,59574.496704,603.5,502
False,430.4666,74.43848,59574.5291136,605.5,502
False,431.17,73.11796,59574.561152,624.5,502
False,432.0419,71.4483,59574.5926656,648,502
False,433.1541,69.7516,59574.6406656,624,502
False,433.0678,70.09093,59574.6727552,548,502
False,432.1069,68.78894,59574.7046144,542.5,502
False,430.9101,67.7964,59574.7371136,519,502
False,430.1718,67.69799,59574.7692288,505.5,502
False,429.5413,67.95512,59574.8009216,486.5,502
False,428.9783,67.90968,59574.832896,483.5,502
False,431.2099,64.32748,59574.8646656,570,502
False,429.3061,66.56982,59574.897152,459.5,502
False,430.3137,66.38621,59574.929408,466.5,502
False,430.8374,65.88056,59574.9607168,487,502
False,431.3638,65.86964,59574.992704,459,502
False,431.8729,64.72034,59575.0406912,472,502
False,431.9333,64.29767,59575.0726912,472,502
False,431.2852,64.61519,59575.1057536,450,502
False,430.7161,64.80354,59575.1367296,442,502
False,430.1543,64.81494,59575.1693056,444,502
False,433.022,61.49819,59575.2008704,553,502
False,432.8083,61.84978,59575.2328576,527,502
False,430.5014,65.78619,59575.2648704,422.5,502
False,430.5581,66.06991,59575.2973184,431.5,502
False,430.7054,65.91888,59575.3292032,452,502
False,430.6041,66.02293,59575.3608448,458,502
False,430.6119,65.9488,59575.3927808,472,502
False,430.5795,65.82876,59575.4408832,491.5,502
False,430.5253,65.80705,59575.4726784,501,502
False,430.1733,65.45194,59575.5050496,511.5,502
False,430.1011,65.5206,59575.5367424,526,502
False,429.9389,65.15945,59575.569472,542.5,502
False,429.9842,64.68996,59575.6011136,558,502
False,429.8013,63.4012,59575.6326912,582,502
False,429.8078,61.93592,59575.664832,593,502
False,429.9029,60.33797,59575.6968576,611,502
False,429.921,59.4075,59575.7288576,618,502
False,429.8825,58.24538,59575.7612928,631,502
False,429.6284,57.19484,59575.7930112,627,502
False,429.555,56.31133,59575.8408192,621,502
False,429.6229,55.34874,59575.8728704,616.5,502
False,429.5835,54.07061,59575.9047552,609,502
False,429.9185,53.21451,59575.9372288,576.5,502
False,430.2969,52.57756,59575.9693056,563,502
False,430.7,52.0458,59576.0009216,549.5,502
False,431.09,51.1177,59576.0328192,548,502
False,430.4568,48.88757,59576.065728,590,502
False,429.2426,48.33796,59576.0973312,577,502
False,429.3685,50.52519,59576.1294592,483,502
False,427.1092,45.92187,59576.1609344,552.5,502
False,428.0322,48.28999,59576.1929728,434.5,502
False,427.828,46.72005,59576.2412288,409,502
False,428.8007,45.31141,59576.2731648,403,502
False,429.8323,43.52625,59576.3047936,390.5,502
False,427.886,43.30644,59576.3368832,359.5,502
False,427.0554,43.22449,59576.3690368,343,502
False,426.9788,42.86079,59576.401024,346,502
False,426.9081,42.6729,59576.433536,321,502
False,426.8462,42.38442,59576.465472,323,502
False,427.3564,41.80777,59576.4970368,326,502
False,426.8832,41.28822,59576.5289344,314,502
False,426.6266,40.68022,59576.5610112,307.5,502
False,426.6722,40.02266,59576.5929984,301.5,502
False,426.4037,39.72474,59576.641216,298.5,502
False,425.9791,39.50984,59576.6732544,279.5,502
False,426.0076,39.21133,59576.7048448,285.5,502
False,425.9861,38.93183,59576.7369472,288.5,502
False,425.6601,39.0644,59576.7689856,279.5,502
False,425.9536,39.57205,59576.8017024,269.5,502
False,426.2311,39.73905,59576.8339456,262.5,502
False,426.3457,40.10721,59576.8650496,256.5,502
False,426.2574,40.38741,59576.8975232,243.5,502
False,426.5985,40.49405,59576.9294848,252,502
False,426.2894,40.70592,59576.961024,250.5,502
False,426.3526,40.56083,59576.9929856,242.5,502
False,426.5052,40.55315,59577.0408832,254,502
False,426.5597,40.46445,59577.0732928,255.5,502
False,426.1175,40.52887,59577.105344,254,502
False,426.5916,40.62259,59577.1370496,242,502
False,426.5782,40.55511,59577.1690624,252.5,502
False,426.5589,40.55754,59577.2010112,252,502
False,426.511,40.54757,59577.2336256,250.5,502
False,426.5209,40.52745,59577.2649472,255,502
False,426.5863,40.56917,59577.2971264,253,502
False,426.5392,40.62218,59577.3291392,251,502
False,426.632,40.82084,59577.3609856,240,502
False,426.112,41.1314,59577.3933568,241,502
False,426.9074,41.55531,59577.4413312,230.5,502
False,427.1776,41.21705,59577.4730496,258,502
False,427.4232,41.0254,59577.5050752,269,502
False,427.2241,40.91235,59577.5370752,270,502
False,426.5687,40.92831,59577.569344,279,502
False,426.7988,40.61309,59577.6015232,280,502
False,425.715,36.05304,59577.6334848,386.5,502
False,426.0286,36.79599,59577.6651648,390.5,502
False,425.4043,36.81252,59577.6971264,420.5,502
False,424.5846,36.88448,59577.7290496,453,502
False,424.0936,37.26894,59577.761088,440,502
False,422.0151,37.23117,59577.7938432,453.5,502
False,419.3275,36.96487,59577.8410368,484,502
False,416.5244,36.02372,59577.873792,506,502
False,414.1007,34.8713,59577.9051008,518,502
False,412.9194,33.32227,59577.9376128,572.5,502
False,411.7563,32.58987,59577.9696384,599,502
False,410.4563,32.34428,59578.0010624,593.5,502
False,408.6923,32.57623,59578.0331776,604.5,502
False,405.1798,31.86743,59578.0652544,652.5,502
False,402.6901,31.81498,59578.0975616,676.5,502
False,399.8606,31.17636,59578.1294208,644.5,502
False,399.7373,31.98662,59578.161088,585.5,502
False,397.5777,32.58341,59578.193152,558.5,502
False,396.8726,33.47379,59578.2412032,524.5,502
False,397.5682,34.00297,59578.2732032,504.5,502
False,397.9926,34.05405,59578.3058048,499.5,502
False,399.0588,34.32137,59578.3379072,501.5,502
False,399.5712,33.98799,59578.369984,513.5,502
False,400.4967,33.87953,59578.401472,528.5,502
False,400.8247,33.76393,59578.4332416,529.5,502
False,400.9555,33.90458,59578.46528,524,502
False,401.1895,33.68597,59578.4971008,518,502
False,401.0923,33.65113,59578.529088,525.5,502
False,401.1392,33.53225,59578.5615104,524.5,502
False,400.9692,33.64375,59578.5932288,531,502
False,401.0164,33.50473,59578.6411392,528,502
False,400.9744,33.74439,59578.673216,527.5,502
False,401.0337,33.67429,59578.705216,525,502
False,400.8152,33.69794,59578.7378944,533,502
False,400.8401,33.78313,59578.7699456,529.5,502
False,400.5143,33.69531,59578.8012416,529.5,502
False,400.4184,33.6907,59578.8336384,527,502
False,400.6551,33.71281,59578.8655488,531,502
False,400.6595,33.65479,59578.8975232,533,502
False,400.5045,33.66698,59578.929536,535.5,502
False,400.5705,33.55639,59578.9616256,530.5,502
False,400.5092,33.50016,59578.9932544,533.5,502
False,400.4289,33.5139,59579.041216,533.5,502
False,400.442,33.54436,59579.0732416,526,502
False,400.6779,33.58908,59579.1056896,522,502
False,400.865,33.57653,59579.1372672,527,502
False,400.7281,33.51141,59579.1693952,526,502
False,400.4656,33.59436,59579.2011904,514,502
False,399.5169,34.04742,59579.2333568,488.5,502
False,397.4769,34.4536,59579.2660224,479.5,502
False,394.6262,34.3288,59579.2971904,515,502
False,391.7083,33.83932,59579.3296,529,502
False,388.5934,34.00098,59579.3614848,512,502
False,385.5596,34.09046,59579.3937024,503,502
False,382.1408,33.79806,59579.4413184,515,502
False,379.027,33.74678,59579.4740608,505.5,502
False,376.0793,34.321,59579.5056896,500,502
False,372.2253,35.13719,59579.5372928,458,502
False,369.0457,36.22136,59579.5693952,452.5,502
False,366.6968,36.72808,59579.6013184,469.5,502
False,363.9456,37.039,59579.63328,453,502
False,360.4809,37.07695,59579.6658816,444,502
False,357.6191,36.70972,59579.6972032,449,502
False,355.0049,36.44726,59579.7292672,474,502
False,352.2926,36.50616,59579.7613568,487,502
False,348.9011,36.81451,59579.7933568,487,502
False,345.7162,37.17138,59579.8420224,477.5,502
False,342.8417,37.84406,59579.874176,489.5,502
False,340.7991,38.49865,59579.905344,492,502
False,339.162,38.32043,59579.9377152,516.5,502
False,338.3994,38.44161,59579.9694976,489.5,502
False,337.8695,38.21475,59580.0013184,490.5,502
False,337.8584,37.53469,59580.0335104,468.5,502
False,337.2907,37.42803,59580.0652928,480.5,502
False,336.9469,37.62144,59580.0976256,486.5,502
False,336.486,37.64681,59580.1299328,512,502
False,336.1566,37.88522,59580.1613824,514,502
False,336.0667,37.81301,59580.1933824,512.5,502
False,336.207,37.78084,59580.2413824,508,502
False,335.8546,37.72254,59580.27392,525,502
False,335.7335,37.53563,59580.3060096,521.5,502
False,335.6705,37.54468,59580.3375616,526,502
False,335.7689,37.51429,59580.3694592,525,502
False,335.647,37.5619,59580.401728,525,502
False,335.6441,37.72646,59580.4334208,524,502
False,335.6177,37.69931,59580.4653568,531,502
False,335.6937,37.69308,59580.4974592,530,502
False,335.6201,37.69057,59580.529472,530,502
False,335.6323,37.69253,59580.5619584,528.5,502
False,335.6234,37.70308,59580.5934848,531,502
False,335.6038,37.71855,59580.641856,530,502
False,335.6153,37.76443,59580.673408,528.5,502
False,335.5877,37.71384,59580.7054848,530,502
False,335.6825,37.66761,59580.7378816,527,502
False,335.6959,37.86705,59580.7702656,519,502
False,336.2104,37.84423,59580.8015872,512.5,502
False,337.1193,37.89131,59580.8336256,504.5,502
False,337.0253,38.01232,59580.865664,500.5,502
False,337.444,37.86512,59580.8978816,495.5,502
False,337.6057,37.85681,59580.929536,500.5,502
False,337.3966,37.95427,59580.9614592,503,502
False,337.202,37.98693,59580.993472,497.5,502
False,337.4097,38.05453,59581.0425088,489,502
False,337.2093,37.94835,59581.0739072,490.5,502
False,337.7986,38.02574,59581.1054976,511.5,502
False,337.9725,37.96275,59581.1374592,510,502
False,338.2383,38.03089,59581.1696128,491,502
False,338.3529,37.85799,59581.2015872,503.5,502
False,338.571,37.72222,59581.2340608,507,502
False,338.7387,37.66901,59581.2655872,497.5,502
False,338.5498,37.55959,59581.2974336,496.5,502
False,338.389,37.58786,59581.3298176,497,502
False,338.0206,37.66667,59581.3616768,502,502
False,337.2784,37.4948,59581.3939328,513,502
False,336.3767,37.30809,59581.4418048,515,502
False,335.9125,37.25367,59581.4733824,510.5,502
False,335.2563,37.4043,59581.5053696,519,502
False,335.308,37.41387,59581.5374848,507,502
False,335.6213,37.47714,59581.5696896,503,502
False,335.8762,37.22515,59581.6020608,511.5,502
False,336.1231,37.34189,59581.6339712,506.5,502
False,336.3692,37.32898,59581.6655744,497.5,502
False,336.4879,37.14759,59581.6977536,498,502
False,336.6717,37.14688,59581.730176,497,502
False,336.7604,37.00236,59581.7620864,494.5,502
False,336.5938,36.97036,59581.7935744,500.5,502
False,336.4139,36.99181,59581.841472,509,502
False,336.6398,37.03622,59581.874112,497,502
False,336.6233,37.07615,59581.9055232,499,502
False,336.6694,37.05556,59581.93824,495,502
False,336.6064,37.16269,59581.9701632,503,502
False,336.715,37.11368,59582.0016896,497,502
False,336.7511,37.12988,59582.0338048,491.5,502
False,336.9278,37.08342,59582.0657408,489.5,502
False,336.8275,37.05635,59582.097728,488,502
False,336.999,36.9938,59582.1302016,484,502
False,337.1137,37.08833,59582.162048,500,502
False,337.1663,37.01677,59582.1936256,497,502
False,337.017,37.05067,59582.2415104,500,502
False,336.9741,37.13482,59582.2735488,494.5,502
False,337.0104,37.13065,59582.3059072,497.5,502
False,336.9551,37.16042,59582.337984,493.5,502
False,336.545,37.05495,59582.3697792,509.5,502
False,335.8424,36.96511,59582.4017152,516,502
False,334.9221,36.85991,59582.4347648,517.5,502
False,333.5038,36.67623,59582.4656512,523,502
False,331.9513,36.67325,59582.4982272,506.5,502
False,329.649,36.23633,59582.529664,472.5,502
False,328.2246,36.18129,59582.5617664,461.5,502
False,326.4487,36.67091,59582.5941376,471,502
False,325.1684,37.06144,59582.6416,472,502
False,323.3494,37.22471,59582.6736128,446.5,502
False,321.6264,37.12015,59582.7055616,442.5,502
False,319.7899,37.10638,59582.7376128,446.5,502
False,318.1547,37.3697,59582.7702784,467.5,502
False,316.7257,37.68844,59582.8020992,474.5,502
False,315.1243,38.18285,59582.8337792,484,502
False,313.2195,38.83215,59582.8657536,493.5,502
False,310.8706,39.21774,59582.8977792,471.5,502
False,309.6739,40.31554,59582.929856,459,502
False,309.2289,41.05429,59582.9622272,439,502
False,308.815,41.8387,59583.010432,450.5,502
False,307.9243,42.35645,59583.0421376,447,502
False,306.8638,42.95548,59583.0737152,445.5,502
False,305.5881,43.16195,59583.1056256,441.5,502
False,304.0571,43.61354,59583.1377152,423.5,502
False,302.8822,43.07545,59583.1696896,417.5,502
False,301.45,43.22839,59583.202048,414.5,502
False,300.1729,43.69667,59583.2337536,400,502
False,299.0971,43.79445,59583.265792,396.5,502
False,297.561,44.74549,59583.297664,397.5,502
False,297.4671,45.77838,59583.3296896,370,502
False,297.2267,46.87444,59583.3623424,369,502
False,297.8169,46.97247,59583.4102272,345,502
False,297.9159,47.18222,59583.4418944,343,502
False,297.955,47.13679,59583.4739328,337.5,502
False,298.2421,46.95641,59583.5058304,325,502
False,298.48,46.84087,59583.537792,320.5,502
False,298.9361,46.56844,59583.5705472,310.5,502
False,298.9186,46.61033,59583.6018304,319.5,502
False,298.8727,46.68609,59583.6341504,326,502
False,298.752,46.90823,59583.6658176,336,502
False,298.6612,46.72181,59583.6981888,335.5,502
False,298.5368,47.01542,59583.7298176,335,502
False,298.4752,47.06002,59583.7617664,336,502
False,298.5981,47.02059,59583.8098304,340,502
False,297.8344,47.66922,59583.8417408,326,502
False,297.6592,47.8903,59583.874304,314.5,502
False,297.6027,47.87534,59583.9062656,307.5,502
False,297.0086,47.73044,59583.93792,311,502
False,297.1586,47.5208,59583.9699456,300.5,502
False,297.9257,48.02265,59584.0018048,287,502
False,297.8517,48.28922,59584.0342272,272,502
False,297.5719,48.36307,59584.0661504,269,502
False,297.6296,48.31387,59584.097792,265.5,502
False,297.566,48.32692,59584.1298816,260,502
False,297.5247,48.31728,59584.1631872,270,502
False,297.404,48.38575,59584.2103424,283,502
False,298.0459,48.72887,59584.2419456,276,502
False,298.419,48.37154,59584.2739968,253,502
False,297.9038,48.70449,59584.3059456,260,502
False,297.3454,48.83535,59584.3383168,248,502
False,297.3725,48.29194,59584.3699712,225.5,502
False,291.9423,47.61038,59584.4022144,343.5,502
False,297.6306,48.12237,59584.433792,222,502
False,297.4231,48.46368,59584.4659072,234,502
False,297.6436,48.68968,59584.4985472,224.5,502
False,298.6227,47.53298,59584.5307904,189.5,502
False,292.3018,47.2468,59584.562368,312,502
False,298.2459,48.16577,59584.6099328,185,502
False,298.6164,47.9256,59584.641984,172.5,502
False,298.734,47.93901,59584.674112,158.5,502
False,298.9575,48.21682,59584.7069824,164.5,502
False,299.3344,48.05678,59584.7382528,158.5,502
False,299.114,47.89176,59584.770304,174,502
False,299.4414,47.34455,59584.8019072,163.5,502
False,299.2892,47.72676,59584.8338432,177.5,502
False,299.2553,47.54143,59584.8659456,173,502
False,293.041,46.88639,59584.8983552,289,502
False,298.9451,47.71194,59584.9298432,173,502
False,299.7321,47.26168,59584.9619328,160.5,502
False,299.1561,47.54694,59585.010048,174,502
False,298.3818,48.10979,59585.0420224,168.5,502
False,298.3754,48.07708,59585.0748032,166.5,502
False,298.9324,47.57651,59585.1060096,140.5,502
False,298.9811,48.16227,59585.1381632,132.5,502
False,285.8624,46.46241,59585.1705216,117.5,502
False,286.4601,46.42484,59585.2022912,127.5,502
False,287.2564,45.39743,59585.2339456,130,502
False,287.0242,45.06234,59585.2659456,131,502
False,286.5013,44.64,59585.2982784,125,502
False,287.391,43.44304,59585.3300096,118.5,502
False,287.6281,42.93227,59585.3629056,125.5,502
False,287.0874,42.58602,59585.4107264,124,502
False,298.4746,49.8166,59585.4420096,134.5,502
False,285.6567,42.07943,59585.4740864,117.5,502
False,285.2704,42.45649,59585.5061632,124.5,502
False,285.375,42.96338,59585.5380352,132,502
False,285.6528,43.70959,59585.570624,132,502
False,286.1252,44.51252,59585.601984,126.5,502
False,286.6093,44.65044,59585.6340096,133.5,502
False,287.2621,44.8913,59585.6660096,138,502
False,286.255,45.63878,59585.6979584,125.5,502
False,292.9961,47.34056,59585.7305856,253.5,502
False,293.1021,47.70358,59585.762496,289,502
False,293.0555,47.6688,59585.810048,312.5,502
False,293.0198,47.73294,59585.8419712,337,502
False,293.5039,47.85947,59585.8747392,338,502
False,293.2962,47.96579,59585.9060352,341,502
False,293.0878,48.09714,59585.9383168,338,502
False,292.8889,47.92513,59585.9701504,349.5,502
False,292.9024,47.95098,59586.0020224,357,502
False,292.3565,48.3829,59586.0341504,366.5,502
False,292.5089,48.44274,59586.066048,358,502
False,297.6011,48.61781,59586.099136,249,502
False,297.1879,48.88109,59586.1300608,263.5,502
False,297.0329,49.00645,59586.1624576,284,502
False,296.7548,49.02073,59586.2103424,289.5,502
False,291.822,48.86658,59586.2420608,396,502
False,292.4673,48.7897,59586.274048,382,502
False,292.6915,48.77419,59586.3060736,403,502
False,293.0285,48.62032,59586.3381248,392,502
False,298.2451,49.20038,59586.370624,264.5,502
False,298.7373,48.42363,59586.4027264,245.5,502
False,298.7639,48.11663,59586.4346112,231.5,502
False,292.9191,47.38974,59586.4663808,360.5,502
False,292.9464,47.10806,59586.4982272,345.5,502
False,292.814,47.43634,59586.5302144,349.5,502
False,298.5327,47.80447,59586.56224,216.5,502
False,298.3088,48.14774,59586.6105728,224.5,502
False,298.6249,48.07669,59586.6424704,219.5,502
False,298.6621,47.87453,59586.6741504,220.5,502
False,293.1339,47.05641,59586.7062016,325,502
False,293.3422,47.00415,59586.7381376,321,502
False,298.7755,47.91552,59586.7712256,219,502
False,298.8503,47.74743,59586.8026112,210.5,502
False,293.4992,46.9969,59586.8342528,322.5,502
False,298.6739,47.92785,59586.8665088,231,502
False,293.4171,47.12667,59586.8982272,350,502
False,293.7815,47.36274,59586.930176,357,502
False,293.4627,47.23828,59586.9625344,384,502
False,292.693,47.21764,59587.0101376,412,502
False,292.3599,46.95143,59587.0422272,401.5,502
False,292.0717,46.71625,59587.0741632,400,502
False,291.8048,46.64899,59587.1063168,405.5,502
False,296.1553,48.1678,59587.13888,293,502
False,291.7184,47.30766,59587.1708032,389.5,502
False,291.9026,47.65513,59587.2023552,390,502
False,296.424,48.64332,59587.2345728,307,502
False,296.2395,48.83283,59587.2662016,332,502
False,292.2155,48.80457,59587.2981632,423,502
False,292.3349,48.67521,59587.3305984,429.5,502
False,292.3575,48.86636,59587.362688,434,502
False,292.7545,48.58353,59587.4105728,421,502
False,292.7246,48.53333,59587.4422656,420,502
False,292.3021,48.52446,59587.47424,405.5,502
False,292.011,48.43272,59587.5062528,407.5,502
False,292.122,47.95849,59587.5382016,397.5,502
False,292.0025,47.78545,59587.5711488,398.5,502
False,291.9931,47.73748,59587.6029184,409.5,502
False,292.1563,47.78551,59587.634688,409.5,502
False,296.6519,48.31199,59587.6663296,304.5,502
False,296.8608,48.17284,59587.6983808,297,502
False,297.1354,47.54855,59587.7306496,269.5,502
False,296.7675,47.25517,59587.7626368,258,502
False,296.4381,46.97892,59587.8101888,253,502
False,296.2912,46.43256,59587.8423168,257,502
False,294.9757,47.83364,59587.8742656,274.5,502
False,294.012,48.98513,59587.9076608,291.5,502
False,293.843,49.07288,59587.93856,311,502
False,293.9319,49.28955,59587.97088,335,502
False,294.0785,49.58818,59588.00256,327,502
False,293.6934,49.7101,59588.03424,330,502
False,293.8555,49.67975,59588.0663936,293,502
False,293.2237,49.28336,59588.0987904,293.5,502
False,292.7405,49.24321,59588.1302912,307,502
False,293.1558,49.4951,59588.1623424,306,502
False,293.6631,49.27631,59588.2102912,283.5,502
False,293.3675,48.97482,59588.242432,278,502
False,293.3572,48.86679,59588.274816,279,502
False,293.833,48.66296,59588.3068544,269.5,502
False,288.9301,48.34195,59588.3383936,367.5,502
False,288.6424,48.24102,59588.3705856,357.5,502
False,293.9662,48.26365,59588.4033408,232,502
False,293.9192,48.21892,59588.434816,218.5,502
False,287.7606,48.23319,59588.4662912,349.5,502
False,287.2826,48.36232,59588.4987008,368,502
False,293.1325,48.38153,59588.5303552,249,502
False,287.4095,49.26389,59588.563648,396,502
False,292.7148,49.42955,59588.61088,291,502
False,287.7401,49.72122,59588.6425088,415.5,502
False,287.6136,50.07233,59588.6744576,424,502
False,287.9391,50.25364,59588.7065216,435,502
False,288.5858,50.24055,59588.7385472,445.5,502
False,290.5565,50.42456,59588.7708416,422,502
False,289.7768,50.16833,59588.8024704,449.5,502
False,286.7929,49.52131,59588.8344832,532,502
False,287.9619,49.79961,59588.8663936,516.5,502
False,285.8726,49.93422,59588.8983424,527,502
False,282.579,49.76085,59588.9311872,561,502
False,278.9829,49.29648,59588.9623552,606,502
False,275.2975,49.49046,59589.0108032,637.5,502
False,271.7297,49.90059,59589.04256,650.5,502
False,267.6775,50.19078,59589.0753024,632.5,502
False,264.7659,50.60953,59589.1069568,633,502
False,261.1109,51.49244,59589.1386368,584.5,502
False,258.9012,54.0789,59589.1704704,526,502
False,256.5787,54.76535,59589.2025472,545.5,502
False,254.4012,54.76439,59589.2344832,564.5,502
False,253.1384,54.26545,59589.2672512,574.5,502
False,251.4465,54.07194,59589.2988288,581.5,502
True,249.2903,53.73054,59589.3305344,584.5,502
True,246.4639,53.88849,59589.3625344,560.5,502
True,244.5096,54.06837,59589.4105856,565.5,502
True,244.5426,54.45188,59589.4424704,545.5,502
True,245.4583,55.17231,59589.4748672,532,502
True,247.927,56.10841,59589.5065088,493.5,502
True,249.4245,55.84113,59589.5385344,492,502
True,250.4993,55.4983,59589.5705856,490,502
True,250.8601,55.04224,59589.6025984,505,502
False,251.4332,54.6511,59589.6350208,514,502
False,251.9112,54.15982,59589.6668928,523.5,502
False,252.328,53.64769,59589.698496,527,502
False,252.0075,53.32804,59589.7305984,535.5,502
False,251.2505,53.90504,59589.762944,523,502
True,250.781,54.77028,59589.8109568,511.5,502
True,250.2099,56.29813,59589.842624,516,502
True,250.0653,57.64383,59589.8746752,525.5,502
True,250.3167,58.83255,59589.9066624,529.5,502
True,250.3805,61.55267,59589.9387008,558.5,502
True,250.2753,64.68418,59589.9712256,580.5,502
True,250.1602,68.00951,59590.0032,543,502
True,250.0439,70.57708,59590.0349184,539.5,502
True,249.8986,72.37384,59590.0665472,539,502
True,250.1471,73.90421,59590.0984704,555,502
True,250.6841,75.76917,59590.1312256,574,502
False,251.4685,78.60596,59590.1630336,571,502
False,253.4356,83.0325,59590.2110976,559,502
False,257.4423,86.94553,59590.2427392,560,502
False,263.3231,91.79942,59590.2747904,570,502
False,268.4109,96.84765,59590.3073664,541.5,502
False,272.4502,102.2838,59590.339008,545,502
False,276.8832,107.9441,59590.3706752,539.5,502
False,281.3254,112.4772,59590.4026112,523.5,502
False,286.6676,115.6809,59590.4346624,527,502
False,292.5319,118.827,59590.4665728,561.5,502
False,296.6731,123.4444,59590.4989568,546,502
False,300.3419,128.0394,59590.5306624,542,502
False,303.4423,132.2304,59590.5627392,549,502
False,307.5237,136.6667,59590.610688,556,502
False,312.1339,139.5541,59590.6432896,546.5,502
False,317.8812,140.7735,59590.6751488,540,502
False,323.7097,141.8371,59590.7067264,553.5,502
False,328.6219,142.3526,59590.7386496,503,502
False,331.8699,142.5916,59590.7709184,439.5,502
False,335.4474,144.2211,59590.8033152,454.5,502
False,340.3,147.1409,59590.8347392,556,502
False,344.7225,148.0505,59590.8670976,594,502
False,348.9162,148.2049,59590.898816,582.5,502
False,352.8145,147.8831,59590.9306624,560.5,502
False,357.0825,146.9163,59590.9630336,521.5,502
False,360.1327,147.0865,59591.0113792,584,502
False,362.454,147.596,59591.0431232,587,502
False,364.6987,148.4785,59591.0747776,623.5,502
False,367.1727,148.9541,59591.1067264,624.5,502
False,370.2548,149.2442,59591.1390848,613,502
False,373.9759,149.4129,59591.171328,636.5,502
False,377.5572,149.2628,59591.2032384,647,502
False,380.0047,148.8661,59591.2347264,632.5,502
False,382.6793,147.4722,59591.2666752,567.5,502
False,385.481,146.7697,59591.2987008,563,502
False,388.2386,147.0645,59591.330624,579,502
False,391.4009,147.4618,59591.3630592,602,502
False,394.0715,148.349,59591.4106624,639,502
False,396.1579,148.7954,59591.4426496,635.5,502
False,397.9304,149.1407,59591.474816,630,502
False,400.0611,149.3448,59591.5069056,608,502
False,402.4433,149.4249,59591.539776,617,502
False,405.5156,149.4914,59591.571328,619,502
False,407.6222,149.427,59591.6029184,607,502
False,409.0313,149.3417,59591.634816,581,502
False,409.9658,149.0115,59591.666816,580.5,502
False,410.3365,148.5482,59591.6986624,585.5,502
False,410.9626,148.0079,59591.7311232,569.5,502
False,411.8933,147.6766,59591.7632128,570,502
False,413.198,147.3441,59591.8112,556.5,502
False,414.2969,147.4561,59591.84288,567.5,502
False,415.2647,147.3831,59591.8748544,575.5,502
False,416.3701,147.2292,59591.9069568,576,502
False,417.6164,146.6709,59591.9400192,593.5,502
False,418.9348,146.2603,59591.9714432,591,502
False,419.6973,145.996,59592.0028032,587.5,502
False,420.5716,145.6466,59592.0351872,590.5,502
False,421.585,145.3242,59592.0674816,600,502
False,422.3876,145.1703,59592.0987904,596,502
False,423.4093,144.6206,59592.1314048,596.5,502
False,423.9254,144.3734,59592.1628928,578.5,502
False,424.3506,143.9512,59592.2113536,580.5,502
False,424.2332,144.1308,59592.2429056,592.5,502
False,424.2805,144.2628,59592.27488,581,502
False,424.2869,144.1041,59592.307776,584.5,502
False,424.6453,143.3805,59592.3389696,568.5,502
False,425.1088,142.7169,59592.3717632,580.5,502
False,425.2935,142.6079,59592.4031744,581.5,502
False,426.0787,142.8893,59592.4348416,572,502
False,426.2124,143.2383,59592.4668544,566.5,502
False,426.3268,143.3122,59592.4988672,560,502
False,426.1164,143.3529,59592.5309184,554,502
False,426.2273,142.9586,59592.563456,551.5,502
False,426.3307,142.3144,59592.6111872,564.5,502
False,426.8014,141.318,59592.642944,564,502
False,426.7097,140.1064,59592.67488,561,502
False,427.1513,139.2339,59592.707008,565,502
False,427.6888,138.6474,59592.7393664,571.5,502
False,428.0459,138.0861,59592.7710336,555.5,502
False,428.7151,137.3726,59592.8029696,560.5,502
False,430.9913,134.4767,59592.8349312,614,502
False,431.9138,133.0051,59592.8670208,593.5,502
False,430.4348,133.8054,59592.8996992,483,502
False,430.6664,130.4508,59592.9310208,533.5,502
False,430.5459,129.6559,59592.9634304,539.5,502
False,430.2316,129.7634,59593.0114176,524,502
False,427.7998,132.1106,59593.0430976,429.5,502
False,431.0601,129.7208,59593.075776,504.5,502
False,432.2138,129.6021,59593.1070208,503.5,502
False,432.4751,129.2752,59593.1399936,504.5,502
False,433.0284,129.0837,59593.1713152,494,502
False,428.7082,131.6251,59593.2028416,365,502
False,429.2254,130.6957,59593.2349056,384.5,502
False,429.7081,130.4022,59593.2668928,394.5,502
False,430.4546,129.8924,59593.2990208,416.5,502
False,435.7777,127.0412,59593.3314944,554,502
False,432.5656,128.955,59593.3636096,452,502
False,433.781,127.8634,59593.4111488,471,502
False,433.5866,127.9756,59593.4431872,443.5,502
False,433.7848,127.3813,59593.4756224,465.5,502
False,432.928,128.3843,59593.506944,428.5,502
False,432.6121,128.1714,59593.5393536,442.5,502
False,432.3426,128.86,59593.571008,413,502
False,431.8171,129.3192,59593.6029952,390,502
False,431.3683,129.7192,59593.6355072,371.5,502
False,431.0294,129.9917,59593.6671104,363.5,502
False,430.5872,130.5364,59593.6990208,350.5,502
False,430.705,130.5595,59593.7311488,356,502
False,430.6685,130.573,59593.7631872,368.5,502
False,430.7767,130.7475,59593.8115328,359,502
False,430.9136,130.6703,59593.8435072,362.5,502
False,430.7825,130.9873,59593.8751232,354,502
False,430.9688,130.697,59593.9070336,357.5,502
False,430.9067,131.2912,59593.9393152,336,502
False,433.6997,128.7396,59593.971072,439,502
False,432.5225,129.1721,59594.002944,440.5,502
False,431.9783,128.8742,59594.0350208,445,502
False,431.0865,128.9724,59594.0671488,447,502
False,429.5846,130.852,59594.099456,424.5,502
False,429.6859,130.3975,59594.131584,452,502
False,429.2736,130.2268,59594.1635456,474,502
False,429.2426,129.5293,59594.2111744,492.5,502
False,429.2667,128.4513,59594.2431104,503,502
False,429.2865,126.6721,59594.2751488,547.5,502
False,429.6837,125.3095,59594.3069824,559.5,502
False,430.1156,124.0368,59594.339648,579.5,502
False,430.2388,122.9516,59594.3710976,582,502
False,430.2577,121.6881,59594.403584,584,502
False,430.4756,119.7464,59594.4353792,602,502
False,430.7611,117.5037,59594.4671744,584,502
False,431.3814,115.3894,59594.4992128,586,502
False,431.9944,113.6995,59594.5313792,589.5,502
False,432.3161,111.5427,59594.563392,581,502
False,432.0158,109.3461,59594.6116224,549.5,502
False,430.9343,106.875,59594.6436096,548,502
False,430.432,104.5219,59594.6752384,567.5,502
False,430.9792,101.5216,59594.7070976,586,502
False,431.9686,98.74252,59594.7391104,573.5,502
False,432.4982,96.42081,59594.7714688,592.5,502
False,433.1924,93.12437,59594.803072,565.5,502
False,433.5008,89.77222,59594.8350464,600,502
False,434.0473,85.90234,59594.867072,599,502
False,433.766,81.3264,59594.8991744,577,502
False,432.8438,77.76828,59594.931968,567.5,502
False,431.3926,75.60266,59594.9639552,526,502
False,431.2711,72.98116,59595.0113664,495.5,502
False,431.511,71.94376,59595.043648,483,502
False,432.7523,70.6255,59595.0756096,494,502
False,433.4804,69.01151,59595.1071488,463.5,502
False,432.2809,67.66158,59595.1396352,458,502
False,430.6509,67.00192,59595.171584,433.5,502
False,430.0849,66.34518,59595.2031744,422,502
False,429.6026,66.32425,59595.235264,403.5,502
False,429.1325,66.17136,59595.2673536,390,502
False,429.7475,66.09433,59595.2992384,394,502
False,430.059,66.28222,59595.3318016,381.5,502
False,430.4661,66.6649,59595.3640576,378,502
False,430.5483,67.07137,59595.4113408,362,502
False,430.58,66.70621,59595.4442624,354,502
False,430.6648,66.96271,59595.4757504,362,502
False,430.5643,66.71947,59595.507136,363,502
False,430.4653,66.85496,59595.539264,370,502
False,430.4804,66.83147,59595.5712768,357,502
False,430.5826,66.74059,59595.6032384,363,502
False,430.6739,66.8112,59595.635776,369,502
False,430.6794,66.82427,59595.6673792,368,502
False,430.4328,66.89043,59595.6993792,362,502
False,430.7807,66.92949,59595.7314688,364,502
False,430.7077,67.0106,59595.7635712,361.5,502
False,430.5295,66.92813,59595.8116992,352.5,502
False,430.8442,66.757,59595.8435712,369,502
False,430.4373,66.82451,59595.8751744,349.5,502
False,430.2123,66.18254,59595.9072,336,502
False,430.4258,66.39953,59595.9400192,355,502
False,430.7726,66.60619,59595.9713152,366.5,502
False,430.7617,66.23617,59596.003392,382.5,502
False,430.6212,65.81433,59596.0357504,381.5,502
False,430.9569,65.50237,59596.0673408,386.5,502
False,430.5535,65.52387,59596.0996224,377,502
False,430.6986,65.33511,59596.131456,376,502
False,430.4504,65.10588,59596.1638656,371.5,502
False,430.7004,65.09616,59596.2118272,360.5,502
False,430.8521,65.6244,59596.243648,347,502
False,430.8603,65.57659,59596.2752896,346,502
False,430.7527,65.72092,59596.3072512,341,502
False,430.8603,65.52505,59596.3393536,346,502
False,430.6719,65.60402,59596.3714688,348.5,502
False,430.9358,65.37596,59596.4040064,348,502
False,431.094,65.20103,59596.4356608,356.5,502
False,431.2934,64.98832,59596.4673408,371,502
False,431.1387,64.77628,59596.4995968,372.5,502
False,431.2885,64.77644,59596.531392,372,502
False,431.244,64.80695,59596.563776,369.5,502
False,430.9012,64.84575,59596.6115072,349,502
False,431.2776,65.09065,59596.6433152,358.5,502
False,431.1699,65.0467,59596.6753408,364,502
False,430.9201,64.74654,59596.7073408,361,502
False,431.082,64.90127,59596.7396992,368,502
False,431.2557,64.8297,59596.7718144,367,502
False,431.1256,64.77561,59596.8034304,359.5,502
False,431.2126,64.88325,59596.835392,374,502
False,431.4447,64.39295,59596.86816,383,502
False,431.0327,64.56242,59596.8994688,356.5,502
False,430.8314,64.72714,59596.931584,350,502
False,430.9451,64.79131,59596.9639552,349,502
False,430.9891,64.64731,59597.0114048,353,502
False,431.1874,64.15961,59597.0433536,389.5,502
False,431.4411,64.38522,59597.0761472,379,502
False,431.0978,64.25777,59597.107712,397,502
False,430.9622,63.85605,59597.1393664,414.5,502
False,430.6414,63.23254,59597.17152,441.5,502
False,430.183,62.4069,59597.2035456,473.5,502
False,429.2635,61.47208,59597.235456,498.5,502
False,428.2981,59.75222,59597.2679552,543.5,502
False,427.6503,58.03996,59597.2999424,571.5,502
False,427.4107,56.80134,59597.331456,573,502
False,426.9381,55.69715,59597.3635968,568.5,502
False,426.6116,55.03014,59597.4114048,575,502
False,426.7469,54.2185,59597.4434432,567.5,502
False,426.7754,53.42714,59597.4761984,549,502
False,426.8773,52.53253,59597.5079168,540.5,502
False,427.2206,51.36272,59597.5395072,516,502
False,426.6054,47.52895,59597.571712,601.5,502
False,428.0646,49.81855,59597.6035584,490.5,502
False,426.7173,49.69323,59597.6355968,458,502
False,425.6836,49.54657,59597.6680192,433,502
False,424.8278,49.04643,59597.6999552,420,502
False,424.3408,47.97181,59597.7317248,402,502
False,424.0813,46.70046,59597.7634816,365,502
False,424.5871,45.81026,59597.8114304,354,502
False,424.8815,44.91607,59597.8434432,347.5,502
False,424.9272,44.25431,59597.875904,348,502
False,425.2505,43.47929,59597.9082496,338,502
False,426.7263,41.91998,59597.9395456,352,502
False,426.1926,41.24503,59597.971968,343.5,502
False,425.1152,41.58109,59598.004096,315.5,502
False,424.7052,41.9978,59598.0361088,303,502
False,424.2937,42.54589,59598.0676352,281.5,502
False,423.9104,42.83647,59598.099584,266,502
False,423.4751,43.01764,59598.1316224,264.5,502
False,423.8483,43.43145,59598.1635968,239.5,502
False,424.1498,43.89254,59598.211904,228,502
False,424.8899,43.99493,59598.24384,230,502
False,425.5312,43.88845,59598.27552,251,502
False,424.9728,43.53123,59598.30752,269.5,502
False,421.6864,39.84875,59598.3395712,405.5,502
False,421.0008,40.07125,59598.372288,414,502
False,420.0252,40.20838,59598.4036608,429.5,502
False,419.7953,40.38777,59598.4369664,422.5,502
False,418.285,40.13638,59598.4679552,448.5,502
False,415.5105,39.57755,59598.4996096,482.5,502
False,412.7133,38.03286,59598.5316352,497,502
False,410.5261,36.62824,59598.5635328,507.5,502
False,408.8858,35.64125,59598.6115712,505,502
False,407.037,33.58796,59598.6440064,559,502
False,405.2356,32.79356,59598.6756736,605.5,502
False,403.4111,32.6041,59598.7076992,570,502
False,401.3054,32.89301,59598.7396736,567,502
False,399.2671,33.98815,59598.771776,548.5,502
False,396.8196,33.6378,59598.8042368,560,502
False,394.9744,33.42251,59598.8361344,585,502
False,392.6969,33.36537,59598.8678016,567,502
False,390.1716,32.81913,59598.8998784,557.5,502
False,387.4683,32.96164,59598.9325056,560.5,502
False,384.5721,32.61576,59598.9639808,573,502
False,381.2437,32.27782,59599.011648,576.5,502
False,378.1115,32.71889,59599.0436096,517,502
False,374.2952,33.28436,59599.0756864,493.5,502
False,370.6471,34.42705,59599.1077248,485.5,502
False,367.6239,34.91232,59599.1401088,479,502
False,363.8485,35.31873,59599.1722368,456.5,502
False,360.1635,35.52628,59599.2037376,453.5,502
False,357.254,35.00702,59599.2356096,475,502
False,354.7271,34.77584,59599.2678144,488.5,502
False,351.7743,35.35004,59599.3002368,449,502
False,349.0148,36.50794,59599.3319808,462,502
False,346.9654,36.82389,59599.36384,467.5,502
False,345.6761,37.19234,59599.4116864,496.5,502
False,344.422,37.14018,59599.4437504,472,502
False,342.9842,36.90471,59599.4757632,474,502
False,341.8477,36.22932,59599.50848,469.5,502
False,340.7491,36.02179,59599.539712,459,502
False,339.1228,35.9322,59599.5722624,469.5,502
False,337.7831,35.71025,59599.6038144,466.5,502
False,336.0387,35.60954,59599.6358528,461,502
False,333.9693,35.76831,59599.6678016,434.5,502
False,332.2258,36.645,59599.7001472,438.5,502
False,330.6985,37.03699,59599.73216,450.5,502
False,329.3841,37.3788,59599.7640832,476.5,502
False,327.8663,37.60521,59599.8117888,480,502
False,327.1341,37.52241,59599.8438144,476,502
False,326.7264,36.96272,59599.8758016,460.5,502
False,326.33,36.78953,59599.9078144,449,502
False,325.4905,36.79681,59599.940416,449.5,502
False,324.1949,36.78384,59599.9721728,439.5,502
False,322.4388,36.94744,59600.003904,453.5,502
False,320.7744,37.34679,59600.0359296,470.5,502
False,319.364,37.43079,59600.0677248,484,502
False,317.799,37.21777,59600.1001728,486,502
False,316.1052,37.35166,59600.1322368,491,502
False,313.9015,37.93644,59600.1641344,472,502
False,311.6851,38.80927,59600.2118528,460.5,502
False,309.9886,40.24156,59600.2438656,454,502
False,308.9481,41.09235,59600.275904,453,502
False,307.4773,42.07929,59600.3078272,443.5,502
False,306.1026,42.66779,59600.3406976,445,502
False,305.1121,42.74578,59600.3718784,434,502
False,304.5701,42.8513,59600.4043392,431.5,502
False,303.5659,43.44224,59600.4361088,428.5,502
False,302.3108,44.0328,59600.4682496,437,502
False,301.3767,44.47905,59600.4999168,449.5,502
False,300.2339,45.32212,59600.5322752,461,502
False,299.0713,45.91667,59600.5638912,470,502
False,297.781,46.74205,59600.61184,466.5,502
False,296.5674,47.61142,59600.6438272,458.5,502
False,296.004,48.20696,59600.6758784,455,502
False,295.1426,48.94087,59600.708544,451,502
False,294.9175,48.97303,59600.7402752,432.5,502
False,294.3991,49.28886,59600.7721216,431,502
False,294.3733,49.36808,59600.8040448,412.5,502
False,293.6895,49.62135,59600.8364928,393.5,502
False,292.4762,50.24192,59600.8678912,392,502
False,291.2924,50.00088,59600.9005184,379,502
False,290.4367,50.11082,59600.9321472,379,502
False,290.0505,50.33333,59600.9638784,389.5,502
False,289.5721,50.44693,59601.0119424,402,502
False,288.7768,51.21063,59601.0445312,436,502
False,287.9893,51.81804,59601.0768256,436,502
False,287.3112,52.05181,59601.1080064,460,502
False,286.1617,52.12823,59601.139904,483.5,502
False,285.0203,52.55481,59601.1721216,518.5,502
False,284.0878,52.92675,59601.2044672,537,502
False,282.3839,53.3488,59601.23648,528,502
False,281.0197,54.36188,59601.2685056,525.5,502
False,279.9234,55.32749,59601.2999552,513.5,502
False,278.5565,56.00581,59601.3319552,516,502
False,276.9891,56.51559,59601.3641344,518.5,502
False,275.8362,56.9766,59601.4119552,527,502
False,274.0778,57.86634,59601.4444544,507.5,502
False,273.5307,57.90351,59601.4765568,494,502
False,273.2025,57.75017,59601.5081088,483,502
False,273.101,57.60626,59601.5401216,463.5,502
False,272.3402,57.75459,59601.5725824,462.5,502
False,271.9106,57.57397,59601.6043904,449.5,502
False,269.7453,57.71364,59601.6360192,479,502
False,269.0735,57.88606,59601.6679936,412.5,502
False,267.7474,59.16801,59601.7008,435.5,502
False,267.6112,59.77883,59601.7319936,423.5,502
False,268.2512,59.89645,59601.7645952,389.5,502
False,268.2373,60.13757,59601.8125184,409.5,502
False,269.3492,60.18482,59601.8441088,358,502
False,269.2743,60.84347,59601.8761856,386.5,502
False,269.3185,61.04283,59601.9088768,393,502
False,269.4643,60.98059,59601.9404416,403.5,502
False,269.6436,60.98556,59601.9727104,404,502
False,269.4358,61.02601,59602.0048768,416.5,502
False,269.8145,60.93047,59602.0360704,419.5,502
False,269.8827,60.85969,59602.0687488,420.5,502
False,269.1864,60.48343,59602.100672,417.5,502
False,269.6943,59.86809,59602.132544,398,502
False,269.7491,59.4443,59602.164672,386,502
False,269.8577,59.38032,59602.2123136,376,502
False,269.6335,59.27667,59602.2455936,376.5,502
False,269.2856,59.4024,59602.2763264,374,502
False,269.3292,59.18559,59602.3085312,365.5,502
False,269.6267,59.07996,59602.3400704,358.5,502
False,269.1721,59.1413,59602.3731968,368,502
False,269.6487,59.25667,59602.4046464,343.5,502
False,269.2873,59.38469,59602.4360704,344,502
False,269.0919,59.57571,59602.4681088,344.5,502
False,269.4561,59.41756,59602.5003904,324.5,502
False,269.6021,59.1904,59602.5324288,312.5,502
False,269.4727,59.38433,59602.5648,317,502
False,269.5217,59.28036,59602.6125696,311.5,502
False,269.7629,58.81738,59602.6441856,303,502
False,269.7473,59.13065,59602.6762496,310,502
False,269.681,59.06678,59602.7087744,302,502
False,270.3614,58.73065,59602.7407744,273.5,502
False,270.3789,58.87129,59602.7725952,252.5,502
False,269.8035,59.0955,59602.80416,274,502
False,270.1638,59.0102,59602.8361088,261.5,502
False,269.9215,59.43503,59602.8680832,265.5,502
False,270.0213,59.26818,59602.9004928,243,502
False,270.6584,58.92643,59602.9330816,222,502
False,269.8323,59.52342,59602.9643008,245.5,502
False,270.162,59.34927,59603.0122368,251,502
False,270.1865,58.87617,59603.0442624,231.5,502
False,270.5143,58.9063,59603.0767104,233,502
False,270.8138,58.67036,59603.1082624,225.5,502
False,270.6407,58.48742,59603.140224,212,502
False,270.4586,58.52404,59603.1722624,211.5,502
False,270.408,58.19932,59603.20416,196.5,502
False,270.4695,58.2934,59603.2365184,204.5,502
False,270.3111,58.41893,59603.2685824,202.5,502
False,270.3545,58.42276,59603.3001984,205,502
False,271.128,58.07274,59603.3323264,181,502
False,270.3286,58.62401,59603.36512,211,502
False,270.4102,58.90909,59603.4126336,214.5,502
False,270.5322,58.94013,59603.444736,225.5,502
False,269.881,59.1221,59603.4763264,273,502
False,268.9984,58.80325,59603.5082368,318.5,502
False,268.5764,58.48271,59603.5401984,347,502
False,268.3607,57.83468,59603.5732864,372,502
False,267.9274,57.26917,59603.604672,413,502
False,268.0988,57.02615,59603.6363776,427,502
False,268.2931,57.09,59603.668416,418.5,502
False,267.7377,57.4758,59603.7004928,427,502
False,267.6483,57.74618,59603.7324416,425.5,502
False,267.8894,57.71622,59603.765056,407,502
False,267.337,57.46626,59603.8130048,410,502
False,267.6548,57.71915,59603.8447488,406.5,502
False,268.3018,57.7029,59603.8764288,391,502
False,268.0988,57.83669,59603.90816,398,502
False,268.1251,57.89141,59603.9408896,374.5,502
False,268.3558,57.41607,59603.9726976,348.5,502
False,268.3627,57.57136,59604.0042496,351.5,502
False,268.8637,57.30766,59604.0363008,337.5,502
False,268.9748,57.19939,59604.0682624,331,502
False,269.1138,57.33841,59604.100416,328,502
False,269.1172,57.40893,59604.1328768,328.5,502
False,268.8749,57.44795,59604.1649536,333,502
False,268.9654,57.33033,59604.2123904,332.5,502
False,268.0235,57.34918,59604.2443392,347,502
False,268.2316,57.14436,59604.2775552,332.5,502
False,267.7507,56.85005,59604.308224,339,502
False,267.9614,56.84825,59604.3407104,324,502
False,267.5991,57.3255,59604.3723136,340.5,502
False,268.5032,57.36954,59604.4042624,313,502
False,268.1406,57.34212,59604.4364032,322.5,502
False,268.0443,57.56105,59604.4687744,323.5,502
False,267.9927,57.20126,59604.5008896,318,502
False,268.5154,56.93641,59604.5325824,304,502
False,268.2617,56.77262,59604.5646208,291,502
False,268.477,56.63854,59604.6124288,278.5,502
False,268.5244,56.55641,59604.6444544,260,502
False,268.4615,56.78252,59604.6768896,257.5,502
False,269.0996,56.65568,59604.7090048,227.5,502
False,268.5435,57.09979,59604.7408512,235.5,502
False,268.3212,57.36552,59604.7727488,233,502
False,268.7778,57.33475,59604.8044544,235.5,502
False,268.566,57.10762,59604.8364672,238.5,502
False,268.6451,57.20115,59604.8683904,232,502
False,268.7056,57.01798,59604.9008512,222.5,502
False,268.5868,56.9977,59604.9324416,217,502
False,268.3594,57.22297,59604.9647232,223.5,502
False,269.0254,56.58765,59605.0124928,183.5,502
False,268.7388,56.82678,59605.0445312,178,502
False,267.8471,57.288,59605.0768512,187.5,502
False,267.326,57.42484,59605.1087744,204,502
False,267.17,57.422,59605.1403904,203,502
False,267.0435,57.77004,59605.1724544,222.5,502
False,267.7762,57.6115,59605.2044032,211.5,502
False,268.0813,57.55224,59605.2365184,201,502
False,268.1024,57.62217,59605.269184,198.5,502
False,267.7037,57.68112,59605.3009536,184.5,502
False,267.5965,57.67775,59605.33248,180.5,502
False,267.5508,57.83779,59605.364608,187,502
False,267.3086,57.67945,59605.4126464,195.5,502
False,267.036,57.3579,59605.4449152,203.5,502
False,267.5329,57.19092,59605.4767616,213,502
False,267.5456,57.18834,59605.5084288,223,502
False,267.4088,57.35201,59605.5406592,232,502
False,267.3395,57.33333,59605.573248,244.5,502
False,267.8462,57.00592,59605.6049024,253.5,502
False,267.8822,56.98307,59605.6367872,256,502
False,267.8871,56.89723,59605.6689024,246.5,502
False,267.746,56.56018,59605.7005824,252,502
False,268.0544,56.17867,59605.7325568,236,502
False,267.8955,56.37924,59605.7658752,236,502
False,268.102,56.34924,59605.8125312,230.5,502
False,267.6517,56.65667,59605.8449408,233.5,502
False,267.232,56.78301,59605.876736,233.5,502
False,267.707,56.86589,59605.908416,215,502
False,267.5208,56.95589,59605.9408384,196.5,502
False,267.0892,56.82158,59605.9726976,205.5,502
False,267.2302,56.83663,59606.0044288,202,502
False,267.1045,56.67783,59606.0365824,209,502
False,267.2656,56.64513,59606.0685824,209,502
False,267.6718,56.42564,59606.101056,195,502
False,267.8108,56.39257,59606.1329664,188.5,502
False,267.782,56.42598,59606.1646336,183.5,502
False,267.6407,56.46595,59606.212544,186,502
False,267.3924,56.6916,59606.2453632,180.5,502
False,267.1331,57.06522,59606.2771072,184,502
False,266.911,57.21363,59606.3089408,200.5,502
False,267.0862,57.36989,59606.3408768,191.5,502
False,266.7654,57.48854,59606.372608,189,502
False,267.2011,57.80939,59606.4046336,174,502
False,267.4853,58.02026,59606.436608,181,502
False,267.5269,58.04749,59606.4686336,186,502
False,267.4061,57.729,59606.5010176,192.5,502
False,267.1496,57.74515,59606.5330304,180.5,502
False,267.403,57.62255,59606.5648512,170,502
False,267.6307,57.77557,59606.6126976,176,502
False,267.8583,57.77871,59606.6447232,180,502
False,268.1937,58.05587,59606.6767488,179,502
False,268.4044,57.95191,59606.709056,152.5,502
False,268.2194,58.31985,59606.7405696,136,502
False,257.7043,48.96867,59606.772992,133,502
False,257.8068,49.84091,59606.8045312,132,502
False,257.9701,50.27837,59606.8366464,139.5,502
False,257.292,50.44444,59606.8694272,141,502
False,257.16,50.98182,59606.9012608,137.5,502
False,256.5139,51.4053,59606.932672,132,502
False,267.8656,60.63124,59606.9648256,183.5,502
False,268.2184,60.63929,59607.0127872,243.5,502
False,267.8384,60.55997,59607.0448128,264,502
False,267.6686,60.11221,59607.0771712,252.5,502
False,267.245,60.23188,59607.1086848,241.5,502
False,266.9851,61.33185,59607.1406208,224.5,502
False,266.4588,62.91046,59607.1727488,255,502
False,266.7628,63.75427,59607.2046208,234,502
False,267.2986,63.87994,59607.2371072,211,502
False,267.6208,63.27778,59607.269504,189,502
False,267.5593,61.96078,59607.300736,178.5,502
False,267.9203,59.81643,59607.3332608,138,502
False,267.4204,60.1982,59607.3653376,166.5,502
False,266.3282,60.45377,59607.4131584,196.5,502
False,265.4766,60.27029,59607.4448512,174.5,502
False,263.7901,60.22935,59607.4768768,171.5,502
False,262.9325,59.7641,59607.5087488,195,502
False,262.2169,59.97796,59607.5406592,242,502
False,262.5112,60.82813,59607.5731328,304.5,502
False,259.1422,59.07938,59607.60512,453.5,502
False,259.8846,60.25417,59607.6367104,469.5,502
False,260.9133,60.92035,59607.6687616,498,502
False,262.6028,61.02016,59607.70112,496,502
False,263.4457,60.93213,59607.7329024,498.5,502
False,265.4657,62.18158,59607.7648384,447,502
False,265.4481,61.69536,59607.8132096,441.5,502
False,263.0687,59.4691,59607.8451456,507,502
False,265.2278,60.94593,59607.8768384,450,502
False,265.28,60.75364,59607.9086976,446.5,502
False,263.2802,58.81122,59607.940736,505,502
False,263.1848,58.44259,59607.9736576,509.5,502
False,262.9742,58.17873,59608.005184,504.5,502
False,262.6304,57.78428,59608.0368384,496,502
False,262.3351,57.5489,59608.0689152,475.5,502
False,264.9809,59.62722,59608.1009792,384.5,502
False,264.7906,58.99247,59608.1327872,376.5,502
False,264.0945,58.34118,59608.1652352,382.5,502
False,264.1725,57.95296,59608.2134784,372,502
False,264.2931,57.99425,59608.2448768,377,502
False,264.1871,57.84151,59608.2774144,367,502
False,264.4763,57.6,59608.3090432,347.5,502
False,263.3626,56.08453,59608.3408,347,502
False,262.0433,55.89502,59608.3727872,335,502
False,261.6132,56.05201,59608.404736,336.5,502
False,261.6747,56.0774,59608.4368768,351,502
False,261.226,56.23314,59608.4692992,351,502
False,257.2437,53.42113,59608.5014144,457.5,502
False,257.9742,54.39622,59608.5328384,458.5,502
False,262.0137,57.09195,59608.5649536,377,502
False,259.6591,55.95439,59608.6128896,438.5,502
False,262.7365,57.97259,59608.6454272,377,502
False,262.5006,58.23428,59608.6774656,405.5,502
False,262.2494,58.3683,59608.7089664,429,502
False,261.7212,58.19993,59608.7412608,458.5,502
False,260.9898,58.14981,59608.7729152,489.5,502
False,259.6089,57.67586,59608.8048896,507.5,502
False,257.9987,56.97001,59608.8369152,533.5,502
False,256.5157,56.29979,59608.8697984,546.5,502
False,255.0165,55.95815,59608.9015168,565.5,502
False,253.3353,55.70546,59608.932992,580,502
False,252.136,55.54898,59608.9649408,583.5,502
True,250.8579,55.37253,59609.0129024,599.5,502
True,249.5723,55.44528,59609.0448512,598.5,502
True,248.7315,55.12648,59609.0772096,589,502
True,247.1075,54.75162,59609.1091712,592.5,502
True,246.8376,54.43686,59609.1408512,571.5,502
True,248.8231,54.41729,59609.1730688,536,502
True,250.9417,54.342,59609.204992,500,502
False,252.7971,54.54406,59609.2369024,488,502
False,254.0878,54.47485,59609.2694016,480.5,502
False,255.4838,53.89479,59609.30144,489.5,502
False,255.5548,53.30435,59609.3328256,494.5,502
False,254.685,52.64216,59609.3809664,510,502
False,253.5107,52.9832,59609.4129408,516,502
False,253.1258,53.90938,59609.4450304,526,502
False,252.7516,55.05603,59609.4772992,529.5,502
False,252.556,56.4177,59609.5092864,525.5,502
False,252.6673,57.82368,59609.5409792,526.5,502
False,252.779,59.61565,59609.5731072,532.5,502
False,252.6466,62.32118,59609.6056832,548.5,502
False,252.5664,65.0632,59609.6377728,567,502
False,252.878,67.88774,59609.6690816,580.5,502
False,253.4742,71.52077,59609.7015168,565.5,502
False,254.9472,75.21444,59609.7330432,549.5,502
False,256.2965,79.59093,59609.7869696,548,502
False,257.3735,83.87669,59609.8128896,569,502
False,258.6403,87.61265,59609.845312,561.5,502
False,260.1896,91.34516,59609.8769408,549.5,502
False,262.2802,95.29568,59609.9089024,540,502
False,264.8779,98.99659,59609.9414912,538,502
False,266.5999,102.0383,59609.9735552,531.5,502
False,267.792,104.4644,59610.0051072,493.5,502
False,268.1979,105.9843,59610.0371584,466.5,502
False,267.3951,106.8904,59610.06912,456,502
False,266.9044,107.9243,59610.1011456,436,502
False,267.1058,108.3571,59610.1337856,406.5,502
False,267.6369,109.6346,59610.1809664,353,502
False,268.9778,110.5965,59610.2136576,344.5,502
False,269.6809,110.7076,59610.2450304,350.5,502
False,270.2346,111.6132,59610.277504,364.5,502
False,270.5907,111.7088,59610.3090176,360,502
False,270.546,111.5824,59610.3410688,370,502
False,269.7779,111.6769,59610.373248,389.5,502
False,269.1911,112.061,59610.4055424,396,502
False,268.8513,112.2021,59610.437184,400,502
False,268.052,112.6762,59610.4691456,419.5,502
False,267.1698,113.1829,59610.5012096,446.5,502
False,265.7901,114.2847,59610.5330944,493,502
False,264.084,115.8567,59610.5815424,523.5,502
False,262.032,117.5963,59610.6136576,556.5,502
False,260.0924,118.9507,59610.6450048,591.5,502
False,256.9298,120.4265,59610.6773888,594,502
False,252.7522,121.4238,59610.7089792,574.5,502
True,249.4009,122.5683,59610.7411072,572.5,502
True,246.8964,123.7957,59610.7739776,576,502
True,245.2365,124.4204,59610.8055808,566.5,502
True,243.1953,125.0808,59610.837184,538.5,502
True,243.2637,124.1947,59610.8692224,531.5,502
True,244.9002,122.7704,59610.901632,499.5,502
True,246.4846,121.9551,59610.9330944,475,502
True,248.4928,120.6636,59610.98144,438,502
True,250.0923,119.0815,59611.013056,419,502
False,251.4362,116.8553,59611.0450432,390.5,502
False,251.8342,115.3092,59611.077056,394,502
False,252.0934,113.5863,59611.1091328,371,502
False,251.6435,112.373,59611.1421184,352.5,502
False,251.5546,112.4642,59611.1732736,346.5,502
False,251.5597,113.3097,59611.205632,332,502
False,251.6634,114.2655,59611.2373376,309.5,502
False,251.777,115.28,59611.2692736,281,502
False,252.1966,115.9419,59611.3012992,275.5,502
False,251.3772,116.8253,59611.3335808,281.5,502
True,250.4961,117.6098,59611.38112,296,502
True,250.409,117.7652,59611.4131456,299.5,502
True,249.9262,118.0738,59611.4452992,293.5,502
True,250.1644,117.6458,59611.4772608,288,502
True,250.3759,116.6648,59611.509696,270.5,502
False,251.0931,115.3927,59611.5417472,247,502
False,252.5537,113.6737,59611.5733632,214,502
False,253.4726,111.9013,59611.6053248,197.5,502
False,253.3846,110.6514,59611.6380672,218,502
False,253.1741,110.3575,59611.6697984,248,502
False,252.824,110.8252,59611.7014144,268,502
False,252.636,111.2449,59611.7337856,271.5,502
False,252.7623,112.3018,59611.7812096,270,502
False,253.0111,113.4739,59611.813184,255,502
False,252.3097,115.12,59611.8451328,261,502
False,251.4819,116.0911,59611.8776448,267,502
False,251.0747,116.4378,59611.9095296,274.5,502
True,250.8405,116.5085,59611.9412736,265.5,502
True,250.4792,116.8499,59611.9734272,272,502
True,250.0013,117.1713,59612.005312,249,502
True,250.088,116.9726,59612.0373376,231,502
True,250.5891,116.3752,59612.0698624,215,502
True,250.8596,113.7211,59612.101696,190,502
False,252.1549,111.5127,59612.1333888,170,502
True,250.9672,114.4331,59612.1811968,269,502
False,252.5132,107.9953,59612.2132096,215,502
False,253.7254,107.0149,59612.245248,258,502
False,254.3734,107.0486,59612.2775552,295,502
False,253.8503,107.3684,59612.3096704,318.5,502
False,253.9126,108.4349,59612.3413248,366,502
False,254.6372,110.2548,59612.3734784,424.5,502
False,255.9535,112.025,59612.4052992,466,502
False,257.7172,114.0266,59612.4385024,501.5,502
False,259.7206,116.5345,59612.4698752,543.5,502
False,262.0878,119.0826,59612.5014784,579,502
False,266.6834,122.122,59612.533568,568.5,502
False,271.5706,124.4213,59612.581312,581.5,502
False,276.874,126.0627,59612.613248,563.5,502
False,282.0136,127.7489,59612.6452992,549.5,502
False,287.1837,129.2833,59612.6774784,582.5,502
False,291.5177,130.2249,59612.7096704,579.5,502
False,295.6797,130.4312,59612.7413248,574,502
False,300.3,130.1108,59612.7735424,579,502
False,305.9902,131.1833,59612.8054144,577.5,502
False,312.6334,133.3016,59612.8377984,546.5,502
False,319.5505,135.6318,59612.8693888,539.5,502
False,326.6179,137.3464,59612.9019264,550,502
False,333.1866,138.7416,59612.9336576,534,502
False,340.2009,139.4378,59612.9813248,523.5,502
False,346.4184,140.1055,59613.0137728,564,502
False,351.9806,141.0438,59613.0456704,566.5,502
False,355.9182,141.7896,59613.0779264,552,502
False,359.9958,141.9262,59613.1093632,478.5,502
False,365.2578,143.1839,59613.14144,523,502
False,370.0623,143.0834,59613.173504,473.5,502
False,375.1777,142.7527,59613.2058496,500,502
False,377.3354,137.8113,59613.2378624,245.5,502
False,384.7514,147.1608,59613.2694656,271.5,502
False,386.9902,147,59613.3016064,322,502
False,391.3658,147.3253,59613.3341568,374.5,502
False,394.2047,145.6654,59613.3813504,535,502
False,398.1321,145.568,59613.4137856,569,502
False,401.2809,144.7985,59613.4454656,552.5,502
False,403.3339,144.6389,59613.477504,576,502
False,405.143,144.3771,59613.5095424,571,502
False,407.0294,144.1779,59613.5414272,566,502
False,408.223,144.2004,59613.5740416,560.5,502
False,409.2982,144.5258,59613.6061696,559.5,502
False,409.1992,145.6032,59613.6375168,559,502
False,409.0591,146.4173,59613.669696,570,502
False,409.7036,146.8217,59613.7014912,578.5,502
False,410.0675,146.6098,59613.7334144,575,502
False,410.7031,146.4365,59613.78176,576.5,502
False,411.2798,146.2149,59613.8142976,575.5,502
False,411.5451,146.347,59613.8459136,573,502
False,411.8914,146.6127,59613.8775296,565,502
False,412.5939,146.7218,59613.9095552,565.5,502
False,413.0426,146.8962,59613.9414528,571.5,502
False,413.5993,146.9122,59613.973824,554,502
False,414.3091,147.4348,59614.0060032,565,502
False,414.603,147.6473,59614.037568,542,502
False,414.1137,147.6253,59614.0697472,544,502
False,414.1227,147.1552,59614.1014784,538,502
False,414.4682,146.6957,59614.1335296,540,502
False,415.3438,145.8493,59614.1826944,541,502
False,416.5907,144.697,59614.213504,566,502
False,417.7141,143.8048,59614.2459904,555,502
False,418.5436,143.9289,59614.2776704,555.5,502
False,419.5884,144.3239,59614.3095808,562.5,502
False,420.0653,144.1392,59614.3415808,564,502
False,420.3449,143.8214,59614.3740672,563.5,502
False,420.234,143.7835,59614.405696,562,502
False,420.2963,143.7283,59614.4379136,562.5,502
False,420.2495,143.6604,59614.4695296,561,502
False,420.4083,143.7075,59614.501504,551.5,502
False,420.9825,143.3124,59614.5343104,550.5,502
False,421.6313,142.3304,59614.5823104,561,502
False,422.4296,140.7553,59614.6136192,569.5,502
False,423.8424,138.9937,59614.6455808,581.5,502
False,425.5507,137.2128,59614.677696,589,502
False,427.2251,135.6658,59614.7102336,583.5,502
False,427.6034,134.2244,59614.74208,584.5,502
False,427.8797,133.1018,59614.7736832,612.5,502
False,428.436,131.8319,59614.8056576,591,502
False,429.0034,131.4797,59614.8377216,595.5,502
False,429.7436,131.8181,59614.8695808,600,502
False,430.0726,131.3383,59614.9019904,599,502
False,429.8588,131.289,59614.9337216,609,502
False,429.8188,131.1845,59614.9816704,607,502
False,429.7765,131.1978,59615.0137088,602.5,502
False,429.7938,131.2512,59615.0456704,600.5,502
False,429.8321,131.2656,59615.0784128,600.5,502
False,429.7437,131.2588,59615.1097728,597,502
False,429.7429,131.0125,59615.1420672,601,502
False,429.5803,130.1827,59615.1740544,609.5,502
False,429.537,129.2422,59615.2056704,610.5,502
False,429.4895,128.4165,59615.2377344,611.5,502
False,429.4054,127.2145,59615.2696192,620,502
False,429.5626,126.4563,59615.3020544,619.5,502
False,429.3893,126.0232,59615.334464,611,502
False,429.7303,125.7418,59615.382144,597,502
False,430.0844,125.3597,59615.41376,600.5,502
False,430.0846,124.8965,59615.4457984,591,502
False,429.9972,124.1028,59615.4776832,598,502
False,430.6345,123.0216,59615.5098112,586,502
False,431.6572,121.7287,59615.5421184,583,502
False,432.0744,119.4764,59615.5743232,553.5,502
False,431.4778,116.8771,59615.6056576,565.5,502
False,430.8843,113.8412,59615.6381184,580.5,502
False,430.7065,110.9551,59615.6697984,594.5,502
False,430.7069,108.0738,59615.7023232,605,502
False,430.9117,104.8517,59615.734208,611.5,502
False,430.8667,99.87712,59615.7818496,590,502
False,431.016,95.96162,59615.8137216,603.5,502
False,431.326,91.55968,59615.845696,565.5,502
False,430.6149,87.63445,59615.8777856,553.5,502
False,429.1929,84.04257,59615.910272,552,502
False,428.5756,80.20741,59615.9422464,540,502
False,428.3864,76.31739,59615.9738368,543.5,502
False,428.2817,71.79988,59616.0057984,545.5,502
False,428.3787,68.57812,59616.038592,559,502
False,427.7633,65.06246,59616.070208,531,502
False,426.5724,62.1814,59616.1017088,514.5,502
False,424.8339,60.2295,59616.1341184,473.5,502
False,423.8558,58.95281,59616.1818496,445,502
False,423.7042,57.12704,59616.2138624,439.5,502
False,424.1823,56.1475,59616.2458368,430.5,502
False,424.6714,55.76742,59616.2783488,418.5,502
False,425.2353,55.46113,59616.3102336,409.5,502
False,425.5119,55.7,59616.3419136,420,502
False,425.7728,55.65926,59616.3739904,405,502
False,425.7659,55.67323,59616.4057984,406.5,502
False,425.489,55.7502,59616.4379264,409,502
False,425.2385,56.12918,59616.470208,393.5,502
False,425.6143,55.69659,59616.5021312,401,502
False,425.7368,56.00688,59616.533824,387.5,502
False,425.7662,55.56211,59616.5818752,398.5,502
False,425.6937,55.93351,59616.6139008,376,502
False,425.5302,55.94619,59616.6458624,381,502
False,425.5567,56.09134,59616.6784512,385,502
False,425.2835,56.0988,59616.7103488,388,502
False,425.1817,56.01421,59616.7420032,387,502
False,425.1218,56.05148,59616.7739264,388.5,502
False,425.1132,56.12788,59616.805888,397.5,502
False,425.3745,56.07944,59616.838656,396.5,502
False,425.0821,56.02931,59616.8702592,398,502
False,425.3757,56.1302,59616.9022208,393,502
False,425.3084,56.21673,59616.9339904,394.5,502
False,425.4384,56.42642,59616.9820032,376,502
False,425.2894,56.26489,59617.0139904,394.5,502
False,425.3174,56.17716,59617.045952,397,502
False,425.2749,56.24012,59617.0784,388,502
False,425.4174,56.31275,59617.110464,380.5,502
False,425.2899,56.05619,59617.1419904,391.5,502
False,425.2945,56.16203,59617.1740416,395,502
False,425.925,56.16516,59617.2063232,386.5,502
False,425.8621,56.11893,59617.2383104,412,502
False,425.9267,55.3425,59617.2699776,436.5,502
False,425.236,54.52334,59617.3019392,457,502
False,423.9034,52.83884,59617.3340544,469.5,502
False,422.9269,50.92524,59617.3819392,486,502
False,423.0443,49.42782,59617.414336,474.5,502
False,423.1613,48.28836,59617.4467968,467,502
False,421.9469,48.57478,59617.4786688,433.5,502
False,421.1878,49.20206,59617.5104512,421.5,502
False,420.5744,49.1181,59617.541952,413.5,502
False,420.4831,48.27619,59617.5739648,385,502
False,420.2025,47.38522,59617.6061184,363,502
False,420.3016,45.9981,59617.6379648,351.5,502
False,421.3043,44.20176,59617.6703744,361,502
False,420.8312,42.88618,59617.7025408,348.5,502
False,418.7455,43.04316,59617.734016,336,502
False,418.0132,42.67989,59617.7820672,315,502
False,417.6009,42.43665,59617.814016,306.5,502
False,417.0886,42.30288,59617.8464128,301,502
False,416.9601,41.8744,59617.8781184,280,502
False,416.9461,41.56691,59617.91008,269,502
False,416.986,41.24347,59617.9420672,274.5,502
False,416.9757,41.71818,59617.9740416,281.5,502
False,417.1593,41.94073,59618.0071936,261.5,502
False,417.2614,42.80973,59618.0379904,236.5,502
False,417.7016,43.25175,59618.0703616,214.5,502
False,418.1655,43.34504,59618.10208,213.5,502
False,418.1905,43.33485,59618.1341696,220.5,502
False,418.0984,43.58276,59618.1820928,218.5,502
False,418.2789,43.48796,59618.2146176,214.5,502
False,418.1037,43.4616,59618.2465664,217,502
False,418.24,43.33565,59618.2782464,216,502
False,415.1165,38.85365,59618.3100672,340.5,502
False,418.0615,43.05051,59618.3420416,181.5,502
False,417.972,43.54593,59618.3743744,190.5,502
False,418.1578,43.31217,59618.4064768,189,502
False,418.4186,43.40019,59618.4380672,172,502
False,418.5723,43.31179,59618.4701056,162.5,502
False,418.5666,43.59186,59618.5021824,151.5,502
False,410.8925,33.82953,59618.5343616,153.5,502
False,418.3742,44.09161,59618.5833472,151,502
False,410.9942,34.875,59618.6141824,144,502
False,410.9395,34.66447,59618.6466304,151.5,502
False,410.9318,34.32684,59618.6782976,154,502
False,418.5221,44.13377,59618.710272,154.5,502
False,410.2248,33.60369,59618.7421312,153.5,502
False,418.9489,43.94479,59618.77472,160,502
False,418.9325,43.85072,59618.8063488,163,502
False,418.8011,44.02178,59618.838272,176,502
False,418.9375,43.2066,59618.8702848,192,502
False,418.8293,42.72035,59618.902208,208,502
False,418.6377,42.49889,59618.9345664,224.5,502
False,418.2856,42.07158,59618.9824128,237.5,502
False,417.9696,41.86774,59619.0140544,247,502
False,417.7278,41.67559,59619.0460928,261.5,502
False,417.6376,41.30241,59619.079296,269.5,502
False,417.4754,41.39078,59619.1106432,264,502
False,417.2247,41.3085,59619.1421312,268.5,502
False,417.1917,41.27656,59619.174464,273,502
False,417.2305,41.16137,59619.2063744,267.5,502
False,417.283,41.08679,59619.2382976,265,502
False,417.3308,40.94529,59619.2706688,262,502
False,417.2812,41.05463,59619.3025664,271.5,502
False,417.2839,40.89815,59619.334272,270,502
False,417.2756,40.7569,59619.3822848,271.5,502
False,417.2489,40.74495,59619.414208,272.5,502
False,417.2112,40.57705,59619.4465152,292,502
False,416.2238,40.30683,59619.4787072,327,502
False,413.5632,39.3749,59619.5103232,401,502
False,411.2578,38.99055,59619.5425024,423.5,502
False,407.68,37.67816,59619.574784,464,502
False,404.2026,36.30462,59619.6064128,505,502
False,401.291,35.34098,59619.6382336,523,502
False,397.8025,34.56396,59619.670272,529,502
False,395.0872,33.95535,59619.7031296,552.5,502
False,391.2401,33.15841,59619.7347456,575.5,502
False,387.0254,33.46374,59619.7822976,558.5,502
False,382.2262,33.86148,59619.8142208,521,502
False,377.164,35.07243,59619.8461568,497,502
False,372.9796,35.41823,59619.8782336,532,502
False,368.801,35.46798,59619.910528,484,502
False,364.0925,35.40498,59619.942208,495.5,502
False,359.5503,34.99333,59619.9742848,500,502
False,355.5481,34.7108,59620.0063488,506,502
False,351.2861,34.77605,59620.0381952,483,502
False,346.8513,35.48232,59620.0710272,485.5,502
False,344.5962,35.98204,59620.1031168,482.5,502
False,341.3279,36.34127,59620.1341696,462,502
False,338.5383,35.9771,59620.1827072,444,502
False,336.0069,35.32238,59620.2141824,456.5,502
False,333.5446,34.83224,59620.246208,456,502
False,330.7845,34.53635,59620.2782464,442.5,502
False,328.7531,35.22504,59620.3106176,434,502
False,327.2633,36.19635,59620.3423104,438,502
False,326.3436,36.6428,59620.3745024,454,502
False,325.204,36.72838,59620.4064128,478,502
False,324.1939,36.56161,59620.4385408,495,502
False,322.9065,36.61327,59620.470912,515,502
False,322.0808,36.4467,59620.5033344,517.5,502
False,320.9106,36.43702,59620.5345408,546.5,502
False,319.6714,36.46091,59620.5827072,526.5,502
False,318.5401,35.87406,59620.6147072,532,502
False,318.3532,35.38306,59620.6462208,519.5,502
False,318.2469,35.26759,59620.6781952,507,502
False,317.8505,35.15924,59620.7102848,516,502
False,317.8246,35.05989,59620.7430528,512,502
False,317.8558,35.41396,59620.7748736,508.5,502
False,317.9008,35.46108,59620.8065536,507.5,502
False,317.9055,35.44053,59620.8383232,511.5,502
False,318.0947,35.36185,59620.870464,508.5,502
False,318.0605,35.43386,59620.9026816,504,502
False,318.196,35.5064,59620.934784,495,502
False,318.0162,35.49321,59620.9827072,503.5,502
False,318.0181,35.57633,59621.0143872,505.5,502
False,318.2415,35.50318,59621.0462464,497.5,502
False,318.1212,35.55791,59621.0790784,495,502
False,318.1946,35.54108,59621.1108224,495,502
False,318.0087,35.51622,59621.1432064,498.5,502
False,317.7003,35.22134,59621.1750528,506,502
False,316.1737,34.69476,59621.2068864,522,502
False,314.6339,33.9457,59621.2384128,509.5,502
False,313.1593,33.91818,59621.2705792,495,502
False,312.4812,34.49179,59621.3026816,456.5,502
False,311.8795,35.14331,59621.3346048,424.5,502
False,311.3206,35.52958,59621.3833088,417,502
False,306.8488,35.71727,59621.4143616,510.5,502
False,310.5278,35.58599,59621.4467712,407,502
False,305.8412,35.8629,59621.4785152,521.5,502
False,309.7122,35.64797,59621.5104768,410,502
False,305.2176,36.07276,59621.5424256,492.5,502
False,304.7089,36.61876,59621.5748096,501,502
False,304.4222,36.91675,59621.6065536,506.5,502
False,304.11,37.11199,59621.6386944,507.5,502
False,304.335,36.93504,59621.6706944,490,502
False,303.973,37.27641,59621.7025024,506.5,502
False,303.7668,37.32279,59621.7348992,506,502
False,303.1294,37.58623,59621.7830656,503.5,502
False,302.4589,37.66495,59621.8144,486,502
False,301.5458,38.04559,59621.847168,493.5,502
False,300.5417,38.12357,59621.878976,495,502
False,300.0319,38.04854,59621.9105664,491,502
False,299.9354,38.67844,59621.9424384,467,502
False,300.1829,39.9767,59621.974528,472,502
False,304.9887,39.3404,59622.0065664,353.5,502
False,305.2692,39.22857,59622.0393344,332.5,502
False,305.2384,39.66517,59622.0708736,333.5,502
False,300.2484,41.40239,59622.1024256,432,502
False,304.051,39.25289,59622.1345152,317,502
False,299.2924,40.74009,59622.1824256,399.5,502
False,303.3374,39.50177,59622.2144384,329.5,502
False,298.7605,41.13488,59622.2472064,430,502
False,298.9421,41.06781,59622.2785536,437.5,502
False,298.8279,41.3322,59622.3110912,442.5,502
False,298.8283,41.17757,59622.3429248,428,502
False,298.5316,41.17901,59622.3745536,432,502
False,298.599,41.0388,59622.4072832,421,502
False,298.7892,40.8527,59622.4387456,417.5,502
False,298.9091,40.76994,59622.4709632,418,502
False,298.6276,40.75837,59622.5024256,418,502
False,303.3153,38.85434,59622.5351296,305.5,502
False,298.5544,40.84986,59622.5824896,418.5,502
False,298.2392,41.16312,59622.6145664,423,502
False,303.2858,38.68817,59622.646976,294.5,502
False,298.4988,41.03008,59622.6791552,410,502
False,298.0704,40.9389,59622.71072,395.5,502
False,297.8905,41.27614,59622.7425664,408,502
False,298.0797,41.03538,59622.7753088,391,502
False,298.1765,40.74218,59622.8071808,373,502
False,298.4362,40.75629,59622.8386048,377.5,502
False,297.9615,40.79598,59622.8709888,381.5,502
False,297.2319,41.05439,59622.9030528,383,502
False,297.4047,41.06065,59622.9346048,387.5,502
False,301.7429,39.03062,59622.9825792,288.5,502
False,296.5525,41.20212,59623.014592,439.5,502
False,297.0417,41.1969,59623.04736,452,502
False,297.1855,41.44907,59623.0793344,468,502
False,298.0789,41.24879,59623.1106944,447.5,502
False,297.8813,41.02573,59623.1427584,453.5,502
False,297.2991,41.06659,59623.1747584,443,502
False,297.231,40.80222,59623.2067584,436.5,502
False,296.6891,40.95238,59623.238976,430.5,502
False,296.7057,40.89389,59623.2710656,422.5,502
False,296.6764,40.73203,59623.3030784,410.5,502
False,296.4588,40.74226,59623.3347712,414.5,502
False,296.3212,40.72323,59623.3826304,412.5,502
False,296.2966,40.55228,59623.4146048,390.5,502
False,296.6038,40.48871,59623.4465792,376.5,502
False,296.3953,40.53028,59623.4795008,360.5,502
False,296.4844,40.35146,59623.5112192,358.5,502
False,296.412,40.87246,59623.542656,368.5,502
False,296.2617,40.93479,59623.5749248,365.5,502
False,296.2673,40.58322,59623.606976,363.5,502
False,296.6714,40.36432,59623.6386432,355,502
False,296.6035,40.15743,59623.6715008,343,502
False,296.8466,40.06226,59623.7033344,340,502
False,296.6523,40.3854,59623.7350528,358.5,502
False,296.3065,40.51528,59623.782656,360,502
False,296.2109,40.51928,59623.814656,367.5,502
False,296.4995,40.28045,59623.8472192,353,502
False,296.2225,40.3921,59623.8788352,346,502
False,296.1874,40.64444,59623.9112192,345,502
False,296.4454,40.36858,59623.9427072,340.5,502
False,296.4217,40.45876,59623.9748864,341.5,502
False,296.2812,40.42773,59624.0074496,339,502
False,296.2685,40.05117,59624.0392064,329,502
False,296.3128,40.11644,59624.0708736,333.5,502
False,296.5499,40.01441,59624.1027328,335.5,502
False,296.0906,40.34545,59624.1347968,344,502
False,296.6696,40.19353,59624.1827456,335,502
False,296.6263,40.06105,59624.2150272,338.5,502
False,296.3798,40.09091,59624.2473728,330,502
False,296.5403,40.09223,59624.2788224,332.5,502
False,296.0612,40.33333,59624.3108736,348.5,502
False,296.2668,40.08119,59624.3429376,330.5,502
False,296.4883,39.93935,59624.3753216,327,502
False,296.1894,40.14243,59624.4068992,333.5,502
False,296.3399,39.88399,59624.4387968,329,502
False,296.2536,40.09566,59624.4709376,334.5,502
False,296.5353,39.96881,59624.5027712,326,502
False,296.2699,39.99797,59624.5355264,328.5,502
False,296.0507,40.1844,59624.5831168,329,502
False,302.1123,38.21062,59624.6148864,191.5,502
False,301.9896,38.33853,59624.6470144,192.5,502
False,302.0059,38.68945,59624.678848,197.5,502
False,302.0068,38.3453,59624.710912,195,502
False,302.1233,37.8484,59624.7433216,182.5,502
False,302.2177,37.82787,59624.775488,183,502
False,301.9684,38.48632,59624.806976,195,502
False,302.0717,37.9162,59624.8388096,179,502
False,302.1725,38.03145,59624.871232,185.5,502
False,302.1432,38.0389,59624.9032576,188.5,502
False,295.885,39.87025,59624.9348096,316,502
False,302.1451,38.12841,59624.9828736,189.5,502
False,301.9435,38.07377,59625.0155776,183,502
False,301.9368,38.08853,59625.046976,184.5,502
False,302.0551,38.24672,59625.0794368,190.5,502
False,301.9948,38.27375,59625.1114112,193,502
False,302.0632,38.2026,59625.14304,192.5,502
False,295.6804,39.97518,59625.17504,329,502
False,302.0111,38.3069,59625.207168,195.5,502
False,301.7443,38.38448,59625.238912,182.5,502
False,301.8613,38.98919,59625.2708736,185,502
False,302.2268,37.83104,59625.302912,181.5,502
False,301.6121,38.63512,59625.3350144,195.5,502
False,295.5698,39.67105,59625.3837184,304.5,502
False,301.9129,38.0985,59625.41536,189.5,502
False,301.8298,38.60297,59625.446976,191,502
False,302.1624,38.1108,59625.4789888,177.5,502
False,302.1894,38.21686,59625.5110784,176,502
False,296.0264,40.0176,59625.543104,303,502
False,296.0828,40.30921,59625.5753856,304,502
False,296.4229,40.46655,59625.6070144,294,502
False,296.4916,40.4171,59625.6389248,286.5,502
False,296.6786,40.39988,59625.6708608,280.5,502
False,296.4979,40.16218,59625.7029888,278.5,502
False,296.053,40.30883,59625.735616,292.5,502
False,296.1833,39.72679,59625.7830656,280,502
False,303.4086,38.16965,59625.8154624,139.5,502
False,296.3369,39.50507,59625.8468352,279.5,502
False,296.3293,39.74839,59625.8791296,285.5,502
False,296.4585,39.52573,59625.9110912,285,502
False,296.5577,39.60348,59625.9434112,287.5,502
False,296.1284,39.09692,59625.975424,254.5,502
False,296.0531,39.60887,59626.0073088,285.5,502
False,295.8803,39.98098,59626.0388864,298,502
False,295.4761,39.66227,59626.0709888,303.5,502
False,296.024,39.42658,59626.1031168,298.5,502
False,302.8564,38.20427,59626.1360896,148.5,502
False,288.852,41.42486,59626.183104,147.5,502
False,296.294,39.3402,59626.215168,267,502
False,296.463,39.48395,59626.247616,270,502
False,296.3369,39.67897,59626.279552,284.5,502
False,296.1027,39.59174,59626.3110656,282.5,502
False,296.4442,39.56859,59626.342976,285.5,502
False,296.5571,40.07652,59626.3750144,287.5,502
False,295.9559,40.24891,59626.4070656,268.5,502
False,296.4555,40.85925,59626.4394112,260.5,502
False,296.1026,40.98846,59626.4710784,260,502
False,296.1297,40.92403,59626.5030144,254.5,502
False,296.1961,41.06627,59626.5352832,249,502
False,295.8191,40.82317,59626.5831296,246,502
False,295.8515,41.08755,59626.6155776,257,502
False,295.3724,40.84444,59626.6477952,247.5,502
False,295.688,40.528,59626.679616,250,502
False,295.5068,40.68367,59626.7111936,245,502
False,295.7212,40.49966,59626.7432448,244.5,502
False,290.5674,41.27283,59626.775232,146,502
False,295.6537,40.51751,59626.807424,257,502
False,295.8406,40.46813,59626.8395776,251,502
False,295.806,40.492,59626.8714368,250,502
False,295.6436,40.46838,59626.9031168,253,502
False,295.5547,40.7471,59626.9352704,259,502
False,295.8113,40.44313,59626.983232,253.5,502
False,290.2823,42.13945,59627.0152576,147,502
False,295.3255,40.68042,59627.0476288,254.5,502
False,295.4717,40.69811,59627.0798848,265,502
False,295.9035,40.52063,59627.1112448,262.5,502
False,295.8251,40.76515,59627.1435136,264,502
False,295.6292,40.60976,59627.1755904,266.5,502
False,296.0482,40.70921,59627.2070528,262.5,502
False,295.484,40.90457,59627.239104,244.5,502
False,295.0706,40.76241,59627.2711936,238.5,502
False,295.1024,40.72727,59627.3038592,247.5,502
False,289.7554,40.95905,59627.335296,146.5,502
False,289.9263,41.02924,59627.3836288,142.5,502
False,290.1558,40.91523,59627.4153728,145.5,502
False,290.3681,41.03238,59627.4473344,139,502
False,290.3924,41.65278,59627.4791296,144,502
False,291.1756,41.43967,59627.5112576,139.5,502
False,291.0557,42.42732,59627.5442432,152.5,502
False,291.509,42.35873,59627.57536,157.5,502
False,295.3818,41.68723,59627.60768,227,502
False,295.2894,41.91217,59627.639232,231.5,502
False,295.3994,41.45148,59627.6713088,237,502
False,295.0757,41.32603,59627.7035136,251,502
False,295.3115,41.21813,59627.7351936,244.5,502
False,295.1049,41.2251,59627.7832064,251,502
False,295.2321,41.2414,59627.8151552,252,502
False,291.034,41.63694,59627.847296,157,502
False,290.8532,41.77152,59627.8797696,151,502
False,290.6065,41.89583,59627.9117568,144,502
False,290.7659,41.95221,59627.9433344,136,502
False,291.3636,41.9147,59627.9753216,148.5,502
False,291.4049,42.09732,59628.0072192,149,502
False,291.6689,41.79195,59628.0392192,149,502
False,291.9678,42.07074,59628.0720128,155.5,502
False,292.0619,42.35191,59628.1031936,161.5,502
False,292.3694,42.2095,59628.1355008,161.5,502
False,292.6151,42.17455,59628.1837184,158.5,502
False,294.9279,41.94458,59628.2153344,210.5,502
False,294.56,41.72274,59628.2473472,214,502
False,294.2053,41.61295,59628.2793984,226.5,502
False,294.369,41.5516,59628.3119616,224.5,502
False,294.3935,41.58278,59628.3437952,224.5,502
False,294.4483,41.68966,59628.375424,232,502
False,294.2778,41.30592,59628.4072704,231,502
False,290.2515,41.42536,59628.4393216,163,502
False,289.137,41.58105,59628.4713472,146,502
False,288.8603,41.77206,59628.503616,136,502
False,288.7309,41.88148,59628.535872,135,502
False,288.6087,42.41667,59628.5833728,138,502
False,289.1843,42.2992,59628.6153472,146.5,502
False,289.6246,42.05688,59628.6478848,146.5,502
False,289.8693,42.35252,59628.679552,139,502
False,290.7547,42.80825,59628.7118464,149.5,502
False,290.6499,42.62653,59628.7433088,149.5,502
False,290.1155,42.14052,59628.7756032,153,502
False,289.3795,42.08074,59628.8077056,144.5,502
False,289.0098,42.08913,59628.8393856,136.5,502
False,289.125,42.07018,59628.871296,152,502
False,289.0287,41.78161,59628.9033216,145,502
False,289.2246,41.69295,59628.9353728,139.5,502
False,289.0498,41.47917,59628.9837568,144,502
False,289.128,41.55479,59629.0157952,144.5,502
False,289.2886,41.26973,59629.0475904,141.5,502
False,289.135,41.86261,59629.0795264,139.5,502
False,289.1159,42.08124,59629.1123584,139.5,502
False,289.1181,42.52398,59629.143488,142.5,502
False,295.0688,41.25785,59629.1760256,276,502
False,295.9114,40.85707,59629.2077824,316,502
False,296.3786,40.20355,59629.2393984,309.5,502
False,296.8778,39.92962,59629.27136,296,502
False,295.7538,39.63781,59629.3033856,271.5,502
False,295.2509,39.27778,59629.3355648,261,502
False,288.8005,40.14286,59629.3838848,129.5,502
False,289.1082,40.08428,59629.4158848,132.5,502
False,289.4241,39.63799,59629.4476032,139.5,502
False,290.0195,39.23219,59629.4794496,145,502
False,290.4602,38.73011,59629.5115392,155,502
False,290.5412,37.74011,59629.543424,147.5,502
False,290.9913,37.08117,59629.576704,154,502
False,291.4334,36.73695,59629.6074112,156.5,502
False,291.2056,36.50444,59629.6397056,150,502
False,291.5366,36.72796,59629.67136,155,502
False,291.8885,37.19828,59629.7034752,155.5,502
False,292.0772,37.52733,59629.7354496,155.5,502
False,291.5732,37.70913,59629.7839104,157,502
False,291.6009,37.32127,59629.8155008,152,502
False,291.3279,37.33871,59629.8474368,155,502
False,291.6219,37.07292,59629.8796544,160,502
False,291.8719,37.087,59629.911552,170.5,502
False,292.1916,37.42315,59629.9438208,167,502
False,291.7509,37.74713,59629.9758848,174,502
False,291.5966,37.99066,59630.0074112,178.5,502
False,292.2023,38.33143,59630.0394496,175.5,502
False,292.9322,38.94048,59630.0723712,182,502
False,292.9003,39.13971,59630.1039104,204,502
False,293.2772,39.73199,59630.1356288,199,502
False,293.6073,39.84575,59630.184,188,502
False,293.9869,40.60574,59630.2155776,191.5,502
False,293.9061,40.85357,59630.247552,193.5,502
False,293.8553,40.23181,59630.279552,197,502
False,294.1688,40.58355,59630.3116544,196.5,502
False,293.522,40.71737,59630.3440384,200.5,502
False,294.2636,41.43314,59630.3760512,172,502
False,294.3304,41.69139,59630.4076032,168.5,502
False,294.5845,41.72207,59630.4395008,180.5,502
False,294.7898,41.64321,59630.4714752,170.5,502
False,295.1272,41.76509,59630.5035264,179.5,502
False,295.1605,41.89947,59630.536064,189,502
False,295.6044,42.5512,59630.5842048,166,502
False,295.229,42.50488,59630.6155008,171,502
False,295.8137,42.5515,59630.6475264,178,502
False,295.663,42.53853,59630.679616,179.5,502
False,296.0684,42.6614,59630.7124736,190,502
False,296.016,42.80928,59630.7439744,197.5,502
False,296.0504,42.92479,59630.7758336,195,502
False,296.4032,43.24411,59630.8077568,198,502
False,296.1535,42.92726,59630.8398848,208.5,502
False,296.0977,43.49179,59630.8717056,203,502
False,295.9085,43.11685,59630.904128,184,502
False,295.627,42.9256,59630.9357824,172.5,502
False,295.341,42.34097,59630.9835136,174.5,502
False,294.8067,41.63956,59631.0155264,184.5,502
False,294.6428,40.64096,59631.0475904,181.5,502
False,294.2895,39.68333,59631.0803328,190,502
False,293.7656,38.91484,59631.1120384,182,502
False,292.7822,38.79061,59631.1435776,177.5,502
False,292.347,38.49527,59631.1766912,158.5,502
False,291.5075,37.86002,59631.2077952,165.5,502
False,290.5747,37.53667,59631.2403072,179.5,502
False,290.9306,38.02174,59631.2716928,161,502
False,291.3027,38.3272,59631.3041024,163,502
False,290.8193,39.14019,59631.3357568,160.5,502
False,290.5036,39.00929,59631.3838464,161.5,502
False,290.6804,39.70784,59631.4161664,170,502
False,291.1945,40.09908,59631.448064,180,502
False,291.7302,41.02302,59631.4796288,181,502
False,291.4017,41.36325,59631.5116672,195,502
False,291.5758,41.87246,59631.5444096,172.5,502
False,291.8524,41.48654,59631.576192,179.5,502
False,291.5459,41.24069,59631.60832,183.5,502
False,291.5352,41.95117,59631.6397696,177.5,502
False,291.5612,41.69238,59631.6722688,188,502
False,291.9601,42.03623,59631.7038976,184,502
False,292.5225,42.03393,59631.735936,196.5,502
False,292.335,42.05017,59631.7842688,196,502
False,292.4807,42.57531,59631.815744,202.5,502
False,292.681,42.31106,59631.848,209.5,502
False,292.1338,42.6326,59631.87968,205.5,502
False,291.6896,42.5158,59631.9117056,211,502
False,291.1613,42.6251,59631.9446272,200.5,502
False,290.9754,42.90164,59631.9762304,183,502
False,290.6434,42.83333,59632.0077568,179,502
False,290.5279,43.18214,59632.0397056,188.5,502
False,290.456,43.45956,59632.0723968,187.5,502
False,290.413,44.01153,59632.1039488,159,502
False,290.0839,44.66336,59632.1362048,151,502
False,288.9774,45.1032,59632.1842688,140.5,502
False,288.8521,45.81567,59632.2157568,151,502
False,289.5,46.7483,59632.2485248,147,502
False,289.5746,47.24579,59632.2800896,148.5,502
False,289.329,47.38817,59632.311744,155,502
False,289.0327,46.89978,59632.3437952,148,502
False,288.8087,45.79195,59632.3759104,149,502
False,288.2749,44.43001,59632.4078208,165.5,502
False,287.6238,43.55453,59632.4403456,163.5,502
False,287.3445,43.12374,59632.4720256,149.5,502
False,286.7757,43.11111,59632.5039232,159,502
False,286.2467,43.0943,59632.5360384,152,502
False,286.0243,44.0883,59632.5837696,151,502
False,285.0831,45.3082,59632.6161152,152.5,502
False,284.95,45.80782,59632.6481152,153.5,502
False,284.7411,46.64617,59632.6797312,154.5,502
False,284.6466,46.85944,59632.7117696,166,502
False,284.5461,47.71174,59632.7444608,159,502
False,284.3077,47.88923,59632.7758848,162.5,502
False,283.9819,48.13554,59632.808128,166,502
False,284.0719,48.55289,59632.8407552,167,502
False,284.0383,49.27107,59632.8719104,174,502
False,283.7739,49.24251,59632.9048704,172.5,502
False,284.1729,49.57455,59632.935936,175.5,502
False,284.245,49.8509,59632.983936,175.5,502
False,284.5315,49.45646,59633.0163328,166.5,502
False,284.9868,49.3792,59633.048384,163.5,502
False,285.3617,48.92918,59633.0803456,176.5,502
False,285.8013,48.90221,59633.1119744,158.5,502
False,286.0177,47.91563,59633.1438976,160,502
False,285.7661,47.13552,59633.1758976,152.5,502
False,285.8845,46.85479,59633.2082816,151.5,502
False,286.4232,46.75649,59633.2398592,167,502
False,286.8127,46.96667,59633.2723456,170,502
False,287.3505,47.53535,59633.3038464,165,502
False,288.3196,47.71848,59633.3361408,170.5,502
False,290.1114,47.12952,59633.3840768,175,502
False,290.3275,46.37415,59633.4163456,171.5,502
False,291.0164,45.98996,59633.4480384,182.5,502
False,291.7012,45.85233,59633.4804352,193,502
False,292.4194,46.15372,59633.5119488,199.5,502
False,293.5854,46.24196,59633.5439104,197,502
False,294.2382,46.10283,59633.5768448,194.5,502
False,293.9725,46.03694,59633.6082176,194,502
False,293.4002,46.6741,59633.639872,179.5,502
False,293.5922,47.02906,59633.6720384,183.5,502
False,293.648,47.1711,59633.703936,188,502
False,293.8767,47.23235,59633.7361408,186.5,502
False,293.6042,47.66227,59633.784704,189.5,502
False,293.6535,47.96063,59633.816064,190.5,502
False,293.5948,48.05481,59633.848448,185.5,502
False,294.0204,48.16356,59633.8803712,187.5,502
False,294.5862,47.38621,59633.9119488,217.5,502
False,295.0406,47.85157,59633.944,201,502
False,295.71,46.9435,59633.9759872,177,502
False,294.9795,46.39084,59634.0084864,171,502
False,294.6972,46.54842,59634.0404992,163.5,502
False,293.9075,46.3305,59634.0725248,176.5,502
False,293.1422,46.34746,59634.1039744,177,502
False,292.7621,46.54391,59634.1521536,176.5,502
False,292.8719,47.06354,59634.1841664,160,502
False,292.4724,46.82069,59634.2164608,145,502
False,291.9562,46.79805,59634.2480512,137,502
False,290.9893,46.04016,59634.2802688,124.5,502
False,298.5955,55.8274,59634.3119744,126.5,502
False,297.2471,55.02069,59634.344192,145,502
False,297.7149,53.5261,59634.376384,166,502
False,298.6337,53.07811,59634.408448,151.5,502
False,299.8506,52.59753,59634.4406528,135,502
False,300.2306,52.50383,59634.4721408,152.5,502
False,300.2325,52.567,59634.5040768,150.5,502
False,299.9381,52.78719,59634.5521792,153.5,502
False,299.7508,52.58361,59634.5845248,152.5,502
False,299.4306,52.55516,59634.616704,140.5,502
False,289.8494,42.81853,59634.648,129.5,502
False,299.3333,52.90382,59634.6800128,126.5,502
False,290.1591,43.20176,59634.712448,133,502
False,289.9048,43.38095,59634.7444096,133,502
False,290.9028,43.65025,59634.7761408,132,502
False,290.9935,44.00258,59634.8082432,129,502
False,290.6824,44.35171,59634.8401664,127,502
False,290.769,44.47638,59634.872192,127,502
False,290.9844,44.51172,59634.9045888,128,502
False,290.8692,44.53846,59634.9522176,130,502
False,291.175,44.38953,59634.984256,130.5,502
False,291.4182,44.7216,59635.0161536,133.5,502
False,291.7262,45.0076,59635.0481408,131.5,502
False,291.7943,45.09602,59635.0804864,121.5,502
False,291.5525,45.24147,59635.1123584,127,502
False,291.5879,45.10368,59635.1441152,127,502
False,291.5523,44.63041,59635.1763712,119.5,502
False,291.9451,44.06274,59635.2082432,127.5,502
False,291.8808,44.04742,59635.2402688,123,502
False,292.2193,43.85298,59635.2727808,131.5,502
False,292.3804,44.40701,59635.3047552,138,502
False,293.0827,44.67386,59635.3520128,139,502
False,293.4448,44.87911,59635.3842304,142,502
False,293.9825,44.92231,59635.416128,133,502
False,294.1241,44.80413,59635.448128,137,502
False,293.8273,44.82134,59635.480448,139,502
False,293.9209,44.73621,59635.512192,139,502
False,293.8055,45.0632,59635.5441408,134.5,502
False,293.8859,44.89872,59635.5762176,130,502
False,293.4486,45.40727,59635.60832,133,502
False,294.2351,44.26744,59635.6406528,129,502
False,294.5732,43.96433,59635.672768,135.5,502
False,294.5768,43.16146,59635.7043968,128,502
False,294.2292,42.04028,59635.752256,120,502
False,298.3688,54.75158,59635.7848448,131.5,502
False,298.3416,54.4554,59635.8163968,142,502
False,297.9763,53.99245,59635.8485248,154.5,502
False,298.0928,53.55148,59635.8803072,163.5,502
False,298.1786,53.4491,59635.9122304,167,502
False,298.1262,53.18146,59635.9453568,169,502
False,298.1373,53.13258,59635.9767552,176,502
False,298.2882,52.55014,59636.0082944,184.5,502
False,297.7663,52.59877,59636.0403456,189,502
False,296.9809,52.34786,59636.0724096,218,502
False,296.8092,51.92032,59636.1044864,228,502
False,296.8228,51.10089,59636.1526912,244.5,502
False,296.8476,50.29704,59636.1843328,275.5,502
False,296.7743,49.33115,59636.216192,305,502
False,296.8637,48.5566,59636.2481408,318,502
False,296.9225,48.1635,59636.2802048,316,502
False,296.7462,48.37451,59636.3126272,295.5,502
False,296.8363,48.3033,59636.3446272,283,502
False,296.7292,48.12966,59636.3763712,290.5,502
False,296.587,48.08951,59636.4082944,270,502
False,296.3275,48.29993,59636.4407808,254.5,502
False,296.1687,48.8168,59636.4728704,242,502
False,296.274,48.77598,59636.5044352,247,502
False,295.9747,48.96673,59636.55232,250.5,502
False,295.4656,49.29898,59636.584576,228,502
False,295.7278,48.8882,59636.6165632,240,502
False,295.8414,48.84274,59636.6482688,248,502
False,295.7329,49.13459,59636.6802432,239,502
False,296.8852,48.8527,59636.7123456,241,502
False,296.7989,48.39279,59636.7442432,263.5,502
False,296.7979,47.53139,59636.7776,292,502
False,296.4613,46.91056,59636.8088064,320.5,502
False,296.5139,45.6398,59636.840832,335,502
False,296.3144,44.58986,59636.872512,325.5,502
False,296.3949,43.74586,59636.9044864,322,502
False,296.1293,42.82762,59636.952256,321,502
False,296.0592,41.65014,59636.9842432,312.5,502
False,296.2621,40.61728,59637.0166272,297,502
False,296.03,39.76484,59637.0482304,283.5,502
False,295.2785,39.46534,59637.0803584,276.5,502
False,295.6595,35.78048,59637.1123584,350,502
False,295.7056,40.19909,59637.1443712,257,502
False,295.219,41.2453,59637.1772672,221.5,502
False,295.0362,41.12319,59637.2091904,207,502
False,295.0293,41.65116,59637.2411264,193.5,502
False,295.0815,41.78977,59637.2727296,176,502
False,295.1215,42.62825,59637.304448,160.5,502
False,295.4326,42.35214,59637.3523712,159.5,502
False,294.5641,35.9411,59637.3843456,274.5,502
False,295.0746,36.04031,59637.416256,277,502
False,296.1363,42.9482,59637.448768,148,502
False,296.803,43.05576,59637.4804352,134.5,502
False,294.8149,36.6204,59637.5124224,281,502
False,294.6287,36.96393,59637.5443968,268,502
False,293.0318,34.21002,59637.576512,173,502
False,293.5308,33.94374,59637.608896,157,502
False,293.8264,35.39617,59637.641344,156.5,502
False,293.3159,36.59259,59637.6727424,162,502
False,292.8608,36.98058,59637.704448,154.5,502
False,292.8328,36.57689,59637.7523968,161.5,502
False,292.7533,36.33,59637.7843072,150,502
False,292.3098,36.39262,59637.8167424,149,502
False,291.729,36.76831,59637.8484352,152.5,502
False,291.218,37.69017,59637.8809344,156,502
False,291.0807,38.27329,59637.9124608,161,502
False,290.6738,38.88481,59637.9445504,163.5,502
False,289.6721,40.0929,59637.9767424,152.5,502
False,288.1834,41.03915,59638.0086272,149,502
False,287.2675,41.90658,59638.041088,157,502
False,292.8636,44.64009,59638.072832,288.5,502
False,293.3009,45.05423,59638.1049728,313.5,502
False,293.3444,45.727,59638.152384,331.5,502
False,292.9407,45.95417,59638.1844224,345.5,502
False,292.933,46.27987,59638.2170368,346,502
False,292.7833,46.32342,59638.2491136,353,502
False,293.0896,46.32767,59638.2809216,353.5,502
False,293.2953,46.18568,59638.3125248,337.5,502
False,293.5768,46.4496,59638.344576,334,502
False,293.5674,46.42375,59638.376768,341,502
False,293.5392,46.37129,59638.4085632,342.5,502
False,293.9677,46.1408,59638.4415744,335,502
False,293.5619,46.30897,59638.472896,342,502
False,293.5342,46.36759,59638.5045248,326,502
False,293.5253,46.46726,59638.5524736,336,502
False,292.7776,46.55572,59638.5844992,341,502
False,293.0645,46.87261,59638.6165376,331,502
False,292.8936,46.95947,59638.6493568,329,502
False,293.0136,46.9404,59638.6813568,330,502
False,292.853,46.7074,59638.7129472,335.5,502
False,293.1589,46.62126,59638.7445504,323,502
False,293.1797,46.5559,59638.7767936,326.5,502
False,293.2953,46.51107,59638.8095744,316,502
False,293.07,46.51254,59638.8411136,319,502
False,292.9009,46.73168,59638.8724992,323,502
False,292.8654,46.83411,59638.9046016,319.5,502
False,292.7844,47.01157,59638.9525248,317,502
False,292.7057,47.49511,59638.9845376,307,502
False,292.2684,47.51981,59639.017024,315.5,502
False,292.2466,47.74185,59639.0486912,317,502
False,291.8976,47.73547,59639.0806144,312.5,502
False,291.6721,47.77688,59639.112704,310,502
False,291.435,48.06424,59639.144704,316.5,502
False,291.1283,47.96285,59639.177088,336.5,502
False,290.6581,47.96049,59639.2092416,329,502
False,290.4345,48.04117,59639.2412032,336,502
False,290.3333,48.03104,59639.2727168,327.5,502
False,290.0838,47.92745,59639.305088,340,502
False,289.9648,48.34938,59639.35264,322,502
False,290.1982,48.28045,59639.3847168,312,502
False,290.3557,48.28328,59639.4167168,313,502
False,290.3693,48.36661,59639.4495232,310.5,502
False,290.3018,48.37286,59639.4812032,312,502
False,290.28,48.60312,59639.512832,309.5,502
False,290.6767,48.60434,59639.5455616,299.5,502
False,290.8979,48.68386,59639.576832,300.5,502
False,290.8804,48.98505,59639.60864,301,502
False,291.2634,48.84965,59639.6416768,286,502
False,291.0505,48.79862,59639.6726784,290.5,502
False,290.7216,48.58347,59639.7048704,300.5,502
False,290.7187,48.39933,59639.7531136,298,502
False,290.9509,48.17654,59639.784576,295.5,502
False,290.8845,48.11092,59639.8166016,291.5,502
False,290.919,48.15857,59639.848832,298.5,502
False,290.7255,48.19692,59639.881536,292,502
False,290.7997,48.18911,59639.9132672,297,502
False,290.5201,48.15575,59639.9448704,290,502
False,290.8781,47.90199,59639.9769472,292.5,502
False,291.0617,47.85545,59640.0087936,267.5,502
False,290.9412,47.33592,59640.0407936,258,502
False,291.3137,46.31961,59640.0733312,255,502
False,289.8377,45.46778,59640.1050368,209.5,502
False,290.0191,45.42228,59640.1527424,200.5,502
False,290.356,45.54743,59640.1846912,191.5,502
False,290.5564,45.9547,59640.2168448,195,502
False,293.591,46.70949,59640.248832,233.5,502
False,291.7017,46.34234,59640.2813312,166.5,502
False,291.8278,46.55185,59640.31328,180,502
False,292.3428,46.6943,59640.3447808,193,502
False,292.881,46.87577,59640.3769216,190.5,502
False,293.1598,47.25385,59640.4087936,205.5,502
False,292.7162,47.42606,59640.4407552,208.5,502
False,291.8399,47.21122,59640.473088,202,502
False,291.3643,46.92421,59640.5051904,204.5,502
False,290.9124,47.33658,59640.5528192,205.5,502
False,290.6049,47.50677,59640.5848448,197,502
False,290.7097,47.22025,59640.616832,197.5,502
False,290.5888,46.89112,59640.648896,199,502
False,290.4371,46.65523,59640.681856,189.5,502
False,289.4545,46.63577,59640.7128832,205,502
False,289.8377,46.30088,59640.7453056,190,502
False,290.0503,45.8545,59640.7775104,189,502
False,290.2049,45.84456,59640.8088064,185.5,502
False,289.3427,46.26723,59640.840768,179,502
False,289.018,47.52495,59640.8728576,167,502
False,288.1329,47.67758,59640.9049728,168,502
False,290.5588,48.25,59640.9535744,258,502
False,292.5371,48.91339,59640.9852928,267.5,502
False,290.1585,46.43228,59641.0169088,173.5,502
False,290.5652,46.70484,59641.0489728,179,502
False,290.7581,46.79253,59641.0811136,169.5,502
False,290.1922,46.64417,59641.1130112,163,502
False,289.7315,46.58436,59641.1452288,162,502
False,290.5958,46.07585,59641.1768704,167,502
False,290.534,45.66774,59641.2088704,154.5,502
False,290.8882,45.04792,59641.2408704,156.5,502
False,291.472,44.87267,59641.2729472,161,502
False,291.8039,44.60371,59641.3055616,161.5,502
False,291.4662,44.18671,59641.3533952,158,502
False,291.0785,43.52903,59641.3849984,155,502
False,291.1596,44.10101,59641.417024,165,502
False,291.0681,44.47459,59641.449088,164,502
False,291.1067,44.67276,59641.4817152,164,502
False,291.6,44.43333,59641.5133568,165,502
False,291.6261,44.93163,59641.5448704,156,502
False,292.4175,45.08859,59641.5769088,150.5,502
False,292.6601,45.64583,59641.608896,152,502
False,292.9325,45.87031,59641.6408832,155.5,502
False,293.0448,46.19403,59641.6734848,167.5,502
False,293.3788,46.70722,59641.7050368,168.5,502
False,293.5324,47.29082,59641.7531392,172.5,502
False,293.2897,47.69028,59641.7850624,183.5,502
False,292.5079,48.06714,59641.8170368,211,502
False,291.6865,48.37469,59641.8495104,201.5,502
False,291.5924,47.95743,59641.8815104,184,502
False,291.3554,47.63316,59641.9133184,189,502
False,291.2205,47.60503,59641.94496,192,502
False,291.2092,47.72102,59641.9770112,184,502
False,291.2553,47.72836,59642.0090368,194.5,502
False,291.6293,47.81337,59642.0409728,192,502
False,291.6069,47.75726,59642.0734848,189.5,502
False,291.5923,47.52137,59642.1055872,195,502
False,291.5142,47.75831,59642.1530496,205.5,502
False,291.4425,48.1377,59642.1851264,198.5,502
False,291.5213,49.02466,59642.217088,196,502
False,290.6308,48.92826,59642.2490752,190.5,502
False,290.2833,48.95784,59642.2819584,170,502
False,289.5391,48.92181,59642.3133312,162,502
False,289.4673,48.56982,59642.3449984,148,502
False,289.899,47.21498,59642.3770496,153.5,502
False,290.2381,46.10899,59642.4090112,157.5,502
False,290.3409,46.07824,59642.4410112,155.5,502
False,290.2048,46.38017,59642.4733696,153,502
False,290.5181,46.97166,59642.5051392,147,502
False,290.7204,47.27419,59642.5531008,155,502
False,291.0011,47.5172,59642.585152,155,502
False,290.8488,47.84307,59642.6171008,145.5,502
False,290.6298,48.63453,59642.649408,140,502
False,291.223,49.16277,59642.6816256,149.5,502
False,291.1274,47.52394,59642.7129856,184.5,502
False,291.2483,48.46725,59642.7453824,170.5,502
False,290.9203,48.41129,59642.7770752,186,502
False,290.7629,48.77896,59642.8096768,187,502
False,290.3821,49.22784,59642.8416384,188,502
False,289.3156,50.40075,59642.8732032,178,502
False,288.9615,49.27209,59642.9051136,190.5,502
False,288.035,48.85827,59642.9551872,190.5,502
False,287.5548,49.75187,59642.9852672,156.5,502
False,287.0898,49.34524,59643.0178432,154,502
False,286.515,48.94879,59643.0497664,172.5,502
False,286.3625,48.93939,59643.0815872,154,502
False,286.5279,49.11694,59643.1131136,152.5,502
False,286.6212,49.32878,59643.1450624,146.5,502
False,286.6429,48.92988,59643.177088,154.5,502
False,286.8284,48.41481,59643.209408,135,502
False,286.5161,47.36322,59643.241216,145,502
False,285.0995,47.6271,59643.273216,139,502
False,284.3485,47.5676,59643.3052032,143,502
False,283.5429,47.67279,59643.353216,136,502
False,282.8243,47.71705,59643.3856512,129,502
False,280.8383,48.34326,59643.4176512,117.5,502
False,280.5287,47.38442,59643.4502016,130.5,502
False,283.7153,51.76391,59643.4812928,284.5,502
False,287.6743,54.42749,59643.513152,219.5,502
False,287.205,54.22962,59643.5451008,278,502
False,282.4354,52.21588,59643.5778048,411.5,502
False,282.7268,52.11099,59643.6092672,449,502
False,282.3429,51.96233,59643.641344,469,502
False,283.0519,52.47836,59643.673536,462,502
False,283.6465,52.12915,59643.7051648,462,502
False,283.9468,52.08957,59643.7532672,454,502
False,284.4382,52.88401,59643.7852288,421,502
False,284.6259,53.29818,59643.8178944,412.5,502
False,284.8953,53.72485,59643.849536,401,502
False,284.817,53.9017,59643.8812672,403.5,502
False,284.9891,54.2707,59643.913344,396.5,502
False,285.0392,54.745,59643.9452544,400,502
False,284.8274,55.03585,59643.97728,404.5,502
False,284.7667,55.07083,59644.0096,416.5,502
False,284.6671,55.01585,59644.0415232,420.5,502
False,284.7701,55.03712,59644.0732032,422,502
False,284.7908,54.37239,59644.10528,431,502
False,285.1067,53.98642,59644.1533056,429.5,502
False,286.3215,54.05949,59644.1853312,423,502
False,286.3207,53.89766,59644.2177792,449.5,502
False,286.6912,53.97036,59644.2496768,455.5,502
False,286.7485,53.64621,59644.2814208,472.5,502
False,287.1021,53.72675,59644.313344,460.5,502
False,287.1592,53.47293,59644.3456512,468,502
False,287.2065,53.26096,59644.377664,456,502
False,287.0184,53.06947,59644.4092288,463,502
False,286.8479,52.94103,59644.4412672,463.5,502
False,287.0583,53.15925,59644.4731904,460.5,502
False,287.2029,53.214,59644.5053696,452.5,502
False,287.4708,53.38305,59644.5540864,442.5,502
False,286.1522,52.59039,59644.5853696,478.5,502
False,287.6705,53.13692,59644.6184832,437,502
False,287.5912,53.24981,59644.6494592,435,502
False,287.0199,52.8,59644.681792,452.5,502
False,286.1289,52.61053,59644.7133312,481,502
False,286.1836,52.53263,59644.7453056,477.5,502
False,286.1878,52.42827,59644.7772928,477.5,502
False,287.3217,52.85377,59644.8096128,444.5,502
False,285.4896,52.42654,59644.841344,481,502
False,287.4459,53.32721,59644.8732672,435.5,502
False,288.0234,53.56282,59644.905344,420.5,502
False,287.6246,53.33333,59644.9533824,428,502
False,287.0134,53.14989,59644.9858048,447,502
False,286.6059,53.06961,59645.0178176,452.5,502
False,285.6414,53.10831,59645.049408,475.5,502
False,284.2576,53.09838,59645.0816256,493,502
False,282.4363,52.93813,59645.1141376,514.5,502
False,280.9217,52.69062,59645.1453952,515,502
False,278.9975,52.59956,59645.1777152,536.5,502
False,277.8169,52.80085,59645.20992,549,502
False,276.5531,53.72464,59645.2414208,552,502
False,275.2203,54.43125,59645.273344,551.5,502
False,273.8008,54.64547,59645.3053824,574,502
False,272.1789,54.49287,59645.3536768,584,502
False,270.7965,54.22527,59645.3860992,566,502
False,268.2373,54.55315,59645.4178048,553.5,502
False,264.924,55.00814,59645.4493824,553,502
False,262.4003,54.88488,59645.481408,567.5,502
False,259.9011,54.45537,59645.5135232,590,502
False,257.0009,54.20101,59645.5455104,594.5,502
False,254.0313,54.37101,59645.5780096,575,502
False,251.1645,54.62882,59645.610048,572.5,502
True,248.5269,55.37233,59645.6417536,577,502
True,246.507,56.13772,59645.6733696,607.5,502
True,244.1715,56.44345,59645.705472,616,502
True,241.823,56.61409,59645.7538688,605.5,502
True,241.4565,56.53406,59645.7860736,599.5,502
True,242.8916,56.08652,59645.8180352,562.5,502
True,244.4037,55.773,59645.8494336,547,502
True,246.4496,55.15504,59645.8815872,516,502
True,248.1507,54.45156,59645.9135488,523,502
True,249.9215,53.67905,59645.9455488,511.5,502
False,251.4413,53.02582,59645.97792,497,502
False,251.182,53.55214,59646.0094208,521,502
False,251.563,54.22041,59646.0414208,522.5,502
False,251.1604,55.33013,59646.0734208,520.5,502
True,250.4548,56.56329,59646.1055744,517.5,502
True,249.5904,57.60957,59646.1541504,522.5,502
True,249.3154,59.04556,59646.1858816,530.5,502
True,249.272,60.77633,59646.2181248,538,502
True,249.0982,63.24121,59646.2496256,550,502
True,249.9714,66.71729,59646.282112,530,502
True,250.2178,70.68066,59646.3136256,512,502
True,250.6906,74.35051,59646.3454464,543.5,502
False,252.0726,78.35548,59646.3775232,564.5,502
False,256.3485,82.70313,59646.4098432,548.5,502
False,263.0228,86.77087,59646.441472,563,502
False,269.6188,91.18067,59646.4735232,529.5,502
False,275.0215,95.85175,59646.505472,543,502
False,281.4095,100.9181,59646.5535232,525,502
False,288.2881,104.4604,59646.5859456,519.5,502
False,295.2012,108.6791,59646.6180864,523.5,502
False,300.955,112.6816,59646.6496128,548,502
False,306.12,117.6182,59646.6815872,536,502
False,312.0638,122.5534,59646.7137024,538.5,502
False,318.8428,126.428,59646.7455232,519.5,502
False,326.1551,129.3911,59646.7794688,539.5,502
False,332.4441,132.5968,59646.8104576,558.5,502
False,338.3529,136.541,59646.84192,545,502
False,343.4225,139.8875,59646.873792,548,502
False,348.5405,142.2775,59646.9058688,561.5,502
False,353.7893,143.4448,59646.9541248,553,502
False,359.5741,143.3218,59646.985856,551,502
False,364.7165,143.2162,59647.0175232,575,502
False,369.7766,144.9647,59647.049984,547.5,502
False,373.6066,146.1902,59647.0821376,585.5,502
False,377.9241,148.5678,59647.11392,630.5,502
False,383.0535,149.1449,59647.1462528,604,502
False,387.994,148.7057,59647.1789184,605.5,502
False,392.8808,148.0125,59647.2102912,562,502
False,396.9021,147.1429,59647.2418688,533,502
False,399.8847,146.3715,59647.2738816,581,502
False,401.8227,146.8581,59647.3058944,588.5,502
False,402.9618,148.3372,59647.3538432,610,502
False,404.3705,148.9489,59647.3860352,600,502
False,406.4946,148.9384,59647.4176896,603.5,502
False,408.718,149.179,59647.4496384,574.5,502
False,410.9711,150.1767,59647.4819328,490.5,502
False,411.579,149.1739,59647.5140352,515.5,502
False,411.6911,147.7313,59647.5468416,559.5,502
False,412.3999,147.6057,59647.5784832,560.5,502
False,413.1653,147.7484,59647.6100224,546.5,502
False,413.0804,148.2216,59647.6419968,543,502
False,413.1912,148.4505,59647.6736256,533.5,502
False,414.0969,148.0234,59647.7055744,542,502
False,415.1364,147.3213,59647.7536768,554.5,502
False,416.018,146.7009,59647.7860864,555.5,502
False,417.3781,146.0265,59647.8176128,559,502
False,418.5003,145.3756,59647.8498176,564,502
False,420.0902,144.7182,59647.8818944,572.5,502
False,421.0126,143.9547,59647.913792,555,502
False,421.7748,144.44,59647.946112,558,502
False,423.4932,144.9991,59647.9782528,584,502
False,424.8925,144.7654,59648.009664,569,502
False,426.0114,143.8202,59648.0417024,540.5,502
False,426.0528,142.5573,59648.0739072,533.5,502
False,425.9405,140.8523,59648.1060096,532.5,502
False,426.3433,139.2095,59648.1536384,550.5,502
False,427.0707,137.5723,59648.1858048,577.5,502
False,427.768,136.2903,59648.2176256,589,502
False,428.7287,135.0078,59648.2499456,596.5,502
False,429.1385,134.1971,59648.2827264,603,502
False,429.5772,133.1857,59648.3142784,596,502
False,429.5683,132.209,59648.3465216,616.5,502
False,429.8466,130.8324,59648.3782784,606.5,502
False,430.4155,128.6678,59648.4103936,588.5,502
False,430.9258,126.4459,59648.4421888,573,502
False,430.6045,123.8001,59648.4742016,566,502
False,429.7325,121.5818,59648.505984,567.5,502
False,429.5009,118.8006,59648.553984,585,502
False,429.5161,115.4269,59648.5865856,614.5,502
False,430.0084,112.437,59648.6177664,615.5,502
False,430.124,109.8752,59648.65024,634.5,502
False,430.5076,106.9688,59648.6818944,636,502
False,430.7142,103.6547,59648.7138048,641.5,502
False,431.1644,99.82766,59648.7457536,631.5,502
False,430.8368,96.30448,59648.7784064,606.5,502
False,430.6469,92.48078,59648.8103296,581,502
False,430.3902,88.6431,59648.8422144,580,502
False,429.6126,85.83657,59648.8738688,591.5,502
False,429.4305,82.41376,59648.9058432,588.5,502
False,429.6053,79.36776,59648.9537536,581,502
False,429.8513,76.26525,59648.9858304,587.5,502
False,430.5454,73.21615,59649.0185344,576,502
False,430.6584,70.37633,59649.0502656,566,502
False,430.5333,68.10463,59649.0818944,540,502
False,429.3488,65.88921,59649.1137792,528,502
False,428.7026,64.35538,59649.1459072,529,502
False,428.4041,62.52097,59649.1786368,520.5,502
False,428.4036,60.90606,59649.2101888,534,502
False,428.5504,59.25467,59649.2418816,544.5,502
False,429.0088,57.79944,59649.2738688,533.5,502
False,429.5864,56.21194,59649.3058944,519,502
False,430.1219,54.45554,59649.353856,515.5,502
False,429.7156,50.56377,59649.3863168,575,502
False,429.5294,52.59458,59649.418304,504,502
False,428.31,52.37337,59649.4498048,499.5,502
False,428.7733,52.5279,59649.4819584,436,502
False,428.4726,51.92012,59649.513984,446.5,502
False,428.3052,51.1206,59649.545984,445,502
False,428.8778,51.11538,59649.5787776,442,502
False,429.0992,51.1142,59649.6103296,432,502
False,429.1024,50.99583,59649.6423808,439.5,502
False,428.9918,50.87145,59649.6739328,446,502
False,429.2254,50.98556,59649.7063168,438.5,502
False,429.4222,51.12146,59649.75392,435,502
False,429.4908,51.15515,59649.7858304,434,502
False,428.7383,50.5,59649.8184192,461,502
False,429.4868,51.09424,59649.8500992,428,502
False,428.8188,50.70992,59649.88256,447,502
False,429.2632,51.00507,59649.913984,427.5,502
False,429.5496,51.06815,59649.9459584,425.5,502
False,429.571,51.1149,59649.9787776,425,502
False,429.4735,51.11956,59650.0105088,421,502
False,429.6141,50.81569,59650.0420096,425,502
False,427.8564,48.28037,59650.0744448,503.5,502
False,429.8197,50.3322,59650.1059328,439,502
False,429.511,49.66631,59650.1544832,472,502
False,429.3292,49.25453,59650.1859456,478,502
False,428.5448,48.67995,59650.2184832,489.5,502
False,428.3098,47.86728,59650.2500736,488.5,502
False,427.8727,47.26674,59650.2825088,485.5,502
False,427.959,46.80594,59650.3144704,471.5,502
False,428.0554,46.42928,59650.3460096,472.5,502
False,427.8356,46.32066,59650.3782016,473.5,502
False,427.8286,46.34003,59650.4104832,472.5,502
False,427.8595,46.32871,59650.4427776,468.5,502
False,427.9271,46.22114,59650.4747904,462,502
False,427.8567,45.88766,59650.5064832,452.5,502
False,425.236,43.63665,59650.553984,522,502
False,426.0134,43.98554,59650.5860096,472.5,502
False,424.5268,42.61485,59650.6180992,482.5,502
False,423.183,41.12203,59650.6501248,483.5,502
False,422.358,39.6618,59650.682688,514,502
False,421.5148,38.36297,59650.7141376,500.5,502
False,420.1635,37.06454,59650.7461248,454.5,502
False,418.4866,36.49799,59650.778176,455.5,502
False,416.4727,36.53608,59650.8100864,436.5,502
False,414.9543,36.45315,59650.8428544,434,502
False,414.069,36.01983,59650.874624,437,502
False,411.9402,35.18779,59650.9060608,426,502
False,409.7008,33.28244,59650.954496,458.5,502
False,407.4218,33.0038,59650.98656,482.5,502
False,404.9938,32.64911,59651.018176,484,502
False,402.1688,32.12298,59651.0501376,505.5,502
False,399.2005,31.91584,59651.082304,503,502
False,396.6154,32.70607,59651.1145088,478,502
False,392.8319,33.50146,59651.1464704,456,502
False,389.9637,34.2254,59651.1780992,472.5,502
False,387.536,34.46438,59651.2101504,451.5,502
False,384.4157,34.64399,59651.2420736,441,502
False,381.4138,34.0639,59651.274112,433,502
False,378.774,33.86308,59651.3066752,445.5,502
False,377.0256,34.12706,59651.3546368,435.5,502
False,374.4757,34.52675,59651.3862528,405,502
False,371.6212,35.78609,59651.4181888,381,502
False,369.8227,36.67728,59651.450368,377,502
False,368.6849,36.93282,59651.4830976,392,502
False,367.511,37.05482,59651.5145728,377,502
False,366.1996,36.86401,59651.546112,364,502
False,364.8429,36.59814,59651.5782528,357.5,502
False,363.8489,36.54332,59651.6102016,354,502
False,363.0804,36.44305,59651.6425216,358.5,502
False,362.6744,36.42948,59651.6745088,367.5,502
False,362.4546,36.1377,59651.7065472,374,502
False,362.4991,36.03495,59651.7542528,372,502
False,362.6729,36.00895,59651.7862144,372.5,502
False,362.6306,35.94081,59651.8182912,374.5,502
False,362.4352,35.93915,59651.8503424,378,502
False,362.4077,36.01337,59651.8828416,374,502
False,362.3369,36.10346,59651.91456,370.5,502
False,362.5236,36.07571,59651.9462528,361,502
False,362.6237,36.14101,59651.97824,360.5,502
False,362.464,36.08009,59652.0110976,372.5,502
False,362.3585,36.07872,59652.042624,370.5,502
False,362.3107,36.16888,59652.074176,376,502
False,362.2194,36.26836,59652.1062656,374.5,502
False,362.2708,36.13718,59652.1542656,373,502
False,362.2709,36.14349,59652.1863296,374,502
False,362.3987,36.17518,59652.2187904,372,502
False,362.3683,36.11702,59652.2507008,376,502
False,362.4037,36.26342,59652.282304,369.5,502
False,362.332,36.28859,59652.3142016,372.5,502
False,362.3311,36.29015,59652.3462016,370.5,502
False,362.372,36.25247,59652.3782144,371,502
False,362.3713,36.25384,59652.4106624,369,502
False,361.2276,35.71235,59652.4428928,405,502
False,362.4416,36.29257,59652.474816,368,502
False,362.3338,36.20822,59652.5062528,373,502
False,362.277,36.27963,59652.5543424,375.5,502
False,362.3897,36.32747,59652.587072,369.5,502
False,362.4449,36.23679,59652.618688,366,502
False,362.4115,36.22809,59652.65056,369,502
False,362.3445,36.23418,59652.682304,371.5,502
False,362.4153,36.23279,59652.7142144,368,502
False,362.3428,36.16328,59652.7461888,369.5,502
False,362.3648,36.24708,59652.778752,371,502
False,362.2907,36.21265,59652.810432,371.5,502
False,362.3524,36.13578,59652.8424192,367,502
False,362.2803,36.16667,59652.874432,371,502
False,361.6839,35.91635,59652.9065216,396.5,502
False,360.4595,35.84034,59652.9548928,428,502
False,359.0403,36.00814,59652.9864704,450.5,502
False,357.1087,35.89268,59653.0186496,483,502
False,355.8236,36.09599,59653.0502784,503.5,502
False,354.7844,35.88393,59653.0822528,504,502
False,353.5939,36.09309,59653.1142784,499.5,502
False,352.8661,36.43731,59653.146688,490.5,502
False,352.1469,36.67509,59653.1784576,494.5,502
False,351.9232,36.48959,59653.2103168,488.5,502
False,350.6535,36.57133,59653.2423168,493,502
False,349.0789,36.34275,59653.2744448,513,502
False,348.1732,36.21014,59653.307008,519.5,502
False,347.5007,36.02267,59653.3550592,500,502
False,347.0096,35.68355,59653.3863296,503.5,502
False,346.8357,35.537,59653.4184448,491,502
False,346.0949,35.15062,59653.4510208,488,502
False,344.8492,35.07642,59653.482368,488.5,502
False,342.9266,34.68409,59653.5145344,488,502
False,340.7979,34.43911,59653.5468544,479,502
False,338.9716,34.47524,59653.57856,474.5,502
False,337.4642,35.05347,59653.6107264,467.5,502
False,336.0648,35.47179,59653.6424192,455,502
False,333.975,35.93003,59653.6743808,433.5,502
False,332.6511,35.632,59653.7064448,437.5,502
False,331.3745,35.55697,59653.7543296,433,502
False,329.9359,35.97427,59653.786944,421,502
False,328.1092,36.38272,59653.8188928,432,502
False,326.4594,36.59962,59653.8505472,437.5,502
False,324.5291,36.88566,59653.882368,430,502
False,322.7538,37.75624,59653.9145728,407.5,502
False,321.4035,38.868,59653.9464448,401.5,502
False,320.686,39.57912,59653.9789568,405.5,502
False,319.8297,39.82196,59654.0109824,388.5,502
False,319.6436,39.35379,59654.04256,391,502
False,319.4292,38.77908,59654.0751744,382.5,502
False,319.1376,38.52681,59654.1067904,373,502
False,318.6529,38.53706,59654.1545216,375.5,502
False,318.6609,38.62494,59654.1865472,375.5,502
False,318.5505,38.707,59654.2185472,376,502
False,318.3992,38.87666,59654.2506368,377,502
False,318.5898,38.73652,59654.2836352,377,502
False,318.6135,38.88652,59654.3148672,376,502
False,318.7154,38.85949,59654.3464064,376,502
False,318.6783,38.85817,59654.3785088,372.5,502
False,318.5555,38.72755,59654.410496,375,502
False,318.5791,39.03486,59654.4425728,382.5,502
False,318.6303,38.88638,59654.4749568,375.5,502
False,318.6013,38.87594,59654.5072384,377.5,502
False,318.652,38.97508,59654.554624,374.5,502
False,318.6225,39.00177,59654.5871232,377.5,502
False,318.6488,38.85459,59654.6185984,372.5,502
False,318.571,38.99561,59654.651072,380,502
False,318.512,39.05009,59654.682944,376,502
False,318.5983,38.9636,59654.7145856,375.5,502
False,318.6534,38.89392,59654.7464832,375.5,502
False,318.5533,38.87186,59654.7789312,372,502
False,318.6407,38.87667,59654.8104704,373,502
False,318.6124,39.00177,59654.8426112,377.5,502
False,318.3044,38.992,59654.8746752,375,502
False,317.6543,39.41763,59654.9067136,391.5,502
False,316.6142,39.87231,59654.9552512,419,502
False,315.6241,40.4226,59654.9873024,442.5,502
False,315.3643,40.70234,59655.0190976,462.5,502
False,314.9108,40.90586,59655.0507392,474.5,502
False,314.5876,41.2173,59655.0826624,474,502
False,314.5025,41.45113,59655.1147392,474,502
False,314.3513,41.51051,59655.1472128,483.5,502
False,313.4755,41.65396,59655.178624,485.5,502
False,312.0211,41.95004,59655.2108544,497,502
False,310.1817,42.4846,59655.2429056,492.5,502
False,308.7896,43.00314,59655.274624,477,502
False,307.5919,43.99652,59655.306752,479,502
False,307.053,44.53305,59655.3546368,471.5,502
False,306.8232,45.06804,59655.3874176,487.5,502
False,306.9523,45.01001,59655.4187264,499.5,502
False,307.1901,44.96049,59655.4509312,493.5,502
False,307.7245,44.37041,59655.4830208,481,502
False,307.8813,44.06492,59655.514624,477.5,502
False,307.8864,44.00172,59655.5465984,484,502
False,307.7383,44.28352,59655.578752,488.5,502
False,307.7578,44.35397,59655.611264,484.5,502
False,307.5594,44.26077,59655.6432,480,502
False,307.2575,44.38595,59655.6747904,481.5,502
False,307.3543,44.08884,59655.706752,476.5,502
False,307.4771,43.95672,59655.75456,477.5,502
False,307.5812,44.02951,59655.7867648,480,502
False,307.5059,44.04712,59655.819136,481,502
False,307.3344,44.01855,59655.8506624,494,502
False,306.9854,44.18161,59655.8826752,502,502
False,307.204,44.0981,59655.9145984,491,502
False,307.2812,44.11619,59655.946624,492,502
False,306.969,44.26727,59655.9792256,499.5,502
False,307.0987,44.14099,59656.0110336,496.5,502
False,307.1277,44.07193,59656.0428928,493.5,502
False,307.0224,44.15682,59656.0748416,499.5,502
False,307.2283,44.00203,59656.1069696,493.5,502
False,307.5241,43.73557,59656.1547776,491,502
False,307.0925,43.98636,59656.1872,501,502
False,307.0994,43.90357,59656.219072,499.5,502
False,307.2735,43.86883,59656.2506752,493,502
False,307.0896,43.96936,59656.2828032,495,502
False,306.9163,43.93206,59656.315072,498,502
False,307.1477,43.74034,59656.3470464,504.5,502
False,307.8695,43.60381,59656.3787136,490.5,502
False,307.8516,43.73834,59656.4109568,493,502
False,307.5969,43.79947,59656.44352,499.5,502
False,307.3502,43.78903,59656.4748288,513.5,502
False,307.2873,43.83767,59656.5073536,500,502
False,307.2198,43.93458,59656.5552768,509.5,502
False,307.5139,43.8603,59656.586816,497.5,502
False,307.4584,43.7897,59656.6187392,498.5,502
False,307.8159,43.52738,59656.650752,487,502
False,307.8508,43.54968,59656.6828416,491.5,502
False,307.7316,43.56863,59656.715072,493,502
False,307.7447,43.53951,59656.7467264,491.5,502
False,307.5306,43.61324,59656.7788544,496,502
False,307.4887,43.70543,59656.8109184,503,502
False,307.5308,43.51206,59656.842816,490.5,502
False,307.4294,43.19076,59656.8753408,505,502
False,307.7997,42.92611,59656.9069952,498.5,502
False,307.725,43.0493,59656.955328,497,502
False,307.5745,43.18096,59656.9868288,495.5,502
False,307.596,43.28764,59657.0189056,507,502
False,307.932,43.04376,59657.0516352,487.5,502
False,308,43.23909,59657.0832256,504,502
False,307.997,43.28562,59657.1147648,499.5,502
False,307.8332,43.40905,59657.1467648,508.5,502
False,308.0819,43.42088,59657.1790336,504.5,502
False,308.1523,43.38034,59657.210944,503.5,502
False,308.6259,43.17901,59657.243328,486,502
False,308.6583,43.03498,59657.2750464,495.5,502
False,308.6656,43.09557,59657.3070848,497,502
False,308.4873,43.29192,59657.3548928,499,502
False,308.0743,43.50733,59657.38688,511.5,502
False,308.3617,43.48185,59657.4192256,505,502
False,308.0562,43.624,59657.4514048,519.5,502
False,307.8164,43.80779,59657.4835328,522,502
False,307.8794,43.86261,59657.5151872,526.5,502
False,308.2783,43.84434,59657.546816,515,502
False,308.326,44.09894,59657.5789824,520.5,502
False,308.7656,44.15462,59657.610944,512,502
False,308.8031,44.17246,59657.6434688,518,502
False,308.4833,44.1241,59657.6748672,509,502
False,308.4154,44.38645,59657.7073536,524,502
False,308.6573,44.26052,59657.7548672,515,502
False,308.6912,44.20285,59657.7868928,502,502
False,308.769,44.23754,59657.8191744,511.5,502
False,308.6734,44.37705,59657.8512384,518.5,502
False,308.6071,44.29011,59657.8828672,509,502
False,308.4149,44.2906,59657.9149312,507,502
False,308.4555,44.07773,59657.9483008,506,502
False,308.5099,44.20253,59657.9791488,513.5,502
False,308.9007,44.25457,59658.0114176,510,502
False,308.6873,44.20788,59658.0429312,507.5,502
False,308.6751,44.02901,59658.0749056,494,502
False,308.5753,44.067,59658.107072,505,502
False,308.6853,44.19356,59658.155264,502,502
False,309.0843,44.24227,59658.1868672,490.5,502
False,309.3782,44.03265,59658.2189312,490,502
False,309.1911,44.06246,59658.2509056,491,502
False,309.0044,44.1464,59658.2829568,497.5,502
False,309.0561,44.04928,59658.3154304,487,502
False,308.6488,44.21716,59658.3475712,493.5,502
False,308.5881,44.2625,59658.3800576,496.5,502
False,308.1025,44.43383,59658.4114688,497.5,502
False,307.6893,44.29753,59658.4432384,493.5,502
False,307.4995,44.39873,59658.4749056,499.5,502
False,307.4084,44.48816,59658.5229824,499.5,502
False,306.74,44.68159,59658.554944,502.5,502
False,305.9379,45.24293,59658.5872512,507,502
False,305.0527,45.52719,59658.6192128,499.5,502
False,304.1319,45.63866,59658.651008,494,502
False,303.0788,45.7639,59658.6829696,488.5,502
False,302.0823,45.99097,59658.7150464,480,502
False,301.0045,46.88495,59658.7470976,479.5,502
False,300.5503,47.56918,59658.7796224,477,502
False,300.0328,48.07978,59658.8109696,493,502
False,299.3951,48.39136,59658.8435328,494,502
False,298.8178,48.49281,59658.8751488,498.5,502
False,298.205,48.83299,59658.923008,491,502
False,297.3797,49.42313,59658.9554304,503,502
False,296.5669,49.97942,59658.9869952,486,502
False,295.9438,49.83438,59659.019328,475,502
False,295.6089,49.40921,59659.0510848,441.5,502
False,294.8042,49.1644,59659.0830976,441,502
False,293.5818,49.29346,59659.1157888,451.5,502
False,292.8307,49.38736,59659.1475456,435,502
False,292.3995,49.5646,59659.1791104,436,502
False,293.058,49.31332,59659.2111104,408,502
False,292.8331,49.18487,59659.2432512,407.5,502
False,292.0205,49.33017,59659.275072,422,502
False,292.0625,49.05923,59659.3236224,408,502
False,291.692,49.80989,59659.3550848,394.5,502
False,292.3616,50.57244,59659.387264,401.5,502
False,292.7901,50.65493,59659.4194816,383.5,502
False,292.4019,50.74577,59659.451136,394,502
False,292.1311,50.81198,59659.4831744,398,502
False,292.3997,50.65842,59659.5151616,404.5,502
False,292.6567,50.48638,59659.5475712,385.5,502
False,292.6369,50.46873,59659.5798784,386.5,502
False,292.3746,50.7355,59659.6118016,399.5,502
False,292.4506,50.49294,59659.6431104,389.5,502
False,292.166,50.61535,59659.6752512,386.5,502
False,291.9606,50.99104,59659.7232512,372,502
False,291.9631,50.99144,59659.7551744,370,502
False,292.1911,51.02845,59659.7875328,351.5,502
False,291.8645,51.30508,59659.8194944,348,502
False,291.227,51.59692,59659.8512,346.5,502
False,290.9772,51.40768,59659.8830848,343,502
False,291.244,51.55659,59659.9158016,321,502
False,291.3616,52.78704,59659.9474688,324,502
False,291.8379,53.02755,59659.9800576,308.5,502
False,292.5,52.77083,59660.011584,296,502
False,292.6516,52.59439,59660.0436608,309,502
False,291.9772,52.8265,59660.0753024,329.5,502
False,291.4298,53.01146,59660.1231872,349,502
False,290.3754,52.5735,59660.1552,368.5,502
False,289.3929,51.96211,59660.1871488,391.5,502
False,287.8999,51.91191,59660.2201728,429.5,502
False,286.9245,52.06054,59660.25152,446,502
False,285.8206,52.11506,59660.2831232,450.5,502
False,284.6633,52.15091,59660.3151744,449.5,502
False,283.5297,52.2774,59660.3472256,438,502
False,282.6967,52.2475,59660.3794304,433,502
False,281.8068,51.88242,59660.411648,429.5,502
False,281.3843,52.02317,59660.443776,431.5,502
False,281.4691,52.16507,59660.4752,416,502
False,281.5269,52.35817,59660.5232384,416,502
False,281.9253,52.36378,59660.5551744,410.5,502
False,282.2112,52.27536,59660.5875328,402.5,502
False,282.5129,52.21041,59660.6195456,400,502
False,282.419,52.11083,59660.6512384,391,502
False,281.7756,51.48148,59660.683328,382.5,502
False,280.5974,51.16603,59660.7152896,392.5,502
False,279.9848,53.03125,59660.7472256,384,502
False,280.4313,53.55009,59660.7799936,376,502
False,280.2654,53.7645,59660.8118144,385,502
False,280.5759,53.81366,59660.84352,385.5,502
False,280.9161,53.71454,59660.8755968,379.5,502
False,280.9806,53.45512,59660.9232512,369.5,502
False,280.9409,53.44788,59660.9551744,372.5,502
False,280.5882,53.62658,59660.9872256,382.5,502
False,280.528,53.64586,59661.0192128,384.5,502
False,280.1179,53.70048,59661.051776,384.5,502
False,279.8955,53.94387,59661.0838784,386,502
False,279.5841,54.44807,59661.1154688,383.5,502
False,279.1658,54.1045,59661.147328,370,502
False,279.3936,53.60218,59661.1793024,351.5,502
False,279.5941,53.33237,59661.2118528,344.5,502
False,279.5869,53.43709,59661.2441984,355,502
False,279.5563,53.38447,59661.2753408,352,502
False,279.4761,53.5141,59661.3232512,372.5,502
False,275.9156,53.34392,59661.3557248,456.5,502
False,279.2273,53.38163,59661.3876864,386.5,502
False,278.7103,53.30801,59661.4194176,401.5,502
False,278.1846,53.07013,59661.4514688,413.5,502
False,277.6507,53.05242,59661.483456,416.5,502
False,277.0554,53.11987,59661.5155072,418.5,502
False,275.99,53.08035,59661.5478016,433.5,502
False,275.1665,52.80963,59661.5795712,439.5,502
False,274.5685,52.89738,59661.611456,451.5,502
False,273.5479,52.89111,59661.6434304,474.5,502
False,272.3361,52.52718,59661.6754176,487.5,502
False,271.0974,51.91393,59661.7236864,517,502
False,269.5545,51.80629,59661.7556352,551.5,502
False,268.0343,51.35381,59661.787328,578,502
False,266.2706,51.1854,59661.8194816,600.5,502
False,264.8449,50.93736,59661.8514816,588,502
False,262.9149,50.87405,59661.8834816,591.5,502
False,261.3814,51.155,59661.9161728,600,502
False,259.9781,51.40701,59661.9479296,608.5,502
False,258.9675,51.53432,59661.979456,609.5,502
False,258.4247,51.52967,59662.011328,609.5,502
False,257.2751,51.89948,59662.0435712,603.5,502
False,255.9827,52.46832,59662.0754048,605,502
False,254.2493,52.99358,59662.1242752,597,502
False,252.8412,53.21912,59662.1558528,591,502
False,251.2997,53.55103,59662.1874816,589.5,502
True,249.9086,53.88832,59662.2194176,585,502
True,248.8263,54.19491,59662.2515328,596,502
True,248.2687,54.35646,59662.2836608,598,502
True,247.326,54.14752,59662.3155712,618,502
True,247.9223,54.09504,59662.3479168,594.5,502
True,249.8633,53.72178,59662.3795968,559.5,502
False,251.8209,53.58624,59662.4114176,530.5,502
False,253.2154,53.71378,59662.44352,513,502
False,253.396,53.93519,59662.475456,537.5,502
False,253.2654,53.50956,59662.5243008,549.5,502
False,252.9796,53.10843,59662.5559424,538,502
False,252.9137,53.66762,59662.5875712,525,502
False,253.1865,54.41706,59662.6195072,533.5,502
False,253.3546,55.19614,59662.6515456,517.5,502
False,253.7054,56.12976,59662.683776,512.5,502
False,254.2903,57.29454,59662.7162368,507,502
False,254.3779,59.2508,59662.7478272,523,502
False,254.2399,61.74098,59662.7797632,549.5,502
False,254.1549,65.00699,59662.8117248,572.5,502
False,254.2585,68.1844,59662.8435072,592,502
False,254.5163,71.09889,59662.8758528,586.5,502
False,255.1178,74.9435,59662.9239424,587,502
False,255.8064,78.83701,59662.9559168,566.5,502
False,256.1202,82.49397,59662.9874688,581,502
False,256.6067,85.68835,59663.0196096,584,502
False,257.3964,88.27342,59663.0516352,587,502
False,258.2377,90.74599,59663.083648,571.5,502
False,259.5285,92.57368,59663.1160576,561,502
False,260.9587,94.50088,59663.1476608,569,502
False,261.2266,97.65963,59663.1798784,592,502
False,260.989,100.9153,59663.2115712,576.5,502
False,260.4086,103.383,59663.2436224,567,502
False,258.9493,105.8308,59663.2763008,565.5,502
False,257.3932,107.2943,59663.3238016,559,502
False,255.9511,108.8462,59663.3561088,569,502
False,254.6253,110.4117,59663.3876224,576.5,502
False,253.7992,111.5471,59663.419776,578.5,502
False,253.2633,112.7291,59663.4523392,571.5,502
False,252.2871,114.3467,59663.483712,573.5,502
False,251.3113,115.5069,59663.51616,576,502
True,249.7825,116.7393,59663.5475712,574,502
True,248.0296,118.0942,59663.5798528,575,502
True,246.657,119.3664,59663.612224,584,502
True,246.1229,120.1786,59663.6436736,586,502
True,245.953,120.5598,59663.6760448,585,502
True,246.5238,120.0424,59663.7236224,566,502
True,247.5193,119.3077,59663.755584,552,502
True,249.3863,117.8166,59663.7879936,507,502
False,251.4397,116.3533,59663.8200192,484,502
False,253.721,114.2232,59663.8518016,460,502
False,255.1351,112.7111,59663.883776,461.5,502
False,256.2436,111.1546,59663.9157888,449.5,502
False,257.042,110.8324,59663.9476096,432.5,502
False,257.4893,112.2475,59663.980224,470,502
False,258.2654,111.8642,59664.0121216,478.5,502
False,258.3069,109.6456,59664.043648,435,502
False,258.3114,109.5239,59664.0756736,425,502
False,258.2379,110.28,59664.1237632,431.5,502
False,258.342,111.3206,59664.155712,443.5,502
False,259.0418,112.8943,59664.1883648,462,502
False,260.3889,114.6846,59664.2203904,482.5,502
False,262.5613,116.3162,59664.2518144,506,502
False,265.5121,117.5516,59664.2840192,494,502
False,269.5799,117.0715,59664.3160192,349.5,502
False,274.6263,118.9846,59664.3476352,346.5,502
False,278.8551,123.6163,59664.379904,520,502
False,283.1647,126.3831,59664.4118784,542.5,502
False,287.0159,128.8095,59664.4441984,534.5,502
False,291.5579,131.2796,59664.4763008,539.5,502
False,295.5103,132.6802,59664.5241856,568,502
False,297.8835,133.2449,59664.5558272,575,502
False,299.4468,133.549,59664.58784,562.5,502
False,299.7721,133.8405,59664.6197888,561,502
False,299.9737,134.342,59664.6526976,558.5,502
False,300.6617,134.8161,59664.6841728,570,502
False,301.0021,135.1244,59664.7156992,548,502
False,301.4139,135.4181,59664.7480576,556.5,502
False,301.4301,135.2281,59664.779968,556,502
False,301.36,135.137,59664.811776,562,502
False,301.2651,135.098,59664.8443392,542.5,502
False,301.5414,135.5705,59664.8758528,549.5,502
False,302.6346,136.1575,59664.924288,556.5,502
False,303.9736,136.9706,59664.955904,549.5,502
False,305.8883,137.2802,59664.9877632,552,502
False,308.701,137.6582,59665.02016,548,502
False,311.502,138.2117,59665.0523776,573,502
False,314.0034,138.5192,59665.089664,577.5,502
False,316.3438,139.4395,59665.1161088,590,502
False,317.9081,140.6567,59665.1477504,602,502
False,320.02,141.4095,59665.1800064,575.5,502
False,320.4147,141.6933,59665.2118528,569.5,502
False,320.3191,142.1127,59665.243776,562,502
False,320.0724,142.1953,59665.2765952,559,502
False,319.9467,142.2033,59665.3243392,560,502
False,320.3206,142.2659,59665.3558656,561,502
False,320.5909,142.4228,59665.3878144,560.5,502
False,321.6693,142.8053,59665.4197888,579.5,502
False,323.107,143.1887,59665.4518016,562.5,502
False,324.1888,143.5621,59665.4842624,572,502
False,325.3591,143.924,59665.5164416,557,502
False,326.2979,143.475,59665.5482496,549.5,502
False,327.2897,143.3704,59665.5800064,562,502
False,328.3659,143.49,59665.6118912,572.5,502
False,329.0804,143.6713,59665.6438528,574,502
False,329.7629,143.9046,59665.6767104,578.5,502
False,329.9837,144.0892,59665.7243264,572,502
False,330.6897,144.1188,59665.7561472,586.5,502
False,330.6839,144.1498,59665.787904,588.5,502
False,330.817,144.0931,59665.8198656,585.5,502
False,331.6207,143.9794,59665.8519296,583.5,502
False,333.0014,144.2252,59665.8842112,587,502
False,334.8819,144.4769,59665.9158784,577,502
False,336.8501,144.8047,59665.9478656,562.5,502
False,339.1877,145.7415,59665.980096,581.5,502
False,341.0508,146.2127,59666.0118144,573.5,502
False,343.7128,146.4462,59666.0445056,549.5,502
False,346.1702,145.886,59666.0766208,542.5,502
False,348.8437,145.1957,59666.1243008,546,502
False,352.4987,144.779,59666.1558912,559.5,502
False,356.1103,145.2623,59666.187904,568,502
False,359.8204,145.7119,59666.2205312,556,502
False,363.5965,146.3549,59666.252288,555.5,502
False,368.3172,147.0593,59666.2839552,556.5,502
False,372.775,146.662,59666.3160064,572.5,502
False,377.1783,145.9276,59666.3478912,550.5,502
False,381.4205,144.7826,59666.380032,556.5,502
False,385.1781,143.8047,59666.4123776,562.5,502
False,389.1927,143.4825,59666.4440704,532,502
False,391.7682,142.778,59666.4760704,461,502
False,396.9104,144.9299,59666.5239168,537.5,502
False,400.1631,145.7186,59666.5559296,559,502
False,403.0889,146.0378,59666.5883136,547.5,502
False,405.5898,145.2075,59666.6208384,524.5,502
False,407.7969,143.7909,59666.6523136,524.5,502
False,409.637,143.3457,59666.6840064,539.5,502
False,410.403,143.326,59666.716096,502,502
False,410.3958,144.0545,59666.7479808,498.5,502
False,410.5559,144.6434,59666.7799936,508.5,502
False,410.5305,145.0619,59666.8124672,509,502
False,410.5756,145.2254,59666.8446208,514,502
False,410.5727,145.1617,59666.8759936,502,502
False,410.6985,145.1307,59666.9239808,507.5,502
False,410.684,145.1228,59666.955968,509,502
False,410.9299,145.0914,59666.988416,516,502
False,411.0016,145.2311,59667.0203008,528,502
False,411.3414,145.4001,59667.0520704,536.5,502
False,411.8569,145.3663,59667.0841216,541.5,502
False,412.2648,145.2052,59667.1161216,547.5,502
False,412.6218,145.0802,59667.1480448,557,502
False,412.9928,144.923,59667.1807488,554.5,502
False,413.124,144.9292,59667.2121472,558,502
False,413.2925,144.9106,59667.244608,559,502
False,413.7606,144.6943,59667.2761216,560.5,502
False,414.5687,144.6276,59667.3239936,571.5,502
False,415.0626,144.3849,59667.3560192,572.5,502
False,415.5032,144.247,59667.3890304,575,502
False,415.5095,144.0844,59667.4205184,577,502
False,415.3619,144.019,59667.4521344,571.5,502
False,415.1724,144.2615,59667.4841728,563.5,502
False,415.0344,144.2867,59667.5161472,571.5,502
False,415.1177,144.313,59667.5480448,566.5,502
False,415.0347,144.3219,59667.5806848,566.5,502
False,415.0232,144.3005,59667.6121856,568.5,502
False,414.9703,144.3166,59667.6441984,566.5,502
False,414.9168,144.3469,59667.6762624,565,502
False,414.883,144.3646,59667.7241216,565.5,502
False,414.7733,144.3927,59667.7567232,567.5,502
False,414.9537,144.3757,59667.7884032,562,502
False,414.8484,144.3607,59667.8200064,559.5,502
False,414.9924,144.3098,59667.8520832,567.5,502
False,415.032,144.2721,59667.8841088,563.5,502
False,415.5479,143.7884,59667.9161728,561.5,502
False,416.8335,142.8396,59667.9485056,570.5,502
False,417.8991,141.9026,59667.9801984,565,502
False,418.8715,141.3725,59668.0122368,570.5,502
False,420.3319,140.721,59668.0443776,601,502
False,421.8894,140.3105,59668.0761856,575.5,502
False,422.5738,139.6919,59668.1245056,574,502
False,422.1809,139.351,59668.1565952,557.5,502
False,421.9527,138.9206,59668.1881344,556.5,502
False,422.2258,138.43,59668.2201728,564,502
False,422.6924,137.8208,59668.2532224,557,502
False,423.4116,136.8971,59668.2852608,575,502
False,424.2104,135.8842,59668.3166336,588.5,502
False,424.8657,134.2745,59668.348224,569.5,502
False,425.3551,133.1991,59668.3804416,560,502
False,426.179,131.7325,59668.412224,572.5,502
False,427.3846,130.6223,59668.444352,556.5,502
False,428.3205,129.6664,59668.4767232,547,502
False,428.1586,129.0102,59668.5245312,540,502
False,427.3232,128.9455,59668.5561856,526,502
False,427.2367,128.8019,59668.5882752,519,502
False,427.5737,128.1956,59668.6202624,518,502
False,429.5897,125.6143,59668.652736,554,502
False,429.3305,123.5838,59668.6842752,525,502
False,426.1203,125.2179,59668.7163008,440.5,502
False,428.9311,123.1869,59668.7483008,520,502
False,426.8533,125.4766,59668.7804032,434,502
False,430.7186,123.4425,59668.8128768,504,502
False,427.6974,125.9654,59668.8447872,385,502
False,428.0141,125.529,59668.8767616,391,502
False,427.8971,124.5964,59668.924544,384,502
False,428.2814,123.8264,59668.9562624,385,502
False,428.6882,123.2406,59668.9883392,386.5,502
False,428.3972,122.8526,59669.0202624,381,502
False,428.6877,122.5798,59669.052736,380,502
False,429.0916,122.1846,59669.084416,391,502
False,430.0327,122.5406,59669.1163392,367.5,502
False,430.6613,121.9935,59669.1483648,407.5,502
False,431.0961,121.8051,59669.1804672,428.5,502
False,431.9558,121.5484,59669.2126464,452.5,502
False,432.8847,121.0073,59669.2448128,455.5,502
False,433.7426,120.5301,59669.2764416,465,502
False,433.8551,120.546,59669.3242752,447.5,502
False,433.2084,120.859,59669.3572864,457.5,502
False,432.9474,120.9025,59669.388416,449.5,502
False,433.0004,121.2196,59669.4207232,428,502
False,433.2273,121.4616,59669.4524416,404,502
False,432.7507,121.5536,59669.484416,390.5,502
False,432.5245,121.3369,59669.5163648,415,502
False,432.5268,121.4687,59669.5490176,407.5,502
False,432.7628,121.6442,59669.580736,393.5,502
False,432.6627,121.9834,59669.6124032,381.5,502
False,432.5601,122.1803,59669.6444672,380,502
False,432.5276,121.9924,59669.6763136,393,502
False,432.5708,122.1998,59669.7246336,394.5,502
False,432.5022,121.972,59669.7570432,410.5,502
False,432.675,122.0842,59669.7888384,402,502
False,432.5602,122.7267,59669.820416,366.5,502
False,432.8848,122.4232,59669.8528512,382,502
False,432.7869,122.591,59669.8845312,370,502
False,431.6823,122.7114,59669.9164672,361.5,502
False,434.0333,121.1922,59669.9484544,451,502
False,432.8538,121.547,59669.980864,440,502
False,432.0684,121.6985,59670.0124288,456,502
False,431.0648,122.2576,59670.044544,473,502
False,429.3266,123.8358,59670.0763648,445.5,502
False,428.5181,123.7679,59670.124288,451,502
False,428.2485,123.4803,59670.1568384,461.5,502
False,428.1347,122.8755,59670.1888384,474,502
False,428.1132,121.9888,59670.2204928,508,502
False,427.8893,120.9464,59670.2524544,525.5,502
False,427.9864,119.298,59670.2855424,537,502
False,428.2073,116.6525,59670.316544,564.5,502
False,428.9196,114.4369,59670.3488128,603.5,502
False,429.3658,112.251,59670.3804928,635.5,502
False,429.6926,110.7908,59670.4124544,624.5,502
False,430.2003,109.8329,59670.4444288,632.5,502
False,430.736,108.569,59670.4767744,630,502
False,430.9673,106.9155,59670.5244672,652.5,502
False,431.2981,105.1883,59670.5565312,628.5,502
False,431.2984,104.2722,59670.58848,611,502
False,431.0295,103.0511,59670.6205184,586.5,502
False,430.5934,102.5783,59670.6532864,586.5,502
False,430.5399,102.4836,59670.6852608,582.5,502
False,430.6585,102.1445,59670.7169024,593,502
False,430.7518,101.2098,59670.7484288,603,502
False,430.8462,99.32986,59670.7805312,624,502
False,430.938,97.33672,59670.8124416,639.5,502
False,430.9368,94.69285,59670.8452992,662,502
False,431.0699,92.1853,59670.8771072,653,502
False,430.8417,89.2136,59670.9245824,644.5,502
False,431.4171,86.89324,59670.9565952,651,502
False,431.416,84.30853,59670.9886208,645,502
False,430.7885,81.62507,59671.0206336,617,502
False,430.3708,79.18825,59671.052992,610,502
False,429.3009,77.0179,59671.0849408,596,502
False,429.2527,76.09842,59671.116608,591,502
False,429.6961,75.34789,59671.148608,572.5,502
False,430.1946,75.57692,59671.1807232,585,502
False,430.6227,75.60068,59671.212608,591,502
False,430.3124,75.94159,59671.2453888,573.5,502
False,430.5526,75.98002,59671.2768128,575.5,502
False,430.5752,76.08376,59671.3248128,583,502
False,430.7128,76.05301,59671.356544,578.5,502
False,430.7323,75.91165,59671.3885952,573.5,502
False,430.7588,76.01324,59671.420608,579,502
False,430.7532,76.00316,59671.4526592,580,502
False,430.7092,75.89439,59671.4851328,576,502
False,430.8141,75.92627,59671.5171328,590,502
False,430.7959,76.01986,59671.549056,579,502
False,430.6111,75.66273,59671.5805952,594,502
False,430.7407,75.79874,59671.612608,583,502
False,430.8109,76.15245,59671.6445696,568.5,502
False,430.9046,76.23217,59671.6765696,575,502
False,430.996,75.99424,59671.7250176,579,502
False,430.821,75.88557,59671.7570304,585.5,502
False,430.839,75.79188,59671.7886976,587,502
False,430.884,75.88889,59671.8206464,579,502
False,430.6621,75.64326,59671.852672,591,502
False,430.6983,75.39003,59671.8847104,585,502
False,430.7429,74.79536,59671.9171456,597,502
False,430.9423,74.58862,59671.948992,606.5,502
False,430.9881,74.19025,59671.9806848,618.5,502
False,431.2141,73.8608,59672.0125952,625,502
False,431.0309,73.72161,59672.0446592,637,502
False,431.1233,73.56926,59672.0765952,636.5,502
False,431.0253,73.58274,59672.124992,633.5,502
False,431.0811,73.56891,59672.1571456,632.5,502
False,431.0909,73.76157,59672.1887232,627,502
False,431.086,73.61221,59672.2207232,633.5,502
False,431.0236,73.62389,59672.2534144,635,502
False,430.7091,73.23689,59672.2847872,632.5,502
False,430.61,72.11025,59672.31712,647,502
False,430.5009,70.15827,59672.3490176,645.5,502
False,430.5559,68.40218,59672.3808768,644,502
False,430.3927,66.0745,59672.4126848,651,502
False,430.7871,63.66318,59672.4446592,668.5,502
False,431.0705,61.05809,59672.4767104,657,502
False,431.5192,58.98243,59672.525184,626,502
False,431.4956,57.20887,59672.5567744,586.5,502
False,430.6783,56.0009,59672.5887744,558.5,502
False,429.6512,55.48827,59672.6208128,540,502
False,429.1992,55.28585,59672.6528128,537,502
False,429.5356,55.15488,59672.6852096,530.5,502
False,430.1109,55.57955,59672.7170816,539.5,502
False,430.4278,55.69521,59672.7486976,566.5,502
False,430.8912,56.05452,59672.7807488,565.5,502
False,430.8853,55.58715,59672.8127232,578.5,502
False,430.5934,55.34632,59672.8448,577.5,502
False,430.5945,55.05223,59672.8774144,584,502
False,430.7325,54.83489,59672.9252224,587.5,502
False,430.6423,54.47631,59672.9567744,587.5,502
False,430.2995,54.14802,59672.9888384,581,502
False,430.2836,53.66835,59673.0208512,593.5,502
False,430.563,53.24883,59673.0528256,607.5,502
False,430.5011,52.99274,59673.0852224,597,502
False,430.5955,52.91639,59673.1168,602,502
False,430.488,52.68685,59673.1487616,611,502
False,430.5903,52.82796,59673.1809024,604.5,502
False,430.7367,52.71074,59673.2128256,597.5,502
False,430.5609,52.84522,59673.2452992,575,502
False,430.1546,53.01033,59673.2774016,565,502
False,430.2522,53.71577,59673.3253248,546.5,502
False,430.4058,53.8554,59673.356736,517.5,502
False,430.1777,53.11747,59673.388928,506.5,502
False,430.0439,52.02761,59673.4209024,501,502
False,429.8758,50.53872,59673.452928,488.5,502
False,431.2578,49.02205,59673.4851584,461,502
False,432.563,47.3636,59673.5167488,440.5,502
False,431.0467,46.30483,59673.5488,421,502
False,429.8372,45.68299,59673.5810688,388,502
False,429.5401,44.46392,59673.6128384,376.5,502
False,429.1227,43.6039,59673.6453504,358.5,502
False,428.9679,42.70122,59673.6772992,342.5,502
False,429.0221,41.94167,59673.7250176,340,502
False,429.2373,41.56403,59673.7568256,328,502
False,429.731,41.38144,59673.788992,339.5,502
False,432.8725,35.83566,59673.8218752,502,502
False,430.3338,41.04118,59673.8528768,344,502
False,433.6922,35.25224,59673.885184,503.5,502
False,433.6383,34.89497,59673.9167744,493.5,502
False,430.3216,39.95304,59673.9488,326.5,502
False,430.8226,39.49875,59673.9810432,334.5,502
False,431.1229,39.06366,59674.0133888,343,502
False,431.2042,38.33859,59674.0450048,348.5,502
False,431.5299,37.39269,59674.0769792,351,502
False,431.1794,36.995,59674.125056,333.5,502
False,431.3029,36.82741,59674.1570048,323.5,502
False,434.8018,31.42606,59674.189312,483.5,502
False,434.6153,31.92988,59674.2215552,454,502
False,434.636,32.41586,59674.2529024,462.5,502
False,435.0616,32.53082,59674.2852608,465,502
False,434.92,33.06914,59674.3171968,458,502
False,434.7899,33.25766,59674.348992,451.5,502
False,434.6332,33.46466,59674.3810304,448,502
False,434.3856,34.07727,59674.4130304,446.5,502
False,434.1887,34.60741,59674.4456832,427.5,502
False,434.2624,34.77412,59674.4774272,425,502
False,434.3059,34.96973,59674.5250304,413,502
False,434.4092,35.14382,59674.556992,419.5,502
False,434.7492,35.0589,59674.5890048,416,502
False,434.7398,35.27938,59674.620928,417,502
False,434.8567,35.2333,59674.6532992,431.5,502
False,434.8518,35.30235,59674.6855552,419.5,502
False,435.247,35.23428,59674.717056,405.5,502
False,434.8592,35.2934,59674.7490816,421.5,502
False,434.5534,35.51972,59674.7815552,431,502
False,431.3411,41.55759,59674.8131584,299.5,502
False,434.0108,36.38957,59674.8450688,447.5,502
False,432.3601,42.19549,59674.8771328,318,502
False,432.5357,41.78446,59674.9250944,341,502
False,434.6684,36.27637,59674.95744,494.5,502
False,435.2832,35.96927,59674.9893376,499,502
False,433.5122,41.78531,59675.020928,354,502
False,435.3906,36.77036,59675.0529536,509.5,502
False,435.1456,37.15862,59675.0849536,486.5,502
False,435.5613,37.0642,59675.1177344,514,502
False,435.7626,36.82843,59675.1494016,526.5,502
False,433.6938,42.14386,59675.1811584,380,502
False,433.6274,42.08738,59675.213056,360.5,502
False,433.1878,41.96999,59675.24512,366.5,502
False,433.2904,41.57995,59675.2771712,357.5,502
False,433.0539,41.49744,59675.32512,358.5,502
False,433.1441,41.40301,59675.3573376,354,502
False,432.7973,41.39526,59675.3893632,344.5,502
False,432.3687,40.72079,59675.4210432,329.5,502
False,434.4709,35.06771,59675.4530304,477.5,502
False,431.8924,40.73056,59675.4860032,313,502
False,431.8609,41.34299,59675.5175296,293.5,502
False,433.8843,36.01685,59675.5490688,445,502
False,431.5929,41.89558,59675.581248,282.5,502
False,431.0591,42.10908,59675.6131328,273.5,502
False,431.4312,42.30855,59675.645248,269,502
False,431.4275,42.41264,59675.6775936,269,502
False,431.0625,42.73655,59675.7251072,269.5,502
False,431.1057,42.93333,59675.757056,265,502
False,431.4714,42.65174,59675.78912,268,502
False,431.2146,42.7931,59675.820992,261,502
False,431.1139,43.48307,59675.8535424,256,502
False,433.6423,37.44811,59675.885632,424,502
False,433.1443,37.85534,59675.9171456,409,502
False,431.8805,43.6673,59675.949184,265,502
False,432.574,37.93171,59675.9818624,410,502
False,432.3569,43.10247,59676.0135424,289.5,502
False,432.1823,42.92072,59676.0453632,288,502
False,431.7618,42.76586,59676.0772224,289,502
False,431.284,42.56551,59676.1250944,273.5,502
False,431.4387,42.8866,59676.1574656,291,502
False,431.6525,38.0877,59676.189376,410.5,502
False,433.1768,42.59004,59676.2212224,304.5,502
False,431.0597,39.04601,59676.253248,427.5,502
False,430.4891,39.01263,59676.2852096,435.5,502
False,429.5907,39.05631,59676.3172096,441,502
False,428.6351,39.65663,59676.3498624,448.5,502
False,426.278,38.54829,59676.3812224,512.5,502
False,424.8574,37.78084,59676.4137472,544.5,502
False,424.3046,36.75435,59676.445696,545.5,502
False,424.5084,35.9801,59676.4771712,544.5,502
False,424.968,35.57404,59676.5251072,520,502
False,425.7589,36.24449,59676.5571968,484,502
False,423.7962,36.31197,59676.5890944,476,502
False,420.2259,35.6862,59676.6218752,512,502
False,417.6906,34.97359,59676.6536704,536.5,502
False,415.0988,34.72994,59676.6852608,540,502
False,411.9616,34.50959,59676.717248,564.5,502
False,408.9845,33.49035,59676.7491968,570,502
False,406.8329,32.83702,59676.78144,610.5,502
False,404.9406,32.87517,59676.8140032,611.5,502
False,403.9063,33.46696,59676.8457088,567.5,502
False,403.4301,34.43708,59676.877376,528.5,502
False,403.0171,34.96896,59676.9251968,515.5,502
False,403.0037,35.11366,59676.9571968,501.5,502
False,402.8685,35.06411,59676.9895552,509.5,502
False,403.0075,34.72585,59677.0218624,512.5,502
False,402.5268,34.64556,59677.0536448,529,502
False,402.0896,34.34954,59677.0852992,524.5,502
False,400.5279,34.09697,59677.117248,538,502
False,398.7261,33.51655,59677.1492608,564,502
False,395.9813,32.95062,59677.1815296,580.5,502
False,393.0565,32.77837,59677.2138496,561,502
False,390.121,32.37367,59677.2456064,595,502
False,387.2785,32.31598,59677.2775296,614.5,502
False,384.1672,32.40104,59677.325376,576,502
False,381.1993,32.92196,59677.3572864,551,502
False,377.8515,33.31701,59677.3903616,531,502
False,374.8366,33.89404,59677.421312,528.5,502
False,371.2758,33.82951,59677.4536576,501.5,502
False,367.6912,33.8711,59677.4854144,496.5,502
False,363.5435,33.91482,59677.5175424,518.5,502
False,359.3088,34.59658,59677.549312,516,502
False,354.529,35.84058,59677.5819136,483,502
False,349.9497,37.0974,59677.6135168,474,502
False,345.6429,38.40774,59677.6456448,504,502
False,340.8676,39.5276,59677.6775168,471,502
False,336.7901,40.17817,59677.725376,478,502
False,332.8162,40.72035,59677.7577088,490.5,502
False,328.9455,41.54003,59677.7897344,508,502
False,325.7553,42.40068,59677.821376,492.5,502
False,322.0102,44.08419,59677.8533504,489,502
False,319.4368,45.64925,59677.8861952,478.5,502
False,317.2934,46.67287,59677.9174016,484,502
False,314.9226,47.26439,59677.949696,454.5,502
False,312.9052,47.43007,59677.9815552,444.5,502
False,311.3218,47.45829,59678.0135552,449.5,502
False,310.0888,47.84494,59678.0457088,445,502
False,309.0362,48.03617,59678.0773504,447,502
False,308.4875,48.15611,59678.1259008,426,502
False,307.3521,48.52352,59678.1577856,407.5,502
False,306.4863,49.56659,59678.1894016,413,502
False,306.5714,50.56429,59678.221376,420,502
False,306.515,50.94088,59678.253376,428.5,502
False,306.5139,51.19984,59678.2861312,432,502
False,306.8673,50.81429,59678.3183488,424.5,502
False,306.4681,50.83543,59678.3493504,436.5,502
False,306.1476,50.88283,59678.3817088,449.5,502
False,305.7835,51.0262,59678.414016,458,502
False,305.6841,50.91936,59678.4459392,448.5,502
False,305.6551,50.8471,59678.4774912,448,502
False,305.0164,51.125,59678.5254016,456,502
False,304.5506,51.20584,59678.5574016,451,502
False,304.2452,51.11481,59678.5893504,450,502
False,304.0502,51.2631,59678.6217472,448.5,502
False,303.8445,51.41198,59678.6545408,453.5,502
False,303.2347,51.54415,59678.6862208,453,502
False,302.3458,51.44958,59678.717504,454.5,502
False,301.3125,51.58324,59678.7499136,463.5,502
False,300.7539,51.23135,59678.781632,462.5,502
False,300.0538,51.28614,59678.8135296,452,502
False,299.7198,50.54841,59678.8455936,420,502
False,299.7061,50.05013,59678.8780288,389,502
False,298.7854,49.8086,59678.9254528,387.5,502
False,297.679,49.71131,59678.95744,392,502
False,295.9207,49.9456,59678.989504,407.5,502
False,294.7139,50.11983,59679.0214272,395,502
False,295.3824,50.88398,59679.0539264,373.5,502
False,295.6967,51.20265,59679.086592,377.5,502
False,295.7199,51.13463,59679.1175424,385,502
False,296.0074,51.1467,59679.1495808,384,502
False,295.4807,51.49342,59679.1818752,405,502
False,295.403,51.7464,59679.2139136,416,502
False,295.1599,51.84286,59679.245696,420,502
False,295.0964,51.89088,59679.2775808,418.5,502
False,295.2621,51.82473,59679.325632,416.5,502
False,295.2005,51.91182,59679.357952,421.5,502
False,295.2132,52.02837,59679.3901184,423,502
False,295.134,51.97794,59679.4218496,415.5,502
False,295.1027,51.9688,59679.4534912,422,502
False,295.1543,51.9821,59679.4855424,419,502
False,295.2812,51.92273,59679.5175552,412,502
False,295.3906,51.9209,59679.5494784,413,502
False,295.2383,51.87565,59679.5821568,415.5,502
False,295.3884,52.05622,59679.6135808,415,502
False,295.4186,51.94813,59679.6456448,414.5,502
False,295.1808,51.98224,59679.677568,413,502
False,294.8944,52.50079,59679.725568,420,502
False,294.8297,52.62044,59679.7580032,411,502
False,294.8614,52.69374,59679.7900288,412.5,502
False,295.2594,52.48305,59679.8215552,378.5,502
False,294.3745,53.07389,59679.8536064,397,502
False,293.694,53.15412,59679.8859648,378.5,502
False,292.7662,52.39762,59679.9178752,350,502
False,291.8017,51.60247,59679.949632,350.5,502
False,291.8914,50.37916,59679.9818368,345.5,502
False,291.852,50.28088,59680.0137344,340,502
False,291.9173,51.44944,59680.0458112,344.5,502
False,291.8058,52.2521,59680.078336,357,502
False,291.5254,52.56952,59680.1263616,374,502
False,291.4844,52.61572,59680.1577216,379.5,502
False,291.2161,52.7695,59680.1901312,382.5,502
False,291.1917,52.88366,59680.221952,382.5,502
False,291.3325,52.84418,59680.2536448,376.5,502
False,291.3898,52.86711,59680.2856448,377.5,502
False,291.2631,52.73645,59680.317632,384.5,502
False,291.2012,52.71056,59680.3497344,383.5,502
False,291.0407,52.65792,59680.3821696,381,502
False,291.1088,52.60854,59680.4137216,378.5,502
False,291.0576,52.6322,59680.4459264,382,502
False,291.0352,52.58212,59680.4778624,378.5,502
False,291.2401,52.46915,59680.5257984,375.5,502
False,290.9745,52.50134,59680.5580928,373,502
False,290.8,52.68559,59680.5906432,387.5,502
False,290.9447,52.64767,59680.62208,386,502
False,290.8241,52.59474,59680.6536704,380,502
False,290.8754,52.48453,59680.6857216,382.5,502
False,290.9499,52.52442,59680.7177088,389,502
False,290.9071,52.474,59680.7497216,391,502
False,290.804,52.62625,59680.7822464,383.5,502
False,290.5959,52.69426,59680.8137472,386.5,502
False,290.8254,52.51591,59680.8457472,377,502
False,290.8817,52.52277,59680.8778112,391.5,502
False,290.655,52.24886,59680.9257344,400.5,502
False,289.6742,52.65757,59680.9580416,421.5,502
False,288.7242,53.22987,59680.9901312,428.5,502
False,287.5791,53.29014,59681.0216832,436,502
False,286.1189,53.3038,59681.0536832,434.5,502
False,285.6178,53.11357,59681.0861824,430,502
False,285.0027,52.35684,59681.1182464,432.5,502
False,284.4566,52.18127,59681.1497344,416.5,502
False,282.8892,52.31993,59681.1818368,410.5,502
False,281.8602,53.52381,59681.2139008,385,502
False,282.291,54.53253,59681.2459264,374,502
False,282.5448,54.88504,59681.2784256,361,502
False,282.795,54.4082,59681.3261056,349.5,502
False,283.029,54.10257,59681.3577344,344.5,502
False,282.484,54.25048,59681.3897216,344,502
False,281.6748,53.68097,59681.4217344,349.5,502
False,281.7852,52.64574,59681.454144,334.5,502
False,281.5341,52.60062,59681.4862848,323,502
False,281.5776,52.28436,59681.5177984,299.5,502
False,281.0919,52.67682,59681.5497856,312,502
False,281.5412,52.15704,59681.5820288,285.5,502
False,281.3988,52.35219,59681.614016,300.5,502
False,281.2644,52.16341,59681.647232,307,502
False,281.6339,52.43264,59681.6782336,310.5,502
False,281.4678,52.44909,59681.7261312,311,502
False,281.6433,52.40717,59681.7577984,307,502
False,281.4644,52.34638,59681.789824,306.5,502
False,281.5237,52.61251,59681.8217856,317,502
False,281.8648,52.51864,59681.8543104,299.5,502
False,281.4003,52.61761,59681.8859648,316,502
False,281.1921,52.70952,59681.9180288,315,502
False,280.7348,52.77119,59681.9499008,320.5,502
False,280.5503,52.43349,59681.9821312,329.5,502
False,280.4357,52.11111,59682.0142848,324,502
False,280.463,52.39108,59682.0463616,317.5,502
False,280.5415,52.41378,59682.0779904,317,502
False,280.6484,52.3472,59682.125824,300.5,502
False,280.7059,52.30603,59682.1587072,293,502
False,280.3344,52.44868,59682.1902208,315,502
False,281.1952,52.24007,59682.2219392,289.5,502
False,281.034,52.47157,59682.254464,299,502
False,281.2681,52.16444,59682.286016,299,502
False,280.8544,52.15825,59682.3180032,317,502
False,281.022,51.77232,59682.3503232,295,502
False,279.774,51.93395,59682.3822336,323,502
False,279.6911,52.09451,59682.414016,328,502
False,279.6331,51.98899,59682.4460032,318,502
False,279.652,51.99528,59682.4779136,318,502
False,280.2683,51.61921,59682.5262208,284.5,502
False,279.6672,52.32031,59682.5582592,320,502
False,279.7062,52.35971,59682.5899904,328.5,502
False,279.8491,52.33544,59682.6220288,317,502
False,280.0603,52.16843,59682.6550272,331.5,502
False,280.1897,52.08953,59682.686592,329.5,502
False,279.7605,51.87439,59682.718016,341,502
False,279.4037,51.8563,59682.7503616,341,502
False,279.118,51.24338,59682.7822464,333.5,502
False,278.2702,51.01852,59682.8139904,351,502
False,278.5724,51.1773,59682.846208,345,502
False,279.4534,50.32196,59682.8780544,293,502
False,278.5862,50.43272,59682.9265152,327,502
False,278.4284,50.67509,59682.958528,336.5,502
False,279.5117,50.3406,59682.9900544,298,502
False,279.3641,50.72979,59683.021952,319.5,502
False,279.0193,51.13769,59683.0539904,336.5,502
False,278.9174,51.5812,59683.0863232,351,502
False,278.8326,51.66993,59683.1179776,357.5,502
False,278.4956,51.73659,59683.1500032,379,502
False,277.9926,52.01396,59683.18208,406,502
False,277.4124,52.3676,59683.2141696,428,502
False,276.5899,52.59645,59683.2467328,460.5,502
False,275.4108,52.96043,59683.2786944,497,502
False,272.8211,53.73407,59683.3261056,544,502
False,269.6095,54.34959,59683.3586944,574,502
False,266.3632,54.44184,59683.39008,597.5,502
False,263.0206,54.64142,59683.4219904,614,502
False,260.2484,54.54538,59683.4540544,628,502
False,257.1423,54.4264,59683.4863872,612.5,502
False,253.6582,54.44492,59683.5180032,590,502
False,251.0741,54.80981,59683.5503872,591.5,502
True,248.4889,55.60146,59683.582656,616,502
True,246.7271,55.54807,59683.6140672,615.5,502
True,245.0431,55.62465,59683.6462336,603,502
True,244.5543,55.61612,59683.678208,577,502
True,245.0726,55.44435,59683.7267712,573.5,502
True,247.3132,54.73284,59683.758592,539,502
True,249.0556,53.99968,59683.7901568,515.5,502
False,251.4495,52.9367,59683.822144,495,502
False,252.7667,52.24829,59683.8540672,488,502
False,253.8513,51.88303,59683.8864512,493,502
False,253.6213,51.62462,59683.9184384,495.5,502
False,252.827,52.14872,59683.9501696,515.5,502
False,252.0863,52.8651,59683.9822336,511.5,502
False,251.8955,53.92265,59684.0146176,515,502
False,251.825,55.38414,59684.0465664,508.5,502
False,251.7108,57.26311,59684.078272,505.5,502
False,251.666,58.68156,59684.1262208,503.5,502
False,251.302,60.64745,59684.1582208,520.5,502
False,251.087,62.37847,59684.1901696,565,502
False,251.229,64.17246,59684.2227456,560.5,502
False,251.6491,66.20113,59684.2545152,558.5,502
False,252.9143,68.91998,59684.2864384,554,502
False,254.6582,72.39502,59684.3181184,548.5,502
False,255.6832,75.27551,59684.350144,565,502
False,256.3444,78.45663,59684.3821696,588,502
False,257.6641,81.1369,59684.4142592,588,502
False,259.5044,83.6291,59684.446784,568,502
False,261.8733,86.11507,59684.4782976,560.5,502
False,264.3894,88.31753,59684.5266432,580,502
False,267.2471,92.03778,59684.5582336,595.5,502
False,268.8647,95.86494,59684.5902464,580,502
False,270.2888,99.39567,59684.6225408,569.5,502
False,271.9009,103.1129,59684.6547328,570,502
False,273.349,106.6745,59684.6860928,552,502
False,274.5076,108.2873,59684.7186816,557.5,502
False,275.4341,108.747,59684.7505664,521,502
False,277.035,108.2951,59684.7823232,514,502
False,278.2431,108.0763,59684.8141824,515.5,502
False,278.5407,108.5799,59684.8462976,493.5,502
False,278.3534,109.2107,59684.8941568,481,502
False,278.2827,109.9894,59684.9266048,471,502
False,278.4628,110.9474,59684.9583104,444,502
False,278.8333,111.7046,59684.9902976,400,502
False,280.3371,112.7144,59685.0224512,356,502
False,283.1691,113.9829,59685.054272,370.5,502
False,284.3857,116.0074,59685.0867584,407.5,502
False,284.3162,117.9467,59685.1190528,428.5,502
False,284.1819,119.1734,59685.1507072,432.5,502
False,284.2699,119.7209,59685.182848,433.5,502
False,284.5878,121.5885,59685.2142592,479.5,502
False,285.1806,121.9557,59685.2463232,478,502
False,285.4346,122.2476,59685.2943232,470.5,502
False,285.6646,124.0103,59685.3262464,486,502
False,285.8253,125.8296,59685.3589888,466.5,502
False,286.5324,126.8604,59685.3906688,437,502
False,287.7697,126.8859,59685.4224256,394.5,502
False,289.9794,127.4942,59685.4545792,404,502
False,290.2112,125.1925,59685.4863872,312.5,502
False,291.5193,123.9832,59685.5183744,237.5,502
False,291.5554,129.7617,59685.5506816,410.5,502
False,291.3032,130.5963,59685.5832832,398,502
False,291.0718,132.1577,59685.6146816,343.5,502
False,291.4739,133.0737,59685.6462976,348.5,502
False,291.9506,133.0686,59685.6942848,354.5,502
False,291.9123,135.0412,59685.7262976,315.5,502
False,292.5593,135.8277,59685.7590272,295,502
False,292.745,135.9459,59685.790784,323.5,502
False,292.9514,136.6305,59685.8222848,295,502
False,292.9339,137.2754,59685.8545792,285,502
False,293.5511,137.9983,59685.8863744,298.5,502
False,293.3873,137.3294,59685.9184896,296.5,502
False,292.6431,138.0152,59685.9507712,296.5,502
False,292.6104,138.3289,59685.9828608,263.5,502
False,292.4926,137.4419,59686.0143488,279.5,502
False,292.09,136.868,59686.0463232,257.5,502
False,291.7137,137.0575,59686.0943232,237.5,502
False,291.588,137.171,59686.1263616,231,502
False,291.7444,137.2792,59686.1596032,240,502
False,293.0184,138.4724,59686.1909504,272,502
False,293.2762,138.3189,59686.2224768,277,502
False,291.8596,139.2807,59686.2547072,218.5,502
False,292.3946,139.579,59686.2866432,220.5,502
False,292.2117,139.0629,59686.3185792,238.5,502
False,292.1074,139.3726,59686.3507968,237.5,502
False,292.1678,139.5078,59686.3828608,225.5,502
False,292.0523,140.2609,59686.4143872,207,502
False,292.3919,141.1392,59686.4463872,182,502
False,292.2422,141.0429,59686.4944384,186.5,502
False,292.6293,141.5392,59686.527552,183,502
False,292.4506,141.4506,59686.5588096,180.5,502
False,292.6948,141.4719,59686.5904384,172,502
False,293.0547,141.8065,59686.6224256,170.5,502
False,293.0945,141.6345,59686.6545792,160.5,502
False,292.998,141.0851,59686.6866048,164.5,502
False,292.5318,140.895,59686.7188736,173,502
False,292.1599,140.9554,59686.7504256,172,502
False,292.1978,140.8559,59686.7824768,177,502
False,292.7029,140.805,59686.8144256,179.5,502
False,293.4929,140.7977,59686.8468352,175.5,502
False,293.6446,140.442,59686.894976,181,502
False,293.3811,140.1499,59686.92704,174.5,502
False,293.8291,140.5005,59686.9586048,176.5,502
False,293.7433,140.9061,59686.9905536,174,502
False,292.9972,140.5451,59687.0226304,181,502
False,292.0121,140.1421,59687.0546432,179.5,502
False,291.5186,139.6141,59687.0872704,174.5,502
False,291.2018,138.7699,59687.1193472,182.5,502
False,291.0081,138.5955,59687.1508736,185,502
False,291.0947,138.3826,59687.1825536,176,502
False,290.9549,138.7431,59687.2146304,170,502
False,291.3648,140.1119,59687.2470016,143,502
False,290.6125,138.8598,59687.2947072,135.5,502
False,290.419,138.6456,59687.32704,126.5,502
False,288.7553,138.7381,59687.3585792,126,502
False,293.347,131.5786,59687.3906816,280,502
False,293.1178,131.586,59687.4231168,283,502
False,293.1635,131.3235,59687.454976,288.5,502
False,293.4577,130.6913,59687.4865024,277.5,502
False,289.8414,137.2315,59687.5185536,155.5,502
False,289.9689,136.7974,59687.550592,155.5,502
False,289.5833,137.2685,59687.5826432,144,502
False,289.4572,137.1298,59687.6152064,140,502
False,289.2436,137,59687.6471936,148.5,502
False,289.4789,136.723,59687.6946688,142,502
False,289.2253,136.9129,59687.7266816,143.5,502
False,288.9851,137.2152,59687.7590528,134,502
False,296.8266,124.0676,59687.7910912,135.5,502
False,289.1936,137.4872,59687.8232832,130,502
False,289.5733,138.1808,59687.8546304,141,502
False,289.7638,138.4832,59687.8870144,139,502
False,289.8825,138.3693,59687.9188992,139,502
False,290.0441,138.7157,59687.9506176,136,502
False,289.8095,138.5952,59687.9828352,140,502
False,290.2456,138.3906,59688.0146944,142.5,502
False,290.6086,138.1803,59688.0468608,140.5,502
False,290.5629,137.9054,59688.0956928,144.5,502
False,291.1828,137.9877,59688.1273728,149.5,502
False,291.6878,138.1767,59688.1587712,150,502
False,291.7729,137.7707,59688.1911424,149,502
False,291.8578,137.5022,59688.2226816,150,502
False,292.1617,136.9721,59688.2553344,149.5,502
False,292.2791,136.804,59688.2870144,150.5,502
False,292.4136,136.5952,59688.3186432,151.5,502
False,292.3463,136.2557,59688.3506176,154.5,502
False,292.1476,135.9126,59688.3827712,152.5,502
False,291.3092,135.4989,59688.4147584,152,502
False,291.0796,134.9366,59688.4471168,144.5,502
False,290.7253,134.8483,59688.495168,145,502
False,288.9195,134.1859,59688.5268096,134.5,502
False,286.2926,133.3777,59688.5588352,139,502
False,285.1633,132.4656,59688.5915008,150,502
False,284.4696,131.475,59688.6233088,156.5,502
False,283.6219,130.5596,59688.6546816,152.5,502
False,288.8523,128.3384,59688.6870144,264,502
False,281.9652,130.2736,59688.7187072,134,502
False,295.2664,125.9607,59688.7518208,157,502
False,294.147,125.6023,59688.7833472,220,502
False,293.0206,125.583,59688.8148736,259,502
False,291.2249,125.5266,59688.84672,310.5,502
False,289.5287,125.5809,59688.8948736,363.5,502
False,287.489,125.714,59688.9270656,415.5,502
False,285.0444,125.5996,59688.9592192,457.5,502
False,282.9265,125.359,59688.9910528,506,502
False,281.1753,125.2319,59689.0226688,530.5,502
False,279.8708,125.3533,59689.0547072,543,502
False,278.4056,125.9772,59689.0874624,548.5,502
False,276.6027,126.8441,59689.1191168,542,502
False,275.0039,127.3582,59689.150784,556,502
False,273.9053,127.5907,59689.1834112,559.5,502
False,271.8349,127.6095,59689.2148736,545,502
False,269.9104,127.6416,59689.2470528,524.5,502
False,267.8088,127.7757,59689.2948864,523,502
False,265.5136,127.8584,59689.3268608,513,502
False,263.1952,127.9063,59689.3592064,514,502
False,260.8958,127.3191,59689.3911296,516.5,502
False,259.5503,126.3415,59689.4226688,528.5,502
False,258.4637,125.6779,59689.4547456,551,502
False,257.2175,125.3896,59689.4867584,565.5,502
False,255.6034,125.3875,59689.519616,572,502
False,254.1542,125.447,59689.5514368,580.5,502
False,253.1214,125.3796,59689.5835136,583.5,502
False,251.5819,125.246,59689.6149376,593.5,502
True,249.7965,125.0105,59689.6475264,603.5,502
True,247.5573,124.603,59689.6948864,594.5,502
True,244.9697,123.9891,59689.7268864,582.5,502
True,242.9898,123.7339,59689.7587584,570,502
True,242.5254,124.3469,59689.7911552,578,502
True,243.9979,125.6428,59689.8227968,544.5,502
True,246.083,126.4393,59689.8548224,530,502
True,249.1014,126.5502,59689.8869376,522.5,502
False,251.5329,126.0177,59689.9190016,508.5,502
False,254.5346,126.2191,59689.951296,515,502
False,257.0093,126.9807,59689.98368,500.5,502
False,259.1899,127.4225,59690.0149248,491.5,502
False,259.4916,126.9472,59690.0469632,499,502
False,259.3396,126.6911,59690.0952704,504,502
False,258.3301,126.6447,59690.1267968,517,502
False,257.1675,126.615,59690.1593344,516.5,502
False,256.195,126.6974,59690.1912576,525.5,502
False,254.8737,126.7225,59690.2228224,528,502
False,253.4911,126.9138,59690.2548864,533.5,502
False,251.5901,127.403,59690.2868992,557.5,502
True,249.9387,127.5491,59690.3189888,563,502
True,248.3682,127.9867,59690.3512704,549.5,502
True,246.9765,127.8686,59690.3829632,560.5,502
True,246.7492,127.3572,59690.4151424,551,502
True,248.2181,126.9173,59690.4477952,528,502
False,251.4075,125.939,59690.4949632,492,502
False,253.1155,125.3733,59690.527872,467.5,502
False,254.3678,124.5078,59690.5588992,450,502
False,254.8991,123.1326,59690.5912192,426,502
False,255.1673,122.1251,59690.6229504,406.5,502
False,253.3597,123.3611,59690.6549888,467.5,502
False,252.6882,123.5821,59690.6870272,488.5,502
False,253.6727,122.4112,59690.7194624,441,502
True,250.5504,124.3439,59690.7510272,506,502
True,249.0544,124.6826,59690.7831424,533.5,502
True,247.6222,125.0975,59690.8152064,559,502
True,247.0824,125.5107,59690.8472192,560,502
True,246.9686,125.8857,59690.8958336,557,502
True,250.1679,124.5693,59690.927616,482.5,502
False,252.0339,123.8255,59690.9589632,448,502
False,252.5066,123.6642,59690.9910912,469.5,502
False,253.4664,122.2928,59691.0232704,456,502
False,254.6205,120.6374,59691.0549888,422,502
False,256.6593,115.9932,59691.0869504,316.5,502
False,256.9126,115.6094,59691.1190272,299.5,502
False,257.5296,115.8798,59691.1514368,256.5,502
False,258.3214,116.8311,59691.1833088,223,502
False,261.4536,118.1655,59691.215488,140,502
False,258.6176,118.3777,59691.2475136,210.5,502
False,258.9011,118.9246,59691.2950784,205.5,502
False,257.9525,119.6364,59691.3269376,231.5,502
False,256.7266,120.0112,59691.358976,222.5,502
False,255.937,120.5074,59691.3910016,225,502
False,255.289,121.1173,59691.4233856,214.5,502
False,254.204,121.782,59691.45504,225.5,502
False,253.4084,122.5368,59691.4871936,222,502
True,249.0357,128.2077,59691.5192064,341,502
True,247.7887,128.9087,59691.5510656,336,502
False,251.2461,123.7621,59691.584,202.5,502
False,252.4943,122.5445,59691.6156032,176,502
False,253.8578,119.9725,59691.6477568,170,502
False,254.8979,117.8296,59691.6955904,178,502
False,256.1,116.799,59691.7272448,175,502
False,256.5572,116.9785,59691.7592064,170.5,502
False,256.1529,117.8068,59691.7913216,182,502
False,255.5777,118.9884,59691.8233984,215.5,502
False,254.7129,119.8408,59691.8573184,234.5,502
False,254.569,119.9217,59691.8873344,215,502
False,254.5853,120.2238,59691.9197056,213,502
False,254.1114,120.7252,59691.9512704,208,502
False,254.0349,120.8197,59691.984384,196,502
False,253.6268,121.0883,59692.0158592,192.5,502
False,254.0248,120.6446,59692.0475904,181.5,502
False,253.9742,120.6998,59692.0955904,181,502
False,254.1249,120.6873,59692.127552,177.5,502
False,253.7596,121.4715,59692.1595264,199,502
False,253.7117,121.6182,59692.19168,192.5,502
False,252.8916,122.2209,59692.223552,207.5,502
False,252.5497,123.104,59692.255104,218,502
True,247.5404,128.9329,59692.2871168,355,502
True,247.348,129.0298,59692.3201024,363.5,502
True,247.1157,129.2921,59692.3514752,351.5,502
False,252.2196,123.5633,59692.3831936,193.5,502
False,253.68,121.4987,59692.4152192,187.5,502
False,254.7219,117.5866,59692.4471296,181,502
False,255.3959,119.1926,59692.4952448,266.5,502
False,259.1768,113.3357,59692.5276672,215,502
False,259.8919,112.8402,59692.559744,242,502
False,259.8001,113.1289,59692.5916416,218.5,502
False,259.7393,114.0512,59692.6231424,179,502
False,259.2957,113.81,59692.6551168,186,502
False,259.2965,114.1923,59692.6871296,185.5,502
False,259.0326,115.0453,59692.7194368,184,502
False,259.3715,114.1104,59692.7515136,161.5,502
False,258.9113,114.3313,59692.7832192,163.5,502
False,259.2671,114.6204,59692.8152192,158.5,502
False,259.075,114.5479,59692.847424,160,502
False,258.2341,114.9785,59692.8955776,178,502
False,258.2104,114.8037,59692.928,188.5,502
False,258.425,116.8095,59692.9591936,231,502
False,258.2479,117.9179,59692.9915392,201,502
False,257.6707,118.2173,59693.0236288,247,502
False,256.7887,118.7832,59693.0555904,244.5,502
False,256.6167,119.498,59693.0872064,213.5,502
False,255.8815,119.6003,59693.1193344,211,502
False,255.9661,120.5648,59693.1512192,191.5,502
False,255.5485,121.3974,59693.1833984,182,502
False,254.988,121.5189,59693.2158976,180.5,502
False,255.3466,120.3068,59693.2478848,163.5,502
False,254.9121,119.9447,59693.2953984,184,502
False,254.5043,119.418,59693.3272704,193,502
False,254.0485,119.1186,59693.359296,192.5,502
False,253.9643,119.2524,59693.3917568,210,502
False,253.5663,119.3349,59693.4232064,211,502
False,253.6477,119.4384,59693.455616,211,502
False,253.4191,119.5568,59693.4876032,221.5,502
False,253.4494,119.68,59693.5192576,212.5,502
False,253.3939,119.7129,59693.5512832,209,502
False,253.5414,119.6207,59693.5835904,199.5,502
False,253.358,119.8288,59693.6159232,202.5,502
False,252.8573,120.1365,59693.6477824,212.5,502
False,253.3608,120.2785,59693.6954112,200.5,502
False,252.7384,120.8235,59693.7274496,211.5,502
False,252.1968,121.0694,59693.7593728,218.5,502
False,251.5407,120.9482,59693.7912576,209,502
False,251.9865,120.5136,59693.8237312,209,502
False,252.1322,120.4713,59693.85568,203,502
False,252.9746,120.3034,59693.8872832,184,502
False,253.044,119.9635,59693.9193344,178,502
False,252.4686,119.886,59693.9513088,172.5,502
True,245.2701,132.4552,59693.9842944,145,502
True,246.101,131.9535,59694.0161664,143.5,502
False,253.3716,118.0323,59694.0477184,139.5,502
True,247.3177,130.8582,59694.0954624,117.5,502
False,254.1217,115.1563,59694.1274368,120.5,502
True,249.2721,129.0286,59694.1593344,122.5,502
False,253.3549,114.6235,59694.1913344,154.5,502
False,252.277,113.3266,59694.2241152,148,502
False,251.2239,111.7423,59694.2560512,163,502
True,250.8508,110.1932,59694.2873472,166.5,502
False,253.4194,114.266,59694.3195136,329,502
False,255.119,114.4893,59694.35136,396.5,502
False,255.7867,113.7109,59694.383616,422,502
False,257.8367,114.9564,59694.4159104,470.5,502
False,260.0547,116.0332,59694.4480512,521.5,502
False,262.0069,116.7704,59694.4954368,557.5,502
False,265.1408,118.1021,59694.5273472,599,502
False,269.369,119.7356,59694.5600128,575.5,502
False,273.1757,121.0986,59694.5920128,579.5,502
False,276.9341,121.7561,59694.6236928,568.5,502
False,279.7285,122.412,59694.6557056,566,502
False,281.867,123.71,59694.6877184,565,502
False,283.058,124.917,59694.7197696,580.5,502
False,284.9064,126.0888,59694.7521792,582,502
False,286.9465,126.7816,59694.783616,586,502
False,289.3208,127.6325,59694.8159744,585.5,502
False,291.949,128.8399,59694.848576,562,502
False,294.4076,129.1889,59694.8959488,574.5,502
False,297.3822,129.8493,59694.9275648,590.5,502
False,300.1526,130.7477,59694.9595904,592,502
False,303.5426,132.0177,59694.992128,584.5,502
False,307.0527,133.5301,59695.0235008,578.5,502
False,310.9943,135.2806,59695.0558336,584.5,502
False,314.8846,136.759,59695.08768,590.5,502
False,318.8094,137.5022,59695.1197056,582.5,502
False,322.9086,138.0624,59695.1526272,563.5,502
False,327.8251,138.4424,59695.1846784,570,502
False,332.1184,139.5349,59695.2156416,575.5,502
False,336.7128,140.7836,59695.247936,567.5,502
False,341.9175,142.0987,59695.2958592,567.5,502
False,347.0305,143.149,59695.3278848,579.5,502
False,351.8548,143.1904,59695.3599744,589,502
False,356.6585,142.7134,59695.391552,570.5,502
False,362.0946,141.6721,59695.4235008,548,502
False,366.6068,140.8622,59695.4557056,573.5,502
False,371.1095,141.014,59695.487744,558.5,502
False,375.828,141.8599,59695.5201536,559,502
False,381.4803,143.2016,59695.551872,558,502
False,385.8104,143.6682,59695.5837312,563.5,502
False,390.5027,143.6583,59695.6157056,558,502
False,394.7502,143.1181,59695.6482432,550.5,502
False,398.7152,141.9699,59695.6960512,542,502
False,401.406,140.1757,59695.7279232,435.5,502
False,403.6385,139.4388,59695.7599488,355.5,502
False,405.7166,138.8864,59695.7917568,243.5,502
False,410.1471,143.9867,59695.8237952,565.5,502
False,411.4593,145.6369,59695.8565632,459,502
False,412.5779,144.6594,59695.888448,526,502
False,412.5482,143.6312,59695.9199232,526,502
False,412.2396,143.2427,59695.951616,535,502
False,412.3529,143.1323,59695.983616,519,502
False,412.9544,143.0096,59696.0157056,523,502
False,413.541,142.8097,59696.0477696,528,502
False,414.0609,142.5719,59696.0961152,522.5,502
False,415.0559,142.1626,59696.1279488,506.5,502
False,415.7995,142.2588,59696.1595904,514.5,502
False,416.9046,142.4395,59696.191616,540,502
False,417.0839,142.5713,59696.2235264,552.5,502
False,416.6174,142.8205,59696.2559104,537.5,502
False,415.8469,143.2505,59696.2879488,503,502
False,415.6307,143.355,59696.31968,500.5,502
False,415.5898,143.3674,59696.3516032,499,502
False,415.5316,143.4385,59696.3838464,497.5,502
False,415.6319,143.3297,59696.4156288,499,502
False,417.6682,142.2027,59696.4484864,559,502
False,417.7816,142.117,59696.4962048,560,502
False,415.5374,143.5995,59696.5282432,491,502
False,415.7548,143.5462,59696.5601408,505,502
False,415.7228,143.4423,59696.5917184,501.5,502
False,415.8356,143.0911,59696.6236288,512,502
False,415.8258,142.7527,59696.6556416,517.5,502
False,416.2056,142.2835,59696.6884608,515.5,502
False,416.5044,141.8261,59696.719616,533,502
False,416.8765,141.229,59696.7520256,554.5,502
False,417.1726,140.8268,59696.783808,561,502
False,417.657,140.1469,59696.815744,569.5,502
False,418.3393,139.632,59696.8481664,591,502
False,419.0127,139.2005,59696.8962432,603.5,502
False,419.4222,138.7877,59696.9282688,606,502
False,420.0969,138.6565,59696.9597568,604,502
False,420.5978,138.5376,59696.9916544,603,502
False,420.6284,138.4015,59697.0236416,591.5,502
False,420.446,138.5609,59697.0561664,586,502
False,420.1456,139.0453,59697.0876672,596.5,502
False,419.993,139.3076,59697.1199616,596,502
False,419.7879,139.43,59697.1517568,596.5,502
False,419.9779,139.4869,59697.1838592,597,502
False,420.3499,139.1833,59697.2157696,602,502
False,420.5419,139.0746,59697.2478208,598.5,502
False,420.6403,138.9573,59697.29632,600.5,502
False,420.5049,138.7508,59697.328128,598.5,502
False,420.4166,138.8755,59697.3597696,602.5,502
False,420.5468,138.984,59697.3916928,603.5,502
False,420.6647,139.0716,59697.4237312,591.5,502
False,420.7144,138.975,59697.4557184,601,502
False,420.8559,138.8177,59697.488256,598,502
False,421.3199,138.0371,59697.5198208,597,502
False,421.7003,137.3805,59697.552128,600.5,502
False,422.2452,137.0011,59697.5840896,592,502
False,422.6981,137.3667,59697.6157696,600,502
False,423.6279,137.689,59697.6482688,598,502
False,424.5243,138.0621,59697.6962048,593.5,502
False,425.097,138.2652,59697.7278464,589.5,502
False,424.8578,138.5205,59697.7598592,582.5,502
False,424.4601,138.4601,59697.791808,576,502
False,424.8708,137.8807,59697.8237952,588,502
False,425.0453,137.0325,59697.856704,600,502
False,425.1937,136.3617,59697.8877824,605,502
False,425.2173,136.0385,59697.920128,593,502
False,425.3297,135.6759,59697.951872,596.5,502
False,425.3151,135.5732,59697.9839744,603,502
False,425.3449,135.7459,59698.0159232,591,502
False,425.4344,135.6636,59698.0482816,592,502
False,425.2139,135.7111,59698.0959232,596,502
False,425.2328,135.6025,59698.1279104,590,502
False,424.9633,135.7514,59698.159872,586,502
False,424.994,136.2086,59698.1917952,580,502
False,425.0686,136.2449,59698.224384,578.5,502
False,425.0176,136.4563,59698.256384,576,502
False,424.9362,137.0387,59698.2882048,577,502
False,424.961,137.5491,59698.3199488,577,502
False,424.6555,137.7747,59698.351808,567.5,502
False,424.5443,138.0058,59698.383936,574.5,502
False,424.3561,138.2729,59698.4163584,563,502
False,424.1392,138.2711,59698.4478976,567.5,502
False,424.1911,138.2387,59698.4960384,570.5,502
False,424.2068,138.3785,59698.5280256,564,502
False,424.2003,138.5655,59698.5600768,560,502
False,424.2586,138.563,59698.5924864,553,502
False,424.3079,138.378,59698.6244096,563.5,502
False,424.2357,138.4763,59698.6559872,555,502
False,424.2655,138.2799,59698.6879616,558,502
False,424.6753,136.9991,59698.7199488,582.5,502
False,425.3577,134.8858,59698.7518464,595.5,502
False,425.9445,132.4003,59698.7843712,595,502
False,426.6869,129.6549,59698.816896,609,502
False,427.456,126.0746,59698.848448,610,502
False,428.6224,123.2196,59698.896,609.5,502
False,429.5226,120.0446,59698.9280384,594.5,502
False,429.9526,116.5135,59698.9604992,573.5,502
False,429.401,112.7288,59698.992448,571.5,502
False,429.099,109.4384,59699.0244096,579,502
False,429.3069,105.5284,59699.0559872,586,502
False,429.4177,100.1555,59699.0879104,583,502
False,429.8973,96.34267,59699.1199232,607,502
False,429.7465,91.6711,59699.151936,563.5,502
False,429.1436,87.85513,59699.1844096,543,502
False,427.8983,84.41222,59699.2159616,562,502
False,427.2316,80.10205,59699.2481792,576.5,502
False,427.8502,75.71289,59699.2960384,598.5,502
False,428.9554,71.34029,59699.3279488,575.5,502
False,429.5562,66.96892,59699.3605248,600.5,502
False,429.4544,62.97613,59699.3924352,579.5,502
False,428.7262,59.6872,59699.4240384,560,502
False,427.4135,56.34773,59699.4561024,532.5,502
False,426.0634,54.04009,59699.4880256,528,502
False,425.4727,49.83147,59699.5202432,582.5,502
False,426.1523,51.49813,59699.5523584,491.5,502
False,427.2563,46.68299,59699.5844096,582,502
False,428.5749,45.83013,59699.6160512,572,502
False,429.1713,45.78115,59699.6481024,560.5,502
False,430.9355,49.62453,59699.696192,439,502
False,430.2604,49.33804,59699.728128,425,502
False,428.9946,49.88694,59699.7611392,398,502
False,429.01,49.99345,59699.7924096,382,502
False,428.9063,50.48932,59699.8240768,366.5,502
False,429.1329,50.31852,59699.8559872,360,502
False,429.0116,50.05867,59699.8879872,375,502
False,429.3329,49.94779,59699.920768,373.5,502
False,429.2602,49.80476,59699.9523968,385,502
False,429.2982,49.5258,59699.9842816,394,502
False,429.5197,49.46264,59700.0162048,406,502
False,429.4677,49.19577,59700.0482048,418,502
False,429.0858,48.82184,59700.096192,435,502
False,429.1362,48.48256,59700.129088,449,502
False,428.7749,48.19503,59700.1608704,476,502
False,428.483,47.88003,59700.192576,489,502
False,428.7252,47.83002,59700.2240768,478.5,502
False,428.8122,47.91516,59700.2564864,497,502
False,428.726,47.69424,59700.2881408,483.5,502
False,428.5781,47.90767,59700.320128,491,502
False,428.6907,47.98544,59700.3521536,492,502
False,428.7251,47.98531,59700.3847424,488,502
False,428.8471,47.86483,59700.4162176,489.5,502
False,428.6684,47.90233,59700.44832,479.5,502
False,428.8205,47.68039,59700.4962688,473.5,502
False,428.6725,47.58376,59700.5282176,484.5,502
False,428.6352,47.40897,59700.5609088,498,502
False,428.5152,47.01118,59700.5926784,521.5,502
False,428.0997,46.72963,59700.6245504,540,502
False,427.6089,46.4041,59700.656064,537,502
False,427.1612,45.99517,59700.6881024,552,502
False,427.1671,45.74615,59700.7202432,551.5,502
False,426.8724,45.21079,59700.7521792,559,502
False,426.6783,44.81205,59700.7848192,556,502
False,426.5449,44.5303,59700.8166656,561,502
False,426.4172,44.24643,59700.84832,548.5,502
False,426.5387,44.09997,59700.8963456,548.5,502
False,426.6126,43.86183,59700.928192,558.5,502
False,426.7388,43.91482,59700.9601664,563.5,502
False,426.8073,43.89994,59700.9924736,563,502
False,426.9907,43.74091,59701.0241792,554.5,502
False,426.7287,43.8833,59701.0562816,567,502
False,426.1214,43.52528,59701.088192,567,502
False,426.4237,43.02555,59701.1202944,535,502
False,426.0016,42.40025,59701.1528832,525.5,502
False,423.7368,41.10814,59701.1850368,579.5,502
False,423.4336,40.26805,59701.2167808,528.5,502
False,422.228,38.98754,59701.2483712,535,502
False,419.4043,37.50407,59701.2964224,533,502
False,416.6775,36.03022,59701.3283072,524,502
False,414.216,35.40406,59701.360384,525.5,502
False,411.2922,34.83689,59701.393216,515,502
False,408.3793,34.98228,59701.4247552,508,502
False,405.9529,34.48016,59701.4563456,558.5,502
False,403.233,33.76909,59701.4882816,550,502
False,400.5691,33.41515,59701.5202688,550,502
False,397.8786,33.33153,59701.5523072,554.5,502
False,394.9728,32.63316,59701.5848448,577,502
False,392.34,32.2038,59701.6165376,597,502
False,389.127,32.55234,59701.6484608,552.5,502
False,386.0771,33.24573,59701.6963712,536.5,502
False,383.2842,33.2199,59701.7284352,549.5,502
False,380.4105,32.97904,59701.7614592,572.5,502
False,377.5661,32.71981,59701.7927808,577,502
False,374.8562,32.4702,59701.8243328,576,502
False,371.7968,32.47956,59701.8563456,579,502
False,367.4939,32.50387,59701.88832,603,502
False,363.6579,32.4297,59701.9202944,610.5,502
False,359.566,33.01565,59701.9531392,564.5,502
False,355.4128,33.41589,59701.9849344,535,502
False,351.6895,33.79994,59702.0163328,569,502
False,348.3516,33.82047,59702.0483584,557,502
False,345.4576,33.50592,59702.0964864,535,502
False,343.2218,33.29155,59702.1284736,542.5,502
False,340.7846,32.8594,59702.1607936,559.5,502
False,337.9633,32.39515,59702.1923584,577,502
False,335.3178,32.57301,59702.2245376,557,502
False,332.0753,32.99118,59702.2564352,529,502
False,328.532,33.68772,59702.2883328,522.5,502
False,325.9258,34.10525,59702.3210624,521,502
False,323.3183,34.44046,59702.3527424,488.5,502
False,320.6642,34.41632,59702.3844608,484,502
False,317.7553,34.68368,59702.4169344,509.5,502
False,314.3745,35.30514,59702.4486912,538,502
False,311.6825,36.40209,59702.496512,526,502
False,309.5868,37.00224,59702.528512,521.5,502
False,308.4897,37.66501,59702.5603456,504,502
False,308.1849,38.41801,59702.5929344,494,502
False,307.9166,38.99659,59702.624896,489.5,502
False,307.5486,39.78708,59702.6565504,490,502
False,307.273,39.99726,59702.688448,486.5,502
False,306.8977,40.19291,59702.7204096,489,502
False,306.2781,40.21787,59702.752768,498,502
False,306.0833,40.0331,59702.7849216,508.5,502
False,306.1651,39.72974,59702.8164352,491.5,502
False,305.8773,39.77887,59702.8485376,506.5,502
False,305.8921,39.64764,59702.8974464,508,502
False,305.9214,39.55556,59702.9289344,498,502
False,305.9671,39.87899,59702.9605248,511,502
False,305.7217,39.82372,59702.9925376,511.5,502
False,305.6516,39.66601,59703.0250624,509,502
False,305.7417,39.59259,59703.0568576,508.5,502
False,305.1813,39.83684,59703.0884992,523,502
False,305.0867,39.97088,59703.1204224,526.5,502
False,305.106,39.94029,59703.1524864,522,502
False,305.0555,39.89534,59703.18464,525.5,502
False,304.9863,40.07788,59703.2169216,535,502
False,305.0212,40.05124,59703.2484224,533.5,502
False,304.8192,40.18199,59703.2964864,538.5,502
False,304.384,40.24489,59703.328448,546.5,502
False,304.5247,40.33303,59703.3605504,548.5,502
False,304.2558,40.38694,59703.39296,556.5,502
False,304.3052,40.40858,59703.4249088,551.5,502
False,304.101,40.47059,59703.456576,552.5,502
False,304.0472,40.40448,59703.4884864,557.5,502
False,304.0329,40.47585,59703.5208704,562.5,502
False,303.9572,40.45238,59703.5528192,560,502
False,304.0266,40.42055,59703.5846784,558,502
False,304.0121,40.4586,59703.616576,553.5,502
False,304.8497,40.24744,59703.649152,520,502
False,305.2,40.38016,59703.6969472,512.5,502
False,305.9726,40.08333,59703.728576,498,502
False,306.5519,39.89003,59703.76064,488,502
False,305.6577,39.77524,59703.7925888,503.5,502
False,306.9331,39.48164,59703.8246272,481,502
False,305.3314,39.75197,59703.857792,508,502
False,307.0155,39.72692,59703.8885248,473,502
False,304.4282,40.17268,59703.9209984,527,502
False,304.2834,40.27925,59703.9525632,527,502
False,303.7071,40.61598,59703.9846784,536,502
False,303.8069,40.83772,59704.0169344,513.5,502
False,305.4808,40.58749,59704.0485888,461,502
False,304.0099,41.43671,59704.096576,474,502
False,301.7743,42.9888,59704.1285376,461.5,502
False,300.1765,43.41711,59704.1606272,465.5,502
False,298.5494,44.1016,59704.1931264,479,502
False,297.1142,44.95542,59704.2251648,486,502
False,295.8759,45.84899,59704.256768,452.5,502
False,295.9213,46.88692,59704.2890368,451,502
False,296.1455,46.96888,59704.3212672,444.5,502
False,295.9857,46.83597,59704.3526272,443,502
False,295.5178,46.91236,59704.38592,435.5,502
False,294.7595,47.34277,59704.41728,441.5,502
False,294.0962,47.56582,59704.4487296,433,502
False,293.9022,47.74178,59704.4966656,426,502
False,293.3792,48.30344,59704.528704,407,502
False,292.6277,48.72927,59704.560768,394,502
False,291.9821,48.60332,59704.5932032,381.5,502
False,290.325,49.07826,59704.6251776,402.5,502
False,289.3329,48.62299,59704.6568576,374,502
False,288.537,48.69106,59704.6887808,389.5,502
False,287.9474,49.25606,59704.720704,364.5,502
False,287.9823,50.33235,59704.7530624,339.5,502
False,288.4484,51.2976,59704.7851008,340.5,502
False,288.9778,51.03896,59704.8167552,338,502
False,289.0902,50.96114,59704.8488576,334.5,502
False,289.0073,51.11957,59704.8967936,341.5,502
False,288.6127,51.38636,59704.9286272,352,502
False,288.7433,51.59339,59704.9619968,348,502
False,288.689,51.69995,59704.9931904,350.5,502
False,288.67,51.6799,59705.0249856,352.5,502
False,288.7798,51.23363,59705.0568832,336,502
False,288.6098,51.38484,59705.0887296,343,502
False,287.9668,51.61586,59705.120704,351,502
False,287.5302,52.05814,59705.1531648,355.5,502
False,286.8856,52.72275,59705.1852416,368.5,502
False,286.4294,52.51382,59705.2167424,331.5,502
False,284.5652,51.85395,59705.248768,343.5,502
False,284.4191,51.41909,59705.2968448,309,502
False,284.1393,52.13601,59705.3293056,299,502
False,284.445,52.42638,59705.3612032,304.5,502
False,284.6396,52.39967,59705.3929344,301.5,502
False,284.5724,52.67647,59705.424896,306,502
False,283.9839,52.85801,59705.4568576,331,502
False,283.6364,52.99375,59705.4887552,346.5,502
False,283.38,53.16327,59705.521408,367.5,502
False,282.6553,53.46536,59705.5527424,382.5,502
False,281.9766,54.09697,59705.58528,412.5,502
False,280.6208,54.5082,59705.6167424,447,502
False,279.0387,55.17237,59705.648896,482.5,502
False,277.2579,55.74596,59705.6968704,515,502
False,275.2841,55.98265,59705.7292928,528.5,502
False,273.1625,56.01089,59705.7613184,535.5,502
False,270.4663,55.96358,59705.7931008,512.5,502
False,268.7021,56.46614,59705.8249216,512,502
False,267.5359,56.95607,59705.856896,516,502
False,266.3046,57.21841,59705.8887808,510.5,502
False,265.4099,57.26855,59705.9217536,496.5,502
False,264.3032,57.40097,59705.9531904,480.5,502
False,263.4968,57.09005,59705.9850752,490.5,502
False,262.976,56.41499,59706.0169472,471.5,502
False,261.5468,56.46883,59706.0489216,492,502
False,260.1813,56.43933,59706.097408,500,502
False,258.5775,56.51485,59706.1293696,510.5,502
False,256.7291,56.42829,59706.1608704,512.5,502
False,255.3172,56.42934,59706.1934464,496.5,502
False,254.068,57.26862,59706.2248576,512.5,502
False,252.7693,57.4865,59706.2571904,524.5,502
False,251.4391,57.51217,59706.288832,534,502
True,250.4216,57.43897,59706.3208064,538,502
True,248.8577,57.67504,59706.3528448,557.5,502
True,246.469,57.9022,59706.385152,567.5,502
True,243.3717,58.24834,59706.4172288,578.5,502
True,242.4064,57.74886,59706.4497024,584,502
True,243.8506,56.60982,59706.49696,560,502
True,245.4485,55.7364,59706.5289728,554.5,502
True,247.4691,55.22729,59706.5616512,526.5,502
True,248.7367,55.12272,59706.593344,521.5,502
True,249.6479,54.52053,59706.6248832,507.5,502
True,250.2664,54.32027,59706.656896,510.5,502
True,250.804,54.47695,59706.6889088,502.5,502
False,251.0469,55.03883,59706.7208576,515,502
False,251.2045,56.18236,59706.7532672,504.5,502
False,251.4456,57.52662,59706.7851136,516.5,502
False,251.5336,58.98724,59706.817088,522.5,502
False,251.5854,60.98197,59706.8490496,527,502
False,252.0753,63.56543,59706.8970496,551.5,502
False,253.0229,66.26184,59706.9294848,566.5,502
False,254.7325,68.92459,59706.961728,541.5,502
False,256.7767,71.85966,59706.9936384,528.5,502
False,258.7039,75.11922,59707.0253184,541,502
False,260.361,79.21063,59707.0569216,561,502
False,263.0323,83.27044,59707.0889856,556.5,502
False,266.5197,87.08195,59707.1209344,541,502
False,270.7413,90.54321,59707.1529472,553.5,502
False,275.2659,94.37356,59707.1857152,563.5,502
False,278.4146,98.31548,59707.2174592,541.5,502
False,281.5073,102.7009,59707.2495232,545,502
False,284.3687,107.3282,59707.2972032,547,502
False,287.5258,111.3377,59707.3291136,535,502
False,291.5486,113.919,59707.3609984,526.5,502
False,295.9707,116.6493,59707.3931904,546,502
False,299.2577,120.325,59707.4253056,562,502
False,301.649,124.4364,59707.4570112,538.5,502
False,302.8012,128.1033,59707.4889472,539,502
False,304.1279,131.2877,59707.5210368,559,502
False,306.1363,133.3044,59707.5530112,570,502
False,308.8437,134.3376,59707.5857664,545,502
False,311.6649,134.0006,59707.6175232,558,502
False,315.2099,135.2256,59707.6493568,571,502
False,318.106,137.4987,59707.6971264,564.5,502
False,320.9684,139.5726,59707.7290624,565,502
False,323.2798,141.3039,59707.7610112,560,502
False,326.653,143.2047,59707.793408,562.5,502
False,330.8545,144.5317,59707.8253824,568,502
False,335.1296,144.9009,59707.8571136,573.5,502
False,339.924,144.6974,59707.8892288,548,502
False,344.8282,144.3752,59707.9210112,554,502
False,349.9164,144.8541,59707.953152,558.5,502
False,354.0453,145.5786,59707.9860736,573.5,502
False,357.2139,146.4411,59708.017024,573.5,502
False,360.621,147.0094,59708.0513024,566,502
False,364.0851,148.005,59708.097152,599.5,502
False,367.8783,148.3805,59708.1293568,611,502
False,370.392,147.7453,59708.1610112,582.5,502
False,373.3847,146.6758,59708.193088,587.5,502
False,376.6024,145.8331,59708.225152,591,502
False,380.6608,145.7251,59708.2575488,599.5,502
False,384.2535,146.4371,59708.2891776,599,502
False,388.2411,147.3073,59708.3211904,609,502
False,392.1552,147.8531,59708.353152,586.5,502
False,396.1813,146.5232,59708.3852032,462.5,502
False,400.5053,147.1194,59708.4175232,488.5,502
False,403.0771,147.9801,59708.4495744,560,502
False,405.9008,147.8528,59708.4971136,566,502
False,407.3624,147.1009,59708.5290624,556.5,502
False,407.9009,146.0766,59708.561216,533,502
False,407.6957,145.3569,59708.5931904,523,502
False,406.9131,145.2724,59708.6256128,500.5,502
False,407.3461,147.0737,59708.6577152,561,502
False,407.7078,147.7155,59708.6897152,587.5,502
False,408.0796,147.8717,59708.721216,588.5,502
False,408.2456,147.8208,59708.7532544,592.5,502
False,408.2643,147.7976,59708.7852032,592,502
False,408.2335,147.8219,59708.817216,592.5,502
False,408.4232,147.8372,59708.8496128,597,502
False,408.2624,147.6904,59708.8971264,597,502
False,407.9893,147.44,59708.929152,592,502
False,407.7174,147.3443,59708.9612032,591.5,502
False,407.9616,147.4725,59708.9931648,590.5,502
False,408.471,147.6497,59709.0262784,589.5,502
False,408.4898,147.7143,59709.0572416,591,502
False,408.4985,147.6211,59709.0898688,596.5,502
False,408.6305,147.6192,59709.1213056,607.5,502
False,408.5822,147.4562,59709.1532032,595.5,502
False,408.702,147.4692,59709.1853184,603.5,502
False,408.6131,147.3689,59709.2175488,600.5,502
False,408.8144,147.3557,59709.249216,597,502
False,409.1116,147.264,59709.297216,596,502
False,409.0821,147.1292,59709.3291648,591,502
False,408.9807,147.0812,59709.3612288,595,502
False,408.9005,147.126,59709.393984,598,502
False,408.8158,147.3423,59709.4259712,598,502
False,408.9669,147.5862,59709.4573056,605,502
False,409.193,147.2796,59709.4898176,596,502
False,409.9445,147.4766,59709.5213824,606,502
False,409.8733,147.2408,59709.5532672,605,502
False,409.831,146.9958,59709.5853824,602.5,502
False,410.1508,147.3598,59709.6172928,624.5,502
False,410.0139,147.253,59709.6498816,612,502
False,410.0815,147.2508,59709.6975872,618,502
False,410.0579,147.359,59709.7291776,630,502
False,410.1903,147.2791,59709.7613696,623.5,502
False,410.131,147.2018,59709.793408,623.5,502
False,409.8733,147.3386,59709.8253824,634,502
False,409.4747,146.6706,59709.857792,592,502
False,409.2239,146.6257,59709.890112,589.5,502
False,408.8662,146.4608,59709.9213696,555.5,502
False,408.0105,143.628,59709.9536384,414,502
False,407.9583,143.6511,59709.9853312,407.5,502
False,408.1468,144.2243,59710.0172928,428,502
False,408.6127,146.793,59710.049728,553,502
False,408.6765,146.9456,59710.0977792,591,502
False,408.9326,146.7112,59710.1298048,591,502
False,408.8182,146.7748,59710.1613952,622.5,502
False,408.9523,146.9768,59710.1933952,639,502
False,409.047,147.1051,59710.2253952,631,502
False,408.9925,146.997,59710.2575232,620,502
False,408.9875,147.2031,59710.290176,624.5,502
False,409.196,147.5156,59710.3220608,615.5,502
False,409.005,147.577,59710.3533184,602,502
False,409.0269,147.4696,59710.3858048,608,502
False,408.6464,147.2531,59710.4173696,608.5,502
False,408.4996,147.205,59710.4500352,610.5,502
False,408.8661,147.0611,59710.4978176,606,502
False,409.2986,147.0453,59710.5294464,618,502
False,409.6431,146.7929,59710.5614208,607.5,502
False,410.1209,146.6409,59710.5934336,608,502
False,410.2431,146.86,59710.625536,619,502
False,410.4598,147.0238,59710.6580736,622,502
False,410.8538,147.2044,59710.6903936,624.5,502
False,411.227,147.4704,59710.7218048,624,502
False,411.1231,147.3533,59710.7533952,617.5,502
False,411.3179,147.3721,59710.7854592,627,502
False,411.127,147.1632,59710.8183552,618,502
False,411.2521,147.1691,59710.8497536,624,502
False,411.0714,147.2318,59710.897472,623.5,502
False,410.9893,147.184,59710.9294848,626,502
False,411.4028,147.3028,59710.961472,638.5,502
False,411.4611,147.3504,59710.9935232,634,502
False,411.3096,147.2466,59711.025984,619,502
False,411.512,147.2917,59711.0575488,612,502
False,411.461,147.2313,59711.0894592,619,502
False,411.6778,147.3885,59711.1216256,631,502
False,411.4715,147.3156,59711.1535616,619,502
False,411.3635,147.0152,59711.1860224,624,502
False,411.5699,146.9915,59711.2178688,630.5,502
False,411.5401,146.864,59711.2494592,624,502
False,411.6492,146.9496,59711.2974976,612,502
False,411.6158,146.9897,59711.3294592,616,502
False,412.084,147.2455,59711.3615232,617,502
False,411.8861,147.1161,59711.393984,611.5,502
False,411.1141,147.479,59711.4260096,596,502
False,410.4082,147.558,59711.4576256,587.5,502
False,410.3195,147.5027,59711.489728,592.5,502
False,411.1082,147.7651,59711.5220608,614.5,502
False,411.8069,147.9173,59711.553856,614.5,502
False,412.8164,147.9953,59711.5856128,640,502
False,412.9646,147.7362,59711.6176384,640,502
False,413.0876,147.7754,59711.6501376,631.5,502
False,413.0735,147.8076,59711.6975104,630.5,502
False,413.1363,147.6755,59711.7303168,622.5,502
False,413.3572,147.1842,59711.7620608,607,502
False,413.8478,147.1116,59711.7936768,599,502
False,413.9918,147.022,59711.8257024,569,502
False,413.1911,144.0654,59711.8577024,395,502
False,413.5175,144.4994,59711.8897664,414.5,502
False,413.5176,145.0486,59711.922496,449.5,502
False,413.3904,145.3715,59711.9539456,476,502
False,413.3956,145.9209,59711.985664,495,502
False,413.4421,145.6734,59712.0175744,496.5,502
False,413.2806,145.3744,59712.0495616,455,502
False,413.0284,145.3223,59712.0976256,452.5,502
False,413.3922,145.5418,59712.1307008,464.5,502
False,413.201,146.312,59712.1620608,515,502
False,413.345,146.7484,59712.193664,542.5,502
False,413.4037,147.2657,59712.2255616,566.5,502
False,412.3942,147.3059,59712.2576896,547.5,502
False,411.8426,147.9828,59712.2908032,582.5,502
False,411.4309,148.0655,59712.3219584,587.5,502
False,411.1962,147.7294,59712.3536128,549.5,502
False,411.5009,147.647,59712.3857024,552,502
False,411.8112,146.9012,59712.4177792,513,502
False,413.1939,145.4695,59712.4656128,459,502
False,415.6238,147.2992,59712.4980608,556,502
False,416.4964,148.0609,59712.5300608,550,502
False,416.5641,148.4723,59712.5616512,523,502
False,417.5738,148.7258,59712.5938176,527.5,502
False,418.8921,148.7887,59712.6275712,520.5,502
False,422.8908,148.477,59712.6577664,604.5,502
False,423.5429,147.5306,59712.6902144,568.5,502
False,423.9109,146.788,59712.7217792,574,502
False,420.2124,145.6409,59712.7536512,485,502
False,420.6111,145.1523,59712.785728,486,502
False,425.4556,146.4978,59712.8176512,579.5,502
False,422.4641,146.0702,59712.8664576,482,502
False,423.6649,146.8497,59712.898048,484.5,502
False,424.713,147.275,59712.9296,486,502
False,429.6841,148.5274,59712.9616384,575.5,502
False,430.8922,148.9339,59712.9937024,598,502
False,431.7686,148.9938,59713.0257536,593.5,502
False,433.4838,149.9111,59713.0581632,626,502
False,435.2624,151.0972,59713.090496,648,502
False,431.7967,149.9043,59713.1217792,505,502
False,432.7234,149.9312,59713.1541248,472.5,502
False,433.0458,149.3169,59713.1862016,488,502
False,433.7867,148.9575,59713.217664,486,502
False,433.7877,148.2989,59713.2656768,460,502
False,434.0693,148.7453,59713.2976896,466.5,502
False,439.6922,150.5192,59713.330112,594.5,502
False,439.5182,150.2084,59713.362112,587,502
False,433.1674,148.1079,59713.393856,431,502
False,439.2239,149.9335,59713.4258304,579,502
False,432.8601,147.9117,59713.4578048,417,502
False,432.5113,148.0658,59713.489984,407.5,502
False,432.9667,148.2256,59713.5221248,421,502
False,432.5038,148.2558,59713.5541248,412.5,502
False,432.6473,148.2923,59713.5858176,422.5,502
False,432.2837,148.0759,59713.6178048,413,502
False,432.4136,148.2543,59713.665792,419.5,502
False,432.7054,148.4067,59713.6983552,434,502
False,433.0992,148.3681,59713.7300736,445.5,502
False,434.0703,148.5604,59713.7623168,472,502
False,434.7068,148.4826,59713.7938944,473.5,502
False,434.8474,148.3965,59713.8258176,464,502
False,434.1293,148.5407,59713.8583552,446,502
False,439.433,147.9359,59713.8904064,595.5,502
False,432.0265,147.3205,59713.921856,427.5,502
False,436.8723,146.891,59713.953856,553.5,502
False,429.5644,146.9065,59713.9860352,378,502
False,435.1671,146.0003,59714.018624,535.5,502
False,435.1867,145.3544,59714.0658304,552.5,502
False,435.0169,145.078,59714.0978048,551,502
False,435.393,144.6835,59714.1301632,564,502
False,435.5162,144.4752,59714.1618176,561.5,502
False,434.6439,144.326,59714.193984,548.5,502
False,433.6945,144.1503,59714.2258816,539,502
False,432.3531,144.0482,59714.2582912,529.5,502
False,431.1203,144.1628,59714.2906496,518,502
False,430.3681,144.0934,59714.3224448,517.5,502
False,430.0694,144.0722,59714.3539712,521.5,502
False,430.2054,144.0325,59714.386176,533,502
False,430.1684,143.9069,59714.4180608,533.5,502
False,430.2838,143.935,59714.4662784,551.5,502
False,430.1141,144.0079,59714.4980352,545,502
False,429.874,143.9319,59714.5301632,553,502
False,429.7591,144.0219,59714.561856,555.5,502
False,429.8347,144.0931,59714.5939072,556.5,502
False,429.7902,144.1987,59714.62592,556,502
False,430.1564,144.1313,59714.6580352,566,502
False,429.9287,144.4923,59714.6907776,561,502
False,429.9896,144.6384,59714.7223296,559.5,502
False,429.956,145.0237,59714.7542656,556.5,502
False,429.7747,145.003,59714.7859712,558.5,502
False,430.2381,144.9086,59714.8179072,563.5,502
False,430.3008,144.6172,59714.86592,573,502
False,430.1141,144.711,59714.8980736,564,502
False,429.973,144.6702,59714.9304832,561.5,502
False,430.184,144.6195,59714.9620352,569,502
False,429.9625,144.8198,59714.9940224,565,502
False,429.9119,144.7999,59715.0260864,565.5,502
False,430.0964,144.9349,59715.0580864,563.5,502
False,429.8511,145.1053,59715.0903936,554,502
False,429.9084,144.9461,59715.1223424,565.5,502
False,430.1896,144.94,59715.1540096,563.5,502
False,430.0247,144.9785,59715.1859968,559.5,502
False,430.0936,144.9543,59715.2186752,561,502
False,429.9911,145.011,59715.2660096,561.5,502
False,430.0607,144.9502,59715.2985344,568.5,502
False,429.9292,145.035,59715.3300864,567,502
False,429.9749,145.0696,59715.3620864,558,502
False,429.9282,144.9529,59715.3941888,562,502
False,429.9888,145.0163,59715.4261376,551.5,502
False,427.6503,145.9548,59715.4584576,490,502
False,429.6827,144.1534,59715.4898944,552,502
False,429.0345,143.8554,59715.5223296,555.5,502
False,427.5652,144.4745,59715.5540352,532.5,502
False,427.9666,143.3418,59715.5860864,548,502
False,428.2018,142.0377,59715.6180352,570,502
False,428.3387,140.0216,59715.66656,587,502
False,428.751,136.6658,59715.6981632,597,502
False,430.4813,132.7066,59715.7302144,575.5,502
False,431.7445,129.6551,59715.7621376,589,502
False,432.5782,127.0644,59715.7941504,621.5,502
False,433.1539,124.7424,59715.8264704,612,502
False,432.2708,121.0657,59715.8584192,576,502
False,431.343,117.8218,59715.8899456,586.5,502
False,431.1076,114.4954,59715.9219584,599.5,502
False,431.4818,110.731,59715.9541504,580.5,502
False,431.6387,106.1181,59715.9861376,601,502
False,432.2782,101.6387,59716.0190976,601.5,502
False,432.4652,96.76162,59716.0663936,591.5,502
False,431.9912,91.22182,59716.0985984,548.5,502
False,430.2589,86.64622,59716.1302144,570.5,502
False,428.9156,81.75591,59716.1621888,556.5,502
False,428.9314,77.07096,59716.1945344,559,502
False,429.4406,72.0777,59716.2262016,547,502
False,430.0156,67.41509,59716.258176,556.5,502
False,429.7053,63.34783,59716.290176,517.5,502
False,428.1015,60.53075,59716.3220864,504,502
False,426.9855,58.88417,59716.354624,495,502
False,426.8532,56.73897,59716.3864832,461,502
False,427.3406,56.77199,59716.4180736,460.5,502
False,428.1107,56.49069,59716.4661888,474.5,502
False,428.6783,56.20956,59716.498944,456.5,502
False,429.0634,56.17486,59716.5309312,457.5,502
False,429.4312,56.28277,59716.5625984,461.5,502
False,429.4076,56.24661,59716.5942272,467,502
False,429.5722,56.28645,59716.6261632,455,502
False,429.5173,56.74786,59716.6582528,447.5,502
False,429.5336,56.9696,59716.6907008,449.5,502
False,429.8507,56.77212,59716.7222784,422,502
False,429.638,56.95426,59716.7541248,430,502
False,429.6313,57.00075,59716.7861888,442.5,502
False,429.5284,57.13181,59716.8181376,437.5,502
False,429.4894,56.94784,59716.8665856,425,502
False,429.8699,56.90219,59716.8986368,417.5,502
False,430.0912,56.72069,59716.9301888,416.5,502
False,429.817,57.03421,59716.9622784,419,502
False,429.8412,57.05603,59716.9942784,413.5,502
False,429.6425,57.97588,59717.0267136,414.5,502
False,429.7746,58.65931,59717.0583552,407.5,502
False,430.033,59.61365,59717.0903936,383.5,502
False,430.209,60.40298,59717.1223552,368.5,502
False,430.7901,60.80371,59717.1541504,368.5,502
False,431.0174,60.95686,59717.1869696,382.5,502
False,431.2446,61.08028,59717.2186112,396.5,502
False,431.6524,60.97642,59717.2663424,410,502
False,431.4325,60.64148,59717.2986496,423.5,502
False,431.7495,60.46093,59717.330304,424.5,502
False,431.3932,60.39287,59717.3623552,425.5,502
False,431.1945,60.3709,59717.3943424,421.5,502
False,431.0552,60.27191,59717.4263552,426,502
False,430.9043,60.17921,59717.4587264,425,502
False,430.7669,60.13634,59717.4906624,420.5,502
False,430.7362,60.06879,59717.522176,424,502
False,430.7211,60.07351,59717.554368,428.5,502
False,430.7573,60.06272,59717.5862784,430.5,502
False,430.9834,59.97644,59717.61824,431.5,502
False,431.5012,60.04415,59717.6673792,419,502
False,431.0168,60.14832,59717.6983808,427,502
False,430.9018,60.17502,59717.730368,419,502
False,430.9032,60.08215,59717.7627264,422,502
False,430.9701,59.97905,59717.7947904,429.5,502
False,430.9716,59.63026,59717.8262272,439.5,502
False,430.8317,58.97231,59717.8585984,469.5,502
False,430.7081,58.16814,59717.8902912,510.5,502
False,430.3992,57.53463,59717.9223936,541.5,502
False,430.4003,56.84121,59717.9549824,550,502
False,430.0465,56.27787,59717.987264,577,502
False,430.1862,55.56399,59718.0185088,573,502
False,429.5352,54.65685,59718.0670464,594.5,502
False,429.3783,53.8801,59718.0988416,600.5,502
False,429.3893,52.65683,59718.1303808,610,502
False,429.6115,52.28321,59718.1623168,598.5,502
False,429.4721,51.38912,59718.1943552,600.5,502
False,429.2428,50.33935,59718.22624,609.5,502
False,429.4892,49.81364,59718.2586496,601,502
False,429.7647,49.56952,59718.2907136,585,502
False,428.4803,48.86517,59718.3223936,602,502
False,427.3633,48.59885,59718.3543168,577.5,502
False,426.8565,47.64713,59718.386368,571.5,502
False,426.3199,47.41382,59718.4187904,557,502
False,425.6725,46.83611,59718.4664192,540,502
False,425.1092,46.17099,59718.4984576,539,502
False,424.7278,45.87576,59718.5304448,520.5,502
False,424.8944,45.21453,59718.5624448,491,502
False,425.0112,44.67107,59718.5955456,492.5,502
False,424.5069,43.60049,59718.6265472,473.5,502
False,422.5731,41.66458,59718.6588416,479,502
False,420.4022,39.7715,59718.6909696,486.5,502
False,417.374,38.60297,59718.722368,471,502
False,413.9811,38.55654,59718.754368,451,502
False,411.443,37.7924,59718.7864448,456,502
False,408.2861,36.75965,59718.8188928,444.5,502
False,403.3723,34.09478,59718.8667648,517,502
False,403.1673,33.43865,59718.8983936,508,502
False,399.7095,32.83222,59718.9303808,525.5,502
False,394.0479,32.08743,59718.9623424,570,502
False,389.8932,33.65521,59718.994688,494.5,502
False,389.4651,35.64774,59719.0267776,431.5,502
False,385.8587,35.65758,59719.058368,440,502
False,381.9346,34.53806,59719.09056,451,502
False,376.9624,32.94733,59719.1225344,509.5,502
False,373.237,32.09883,59719.1544192,543,502
False,368.7117,32.05618,59719.1874944,537,502
False,364.6191,32.74216,59719.2190336,494.5,502
False,361.0645,35.37668,59719.2665856,434.5,502
False,358.1607,35.8752,59719.2985728,418,502
False,351.3016,32.96757,59719.3304576,498.5,502
False,348.327,31.94787,59719.3624448,527.5,502
False,345.2555,31.20282,59719.3948416,544,502
False,340.795,30.98856,59719.4267264,524.5,502
False,340.8267,33.42079,59719.4586368,404,502
False,338.0149,34.66546,59719.4905472,415,502
False,333.7339,33.87683,59719.5230208,456,502
False,329.5825,32.22686,59719.554624,515,502
False,326.0271,31.89511,59719.587072,535.5,502
False,322.5346,31.59657,59719.6185088,554,502
False,316.7878,31.22095,59719.6672384,612.5,502
False,313.8568,31.30707,59719.6986112,577.5,502
False,311.8583,32.04598,59719.7309184,580,502
False,312.6301,33.60188,59719.7625728,478.5,502
False,311.437,32.77651,59719.7944832,481,502
False,307.8981,32.54284,59719.8264832,533,502
False,308.6462,31.96912,59719.8588544,448,502
False,306.3964,31.70424,59719.8908928,483.5,502
False,305.779,31.34845,59719.9228928,463,502
False,305.4632,30.74184,59719.9545728,439,502
False,304.772,31.01149,59719.9877632,449.5,502
False,303.9426,31.70567,59720.0187136,453,502
False,303.2629,32.70243,59720.06784,466,502
False,303.1069,32.90798,59720.0990208,436.5,502
False,302.9398,34.14417,59720.1305856,418.5,502
False,308.1491,34.18164,59720.1625728,261.5,502
False,302.2747,33.80083,59720.1945216,441,502
False,301.8942,33.88059,59720.2268928,428.5,502
False,302.2339,33.76415,59720.2590848,424,502
False,302.081,33.88522,59720.291008,424,502
False,302.0229,33.72625,59720.3226496,400,502
False,302.0287,33.78788,59720.3545728,401.5,502
False,302.2014,33.91177,59720.386816,408,502
False,302.1708,33.91067,59720.4187776,403,502
False,302.3452,33.97756,59720.4671488,408.5,502
False,302.2365,33.85838,59720.4993024,406,502
False,302.1681,33.75765,59720.5305984,408.5,502
False,302.2666,33.77273,59720.5630464,407,502
False,302.4482,33.65692,59720.595008,410.5,502
False,302.202,33.93717,59720.62688,408.5,502
False,302.2464,33.46106,59720.6585728,404.5,502
False,302.3252,33.80327,59720.6905728,407.5,502
False,302.2351,33.86806,59720.7225344,405.5,502
False,302.3881,33.97449,59720.7545856,405,502
False,302.1447,33.95255,59720.7870592,414.5,502
False,302.4675,34.05954,59720.8192256,397.5,502
False,302.5699,33.83836,59720.8667136,398,502
False,302.539,33.83627,59720.8987264,397,502
False,302.5318,33.86592,59720.9307264,404,502
False,302.643,34.05203,59720.9628288,394,502
False,302.4431,34.02835,59720.9956224,411.5,502
False,302.4223,34.12427,59721.027072,401,502
False,302.366,34.01032,59721.0593408,387.5,502
False,302.7144,33.96113,59721.0905856,394.5,502
False,302.5077,33.80911,59721.1231232,402.5,502
False,302.4625,33.90078,59721.1546624,406.5,502
False,302.5918,33.98294,59721.1867776,400.5,502
False,302.4205,33.84634,59721.219264,403.5,502
False,302.4513,34.05144,59721.2667904,398.5,502
False,302.5321,33.9065,59721.2992128,397.5,502
False,302.6931,33.99707,59721.330752,397.5,502
False,302.5755,34.0665,59721.3626752,406,502
False,302.5413,33.88325,59721.3953408,404,502
False,302.5199,34.10569,59721.4270208,410,502
False,302.5635,34.08698,59721.4586624,400.5,502
False,302.3912,33.98533,59721.4913152,409,502
False,302.576,34.12464,59721.5227392,402.5,502
False,302.2969,34.75942,59721.5547008,402.5,502
False,302.1872,35.10582,59721.587392,409.5,502
False,302.335,35.46192,59721.6190208,407,502
False,302.2932,35.72235,59721.6669056,419,502
False,302.0323,35.86507,59721.698688,417.5,502
False,302.2201,35.83412,59721.730688,424,502
False,302.3357,35.76168,59721.7635072,421,502
False,302.2686,35.90166,59721.7951872,422,502
False,302.3687,35.7648,59721.8267008,419.5,502
False,302.4929,35.45972,59721.8587776,422,502
False,302.3779,35.45049,59721.8909056,422.5,502
False,302.451,35.18568,59721.9228416,412,502
False,302.2866,35.42049,59721.9551488,424.5,502
False,302.5043,35.30134,59721.9868544,422,502
False,302.5903,35.39606,59722.0188416,414.5,502
False,302.5596,35.391,59722.0668416,422,502
False,302.4885,35.42363,59722.0992896,419,502
False,302.5713,35.39125,59722.130752,423,502
False,302.4047,35.59769,59722.1631232,418,502
False,302.5907,35.43707,59722.1947392,414.5,502
False,302.5053,35.37759,59722.2268544,425.5,502
False,302.6408,35.28289,59722.2598656,413,502
False,302.3726,35.42435,59722.2913024,428.5,502
False,302.25,35.36085,59722.32288,424,502
False,302.3882,35.48758,59722.3547776,422.5,502
False,302.1727,35.58769,59722.3869952,430.5,502
False,302.5018,35.52547,59722.4188672,415.5,502
False,302.319,35.36972,59722.4677632,430.5,502
False,302.1594,35.58009,59722.4989056,437,502
False,302.2699,35.50867,59722.5311744,423,502
False,302.3598,35.49479,59722.5631744,416,502
False,302.3101,35.77575,59722.5947776,437,502
False,301.5169,36.37991,59722.6269184,433,502
False,300.9277,36.5577,59722.658944,440.5,502
False,300.1573,36.32109,59722.6917248,435.5,502
False,299.8449,36.18801,59722.72352,425.5,502
False,300.1577,36.03001,59722.7549312,416.5,502
False,300.0792,36.51441,59722.7870976,410.5,502
False,299.8248,36.5815,59722.8190336,409,502
False,300.3578,36.49799,59722.8671616,415,502
False,300.3022,36.37269,59722.8992,423.5,502
False,300.3123,36.71349,59722.931136,420,502
False,300.6239,36.48436,59722.9628416,405,502
False,300.7293,36.54222,59722.994816,412.5,502
False,300.2833,36.53711,59723.026944,406.5,502
False,300.481,36.4025,59723.0589568,426.5,502
False,300.5299,36.30346,59723.0914688,424,502
False,300.5857,36.2613,59723.1240448,409.5,502
False,300.3228,36.35404,59723.1550464,410.5,502
False,300.5659,36.32094,59723.1870464,417,502
False,300.6313,36.19681,59723.2189184,428.5,502
False,300.6259,36.23098,59723.2669824,425,502
False,300.7512,36.0716,59723.2993152,426,502
False,300.5204,36.20942,59723.3312768,403.5,502
False,300.8925,35.96363,59723.3630592,412.5,502
False,300.443,36.70697,59723.3949312,413.5,502
False,300.4468,36.38889,59723.428672,426,502
False,300.4656,36.13977,59723.4590208,424.5,502
False,300.7188,36.2516,59723.4915328,416,502
False,300.3967,36.45585,59723.5229312,428.5,502
False,300.727,36.23473,59723.5552,417.5,502
False,300.2752,36.69255,59723.5877504,418.5,502
False,300.5481,36.49881,59723.6194432,419,502
False,300.9671,35.9739,59723.6669952,415,502
False,300.8623,36.13493,59723.6990336,417.5,502
False,300.8644,36.23092,59723.7309312,421.5,502
False,300.338,36.51649,59723.7634432,429.5,502
False,300.4727,36.4026,59723.7953408,423.5,502
False,300.3329,36.76134,59723.8269696,426,502
False,300.5601,36.48751,59723.8589952,427,502
False,300.4297,36.39494,59723.8910208,422,502
False,300.5234,36.38056,59723.923072,423.5,502
False,300.8032,36.25516,59723.9555712,420,502
False,300.9598,36.21713,59723.988736,414.5,502
False,300.7839,36.08533,59724.0197888,418,502
False,300.9588,36.13485,59724.0677376,416.5,502
False,300.9578,36.20749,59724.0989312,418.5,502
False,300.5507,36.65566,59724.1311616,424,502
False,300.5554,36.47336,59724.1630848,428.5,502
False,300.7707,36.47499,59724.1955328,416.5,502
False,300.4425,36.51997,59724.2269952,421.5,502
False,300.6107,36.79176,59724.2591744,429,502
False,300.6033,36.40223,59724.2911744,418.5,502
False,300.5091,36.36651,59724.323072,422,502
False,300.5727,36.48434,59724.3558656,420.5,502
False,300.6084,36.56061,59724.388288,429,502
False,300.5569,36.32083,59724.4196224,426.5,502
False,300.6365,36.16686,59724.4673408,430.5,502
False,300.5288,36.5331,59724.4992256,428,502
False,300.6767,36.50121,59724.531584,415,502
False,300.8649,36.52545,59724.5631744,406,502
False,300.6304,36.46862,59724.5955456,427.5,502
False,300.5453,36.7762,59724.627072,421.5,502
False,300.5544,36.72262,59724.659136,420,502
False,300.4844,36.70375,59724.6919424,422.5,502
False,300.6143,36.67301,59724.7236864,420.5,502
False,300.521,36.69246,59724.7552,420,502
False,300.6455,36.58802,59724.7874432,417.5,502
False,300.557,36.54681,59724.8193152,425.5,502
False,300.6121,36.77228,59724.8672512,424.5,502
False,300.5461,36.74323,59724.8993408,424.5,502
False,300.5842,36.71344,59724.9317888,420.5,502
False,300.3923,37.03027,59724.9635328,424,502
False,300.6001,36.86131,59724.9950976,423,502
False,300.4224,37.06852,59725.0274176,413.5,502
False,300.4487,37.03659,59725.059136,419,502
False,300.3281,36.97513,59725.0913024,415.5,502
False,300.5399,36.45473,59725.1234816,405,502
False,300.3251,36.72098,59725.1552512,423.5,502
False,300.2677,36.78381,59725.1873536,424,502
False,300.252,36.831,59725.2193024,428,502
False,300.5363,36.59166,59725.2672512,415.5,502
False,300.242,37.0303,59725.2997504,423.5,502
False,300.364,36.73875,59725.331968,418.5,502
False,300.2848,36.89789,59725.3636992,426,502
False,300.4608,36.76699,59725.3953792,417,502
False,300.1978,36.85233,59725.4272512,425.5,502
False,300.1298,36.88226,59725.4592128,427.5,502
False,300.6575,36.67744,59725.4915584,417.5,502
False,300.3541,36.80745,59725.5235584,425,502
False,300.4269,36.72275,59725.5558528,422,502
False,300.3357,36.89045,59725.5874304,426,502
False,300.1851,37.11871,59725.6193792,417,502
False,299.6476,37.4669,59725.6674048,420.5,502
False,299.5398,37.19809,59725.6993664,419,502
False,299.5929,36.82117,59725.7317376,411,502
False,299.4222,36.42509,59725.7633408,410.5,502
False,299.3613,36.00972,59725.7953536,411.5,502
False,299.2506,36.16867,59725.8273536,417,502
False,298.9095,36.04643,59725.8592256,420,502
False,298.9335,35.66254,59725.8918144,403.5,502
False,298.6238,36.50173,59725.9232128,385,502
False,298.5399,36.6821,59725.9557248,399.5,502
False,298.6974,36.09382,59725.9874176,385.5,502
False,298.5563,36.26471,59726.0194176,391,502
False,298.9189,35.92989,59726.0675584,378,502
False,298.8961,35.9818,59726.0994816,375.5,502
False,299.0277,35.53146,59726.1318144,373.5,502
False,298.7951,35.97248,59726.1633536,381.5,502
False,298.9088,35.90013,59726.1956864,385.5,502
False,298.7281,35.99868,59726.22784,380,502
False,298.683,36.00043,59726.2595072,386.5,502
False,298.5068,35.81422,59726.291648,405.5,502
False,298.8236,35.59542,59726.3233024,393,502
False,298.6886,35.97004,59726.355392,395,502
False,298.8589,35.84442,59726.3874688,391,502
False,298.4918,35.8779,59726.4203008,394.5,502
False,298.6227,36.15167,59726.46784,394.5,502
False,298.8156,35.57303,59726.4995072,400.5,502
False,298.6729,35.7535,59726.5314432,405,502
False,298.8954,35.68148,59726.5633152,382.5,502
False,298.7814,35.73827,59726.5953536,398,502
False,298.791,35.69096,59726.6276608,398,502
False,298.6194,36.0789,59726.6592384,395,502
False,298.7251,36.05882,59726.6913408,391,502
False,298.753,35.63132,59726.7234048,405.5,502
False,298.819,35.95967,59726.7554048,388.5,502
False,298.909,35.68829,59726.7880192,408.5,502
False,299.0017,35.57584,59726.819904,394.5,502
False,298.8482,35.67714,59726.8676608,382,502
False,299.0118,35.63705,59726.8995968,394,502
False,299.1802,35.53153,59726.9315072,388.5,502
False,298.6276,35.9243,59726.9635712,409.5,502
False,298.5634,36.34914,59726.99584,379.5,502
False,298.124,37.02303,59727.0276736,398,502
False,297.959,37.18178,59727.059392,402.5,502
False,297.5615,37.56766,59727.0913536,404,502
False,297.7575,37.43515,59727.1237632,394.5,502
False,298.0457,37.17584,59727.1557504,390.5,502
False,298.0757,37.31776,59727.1875968,396,502
False,298.149,37.44294,59727.2195584,406,502
False,298.1473,37.35313,59727.2676352,404,502
False,298.2408,37.23142,59727.299712,392.5,502
False,298.192,37.2587,59727.3322752,397.5,502
False,298.1447,37.46526,59727.3635072,403,502
False,298.4183,37.16122,59727.3954816,398,502
False,298.2849,37.08588,59727.428032,392,502
False,298.4807,37.00215,59727.459776,388,502
False,298.0252,37.43768,59727.4914176,410.5,502
False,298.3785,37.07654,59727.523392,398.5,502
False,298.4645,37.06327,59727.5555968,392.5,502
False,298.2985,37.09266,59727.587584,397.5,502
False,298.3976,37.08701,59727.62048,396.5,502
False,298.4694,36.99664,59727.6681728,397,502
False,298.0216,37.30199,59727.6996352,409.5,502
False,298.1254,37.18317,59727.7317504,404,502
False,298.3291,37.23899,59727.7636096,397.5,502
False,298.1701,37.31171,59727.7955712,408.5,502
False,297.9474,37.45161,59727.8278016,418.5,502
False,298.2028,37.13728,59727.8594048,397,502
False,298.4195,37.02914,59727.8914304,406,502
False,298.1788,37.1822,59727.9234944,397,502
False,298.4271,37.01892,59727.9559808,396.5,502
False,298.1872,37.36048,59727.9883008,417.5,502
False,298.4161,37.1096,59728.0200832,404.5,502
False,298.3659,37.37124,59728.0676864,404.5,502
False,297.8854,37.49107,59728.099712,401.5,502
False,297.0268,38.46299,59728.1316352,416.5,502
False,297.3329,38.10322,59728.1636864,408.5,502
False,297.3687,38.10193,59728.1960192,405.5,502
False,297.8387,37.93101,59728.2276096,401,502
False,297.566,37.84049,59728.2598656,419,502
False,297.6735,37.6303,59728.2914944,412.5,502
False,298.0215,37.43507,59728.32352,403,502
False,298.1118,37.20802,59728.3562112,395,502
False,297.685,37.3246,59728.38816,401,502
False,297.8553,37.27847,59728.4196352,401,502
False,297.6634,37.39918,59728.4677376,407.5,502
False,297.9286,37.36198,59728.4997376,401.5,502
False,297.62,37.57884,59728.5316992,417.5,502
False,297.6808,37.42673,59728.5677312,414,502
False,297.8407,37.33128,59728.595776,406,502
False,297.5987,37.60747,59728.6282496,419.5,502
False,298.1515,37.29844,59728.6603776,406,502
False,297.8009,37.36248,59728.6922624,406,502
False,298.1533,37.42499,59728.7236608,405.5,502
False,297.8315,37.48693,59728.7556096,414.5,502
False,298.002,37.54992,59728.788864,414,502
False,298.3131,37.49566,59728.8199936,403.5,502
False,297.3086,38.2803,59728.867648,418,502
False,297.4189,37.91272,59728.8996864,401,502
False,297.5032,38.40161,59728.9317888,415,502
False,297.7317,38.18597,59728.963776,423,502
False,297.6735,38.21849,59728.99616,416.5,502
False,297.6494,38.2903,59729.0281856,426,502
False,297.6896,38.22477,59729.0603264,414.5,502
False,297.799,38.2342,59729.0918144,422,502
False,298.09,37.96391,59729.1236736,411,502
False,297.9521,38.15641,59729.155776,414.5,502
False,297.7133,38.06872,59729.1884288,422,502
False,298.1602,37.53433,59729.2202496,400.5,502
False,298.0845,37.83171,59729.2678016,412,502
False,297.8034,37.8263,59729.3001728,414.5,502
False,297.8148,37.82688,59729.3316864,413,502
False,297.8446,37.80831,59729.3638528,413,502
False,298.061,37.87111,59729.3957888,412.5,502
False,298.3014,37.81414,59729.4282368,412.5,502
False,297.8448,37.80121,59729.4598528,412.5,502
False,297.8005,37.77217,59729.4916864,406,502
False,298.1938,37.70772,59729.5237504,406,502
False,297.8053,38.05804,59729.5557248,413.5,502
False,297.4174,38.46819,59729.5881856,416.5,502
False,297.2109,37.93197,59729.6202368,416.5,502
False,297.005,37.91754,59729.6678784,430.5,502
False,296.8947,37.49242,59729.69984,418,502
False,296.3087,37.45877,59729.7324928,426.5,502
False,295.7035,36.94062,59729.7642624,407,502
False,294.9591,36.97413,59729.7963392,399.5,502
False,294.97,37.48542,59729.8279296,394.5,502
False,295.439,38.8704,59729.85984,375.5,502
False,295.112,39.5211,59729.8921344,387,502
False,294.9447,39.89201,59729.9241216,392,502
False,294.8305,39.98044,59729.955776,383.5,502
False,295.054,39.74825,59729.9878912,380,502
False,295.459,39.58022,59730.0198656,374,502
False,295.628,39.3388,59730.0689792,366,502
False,295.6133,39.14931,59730.0999296,365,502
False,295.3483,39.08299,59730.1321216,367.5,502
False,295.5555,39.00945,59730.164352,370.5,502
False,295.892,38.56928,59730.1959168,376.5,502
False,295.7771,38.52484,59730.227776,392.5,502
False,295.4963,38.83456,59730.2599296,409,502
False,295.1621,39.31501,59730.2926208,418.5,502
False,294.813,39.40925,59730.3241472,421.5,502
False,294.8475,39.46037,59730.3559808,418.5,502
False,294.9805,39.36951,59730.387904,410,502
False,294.6473,39.5826,59730.41984,396.5,502
False,294.5054,39.56227,59730.4678656,413.5,502
False,294.4589,39.65841,59730.5003136,403.5,502
False,294.1994,39.76534,59730.5323648,415.5,502
False,294.6367,39.48878,59730.5639424,401,502
False,294.3399,39.48034,59730.5959808,407,502
False,294.0131,39.63145,59730.6280192,407,502
False,293.9963,39.67942,59730.6598528,405,502
False,293.9016,39.70926,59730.6925824,403,502
False,293.5664,39.55826,59730.7242368,390.5,502
False,293.4978,39.56865,59730.7559168,386,502
False,293.5077,39.07518,59730.78784,368,502
False,293.4662,39.02812,59730.8198528,367.5,502
False,293.3225,38.73267,59730.867968,353.5,502
False,293.5689,38.61183,59730.9005184,349.5,502
False,293.1676,38.79131,59730.932416,345,502
False,293.401,38.75282,59730.9640704,325,502
False,293.1236,38.82212,59730.9960448,319.5,502
False,292.5901,38.76153,59731.028544,318,502
False,292.1927,38.58776,59731.0607616,310.5,502
False,292.0138,38.34427,59731.0925824,289.5,502
False,291.8514,38.03069,59731.1244288,271.5,502
False,290.8737,37.5773,59731.1559424,235,502
False,290.6558,37.7568,59731.1881088,214.5,502
False,290.2895,38.15495,59731.2199296,220.5,502
False,290.7617,38.39588,59731.2685952,210.5,502
False,290.8697,38.77045,59731.3005696,220,502
False,291.0324,38.81384,59731.3322112,226.5,502
False,291.1555,38.92258,59731.3638912,232.5,502
False,290.9957,38.42529,59731.3959168,232,502
False,290.7905,38.42746,59731.427968,235.5,502
False,290.9393,38.50667,59731.4599424,225,502
False,291.0218,38.42649,59731.4928128,229,502
False,291.0036,38.44109,59731.5241088,232,502
False,291.1581,38.44635,59731.5563904,233,502
False,291.1432,38.22877,59731.5886592,237.5,502
False,291.0862,38.18927,59731.6201216,236,502
False,291.126,38.27801,59731.668096,238,502
False,291.1148,38.07864,59731.6999808,239.5,502
False,291.1595,38.08693,59731.732608,232,502
False,290.941,38.2311,59731.7643264,231.5,502
False,290.5147,37.94552,59731.7960192,232.5,502
False,290.9507,39.18333,59731.8280192,260,502
False,290.9432,39.32407,59731.8601088,270,502
False,289.8682,38.77186,59731.8921472,244,502
False,290.268,39.19837,59731.9248384,265.5,502
False,290.092,39.07593,59731.9566336,259,502
False,290.1124,39.94347,59731.9880448,256.5,502
False,290.3718,40.07573,59732.02048,268.5,502
False,290.5671,40.17833,59732.068608,264.5,502
False,290.8315,40.34394,59732.0999936,267,502
False,290.9442,40.40228,59732.1319808,278,502
False,290.7282,40.52904,59732.164032,287,502
False,290.833,40.03565,59732.1969152,280.5,502
False,290.7528,39.64639,59732.2286848,263,502
False,290.617,39.68742,59732.2601728,265,502
False,290.6698,39.06187,59732.2921984,264,502
False,290.1304,38.74638,59732.3242368,253,502
False,290.0193,38.67731,59732.3560704,250.5,502
False,290.8917,38.78576,59732.3888256,278.5,502
False,290.689,38.79802,59732.4207104,269,502
False,290.6287,39.43158,59732.4680704,276.5,502
False,291.3401,40.01019,59732.5000704,294.5,502
False,291.8553,40.31497,59732.5325696,299.5,502
False,292.2195,40.52711,59732.5641216,310.5,502
False,291.8001,40.80068,59732.5967872,293.5,502
False,291.794,41.11632,59732.6285824,288,502
False,292.179,41.16216,59732.6602112,296,502
False,292.0769,41.11073,59732.6923392,290.5,502
False,291.9691,40.724,59732.7242368,296.5,502
False,292.0373,40.35311,59732.7560064,295,502
False,291.7207,40.13995,59732.7884928,302.5,502
False,291.6831,40.00821,59732.8201344,304.5,502
False,291.7195,39.80663,59732.868096,296.5,502
False,291.9781,39.40625,59732.9002496,304,502
False,291.6237,39.967,59732.9322112,303,502
False,291.9016,39.88979,59732.9648896,310,502
False,291.9271,39.74707,59732.9966464,313,502
False,292.0779,39.63334,59733.0282112,310,502
False,291.9199,39.74892,59733.060736,310,502
False,291.8619,39.64693,59733.0921472,312.5,502
False,291.9481,39.77158,59733.124992,305,502
False,291.7528,39.72674,59733.1565312,313.5,502
False,291.8026,39.71284,59733.1882112,314,502
False,291.8115,39.85413,59733.2201856,308.5,502
False,291.7158,39.69308,59733.2681728,315.5,502
False,291.8115,39.84356,59733.3002752,301.5,502
False,291.187,39.96929,59733.3326208,298.5,502
False,290.839,39.92548,59733.3649664,293,502
False,291.3134,39.61194,59733.3972352,301.5,502
False,291,38.58529,59733.4283776,276.5,502
False,290.7379,38.21066,59733.4603008,259.5,502
False,291.2845,38.32698,59733.4923392,262.5,502
False,291.243,38.24967,59733.5250432,251,502
False,291.6213,38.45258,59733.5566464,246,502
False,292.5625,38.57742,59733.5884288,246.5,502
False,292.7879,38.80896,59733.6203264,253,502
False,292.6782,38.94541,59733.6681984,259.5,502
False,293.0763,38.70172,59733.7001984,271,502
False,293.6421,38.36628,59733.7325184,258,502
False,293.771,38.42838,59733.76416,252.5,502
False,293.7291,38.12952,59733.7962368,253.5,502
False,293.6169,37.8174,59733.8283136,251,502
False,293.7092,37.37037,59733.8603392,243,502
False,293.3994,37.08102,59733.893376,234.5,502
False,293.3619,36.3751,59733.92448,215.5,502
False,293.3163,35.81404,59733.956288,216,502
False,294.1768,35.17603,59733.9889664,222.5,502
False,294.6922,34.88363,59734.0203136,222,502
False,294.3388,34.86636,59734.068992,214.5,502
False,294.2222,35.04783,59734.1003648,226.5,502
False,294.0885,35.35546,59734.1328896,241,502
False,294.0478,35.78978,59734.1645952,254.5,502
False,294.1804,36.21865,59734.1964032,248.5,502
False,295.5714,37.03082,59734.2284544,292,502
False,294.9724,36.95435,59734.2604032,277.5,502
False,295.0179,37.88328,59734.2925312,297,502
False,295.3425,37.74671,59734.3248768,291.5,502
False,295.686,37.98063,59734.356672,284,502
False,295.2019,37.82804,59734.3884416,267.5,502
False,294.4751,37.42006,59734.420288,257.5,502
False,294.3824,36.6615,59734.4683648,258,502
False,294.5946,36.01356,59734.5002752,233.5,502
False,294.5143,36.05007,59734.5330688,233,502
False,294.5675,36.08201,59734.5647872,252,502
False,295.1156,35.95619,59734.596352,262.5,502
False,293.907,36.36795,59734.6284672,260,502
False,293.4065,36.47601,59734.6605056,271,502
False,292.3493,35.55726,59734.6925824,260.5,502
False,291.1435,36.28436,59734.724928,194,502
False,291.0862,37.86433,59734.756736,185.5,502
False,291.368,39.49611,59734.7884544,192.5,502
False,291.756,40.89211,59734.8203136,207,502
False,292.0968,41.56375,59734.8683392,217,502
False,291.4029,41.93119,59734.9003264,218,502
False,290.0663,42.23497,59734.9327232,213.5,502
False,288.9865,41.97673,59734.9651968,222,502
False,288.2502,41.61171,59734.9964928,230.5,502
False,288.0509,41.84803,59735.029184,232.5,502
False,288.0507,42.05625,59735.0609408,240,502
False,287.9674,42.35319,59735.0926592,235,502
False,287.2448,42.98398,59735.1244928,218.5,502
False,286.923,43.18413,59735.1563904,210,502
False,286.9403,43.24105,59735.1885696,209.5,502
False,286.5913,43.62099,59735.2207744,208,502
False,286.7535,43.85681,59735.2689664,213,502
False,286.2227,44.60215,59735.3005696,217,502
False,285.7688,44.77177,59735.3324928,222,502
False,285.7042,44.93333,59735.3643776,217.5,502
False,285.7235,44.66517,59735.3963264,223,502
False,285.9258,44.87844,59735.4288128,218,502
False,286,45.17694,59735.461312,227,502
False,285.8695,45.73428,59735.4930304,212,502
False,285.6072,44.68936,59735.524544,213,502
False,285.7912,43.68141,59735.5564544,203.5,502
False,286.4183,42.76583,59735.5887104,200,502
False,287.1804,41.67526,59735.6206336,194,502
False,287.7097,41.52509,59735.669056,186,502
False,287.8735,42.45462,59735.7009792,191,502
False,287.7642,43.19061,59735.7328128,184.5,502
False,287.3592,43.9175,59735.7644544,200,502
False,287.0474,44.39951,59735.7965696,204,502
False,287.655,43.97995,59735.8284672,199.5,502
False,287.2809,44.06052,59735.8605184,184.5,502
False,286.1118,44.18824,59735.893248,170,502
False,288.4742,47.30241,59735.9249664,242.5,502
False,288.8898,48.03195,59735.9564928,313,502
False,287.3875,49.65411,59735.9887232,385,502
False,288.3374,51.22222,59736.020672,366,502
False,283.9782,50.74875,59736.0690176,467,502
False,282.1965,50.82015,59736.1010304,499.5,502
False,281.1474,51.40353,59736.1328512,501,502
False,279.2081,51.86096,59736.1644416,543,502
False,277.5995,52.42052,59736.1964928,541,502
False,275.8913,52.39112,59736.2285312,585.5,502
False,274.4174,52.43293,59736.2604672,579,502
False,272.969,53.16607,59736.2930688,553,502
False,271.0148,53.54891,59736.324736,552,502
False,268.9349,53.75399,59736.356544,532.5,502
False,266.759,53.6044,59736.3885824,538,502
False,264.4507,53.10938,59736.420736,544,502
False,262.0848,52.82661,59736.4693248,521,502
False,259.982,53.28338,59736.5011072,500.5,502
False,259.1147,54.95049,59736.5325056,478,502
False,259.3922,56.27052,59736.5648768,467,502
False,259.9027,56.78681,59736.5965696,467.5,502
False,260.0211,56.7448,59736.6286208,465,502
False,259.9754,56.77827,59736.6606336,446.5,502
False,259.4071,56.82482,59736.6926976,440.5,502
False,258.8871,57.24934,59736.7252224,444.5,502
False,258.2754,57.29821,59736.7570304,446,502
False,257.0555,56.63687,59736.7890816,447.5,502
False,256.0178,55.83101,59736.8207616,431,502
False,254.3776,54.97828,59736.8688256,422,502
False,251.9546,54.54937,59736.9009408,422,502
True,245.8233,53.70166,59736.9330048,490.5,502
True,248.3362,57.10531,59736.964608,402,502
True,247.9674,57.27604,59736.9965824,398.5,502
True,244.4598,55.79708,59737.0306176,469,502
True,245.2624,56.50359,59737.0614656,441.5,502
True,247.1195,57.59076,59737.0936576,443.5,502
True,247.9011,57.93136,59737.1256576,456.5,502
True,248.6553,58.18688,59737.1573376,470,502
False,251.1111,58.47392,59737.1893376,418.5,502
False,251.3396,57.95799,59737.2220928,428.5,502
False,251.2548,57.72839,59737.2690048,445.5,502
False,251.7225,57.34776,59737.3006976,450.5,502
False,251.4918,56.65812,59737.3328256,468,502
True,250.6291,56.29645,59737.3649536,483.5,502
True,249.4357,56.157,59737.3970944,500,502
True,247.9943,56.2612,59737.4299008,524.5,502
True,247.0294,55.98589,59737.4615168,543.5,502
True,246.3327,55.88564,59737.4928256,548,502
True,246.4058,55.70533,59737.525376,547.5,502
True,246.6846,55.72212,59737.5571328,538,502
True,247.1645,56.13544,59737.5890304,539,502
True,247.4728,56.8942,59737.6208,534,502
True,247.9286,58.00097,59737.668672,516,502
True,247.9757,59.46449,59737.7006848,521,502
True,248.2536,61.65374,59737.7330432,541.5,502
True,249.9373,63.31191,59737.7651328,544.5,502
False,251.8284,65.7095,59737.7968128,552.5,502
False,253.7269,69.01014,59737.8288512,542.5,502
False,254.5815,71.17277,59737.8608128,532.5,502
False,255.1945,72.85963,59737.892736,554.5,502
False,255.6892,74.63994,59737.9257984,555,502
False,256.8545,76.79474,59737.9569664,563.5,502
False,259.7505,80.76795,59737.9893632,582.5,502
False,264.8914,85.73061,59738.0367488,563,502
False,271.3534,92.26304,59738.0687616,524,502
False,276.7013,98.07669,59738.1007488,495.5,502
False,281.5823,102.8125,59738.1328,523.5,502
False,287.5012,105.9343,59738.1651968,507.5,502
False,294.3397,109.0598,59738.1975296,549,502
False,300.0643,113.6709,59738.229312,549.5,502
False,305.3459,118.9511,59738.2609408,545.5,502
False,309.2599,123.6874,59738.2932992,547,502
False,314.0139,128.247,59738.3249408,564,502
False,319.1543,131.3872,59738.3567616,538,502
False,325.2006,132.9944,59738.3892352,537.5,502
False,330.7534,134.2813,59738.4370816,557.5,502
False,336.3012,136.4959,59738.4688896,544.5,502
False,341.2082,138.7577,59738.5008128,560.5,502
False,346.7666,141.3417,59738.5328768,555.5,502
False,352.0478,143.053,59738.5653248,537.5,502
False,357.5472,144.2285,59738.5974144,558,502
False,362.4643,143.543,59738.6288512,546,502
False,367.7708,143.2113,59738.6609152,584.5,502
False,373.1968,143.7923,59738.6936704,582.5,502
False,378.18,144.9762,59738.7254144,575,502
False,382.0745,146.5672,59738.7570816,568,502
False,386.3047,148.4224,59738.7892608,612,502
False,389.6717,148.4194,59738.8370816,602,502
False,392.2611,147.7469,59738.8691456,583.5,502
False,394.6873,146.1481,59738.9014528,565,502
False,397.007,145.1771,59738.9331968,566.5,502
False,399.7878,145.1772,59738.964928,585,502
False,401.5903,145.3942,59738.9969024,580.5,502
False,402.4489,146.7968,59739.0292992,591.5,502
False,402.8107,147.896,59739.0609408,599.5,502
False,403.5954,148.2236,59739.0929792,610.5,502
False,405.5067,148.2691,59739.1251584,618,502
False,407.1461,148.3396,59739.1568384,610.5,502
False,408.1359,148.2953,59739.189376,591,502
False,408.9421,147.925,59739.2373248,553,502
False,409.0867,148.0669,59739.2693504,573,502
False,409.5933,147.696,59739.3009024,579,502
False,410.494,147.541,59739.332864,574.5,502
False,411.5809,147.1042,59739.3649664,579,502
False,412.8413,146.875,59739.3970432,564,502
False,413.8005,146.9285,59739.4296448,561.5,502
False,414.5591,147.1744,59739.4609792,568.5,502
False,415.6369,147.0794,59739.493888,577,502
False,416.6894,146.6815,59739.5256064,572.5,502
False,418.3798,145.7419,59739.5569536,584.5,502
False,420.2689,144.6773,59739.5890432,582,502
False,422.5838,143.3476,59739.6369536,571.5,502
False,424.4189,141.4949,59739.669696,557,502
False,424.9205,139.3881,59739.7014784,572.5,502
False,425.7654,137.0542,59739.733056,575.5,502
False,426.5609,135.7654,59739.7650432,589,502
False,427.549,135.5117,59739.7969152,589.5,502
False,428.0235,135.2142,59739.8290944,589,502
False,428.4314,134.341,59739.8615168,589.5,502
False,428.7406,132.445,59739.8932352,600,502
False,429.1028,129.7526,59739.9250944,624.5,502
False,429.6888,127.3943,59739.9570304,609.5,502
False,430.5329,124.9112,59739.9890304,608,502
False,431.1896,122.5879,59740.0378624,582,502
False,431.0862,120.7673,59740.069248,578,502
False,430.6608,120.1192,59740.1010816,569,502
False,430.476,119.8561,59740.1335168,563,502
False,430.3414,119.4325,59740.1655296,556.5,502
False,430.853,119.4604,59740.1971328,552,502
False,431.5786,119.7787,59740.2292352,534,502
False,431.4971,119.4736,59740.2611968,540.5,502
False,431.4619,118.951,59740.2931584,540.5,502
False,430.943,117.1468,59740.3254144,579,502
False,430.708,116.1521,59740.3571584,572,502
False,430.6823,114.6502,59740.3890944,588,502
False,430.749,112.6743,59740.4370176,591,502
False,431.0578,110.8242,59740.4692608,596.5,502
False,431.4703,108.9172,59740.5021056,591.5,502
False,431.6504,106.8289,59740.5337088,584.5,502
False,431.1203,104.1844,59740.5651712,593,502
False,430.632,102.174,59740.5971968,591,502
False,430.3846,100.8059,59740.6290944,608,502
False,430.2265,99.78379,59740.6620672,600.5,502
False,430.1369,98.71429,59740.6936064,591.5,502
False,430.1544,97.99944,59740.72512,590.5,502
False,430.2108,97.64088,59740.7575296,601,502
False,430.0625,97.58064,59740.7891072,587,502
False,429.9624,97.73367,59740.8372608,594.5,502
False,429.9774,97.92746,59740.8696192,590.5,502
False,429.8992,97.89833,59740.901248,588.5,502
False,429.7415,97.66439,59740.9332352,585.5,502
False,429.6575,96.43269,59740.9651968,600.5,502
False,429.3237,93.61948,59740.997184,604,502
False,429.3517,89.25432,59741.0301696,607.5,502
False,429.69,85.52558,59741.0610688,606,502
False,429.5835,80.9678,59741.0936832,559,502
False,429.0148,76.63832,59741.125248,541,502
False,427.3837,73.35759,59741.1571968,536,502
False,426.1681,67.55698,59741.1897856,588,502
False,426.5118,67.38118,59741.23712,529.5,502
False,427.3894,64.61122,59741.2692096,505,502
False,428.4761,62.63106,59741.3011072,491.5,502
False,428.9643,61.03975,59741.3331968,457,502
False,427.3546,60.67227,59741.365632,416.5,502
False,426.1792,61.12167,59741.3976704,400,502
False,426.1572,62.12895,59741.429248,395.5,502
False,426.0674,63.10434,59741.461312,361,502
False,426.1084,63.94005,59741.4933504,347.5,502
False,425.8161,64.79411,59741.5252736,333.5,502
False,425.599,65.22697,59741.5575296,327.5,502
False,425.6984,65.27694,59741.5897216,331,502
False,425.752,65.4734,59741.6371328,332,502
False,425.4826,65.15082,59741.669248,326,502
False,425.51,65.43598,59741.7012224,315,502
False,425.5149,65.34952,59741.7332736,329.5,502
False,425.656,65.43161,59741.7657728,329,502
False,425.7891,65.21596,59741.7978624,328,502
False,425.7089,65.36574,59741.8292224,324,502
False,425.8414,65.43975,59741.8613248,319.5,502
False,425.6609,65.47305,59741.8933248,318.5,502
False,425.3795,65.63292,59741.925696,321,502
False,425.5746,65.72086,59741.9575808,326,502
False,425.847,65.31918,59741.9892992,318,502
False,425.7432,65.32136,59742.0371968,320,502
False,425.9161,65.35168,59742.0694144,318,502
False,425.7045,65.55112,59742.1013248,326,502
False,425.8528,65.51685,59742.134272,321.5,502
False,425.6693,65.50928,59742.1656576,314.5,502
False,425.8328,65.62486,59742.1973376,303,502
False,425.322,65.63782,59742.2296832,323.5,502
False,425.7456,65.45733,59742.2617472,310.5,502
False,425.6524,65.27479,59742.2933504,316,502
False,425.7107,65.29247,59742.3253248,314,502
False,425.6327,65.5621,59742.3572608,314,502
False,425.6241,65.81393,59742.3896576,313.5,502
False,425.5188,65.78069,59742.4385024,305.5,502
False,425.3165,65.58524,59742.4695168,307,502
False,425.4263,65.81458,59742.5014656,306.5,502
False,425.2878,65.62427,59742.53344,314.5,502
False,425.4494,65.623,59742.5658368,313,502
False,425.5626,65.55231,59742.5974656,307.5,502
False,425.5475,65.64305,59742.6294528,303.5,502
False,425.3834,65.42219,59742.6613632,309.5,502
False,425.2423,65.39191,59742.6934656,313,502
False,425.4689,65.60181,59742.7256704,313.5,502
False,425.5105,65.10229,59742.7577088,334,502
False,425.7829,64.44009,59742.7894144,370,502
False,425.7726,63.25251,59742.8372992,398,502
False,425.7972,61.97357,59742.8694912,422.5,502
False,425.7435,60.84113,59742.9014784,449,502
False,425.8228,59.64693,59742.933952,464.5,502
False,425.9954,58.08668,59742.965952,473,502
False,426.6288,56.60106,59742.9975296,505.5,502
False,427.7192,54.61355,59743.0294784,546,502
False,428.8397,53.11801,59743.0614528,539.5,502
False,429.9731,51.89688,59743.0934528,507.5,502
False,429.4673,51.36267,59743.1264768,471.5,502
False,428.0505,51.31831,59743.157824,455,502
False,427.5889,51.55306,59743.1896064,446,502
False,427.7033,52.24844,59743.2374528,428,502
False,427.9823,52.08766,59743.2695936,433.5,502
False,428.0319,52.05809,59743.30144,439,502
False,428.2696,52.31248,59743.3339008,431.5,502
False,428.2962,52.41862,59743.3659648,426,502
False,428.3362,52.66266,59743.397568,416,502
False,428.4715,52.92825,59743.4295808,406.5,502
False,428.5605,52.76752,59743.4615552,411.5,502
False,428.7968,52.65122,59743.4938496,410,502
False,428.8028,52.85685,59743.52576,404,502
False,428.6946,52.69502,59743.5574784,411.5,502
False,428.7895,52.71717,59743.5894912,412.5,502
False,428.7332,52.91092,59743.6375296,413.5,502
False,428.7064,52.69127,59743.669568,420,502
False,428.7158,52.9914,59743.7018624,407,502
False,428.5597,52.6961,59743.7334144,419,502
False,428.5997,52.68676,59743.7659648,423,502
False,428.4861,52.58168,59743.7975552,427.5,502
False,428.4843,52.51306,59743.8295424,434,502
False,428.7416,52.28549,59743.8618752,425,502
False,428.7702,51.88429,59743.893824,410.5,502
False,428.5386,51.48071,59743.925504,406,502
False,427.9807,50.81152,59743.957568,405,502
False,427.3567,50.69713,59743.9896448,377.5,502
False,427.028,50.70758,59744.037632,387,502
False,427.0161,50.66756,59744.0701184,372,502
False,427.256,50.57203,59744.10208,357.5,502
False,427.2575,50.45675,59744.1336832,343,502
False,427.3565,50.34734,59744.1656832,345,502
False,427.6057,50.28437,59744.1975936,320,502
False,427.6102,50.83952,59744.2295296,336.5,502
False,427.9769,50.88153,59744.2618624,332,502
False,428.0489,51.02829,59744.2941824,324,502
False,427.9179,50.93629,59744.3254784,327,502
False,427.9317,50.98471,59744.3579136,327,502
False,427.7272,51.0056,59744.3900672,327.5,502
False,427.753,51.15071,59744.4376576,318.5,502
False,427.7222,50.93982,59744.4697472,324,502
False,427.7584,51.00153,59744.5017728,327,502
False,427.8777,50.88483,59744.5336576,328.5,502
False,427.7727,50.82001,59744.5660672,331.5,502
False,428.1335,50.53365,59744.5979392,317,502
False,428.0568,50.60062,59744.6295424,323,502
False,428.0051,50.85015,59744.6615808,327,502
False,428.0486,50.68165,59744.6941184,322.5,502
False,427.7374,50.81515,59744.7259648,334.5,502
False,427.9438,50.70796,59744.7576448,335,502
False,427.8583,50.74202,59744.7896832,334,502
False,428.0318,50.62455,59744.8376704,324.5,502
False,428.0597,50.8837,59744.870016,321,502
False,428.5688,50.43657,59744.9021568,345.5,502
False,428.7858,50.2318,59744.9340544,359.5,502
False,428.8997,49.76221,59744.9656832,382,502
False,428.4151,49.68221,59744.9975808,407.5,502
False,427.8754,49.12848,59745.0295424,425.5,502
False,427.5558,48.53451,59745.0622592,454,502
False,427.1714,47.88314,59745.0941824,473.5,502
False,426.5607,46.89772,59745.1258112,497,502
False,425.7106,46.01123,59745.1576448,519.5,502
False,425.126,44.86358,59745.1898624,529,502
False,424.8654,44.2614,59745.2377856,519,502
False,424.7788,43.89392,59745.2705024,518.5,502
False,424.6514,43.57512,59745.30208,522.5,502
False,424.2465,42.90966,59745.333696,529.5,502
False,423.1092,41.52455,59745.3655936,516,502
False,421.5268,40.11531,59745.3975936,529,502
False,420.3367,38.86326,59745.429632,548.5,502
False,418.8084,36.70729,59745.4619776,537.5,502
False,417.7501,34.80429,59745.4941568,559.5,502
False,416.0668,33.6739,59745.525824,576,502
False,414.2835,33.25874,59745.5577216,572,502
False,412.476,33.89071,59745.5899776,518.5,502
False,409.6791,35.03757,59745.638912,483.5,502
False,407.2822,35.05973,59745.6705536,505,502
False,404.4845,34.64088,59745.7018112,510.5,502
False,402.5163,33.6049,59745.734208,496.5,502
False,400.7152,32.91803,59745.7660288,518.5,502
False,398.4384,32.69517,59745.7978752,538,502
False,395.9588,32.54132,59745.8296448,550.5,502
False,393.1677,31.98963,59745.8617472,498,502
False,389.5109,32.40094,59745.8938752,495.5,502
False,386.0809,32.79613,59745.926208,490.5,502
False,382.311,32.99451,59745.9581184,486,502
False,378.8274,33.24919,59745.9900032,463.5,502
False,375.2214,32.76517,59746.0379136,458.5,502
False,371.4629,32.36742,59746.0699136,489,502
False,367.2712,32.70726,59746.1018112,525.5,502
False,362.6905,33.32342,59746.1343488,504.5,502
False,358.2658,34.6711,59746.1657472,488.5,502
False,353.8328,35.97617,59746.1980288,489.5,502
False,350.8193,36.97392,59746.2300672,524,502
False,348.5279,37.72434,59746.2617088,511.5,502
False,347.6497,37.55589,59746.2937344,499.5,502
False,348.0274,37.14103,59746.3267072,481,502
False,348.472,36.79541,59746.3577728,472.5,502
False,348.6861,36.53468,59746.3904768,471,502
False,348.6097,36.48737,59746.437888,468.5,502
False,349.0305,36.56383,59746.4700544,470,502
False,349.6302,36.52831,59746.5025408,471,502
False,349.9866,36.34606,59746.5341312,471.5,502
False,349.8923,36.40049,59746.56576,476.5,502
False,349.7912,36.25339,59746.5977728,467,502
False,349.2115,36.28896,59746.62976,484.5,502
False,348.8333,36.0487,59746.6617984,486,502
False,348.2577,35.91343,59746.6942848,489,502
False,347.9571,35.9332,59746.7259904,489,502
False,347.764,35.951,59746.757824,483,502
False,347.579,35.95939,59746.7900928,492.5,502
False,347.4426,35.98608,59746.8379008,491,502
False,347.4386,36.01867,59746.8704384,491,502
False,347.6429,36.05141,59746.9022208,483,502
False,347.4239,36.01933,59746.933824,491.5,502
False,347.6487,35.92451,59746.965824,483.5,502
False,347.2307,35.999,59746.9982208,502,502
False,345.6169,35.89259,59747.0302208,526,502
False,344.1765,35.76818,59747.0618624,527,502
False,342.7299,35.63458,59747.0939136,535,502
False,340.8154,35.11316,59747.1266688,515.5,502
False,340.0328,35.22089,59747.157888,502.5,502
False,339.4166,35.61117,59747.1907456,498.5,502
False,338.9802,35.56294,59747.2384256,496.5,502
False,338.1772,35.45595,59747.2702464,507,502
False,336.6255,35.63607,59747.3019136,517.5,502
False,335.4945,35.24157,59747.333824,514,502
False,333.7371,35.01892,59747.3658624,511,502
False,331.7401,34.65716,59747.3983232,508.5,502
False,329.7477,34.54702,59747.4303744,514,502
False,328.1245,34.68222,59747.4619904,503.5,502
False,326.2456,34.46113,59747.4940288,499.5,502
False,323.6547,34.57576,59747.5261184,473,502
False,321.7292,36.00621,59747.5579264,456,502
False,319.9129,36.71721,59747.5907072,465,502
False,319.0507,37.18048,59747.6386688,476.5,502
False,317.2149,37.43299,59747.6703872,480,502
False,317.4615,37.31099,59747.7019776,447.5,502
False,316.936,36.841,59747.7339136,445.5,502
False,315.7903,36.79932,59747.7667328,443.5,502
False,314.927,36.95298,59747.7984512,436,502
False,313.6102,36.895,59747.8300672,463.5,502
False,314.4911,37.15216,59747.86208,442.5,502
False,313.6552,37.1495,59747.8940672,466,502
False,314.5013,37.19805,59747.9260672,443.5,502
False,313.6026,37.04127,59747.958592,468.5,502
False,314.5047,37.22109,59747.9906944,442.5,502
False,313.6692,37.0495,59748.0381184,468,502
False,313.6331,37.07788,59748.0706432,466.5,502
False,314.6826,37.16553,59748.1020672,439,502
False,313.8864,37.06339,59748.1341056,457.5,502
False,314.7143,37.23379,59748.1667328,437,502
False,312.9807,37.25964,59748.1979776,484,502
False,314.6568,37.19886,59748.2304384,437.5,502
False,313.9952,37.05452,59748.2624,455.5,502
False,313.7644,37.09626,59748.29408,464,502
False,313.9384,37.08027,59748.3264384,463,502
False,314.5594,37.26778,59748.3583744,447.5,502
False,313.7087,37.09097,59748.3902464,463.5,502
False,314.5642,37.05669,59748.4381568,441,502
False,313.9388,36.88162,59748.4702592,466,502
False,313.4576,36.77836,59748.502016,476,502
False,312.6977,37.00202,59748.5352064,494.5,502
False,312.3936,37.23287,59748.566144,506,502
False,312.0972,37.43149,59748.598784,506,502
False,311.8302,37.40773,59748.630592,508.5,502
False,311.7824,37.52659,59748.6621824,514,502
False,311.3489,37.66127,59748.6942592,525,502
False,311.2093,37.58366,59748.7261568,512,502
False,310.7455,37.6292,59748.75808,511.5,502
False,310.8864,37.62246,59748.7906304,516.5,502
False,310.9496,37.59769,59748.8386048,519.5,502
False,311.0877,37.65189,59748.8702976,519,502
False,310.9542,37.60513,59748.9022336,520,502
False,311.1386,37.69735,59748.934144,516,502
False,311.0872,37.57854,59748.9662208,522,502
False,310.9891,37.6641,59748.9988096,519.5,502
False,311.1021,37.61673,59749.0301184,524,502
False,311.0593,37.60644,59749.0629632,523,502
False,310.4774,37.5765,59749.0941056,506.5,502
False,310.0892,37.4777,59749.1264384,519.5,502
False,310.3142,37.58604,59749.1581824,523,502
False,309.9704,37.68721,59749.190272,535.5,502
False,309.0883,37.967,59749.2382848,545.5,502
False,308.8942,38.06499,59749.2706944,538.5,502
False,308.5826,38.10198,59749.3023104,529.5,502
False,308.3945,38.06276,59749.334272,520.5,502
False,308.5607,38.28494,59749.3661824,492.5,502
False,309.2477,38.98008,59749.3981184,477,502
False,310.0629,39.28319,59749.4305152,472,502
False,310.6144,39.43961,59749.4627072,459.5,502
False,310.9996,39.54931,59749.4946688,436,502
False,310.4484,39.37438,59749.526464,434.5,502
False,310.134,39.25653,59749.5582208,434,502
False,309.6406,39.49981,59749.5903488,441.5,502
False,308.8559,39.59706,59749.6382464,443,502
False,308.1663,39.47309,59749.6704896,446,502
False,307.867,39.47802,59749.7029248,428.5,502
False,307.2129,39.30381,59749.7346432,429,502
False,306.4669,39.46093,59749.7662464,418,502
False,304.8718,39.99479,59749.7981696,416,502
False,303.4125,40.45107,59749.8304384,419,502
False,302.7855,40.86325,59749.8632448,409.5,502
False,302.6527,41.60602,59749.8948736,393,502
False,303.0768,42.05062,59749.9264768,388.5,502
False,303.147,42.47676,59749.9586304,376.5,502
False,302.4437,43.00906,59749.9903488,386.5,502
False,301.7765,43.284,59750.0383232,402,502
False,301.2214,43.14505,59750.0704128,412.5,502
False,300.6365,43.2934,59750.1028224,409,502
False,300.6671,43.17337,59750.1347456,410.5,502
False,300.8247,42.93816,59750.1665792,407,502
False,301.1266,42.77778,59750.1981568,388.5,502
False,301.0142,42.64562,59750.230208,388,502
False,301.3266,42.18166,59750.262208,372.5,502
False,300.8779,42.63722,59750.2943232,390.5,502
False,301.0246,42.65831,59750.3267456,379,502
False,300.7928,43.01097,59750.3582208,395,502
False,300.9952,42.73559,59750.3904768,384.5,502
False,300.8858,42.77494,59750.4384512,391,502
False,301.0078,42.65271,59750.4705152,382,502
False,300.7254,43.00922,59750.5027712,397.5,502
False,300.813,42.98949,59750.5346048,396.5,502
False,300.7147,43.03008,59750.5663104,399,502
False,300.8045,42.91635,59750.5982464,390.5,502
False,300.6783,43.09227,59750.6310144,401,502
False,300.9466,42.95802,59750.6623104,393,502
False,300.7105,43.02005,59750.6948224,399,502
False,300.6469,43.05416,59750.7264128,397,502
False,300.6319,43.11851,59750.7583232,398,502
False,300.7043,43.08146,59750.7906048,399,502
False,300.6563,43.04094,59750.8384768,403,502
False,300.7678,43.03329,59750.8711808,395.5,502
False,300.7509,43.06373,59750.9027328,397.5,502
False,300.5429,43.03337,59750.9342976,394.5,502
False,300.2394,42.99515,59750.9663104,378,502
False,299.7622,42.89669,59750.9983232,363,502
False,298.7528,44.20045,59751.030464,367.5,502
False,299.433,44.84032,59751.062848,358,502
False,299.4713,44.92467,59751.0949504,354,502
False,299.1038,45.13192,59751.1264512,355,502
False,298.9329,45.48116,59751.1584,345,502
False,298.5302,45.83591,59751.1906304,355.5,502
False,297.972,45.94729,59751.2387968,351,502
False,297.1015,46.01333,59751.2707584,325,502
False,296.3339,45.39664,59751.302336,308,502
False,296.2408,45.8229,59751.334336,311.5,502
False,296.1683,45.58807,59751.3663488,299,502
False,296.3911,45.47986,59751.3983616,285.5,502
False,291.9386,46.361,59751.4311168,385.5,502
False,291.9735,46.96154,59751.4628992,403,502
False,292.0679,47.06615,59751.4944896,390.5,502
False,291.9096,46.87112,59751.526528,381.5,502
False,291.7763,46.70232,59751.5584256,374,502
False,291.9948,47.21335,59751.59072,382,502
False,292.1024,47.05613,59751.6388736,389,502
False,292.3611,47.35809,59751.6710528,390.5,502
False,292.4227,46.87896,59751.7027712,352.5,502
False,292.4766,46.60918,59751.7344128,359.5,502
False,292.5471,46.33429,59751.7663872,348.5,502
False,292.8386,46.44146,59751.7984128,334.5,502
False,293.0005,46.51869,59751.8304768,325.5,502
False,292.536,46.60135,59751.8631936,321.5,502
False,292.5231,46.48538,59751.8950272,313.5,502
False,293.1946,46.09729,59751.9266688,289.5,502
False,292.8098,46.38198,59751.9588608,301.5,502
False,293.0054,46.36369,59751.9905408,307.5,502
